date,gross,turnover,net,passive_gross
2020-07-17,0.0055751794599864235,1.0,0.004675179459986424,0.007318618623135653
2020-07-18,-0.009408963476821408,1.0,-0.010308963476821408,0.009408963476821408
2020-07-19,0.009099923023185241,0.0,0.009099923023185241,-0.009099923023185241
2020-07-20,-0.032806693571360346,0.0,-0.032806693571360346,0.032806693571360346
2020-07-21,-0.04377611143640925,0.0,-0.04377611143640925,0.04377611143640925
2020-07-22,-0.02638645001741391,0.0,-0.02638645001741391,0.02638645001741391
2020-07-23,0.0035836372247990966,2.0,0.0017836372247990967,0.0035836372247990966
2020-07-24,0.05529199789818284,0.0,0.05529199789818284,0.05529199789818284
2020-07-25,-0.02131470764431498,2.0,-0.023114707644314978,0.02131470764431498
2020-07-26,0.07287192819793498,2.0,0.07107192819793498,0.07287192819793498
2020-07-27,0.0024071632752820094,1.0,0.0015071632752820094,-0.013621165864593165
2020-07-28,0.007422159884109103,0.0,0.007422159884109103,0.010389612610061771
2020-07-29,0.026964320506983386,1.0,0.026064320506983384,0.026964320506983386
2020-07-30,0.006486870588952032,1.0,0.005586870588952032,0.027735364905418836
2020-07-31,-0.03817350106744277,2.0,-0.039973501067442775,0.07925785053363132
2020-08-01,0.049758719627149284,1.0,0.048858719627149286,-0.049758719627149284
2020-08-02,0.02485624206901038,2.0,0.023056242069010382,0.02485624206901038
2020-08-03,-0.0035139623505845985,2.0,-0.005313962350584598,0.0035139623505845985
2020-08-04,-0.010444684670788962,1.0,-0.011344684670788962,0.03896037985315093
2020-08-05,0.006677004392270258,1.0,0.0057770043922702585,-0.006677004392270258
2020-08-06,-0.02669416520521739,2.0,-0.02849416520521739,-0.02669416520521739
2020-08-07,0.030526434060281327,0.0,0.030526434060281327,0.030526434060281327
2020-08-08,0.012066400738161565,2.0,0.010266400738161565,-0.012066400738161565
2020-08-09,-0.0022490742429249755,1.0,-0.0031490742429249752,0.01583394121375592
2020-08-10,-0.0002692535733671009,2.0,-0.002069253573367101,-0.04184319652299279
2020-08-11,0.018351633553535418,1.0,0.017451633553535417,0.018351633553535418
2020-08-12,-0.057571088146053495,2.0,-0.0593710881460535,0.057571088146053495
2020-08-13,-0.015156027820544093,0.0,-0.015156027820544093,0.015156027820544093
2020-08-14,-0.0027024966016237495,2.0,-0.004502496601623749,-0.0027024966016237495
2020-08-15,0.003975589080753683,0.0,0.003975589080753683,0.003975589080753683
2020-08-16,-0.012389400913655535,2.0,-0.014189400913655534,0.012389400913655535
2020-08-17,-0.0033105311957325467,1.0,-0.0042105311957325465,-0.024058285843090332
2020-08-18,0.009199588474535336,0.0,0.009199588474535336,-0.02514097320338865
2020-08-19,0.01461534888571503,1.0,0.01371534888571503,0.01461534888571503
2020-08-20,0.047213924878873215,2.0,0.04541392487887321,-0.047213924878873215
2020-08-21,0.015076336858112938,2.0,0.013276336858112938,0.015076336858112938
2020-08-22,0.0063664686966281026,2.0,0.004566468696628103,-0.0063664686966281026
2020-08-23,-0.026012413692117042,0.0,-0.026012413692117042,0.026012413692117042
2020-08-24,0.04864600266463881,0.0,0.04864600266463881,-0.04864600266463881
2020-08-25,0.002557099478727176,1.0,0.0016570994787271762,0.010078056311568773
2020-08-26,0.00900877615373602,1.0,0.00810877615373602,-0.00900877615373602
2020-08-27,-0.006773329033321063,1.0,-0.0076733290333210625,0.02411873139405396
2020-08-28,-0.0018307464411229102,1.0,-0.00273074644112291,0.0018307464411229102
2020-08-29,-0.027292854410896905,1.0,-0.028192854410896907,0.04868858294016298
2020-08-30,-0.003021366586362151,1.0,-0.003921366586362151,0.003021366586362151
2020-08-31,-0.03626694086679605,1.0,-0.03716694086679605,0.059655049036152374
2020-09-01,0.06012939986816224,1.0,0.05922939986816224,-0.06012939986816224
2020-09-02,-0.12087615068596202,2.0,-0.12267615068596202,-0.12087615068596202
2020-09-03,0.020118213489482062,0.0,0.020118213489482062,0.020118213489482062
2020-09-04,0.07859657679494392,2.0,0.07679657679494392,-0.07859657679494392
2020-09-05,0.030953567269798254,2.0,0.029153567269798255,0.030953567269798254
2020-09-06,-0.006835181681598468,2.0,-0.008635181681598467,0.006835181681598468
2020-09-07,0.03480317023429491,0.0,0.03480317023429491,-0.03480317023429491
2020-09-08,-0.024516867754708405,0.0,-0.024516867754708405,0.024516867754708405
2020-09-09,-0.030098186403040628,0.0,-0.030098186403040628,0.030098186403040628
2020-09-10,-0.005278173617945581,1.0,-0.0061781736179455805,0.010213903679366365
2020-09-11,-0.021488337033346294,1.0,-0.022388337033346296,0.021488337033346294
2020-09-12,0.03271765743933447,0.0,0.03271765743933447,-0.03271765743933447
2020-09-13,-0.0018003900728571498,1.0,-0.0027003900728571496,0.03100185287510593
2020-09-14,0.011995800976606574,1.0,0.011095800976606575,-0.011995800976606574
2020-09-15,-0.006378752964238066,1.0,-0.007278752964238066,0.00926289294116489
2020-09-16,-0.03256922154631825,1.0,-0.03346922154631825,0.03256922154631825
2020-09-17,0.006683913951720799,0.0,0.006683913951720799,-0.006683913951720799
2020-09-18,-0.005615760783383328,1.0,-0.006515760783383328,0.007853071847667037
2020-09-19,0.02567905859403491,1.0,0.024779058594034908,-0.02567905859403491
2020-09-20,-0.01830995921481887,1.0,-0.019209959214818873,-0.06437654358811346
2020-09-21,0.011050209684620893,1.0,0.010150209684620893,0.011050209684620893
2020-09-22,0.047804454761043336,2.0,0.04600445476104333,-0.047804454761043336
2020-09-23,-0.0198818902528608,1.0,-0.020781890252860803,0.06820117285514615
2020-09-24,-0.0019144795687487393,1.0,-0.002814479568748739,0.0019144795687487393
2020-09-25,-0.0008797651177394616,1.0,-0.0017797651177394616,0.004803344679941812
2020-09-26,-0.007171003663578035,1.0,-0.008071003663578035,0.007171003663578035
2020-09-27,0.00856297545644119,0.0,0.00856297545644119,-0.00856297545644119
2020-09-28,-0.0014871524114278278,1.0,-0.0023871524114278276,0.014983635248194793
2020-09-29,0.002891237250952805,1.0,0.0019912372509528053,-0.002891237250952805
2020-09-30,0.01700467502806402,0.0,0.01700467502806402,-0.01700467502806402
2020-10-01,0.007979043234096372,1.0,0.007079043234096373,-0.012567931401017751
2020-10-02,0.0008341700951784992,1.0,-6.582990482150082e-05,-0.0008341700951784992
2020-10-03,-0.015187035562442719,0.0,-0.015187035562442719,0.015187035562442719
2020-10-04,-0.007660286512407688,0.0,-0.007660286512407688,0.007660286512407688
2020-10-05,0.027118286523423907,0.0,0.027118286523423907,-0.027118286523423907
2020-10-06,0.0019298407873044043,1.0,0.0010298407873044044,0.004365644162212745
2020-10-07,-0.025865051844284226,1.0,-0.026765051844284227,0.025865051844284226
2020-10-08,-0.025769319370586796,0.0,-0.025769319370586796,0.025769319370586796
2020-10-09,0.0034420011212378254,1.0,0.0025420011212378257,0.01850966864630499
2020-10-10,-0.00155601964729557,0.0,-0.00155601964729557,0.008268011444143686
2020-10-11,-0.02350643716099543,1.0,-0.024406437160995432,0.02350643716099543
2020-10-12,0.0024054426836002674,1.0,0.0015054426836002674,-0.01174684315635205
2020-10-13,0.002966771313871408,0.0,0.002966771313871408,-0.00320056019988052
2020-10-14,-0.0024335244228612662,1.0,-0.003333524422861266,0.0024335244228612662
2020-10-15,0.007998843274281964,1.0,0.007098843274281964,-0.024148175050048015
2020-10-16,-0.0020519669545727703,0.0,-0.0020519669545727703,0.005663491321760916
2020-10-17,-0.019581336326600418,1.0,-0.02048133632660042,0.019581336326600418
2020-10-18,-0.01236762543134906,0.0,-0.01236762543134906,0.01236762543134906
2020-10-19,0.00746569944466452,0.0,0.00746569944466452,-0.00746569944466452
2020-10-20,-0.06622385950367993,0.0,-0.06622385950367993,0.06622385950367993
2020-10-21,-0.022889481351242913,1.0,-0.023789481351242914,0.03756443534530918
2020-10-22,0.004129606429203514,0.0,0.004129606429203514,-0.007634246897044117
2020-10-23,0.003596188629285124,0.0,0.003596188629285124,0.011002509667636606
2020-10-24,0.01078006177505797,1.0,0.00988006177505797,-0.01078006177505797
2020-10-25,0.017330711843550617,1.0,0.016430711843550615,-0.015537764971114587
2020-10-26,-0.0362938158708761,1.0,-0.0371938158708761,0.0362938158708761
2020-10-27,0.032420738417200445,0.0,0.032420738417200445,-0.032420738417200445
2020-10-28,0.008551251504016866,1.0,0.007651251504016866,0.0057178795337929356
2020-10-29,0.009872215785248661,0.0,0.009872215785248661,-0.0021134221141649867
2020-10-30,-0.013703627173695887,1.0,-0.014603627173695887,0.013703627173695887
2020-10-31,-0.01427918463977812,1.0,-0.01517918463977812,0.012140108430656216
2020-11-01,0.02491310978304151,1.0,0.024013109783041508,-0.02491310978304151
2020-11-02,-0.02384180872703734,0.0,-0.02384180872703734,0.02384180872703734
2020-11-03,-0.02312878167513055,0.0,-0.02312878167513055,0.02312878167513055
2020-11-04,0.033477208995675745,1.0,0.03257720899567575,0.06875758863243686
2020-11-05,-0.04738528974135847,0.0,-0.04738528974135847,0.04673743938581043
2020-11-06,-0.001740510090045222,0.0,-0.001740510090045222,-0.04714420818835424
2020-11-07,0.044093727341833366,1.0,0.04319372734183337,0.044093727341833366
2020-11-08,0.01572348066346796,2.0,0.01392348066346796,-0.01572348066346796
2020-11-09,-0.007792114911461534,1.0,-0.008692114911461534,0.005756678750763855
2020-11-10,-0.02680631708759429,1.0,-0.02770631708759429,0.02680631708759429
2020-11-11,0.020126192451367098,1.0,0.019226192451367096,0.018614607230351743
2020-11-12,-0.014296884643899777,0.0,-0.014296884643899777,0.016067093815842037
2020-11-13,0.008642152474962306,0.0,0.008642152474962306,-0.0239754408755824
2020-11-14,-0.01036725484121731,2.0,-0.01216725484121731,-0.017426795799933503
2020-11-15,-0.03762144968875414,1.0,-0.038521449688754136,0.03762144968875414
2020-11-16,-0.05174489569085772,0.0,-0.05174489569085772,0.05174489569085772
2020-11-17,0.0005731355048053666,0.0,0.0005731355048053666,-0.0005731355048053666
2020-11-18,0.00823412870366863,1.0,0.007334128703668631,-0.006732113640764037
2020-11-19,0.0651940452363049,1.0,0.0642940452363049,0.0651940452363049
2020-11-20,-0.04268217778916494,2.0,-0.044482177789164946,0.04268217778916494
2020-11-21,-0.014687707532572536,1.0,-0.015587707532572536,-0.0007834801405205427
2020-11-22,-0.042085196088948285,1.0,-0.04298519608894828,0.042085196088948285
2020-11-23,-0.01859358499423691,0.0,-0.01859358499423691,0.01859358499423691
2020-11-24,0.040821238370362556,0.0,0.040821238370362556,-0.040821238370362556
2020-11-25,-0.08553456702844847,2.0,-0.08733456702844847,-0.08553456702844847
2020-11-26,-0.0013962272791064878,0.0,-0.0013962272791064878,-0.0013962272791064878
2020-11-27,0.03509107414423074,0.0,0.03509107414423074,0.03509107414423074
2020-11-28,-0.049197905285429666,2.0,-0.05099790528542967,0.049197905285429666
2020-11-29,-0.07655843747619206,0.0,-0.07655843747619206,0.07655843747619206
2020-11-30,0.04909184640650205,0.0,0.04909184640650205,-0.04909184640650205
2020-12-01,0.021636552705947443,2.0,0.019836552705947443,0.021636552705947443
2020-12-02,-0.02155325076715453,2.0,-0.02335325076715453,0.02155325076715453
2020-12-03,0.01960726876618557,1.0,0.01870726876618557,-0.05932428924306998
2020-12-04,0.039383768938130115,1.0,0.03848376893813012,0.039383768938130115
2020-12-05,-0.009500314777472041,2.0,-0.01130031477747204,0.009500314777472041
2020-12-06,0.013499856173398161,0.0,0.013499856173398161,-0.013499856173398161
2020-12-07,0.052715500257813686,0.0,0.052715500257813686,-0.052715500257813686
2020-12-08,0.02227891865375997,2.0,0.020478918653759972,0.02227891865375997
2020-12-09,0.0200317815545063,2.0,0.0182317815545063,-0.0200317815545063
2020-12-10,-0.018997315706334894,2.0,-0.020797315706334894,-0.018997315706334894
2020-12-11,0.04308867605247635,0.0,0.04308867605247635,0.04308867605247635
2020-12-12,-0.02968329872954545,2.0,-0.03148329872954545,0.02968329872954545
2020-12-13,0.006292182688068637,1.0,0.005392182688068637,-0.00117353595083447
2020-12-14,-0.005980905694609184,1.0,-0.006880905694609184,0.005980905694609184
2020-12-15,-0.0903670418151794,0.0,-0.0903670418151794,0.0903670418151794
2020-12-16,0.029922090447121463,1.0,0.029022090447121462,0.038585262549196364
2020-12-17,-0.0018702056105447395,0.0,-0.0018702056105447395,0.015478479623623476
2020-12-18,-0.01865081508666888,1.0,-0.019550815086668883,0.01865081508666888
2020-12-19,0.022766888409248398,0.0,0.022766888409248398,-0.022766888409248398
2020-12-20,0.039659647643608076,0.0,0.039659647643608076,-0.039659647643608076
2020-12-21,-0.04776993837210708,0.0,-0.04776993837210708,0.04776993837210708
2020-12-22,0.05211755870262852,0.0,0.05211755870262852,-0.05211755870262852
2020-12-23,-0.012157331294353257,1.0,-0.013057331294353257,0.033525433921850034
2020-12-24,-0.03256713958980462,1.0,-0.033467139589804615,0.03256713958980462
2020-12-25,-0.04450415215989456,0.0,-0.04450415215989456,0.04450415215989456
2020-12-26,-0.03339585214393298,0.0,-0.03339585214393298,0.03339585214393298
2020-12-27,-0.017883451195514377,1.0,-0.01878345119551438,0.048237317732102936
2020-12-28,-0.006730908702648808,1.0,-0.007630908702648808,0.006730908702648808
2020-12-29,-0.040991855908114494,0.0,-0.040991855908114494,0.040991855908114494
2020-12-30,0.009636995945940863,0.0,0.009636995945940863,-0.009636995945940863
2020-12-31,-0.012153086255422774,1.0,-0.013053086255422773,0.0019551014098183606
2021-01-01,-0.017211111601136087,0.0,-0.017211111601136087,0.0798388708581087
2021-01-02,-0.14427514016124443,1.0,-0.14517514016124444,0.14427514016124443
2021-01-03,-0.01695272537466469,0.0,-0.01695272537466469,0.01695272537466469
2021-01-04,-0.058557366584185866,0.0,-0.058557366584185866,0.058557366584185866
2021-01-05,-0.09103135429255083,0.0,-0.09103135429255083,0.09103135429255083
2021-01-06,-0.04301753632884053,0.0,-0.04301753632884053,0.04301753632884053
2021-01-07,-0.0113475218795841,0.0,-0.0113475218795841,0.0113475218795841
2021-01-08,0.03036367935964579,1.0,0.02946367935964579,0.018176499615315755
2021-01-09,0.03269691111027362,1.0,0.03179691111027362,-0.03269691111027362
2021-01-10,-0.030685725861529622,1.0,-0.03158572586152962,-0.10265292273324811
2021-01-11,0.0021608388580018345,0.0,0.0021608388580018345,-0.036061170961662226
2021-01-12,0.08671299808010913,1.0,0.08581299808010913,0.08671299808010913
2021-01-13,-0.06874062319845775,2.0,-0.07054062319845775,0.06874062319845775
2021-01-14,-0.005072162744835351,1.0,-0.005972162744835351,-0.05629737831457271
2021-01-15,0.015205076865009104,1.0,0.014305076865009104,0.015205076865009104
2021-01-16,-0.004192384644700842,1.0,-0.0050923846447008415,-0.0004296487610685462
2021-01-17,0.0006532882179705046,0.0,0.0006532882179705046,0.021749478732798644
2021-01-18,-0.03237919944860412,1.0,-0.03327919944860412,0.03237919944860412
2021-01-19,-0.010155333815106082,1.0,-0.011055333815106082,-0.001637433774091146
2021-01-20,0.03149645401193413,0.0,0.03149645401193413,-0.1617003012295709
2021-01-21,0.08870957094294996,1.0,0.08780957094294996,0.08870957094294996
2021-01-22,-0.013558333491413277,1.0,-0.014458333491413277,-0.012763279054522847
2021-01-23,-0.0615737701791087,0.0,-0.0615737701791087,0.0672443232061054
2021-01-24,0.026708590057816117,0.0,0.026708590057816117,-0.02688528000415824
2021-01-25,-0.014934480381514237,0.0,-0.014934480381514237,0.02155594363281177
2021-01-26,0.01410043808804523,0.0,0.01410043808804523,-0.07882986052759061
2021-01-27,0.08596093811611927,1.0,0.08506093811611927,0.08596093811611927
2021-01-28,-0.005432406329892392,1.0,-0.006332406329892392,0.03202745273500229
2021-01-29,0.0006814551310894701,0.0,0.0006814551310894701,-0.00036965034190800106
2021-01-30,0.040837877587265425,1.0,0.03993787758726543,-0.040837877587265425
2021-01-31,-0.03002145697080505,0.0,-0.03002145697080505,0.03002145697080505
2021-02-01,-0.07903348176862335,0.0,-0.07903348176862335,0.07903348176862335
2021-02-02,-0.08082150893558582,0.0,-0.08082150893558582,0.08082150893558582
2021-02-03,0.02974038984973537,0.0,0.02974038984973537,-0.02974038984973537
2021-02-04,0.05702773331262234,2.0,0.05522773331262234,0.05702773331262234
2021-02-05,0.000750105669318657,2.0,-0.001049894330681343,-0.000750105669318657
2021-02-06,0.024298924189953053,0.0,0.024298924189953053,-0.024298924189953053
2021-02-07,-0.1406591896637973,0.0,-0.1406591896637973,0.1406591896637973
2021-02-08,-0.005913498864349109,0.0,-0.005913498864349109,0.005913498864349109
2021-02-09,0.025384509040313252,0.0,0.025384509040313252,-0.025384509040313252
2021-02-10,-0.04816271149063611,0.0,-0.04816271149063611,0.04816271149063611
2021-02-11,-0.008192263775486042,0.0,-0.008192263775486042,0.008192263775486042
2021-02-12,0.008289938971928312,0.0,0.008289938971928312,-0.008289938971928312
2021-02-13,-0.011095023049916608,0.0,-0.011095023049916608,0.011095023049916608
2021-02-14,0.01274127030861888,0.0,0.01274127030861888,-0.01274127030861888
2021-02-15,-0.013526425841336898,0.0,-0.013526425841336898,0.013526425841336898
2021-02-16,-0.04943820499708662,0.0,-0.04943820499708662,0.04943820499708662
2021-02-17,-0.01881246830273503,0.0,-0.01881246830273503,0.01881246830273503
2021-02-18,-0.04619018706839717,0.0,-0.04619018706839717,0.04619018706839717
2021-02-19,0.011321321650344163,0.0,0.011321321650344163,-0.011321321650344163
2021-02-20,-0.01940018136183219,0.0,-0.01940018136183219,0.01940018136183219
2021-02-21,0.0692511762384197,0.0,0.0692511762384197,-0.0692511762384197
2021-02-22,0.1042083833938619,0.0,0.1042083833938619,-0.1042083833938619
2021-02-23,-0.022448096370485504,0.0,-0.022448096370485504,0.022448096370485504
2021-02-24,0.0698190950422618,0.0,0.0698190950422618,-0.0698190950422618
2021-02-25,0.004075270829058786,1.0,0.003175270829058786,-0.021003183701057693
2021-02-26,-0.00652797554538237,0.0,-0.00652797554538237,0.002844926108374113
2021-02-27,0.0028286575256329938,0.0,0.0028286575256329938,-0.02388363836019336
2021-02-28,-0.003775983490592494,0.0,-0.003775983490592494,0.10239800430517676
2021-03-01,0.014901685645434426,0.0,0.014901685645434426,-0.038020230958593915
2021-03-02,-0.007508174230462572,0.0,-0.007508174230462572,0.046911444004918534
2021-03-03,-0.010538687327481089,0.0,-0.010538687327481089,-0.02869278667110131
2021-03-04,0.007450350678221529,0.0,0.007450350678221529,0.00035589435915284184
2021-03-05,-0.041264766741904046,1.0,-0.042164766741904045,0.041264766741904046
2021-03-06,-0.04434117728974685,0.0,-0.04434117728974685,0.04434117728974685
2021-03-07,-0.04476608910182456,0.0,-0.04476608910182456,0.04476608910182456
2021-03-08,-0.034137100562641076,0.0,-0.034137100562641076,0.034137100562641076
2021-03-09,0.011342029187239089,0.0,0.011342029187239089,-0.011342029187239089
2021-03-10,-0.025742283668087618,0.0,-0.025742283668087618,0.025742283668087618
2021-03-11,0.02111615803167427,0.0,0.02111615803167427,-0.02111615803167427
2021-03-12,-0.07889641448860596,0.0,-0.07889641448860596,0.07889641448860596
2021-03-13,0.037453650066962885,0.0,0.037453650066962885,-0.037453650066962885
2021-03-14,0.04329358770087405,0.0,0.04329358770087405,-0.04329358770087405
2021-03-15,-0.014894627733420984,0.0,-0.014894627733420984,0.014894627733420984
2021-03-16,-0.022795074218266653,0.0,-0.022795074218266653,0.022795074218266653
2021-03-17,0.023758395446067226,0.0,0.023758395446067226,-0.023758395446067226
2021-03-18,-0.0059838514219378025,1.0,-0.006883851421937802,0.012607653465229407
2021-03-19,0.00020644651173140627,1.0,-0.0006935534882685937,-0.00020644651173140627
2021-03-20,-5.980014514311849e-05,1.0,-0.0009598001451431185,-0.01286086320920371
2021-03-21,0.05710024758942317,1.0,0.05620024758942317,-0.05710024758942317
2021-03-22,0.006215979275113359,1.0,0.005315979275113359,-0.0014522123047482904
2021-03-23,0.007105078820975552,0.0,0.007105078820975552,-0.04459507944481511
2021-03-24,-0.008421173549175376,1.0,-0.009321173549175376,-0.008421173549175376
2021-03-25,0.07203841162193148,0.0,0.07203841162193148,0.07203841162193148
2021-03-26,-0.01125121437362242,2.0,-0.01305121437362242,0.01125121437362242
2021-03-27,-0.007833647710839609,2.0,-0.009633647710839608,-0.007833647710839609
2021-03-28,-0.0551036715134845,2.0,-0.0569036715134845,0.0551036715134845
2021-03-29,-0.016167206420989344,0.0,-0.016167206420989344,0.016167206420989344
2021-03-30,-0.02138633835483761,0.0,-0.02138633835483761,0.02138633835483761
2021-03-31,-0.012852420836728717,1.0,-0.013752420836728717,0.012510067896553678
2021-04-01,-0.040127493395239244,0.0,-0.040127493395239244,0.044037034944996
2021-04-02,-0.04543079429454716,1.0,-0.04633079429454716,-0.04543079429454716
2021-04-03,0.026800416330777233,0.0,0.026800416330777233,0.026800416330777233
2021-04-04,-0.01560566762032023,2.0,-0.01740566762032023,0.01560566762032023
2021-04-05,0.008483996771594893,0.0,0.008483996771594893,-0.008483996771594893
2021-04-06,0.01764050712394577,1.0,0.01674050712394577,-0.0527786273371163
2021-04-07,0.04877233279621407,1.0,0.04787233279621407,0.04877233279621407
2021-04-08,0.0027063355304312586,2.0,0.0009063355304312587,-0.0027063355304312586
2021-04-09,0.03010410730444224,2.0,0.02830410730444224,0.03010410730444224
2021-04-10,0.006139650087826021,0.0,0.006139650087826021,0.006139650087826021
2021-04-11,0.0043639286907091734,2.0,0.0025639286907091735,-0.0043639286907091734
2021-04-12,0.06880515844112667,2.0,0.06700515844112667,0.06880515844112667
2021-04-13,-0.0241718879779127,2.0,-0.025971887977912698,0.0241718879779127
2021-04-14,-0.015147395673969388,1.0,-0.01604739567396939,0.018331186912563524
2021-04-15,-0.032620810962622315,1.0,-0.03352081096262231,-0.032620810962622315
2021-04-16,-0.03251172212784792,0.0,-0.03251172212784792,-0.03251172212784792
2021-04-17,-0.04981726791011737,0.0,-0.04981726791011737,-0.04981726791011737
2021-04-18,-0.02126895001615653,0.0,-0.02126895001615653,-0.02126895001615653
2021-04-19,0.03196247246520256,1.0,0.03106247246520256,0.04619607495465394
2021-04-20,0.017570225914608772,1.0,0.01667022591460877,-0.017570225914608772
2021-04-21,-0.010818442001183759,2.0,-0.012618442001183758,-0.010818442001183759
2021-04-22,-0.011843154961571567,0.0,-0.011843154961571567,-0.011843154961571567
2021-04-23,-0.04306963103660033,0.0,-0.04306963103660033,-0.04306963103660033
2021-04-24,0.014401808905500024,0.0,0.014401808905500024,0.014401808905500024
2021-04-25,-0.004581035514499954,1.0,-0.0054810355144999535,0.09598845377529841
2021-04-26,-0.035719217803454106,1.0,-0.036619217803454104,0.035719217803454106
2021-04-27,0.016905214307947725,1.0,0.016005214307947723,0.01389223367845932
2021-04-28,-0.010170251468627767,1.0,-0.011070251468627767,-0.010170251468627767
2021-04-29,0.041434261036503495,0.0,0.041434261036503495,0.041434261036503495
2021-04-30,0.030163450741355957,1.0,0.029263450741355956,0.03200245485736275
2021-05-01,0.011385556964423005,0.0,0.011385556964423005,-0.00975894435970348
2021-05-02,0.07639450385212221,0.0,0.07639450385212221,0.08684340281870317
2021-05-03,0.06270018187097887,1.0,0.06180018187097887,-0.06270018187097887
2021-05-04,0.08384647885513852,2.0,0.08204647885513852,0.08384647885513852
2021-05-05,0.01397359262411213,2.0,0.01217359262411213,-0.01397359262411213
2021-05-06,0.00670499817423903,2.0,0.00490499817423903,0.00670499817423903
2021-05-07,0.0753931241302942,0.0,0.0753931241302942,0.0753931241302942
2021-05-08,0.007027352451349167,1.0,0.006127352451349167,-0.0035263064850963866
2021-05-09,0.023610527056797115,0.0,0.023610527056797115,-0.018021770829016348
2021-05-10,0.03648544859648717,1.0,0.03558544859648717,0.03648544859648717
2021-05-11,0.10406298978874379,2.0,0.10226298978874379,-0.10406298978874379
2021-05-12,-0.013371705070485296,2.0,-0.015171705070485295,-0.013371705070485296
2021-05-13,0.04630820029742544,1.0,0.04540820029742544,0.04974038613957832
2021-05-14,-0.08343822774768456,1.0,-0.08433822774768455,-0.08343822774768456
2021-05-15,-0.012398992169882272,0.0,-0.012398992169882272,-0.012398992169882272
2021-05-16,-0.01065927577795478,1.0,-0.01155927577795478,-0.0729760219524268
2021-05-17,0.006194844485130635,1.0,0.005294844485130635,0.006194844485130635
2021-05-18,-0.21056141063167022,0.0,-0.21056141063167022,-0.21056141063167022
2021-05-19,0.11987458436740206,0.0,0.11987458436740206,0.11987458436740206
2021-05-20,-0.020575270410141122,1.0,-0.021475270410141124,-0.10137718243640331
2021-05-21,-0.02534106618987836,1.0,-0.02624106618987836,-0.02534106618987836
2021-05-22,-0.08055402792697802,0.0,-0.08055402792697802,-0.08055402792697802
2021-05-23,0.19141064716611045,0.0,0.19141064716611045,0.19141064716611045
2021-05-24,-0.0046231651575416866,2.0,-0.006423165157541686,0.0046231651575416866
2021-05-25,0.045204980614986456,2.0,0.04340498061498645,0.045204980614986456
2021-05-26,0.015662574994579626,1.0,0.014762574994579626,-0.03380465829276774
2021-05-27,-0.09739188754659406,1.0,-0.09829188754659406,-0.09739188754659406
2021-05-28,-0.042481825289766684,0.0,-0.042481825289766684,-0.042481825289766684
2021-05-29,0.038501151669699585,0.0,0.038501151669699585,0.038501151669699585
2021-05-30,0.04447221532732504,1.0,0.04357221532732504,0.08971583318942711
2021-05-31,0.02075110417582865,1.0,0.019851104175828648,-0.02075110417582865
2021-06-01,0.0016667789301069158,1.0,0.0007667789301069158,0.025529309995220406
2021-06-02,0.005570339214465925,0.0,0.005570339214465925,0.0502381316415621
2021-06-03,0.0014489924894776074,0.0,0.0014489924894776074,-0.06015579098453394
2021-06-04,-0.029349003571128573,1.0,-0.030249003571128575,-0.029349003571128573
2021-06-05,0.020005512841682838,0.0,0.020005512841682838,0.020005512841682838
2021-06-06,0.05343788641907926,2.0,0.05163788641907926,-0.05343788641907926
2021-06-07,-0.018924394214522355,2.0,-0.020724394214522355,-0.018924394214522355
2021-06-08,-0.03949248365447644,1.0,-0.04039248365447644,0.08055373451698211
2021-06-09,0.036169928501832205,1.0,0.03526992850183221,-0.036169928501832205
2021-06-10,-0.014743159632628122,2.0,-0.016543159632628122,-0.014743159632628122
2021-06-11,0.02747227965879573,1.0,0.026572279658795727,-0.020365258023373856
2021-06-12,-0.019643306869867927,0.0,-0.019643306869867927,0.07810184724122882
2021-06-13,-0.03340066415576859,1.0,-0.03430066415576859,0.03340066415576859
2021-06-14,0.011806794844210378,0.0,0.011806794844210378,-0.011806794844210378
2021-06-15,0.056886015172762316,0.0,0.056886015172762316,-0.056886015172762316
2021-06-16,-0.002200142873604316,2.0,-0.0040001428736043156,-0.002200142873604316
2021-06-17,0.05916100257725099,2.0,0.057361002577250984,-0.05916100257725099
2021-06-18,-0.020228340428710412,2.0,-0.02202834042871041,-0.020228340428710412
2021-06-19,0.016560636229121517,1.0,0.015660636229121516,0.019842141099524202
2021-06-20,0.13583900729938625,1.0,0.13493900729938624,-0.13583900729938625
2021-06-21,0.01259966193236095,2.0,0.010799661932360951,0.01259966193236095
2021-06-22,-0.041613823570860076,2.0,-0.04341382357086008,0.041613823570860076
2021-06-23,-0.020055580724998356,0.0,-0.020055580724998356,0.020055580724998356
2021-06-24,0.08982100718392244,0.0,0.08982100718392244,-0.08982100718392244
2021-06-25,0.016823871119828526,2.0,0.015023871119828527,0.016823871119828526
2021-06-26,-0.07914213207538512,2.0,-0.08094213207538511,0.07914213207538512
2021-06-27,-0.022800394524297107,0.0,-0.022800394524297107,0.022800394524297107
2021-06-28,-0.03994772340873043,0.0,-0.03994772340873043,0.03994772340873043
2021-06-29,-0.013413598976989849,0.0,-0.013413598976989849,0.013413598976989849
2021-06-30,0.0591672548383394,0.0,0.0591672548383394,-0.0591672548383394
2021-07-01,0.007121052644398329,1.0,0.006221052644398329,0.015533606230179853
2021-07-02,-0.029972814406923898,1.0,-0.0308728144069239,0.029972814406923898
2021-07-03,-0.030390287467950805,0.0,-0.030390287467950805,0.030390287467950805
2021-07-04,0.04977828318045319,0.0,0.04977828318045319,-0.04977828318045319
2021-07-05,0.02081089986756468,1.0,0.01991089986756468,0.0365386469175919
2021-07-06,0.00650589192140083,1.0,0.005605891921400831,-0.00650589192140083
2021-07-07,-0.057784164729163034,2.0,-0.05958416472916304,-0.057784164729163034
2021-07-08,0.02154146189865891,0.0,0.02154146189865891,0.02154146189865891
2021-07-09,-0.0038265700430248906,1.0,-0.00472657004302489,-0.013080821234996765
2021-07-10,-0.0042345790730494715,0.0,-0.0042345790730494715,0.01833423368836462
2021-07-11,0.04254182152445912,1.0,0.041641821524459124,-0.04254182152445912
2021-07-12,-0.01710937766695536,1.0,-0.018009377666955362,-0.027895003159790266
2021-07-13,0.012648551692158061,0.0,0.012648551692158061,0.015405980173934686
2021-07-14,0.03313933035367839,1.0,0.03223933035367839,-0.03313933035367839
2021-07-15,-0.003484685193406667,1.0,-0.004384685193406667,-0.019047106774335132
2021-07-16,0.004047250928493451,0.0,0.004047250928493451,0.008387059881308945
2021-07-17,-0.002007846515431011,1.0,-0.0029078465154310108,0.002007846515431011
2021-07-18,-0.00449894150445429,1.0,-0.00539894150445429,-0.03404433311439503
2021-07-19,0.0080224008971308,0.0,0.0080224008971308,-0.026001980054014995
2021-07-20,-0.09815335612261022,1.0,-0.09905335612261022,0.09815335612261022
2021-07-21,-0.009510690698274149,0.0,-0.009510690698274149,0.009510690698274149
2021-07-22,-0.04546795749725463,0.0,-0.04546795749725463,0.04546795749725463
2021-07-23,-0.023517366110063165,0.0,-0.023517366110063165,0.023517366110063165
2021-07-24,-0.01754196384704665,0.0,-0.01754196384704665,0.01754196384704665
2021-07-25,-0.03497979599847034,0.0,-0.03497979599847034,0.03497979599847034
2021-07-26,0.045837214021085426,2.0,0.04403721402108542,0.045837214021085426
2021-07-27,-0.0074241812190248835,2.0,-0.009224181219024883,0.0074241812190248835
2021-07-28,-0.01786194156776827,1.0,-0.01876194156776827,0.017784979202365048
2021-07-29,-0.043915572129741065,1.0,-0.04481557212974106,0.043915572129741065
2021-07-30,-0.005242591109016426,0.0,-0.005242591109016426,0.005242591109016426
2021-07-31,-0.014624961632465627,2.0,-0.016424961632465627,-0.014624961632465627
2021-08-01,0.00127061425674585,0.0,0.00127061425674585,0.00127061425674585
2021-08-02,0.030790569114353572,2.0,0.028990569114353573,-0.030790569114353572
2021-08-03,0.0628335107368817,2.0,0.0610335107368817,0.0628335107368817
2021-08-04,-0.03309588429967425,2.0,-0.03489588429967425,0.03309588429967425
2021-08-05,-0.012735404871452083,1.0,-0.013635404871452083,0.035583027254269206
2021-08-06,0.026208608564764257,0.0,0.026208608564764257,0.06672674165898884
2021-08-07,0.032217455588831934,1.0,0.031317455588831936,-0.032217455588831934
2021-08-08,0.05275557141312737,2.0,0.050955571413127364,0.05275557141312737
2021-08-09,0.010209209109328599,2.0,0.008409209109328599,-0.010209209109328599
2021-08-10,0.00218685385226991,2.0,0.00038685385226990996,0.00218685385226991
2021-08-11,-0.03033737724703678,0.0,-0.03033737724703678,-0.03033737724703678
2021-08-12,0.08366542024771684,0.0,0.08366542024771684,0.08366542024771684
2021-08-13,0.016554985927059562,2.0,0.014754985927059563,-0.016554985927059562
2021-08-14,0.005725331131337608,2.0,0.003925331131337608,0.005725331131337608
2021-08-15,0.03569137071672707,2.0,0.033891370716727064,-0.03569137071672707
2021-08-16,-0.03455170726854878,2.0,-0.036351707268548784,-0.03455170726854878
2021-08-17,0.0005743149323851338,0.0,0.0005743149323851338,0.0005743149323851338
2021-08-18,0.051112807165805574,0.0,0.051112807165805574,0.051112807165805574
2021-08-19,-0.01158039618397022,1.0,-0.01248039618397022,0.0432060886829968
2021-08-20,-0.0042697337249638645,0.0,-0.0042697337249638645,-0.014419265976694184
2021-08-21,0.006534226489771866,1.0,0.005634226489771866,0.006534226489771866
2021-08-22,0.01032492043252653,1.0,0.00942492043252653,0.015394659555120316
2021-08-23,-0.04101686191624715,1.0,-0.04191686191624715,-0.04101686191624715
2021-08-24,0.022497531372086765,0.0,0.022497531372086765,0.022497531372086765
2021-08-25,0.04245294058798327,2.0,0.040652940587983265,-0.04245294058798327
2021-08-26,0.052896592192588465,2.0,0.05109659219258846,0.052896592192588465
2021-08-27,-0.002646409793134019,1.0,-0.003546409793134019,-0.006203580278502874
2021-08-28,-0.0045418164644113745,1.0,-0.005441816464411374,-0.0045418164644113745
2021-08-29,-0.01734313543546978,0.0,-0.01734313543546978,-0.01734313543546978
2021-08-30,0.03215064720886962,0.0,0.03215064720886962,0.03215064720886962
2021-08-31,-0.039827025642494296,1.0,-0.040727025642494294,0.07612421662975588
2021-09-01,0.0008894486551700997,1.0,-1.055134482990023e-05,-0.0008894486551700997
2021-09-02,0.02775332707583056,2.0,0.02595332707583056,0.02775332707583056
2021-09-03,-0.0075120751858400725,0.0,-0.0075120751858400725,-0.0075120751858400725
2021-09-04,0.026778309642993547,0.0,0.026778309642993547,0.026778309642993547
2021-09-05,-0.011739309964389932,1.0,-0.012639309964389932,0.00578531671326149
2021-09-06,-0.007604576630756199,0.0,-0.007604576630756199,-0.11774017236141798
2021-09-07,0.0006797261977126157,1.0,-0.0002202738022873843,0.0006797261977126157
2021-09-08,0.006818516448170886,2.0,0.0050185164481708865,-0.006818516448170886
2021-09-09,-0.04818586298717903,2.0,-0.04998586298717903,-0.04818586298717903
2021-09-10,0.012690380217863617,0.0,0.012690380217863617,0.012690380217863617
2021-09-11,0.030391187722364377,0.0,0.030391187722364377,0.030391187722364377
2021-09-12,-0.005676107293750288,1.0,-0.006576107293750287,-0.029239482520039106
2021-09-13,0.04683117034529527,1.0,0.04593117034529527,0.04683117034529527
2021-09-14,-0.03680437735978448,2.0,-0.03860437735978448,0.03680437735978448
2021-09-15,0.01029108168310483,0.0,0.01029108168310483,-0.01029108168310483
2021-09-16,-0.028152437668236607,2.0,-0.029952437668236607,-0.028152437668236607
2021-09-17,0.015763708306297808,0.0,0.015763708306297808,0.015763708306297808
2021-09-18,-0.004693523669490163,1.0,-0.0055935236694901625,-0.026456422192125184
2021-09-19,-0.09750438689819535,1.0,-0.09840438689819535,-0.09750438689819535
2021-09-20,-0.06201525885295428,0.0,-0.06201525885295428,-0.06201525885295428
2021-09-21,0.09070631114675809,0.0,0.09070631114675809,0.09070631114675809
2021-09-22,-0.02745792705082939,2.0,-0.02925792705082939,0.02745792705082939
2021-09-23,-0.012624149167680121,1.0,-0.01352414916768012,-0.058421053052779726
2021-09-24,-0.002795284686038013,1.0,-0.003695284686038013,-0.002795284686038013
2021-09-25,0.01780983849377671,1.0,0.016909838493776707,0.02929923729351358
2021-09-26,0.033605508481088564,1.0,0.032705508481088566,-0.033605508481088564
2021-09-27,-0.0339212278318074,2.0,-0.0357212278318074,-0.0339212278318074
2021-09-28,0.014183980853612943,0.0,0.014183980853612943,0.014183980853612943
2021-09-29,-0.0013527721849029284,1.0,-0.002252772184902928,0.05403217368291213
2021-09-30,-0.10079906013977247,1.0,-0.10169906013977247,0.10079906013977247
2021-10-01,-0.006497435397055107,0.0,-0.006497435397055107,0.006497435397055107
2021-10-02,0.010354957081044724,2.0,0.008554957081044725,0.010354957081044724
2021-10-03,-0.015228669959295449,1.0,-0.01612866995929545,0.006035433512882216
2021-10-04,-0.04186567952320053,1.0,-0.042765679523200525,0.04186567952320053
2021-10-05,-0.04581122565265183,0.0,-0.04581122565265183,0.04581122565265183
2021-10-06,0.01558738948215549,1.0,0.01468738948215549,-0.012068400086677589
2021-10-07,-0.0018472357815843554,1.0,-0.002747235781584355,-0.0018472357815843554
2021-10-08,0.010892159019223469,0.0,0.010892159019223469,0.010892159019223469
2021-10-09,-0.019817342047968867,1.0,-0.020717342047968868,-0.025107996850213532
2021-10-10,0.0444568074004299,1.0,0.0435568074004299,0.0444568074004299
2021-10-11,0.01997851954828539,2.0,0.01817851954828539,-0.01997851954828539
2021-10-12,0.0043727949837247815,1.0,0.0034727949837247817,0.028839672007161643
2021-10-13,-0.025253705748921995,1.0,-0.026153705748921997,0.025253705748921995
2021-10-14,0.02739344849627401,1.0,0.026493448496274007,0.0480143168044499
2021-10-15,0.001416391174221876,2.0,-0.00038360882577812396,-0.011504295252547148
2021-10-16,0.00756641210202269,1.0,0.006666412102022691,0.00756641210202269
2021-10-17,0.009330389999956057,2.0,0.007530389999956057,-0.009330389999956057
2021-10-18,-0.0006765619617141727,1.0,-0.0015765619617141727,0.035942626218742335
2021-10-19,-0.05002667227605406,1.0,-0.05092667227605406,0.05002667227605406
2021-10-20,-0.015853430964811954,1.0,-0.016753430964811956,-0.041846245451191866
2021-10-21,-0.022065556397865504,1.0,-0.022965556397865506,-0.022065556397865504
2021-10-22,0.029466709511153044,0.0,0.029466709511153044,0.029466709511153044
2021-10-23,0.01371874974167614,2.0,0.01191874974167614,-0.01371874974167614
2021-10-24,-0.0013878018006133752,1.0,-0.002287801800613375,0.03520182467480526
2021-10-25,0.03232422923430678,1.0,0.03142422923430678,-0.03232422923430678
2021-10-26,-0.041230707525426846,2.0,-0.04303070752542685,-0.041230707525426846
2021-10-27,0.06491731208837193,0.0,0.06491731208837193,0.06491731208837193
2021-10-28,-0.0016514851104754147,1.0,-0.0025514851104754144,0.02934930349993703
2021-10-29,-0.014054864527254796,1.0,-0.014954864527254795,-0.014054864527254796
2021-10-30,-0.008624257370247856,0.0,-0.008624257370247856,-0.008624257370247856
2021-10-31,0.0005872867056727071,0.0,0.0005872867056727071,0.0005872867056727071
2021-11-01,-0.05026023583849715,2.0,-0.05206023583849715,0.05026023583849715
2021-11-02,0.0010923392004971166,0.0,0.0010923392004971166,-0.0010923392004971166
2021-11-03,0.004221007954979206,1.0,0.003321007954979206,-0.019651075188624356
2021-11-04,-0.010136363565685647,1.0,-0.011036363565685646,-0.010136363565685647
2021-11-05,0.009267597135043326,0.0,0.009267597135043326,0.009267597135043326
2021-11-06,-0.004197254877240986,1.0,-0.005097254877240985,0.025133509857320768
2021-11-07,-0.012421938563857204,0.0,-0.012421938563857204,0.05478208763411907
2021-11-08,0.012148231736502035,1.0,0.011248231736502036,-0.012148231736502035
2021-11-09,-0.026364912884366876,2.0,-0.028164912884366875,-0.026364912884366876
2021-11-10,0.00891196381765419,0.0,0.00891196381765419,0.00891196381765419
2021-11-11,-0.01070590697261592,0.0,-0.01070590697261592,-0.01070590697261592
2021-11-12,-0.0002598832791121941,0.0,-0.0002598832791121941,-0.0002598832791121941
2021-11-13,-0.010760874126527764,1.0,-0.011660874126527764,0.0069325089116829
2021-11-14,0.007815570150240536,0.0,0.007815570150240536,-0.021372254468840002
2021-11-15,-0.06667493524855928,1.0,-0.06757493524855927,-0.06667493524855928
2021-11-16,0.011649934124792871,0.0,0.011649934124792871,0.011649934124792871
2021-11-17,0.0625344474585301,2.0,0.06073444745853009,-0.0625344474585301
2021-11-18,0.04746164959361798,2.0,0.04566164959361798,0.04746164959361798
2021-11-19,-0.0005877454107705571,1.0,-0.001487745410770557,0.02792571074527106
2021-11-20,-0.008345802352007048,0.0,-0.008345802352007048,-0.02652592743175003
2021-11-21,-0.040491255872999954,1.0,-0.04139125587299995,-0.040491255872999954
2021-11-22,0.04252071359908538,0.0,0.04252071359908538,0.04252071359908538
2021-11-23,0.011576435259482043,2.0,0.009776435259482043,-0.011576435259482043
2021-11-24,0.01397695966988688,1.0,0.01307695966988688,0.04586573338012556
2021-11-25,0.09782807233136653,1.0,0.09692807233136654,-0.09782807233136653
2021-11-26,0.01594752319945858,2.0,0.01414752319945858,0.01594752319945858
2021-11-27,0.0010208500611268434,1.0,0.00012085006112684342,0.04769120696047602
2021-11-28,-0.021810829875420823,1.0,-0.022710829875420824,0.021810829875420823
2021-11-29,-0.013748639609733215,0.0,-0.013748639609733215,0.013748639609733215
2021-11-30,-0.007158895923256525,1.0,-0.008058895923256525,-0.0030586728525790474
2021-12-01,-0.013980036084895509,1.0,-0.014880036084895508,-0.013980036084895509
2021-12-02,-0.00726021654091219,1.0,-0.00816021654091219,-0.058238840253163116
2021-12-03,-0.053177199750695014,1.0,-0.05407719975069501,-0.053177199750695014
2021-12-04,0.007136207430978314,1.0,0.006236207430978314,0.012097504391232916
2021-12-05,0.007425631641130304,0.0,0.007425631641130304,0.02859299366984769
2021-12-06,-0.006194525975041332,0.0,-0.006194525975041332,-0.0032796884748034216
2021-12-07,0.01631691858467943,0.0,0.01631691858467943,0.013989137517865569
2021-12-08,-0.008348289431878153,0.0,-0.008348289431878153,-0.06631403186830587
2021-12-09,-0.02955406886411549,1.0,-0.030454068864115492,-0.02955406886411549
2021-12-10,0.04841425365113772,0.0,0.04841425365113772,0.04841425365113772
2021-12-11,-0.0017533408791630123,1.0,-0.002653340879163012,0.011688856618751187
2021-12-12,-0.008663811677355637,0.0,-0.008663811677355637,-0.07561463868584051
2021-12-13,0.027751446697531712,1.0,0.02685144669753171,0.027751446697531712
2021-12-14,-0.026138260203198316,2.0,-0.027938260203198315,0.026138260203198316
2021-12-15,0.02019737357357343,0.0,0.02019737357357343,-0.02019737357357343
2021-12-16,-0.026203620066992006,2.0,-0.028003620066992006,-0.026203620066992006
2021-12-17,0.018525941174026284,0.0,0.018525941174026284,0.018525941174026284
2021-12-18,0.006155100214252085,2.0,0.0043551002142520855,-0.006155100214252085
2021-12-19,0.0051184047523500364,2.0,0.0033184047523500365,0.0051184047523500364
2021-12-20,-0.029855836878249664,2.0,-0.03165583687824967,0.029855836878249664
2021-12-21,0.007400446790721438,0.0,0.007400446790721438,-0.007400446790721438
2021-12-22,0.039732869857370234,2.0,0.03793286985737023,0.039732869857370234
2021-12-23,-0.007725914879502749,1.0,-0.008625914879502749,-0.008095907804199387
2021-12-24,0.001853757078638496,1.0,0.0009537570786384961,0.001853757078638496
2021-12-25,-8.973195341777096e-05,0.0,-8.973195341777096e-05,-8.973195341777096e-05
2021-12-26,-0.002510579651152145,1.0,-0.0034105796511521447,-0.003968960456536663
2021-12-27,0.0008619554015128483,0.0,0.0008619554015128483,-0.06141832697311017
2021-12-28,-0.03277864741806491,1.0,-0.03367864741806491,-0.03277864741806491
2021-12-29,0.017953380039591238,0.0,0.017953380039591238,0.017953380039591238
2021-12-30,0.005138009417961997,1.0,0.0042380094179619975,-0.014045422466890722
2021-12-31,0.02843665652771088,1.0,0.027536656527710878,0.02843665652771088
2022-01-01,-0.0037564968405259247,2.0,-0.005556496840525924,0.0037564968405259247
2022-01-02,0.01703021689813078,0.0,0.01703021689813078,-0.01703021689813078
2022-01-03,0.004058927486657649,0.0,0.004058927486657649,-0.004058927486657649
2022-01-04,-0.05826895263204668,2.0,-0.06006895263204668,-0.05826895263204668
2022-01-05,-0.023141845128947514,0.0,-0.023141845128947514,-0.023141845128947514
2022-01-06,-0.048056237817959035,0.0,-0.048056237817959035,-0.048056237817959035
2022-01-07,-0.017124807357180527,0.0,-0.017124807357180527,-0.017124807357180527
2022-01-08,0.00930780166195111,1.0,0.00840780166195111,0.013743529907856877
2022-01-09,0.011494708127126385,1.0,0.010594708127126385,-0.011494708127126385
2022-01-10,-0.0363124001655204,0.0,-0.0363124001655204,0.0363124001655204
2022-01-11,-0.034031414422854844,0.0,-0.034031414422854844,0.034031414422854844
2022-01-12,0.034667103991172066,0.0,0.034667103991172066,-0.034667103991172066
2022-01-13,0.016180527190369443,2.0,0.014380527190369443,0.016180527190369443
2022-01-14,-0.0030973959349736013,2.0,-0.004897395934973601,0.0030973959349736013
2022-01-15,0.0032794278337131,1.0,0.0023794278337131002,0.002986281538393032
2022-01-16,-0.010398282769844724,0.0,-0.010398282769844724,-0.03059810789847922
2022-01-17,-0.009544029366860718,0.0,-0.009544029366860718,-0.005977815558007027
2022-01-18,-0.0038280858134441265,0.0,-0.0038280858134441265,-0.020169888773957145
2022-01-19,-0.025132962035096462,1.0,-0.026032962035096464,-0.025132962035096462
2022-01-20,-0.1242448706730448,0.0,-0.1242448706730448,-0.1242448706730448
2022-01-21,-0.04921486988082985,0.0,-0.04921486988082985,-0.04921486988082985
2022-01-22,0.04301436917167456,0.0,0.04301436917167456,0.04301436917167456
2022-01-23,0.01390154047844705,2.0,0.01210154047844705,-0.01390154047844705
2022-01-24,-5.86635498106558e-05,1.0,-0.0009586635498106558,0.008069191203349146
2022-01-25,0.0011695829039604644,1.0,0.0002695829039604644,-0.0011695829039604644
2022-01-26,-0.0030998733412618273,2.0,-0.004899873341261827,-0.0030998733412618273
2022-01-27,0.017415215337053036,1.0,0.016515215337053035,0.032389879022026946
2022-01-28,-0.01705771346153695,1.0,-0.01795771346153695,0.01705771346153695
2022-01-29,0.0037827060235064436,1.0,0.002882706023506444,-0.003686605032897361
2022-01-30,0.008662324245960917,0.0,0.008662324245960917,0.02410880825303985
2022-01-31,-0.021622050831665462,1.0,-0.022522050831665464,0.021622050831665462
2022-02-01,0.004120441084269011,1.0,0.003220441084269011,-0.042351946916224015
2022-02-02,0.008385887565360184,1.0,0.007485887565360184,0.008385887565360184
2022-02-03,-0.001560221632136649,1.0,-0.002460221632136649,0.11268411143202228
2022-02-04,0.0052532894846167855,0.0,0.0052532894846167855,0.0006432243601707244
2022-02-05,-0.005034558019953339,0.0,-0.005034558019953339,0.019088630016368402
2022-02-06,-0.0033387113728328144,0.0,-0.0033387113728328144,0.031090029707753764
2022-02-07,-0.005990666209338635,0.0,-0.005990666209338635,-0.0013601907005623692
2022-02-08,0.016671011199572594,0.0,0.016671011199572594,0.024157560137326395
2022-02-09,-0.016540844789202036,0.0,-0.016540844789202036,-0.036311550754488775
2022-02-10,-0.03648293002703157,1.0,-0.037382930027031566,-0.03648293002703157
2022-02-11,-0.0033181686684847223,0.0,-0.0033181686684847223,-0.0033181686684847223
2022-02-12,-0.006234714635809935,1.0,-0.0071347146358099345,-0.010124299780678636
2022-02-13,0.00447442159716549,0.0,0.00447442159716549,0.01594262674268676
2022-02-14,0.019694772564119445,0.0,0.019694772564119445,0.06692353957855479
2022-02-15,0.017150243556905864,1.0,0.016250243556905863,-0.017150243556905864
2022-02-16,-0.07516814897350671,2.0,-0.0769681489735067,-0.07516814897350671
2022-02-17,-0.02611169582407491,0.0,-0.02611169582407491,-0.02611169582407491
2022-02-18,-0.0015412906865533982,0.0,-0.0015412906865533982,-0.0015412906865533982
2022-02-19,-0.004514002262520744,1.0,-0.005414002262520744,-0.046737431540123
2022-02-20,-0.02825014589821495,1.0,-0.029150145898214953,-0.02825014589821495
2022-02-21,0.029804511168041725,0.0,0.029804511168041725,0.029804511168041725
2022-02-22,0.02355222320422562,2.0,0.02175222320422562,-0.02355222320422562
2022-02-23,0.017655152206232483,2.0,0.015855152206232483,0.017655152206232483
2022-02-24,0.04481730750318691,0.0,0.04481730750318691,0.04481730750318691
2022-02-25,0.0032891519313473228,1.0,0.002389151931347323,0.0006769089899490432
2022-02-26,-0.04738533981716053,1.0,-0.04828533981716053,-0.04738533981716053
2022-02-27,0.13054491995428263,0.0,0.13054491995428263,0.13054491995428263
2022-02-28,-0.024090543228339145,2.0,-0.025890543228339145,0.024090543228339145
2022-03-01,0.001068773165632031,1.0,0.00016877316563203098,-0.010822395915797367
2022-03-02,-0.03561459344610518,1.0,-0.03651459344610518,-0.03561459344610518
2022-03-03,-0.07631217602546048,0.0,-0.07631217602546048,-0.07631217602546048
2022-03-04,0.011393086093159477,0.0,0.011393086093159477,0.011393086093159477
2022-03-05,0.03376192180538634,2.0,0.03196192180538634,-0.03376192180538634
2022-03-06,-0.01742456828733735,2.0,-0.01922456828733735,-0.01742456828733735
2022-03-07,0.02680502637206872,0.0,0.02680502637206872,0.02680502637206872
2022-03-08,-0.07076530054280894,2.0,-0.07256530054280894,0.07076530054280894
2022-03-09,0.007984535969481288,1.0,0.007084535969481288,-0.05209193683050711
2022-03-10,-0.018342258981952353,1.0,-0.019242258981952354,-0.018342258981952353
2022-03-11,0.003339166558115725,0.0,0.003339166558115725,0.003339166558115725
2022-03-12,-0.023616233649911667,0.0,-0.023616233649911667,-0.023616233649911667
2022-03-13,0.039728561594517875,0.0,0.039728561594517875,0.039728561594517875
2022-03-14,-0.0005399359186645247,2.0,-0.0023399359186645247,0.0005399359186645247
2022-03-15,0.006471271953195412,1.0,0.005571271953195412,0.053152906247000864
2022-03-16,-0.004484780137391509,1.0,-0.005384780137391508,0.004484780137391509
2022-03-17,0.032842125524253474,2.0,0.031042125524253474,0.032842125524253474
2022-03-18,-0.0032839030250846335,1.0,-0.004183903025084633,0.007339814720537463
2022-03-19,-0.004032864102761713,0.0,-0.004032864102761713,-0.02628392704823257
2022-03-20,0.0018574318761547803,1.0,0.0009574318761547804,0.0018574318761547803
2022-03-21,-0.002834167875395366,1.0,-0.0037341678753953656,0.030380594729095822
2022-03-22,0.01729416968606623,1.0,0.016394169686066228,0.01729416968606623
2022-03-23,-0.0006148534065248956,1.0,-0.0015148534065248956,0.025239359335378797
2022-03-24,0.0022708779825771352,1.0,0.0013708779825771353,0.0022708779825771352
2022-03-25,0.009143474856871503,0.0,0.009143474856871503,0.009143474856871503
2022-03-26,-0.0020706719711477417,1.0,-0.0029706719711477415,0.04997210281375508
2022-03-27,0.0025104548054128983,0.0,0.0025104548054128983,0.008798391704380348
2022-03-28,0.013456558473149083,1.0,0.012556558473149083,0.013456558473149083
2022-03-29,-0.006030846352038155,0.0,-0.006030846352038155,-0.006030846352038155
2022-03-30,-0.03194646375812532,0.0,-0.03194646375812532,-0.03194646375812532
2022-03-31,0.03496069778608746,0.0,0.03496069778608746,0.03496069778608746
2022-04-01,0.0034488329187971623,1.0,0.0025488329187971625,-0.006759774945475749
2022-04-02,0.0178539326026389,1.0,0.0169539326026389,0.0178539326026389
2022-04-03,0.001523508853304767,0.0,0.001523508853304767,0.001523508853304767
2022-04-04,-0.004359200149894771,1.0,-0.0052592001498947705,-0.027608408885479663
2022-04-05,-0.06057231989576428,1.0,-0.06147231989576428,-0.06057231989576428
2022-04-06,0.012430095545307496,0.0,0.012430095545307496,0.012430095545307496
2022-04-07,-0.01911250955301036,0.0,-0.01911250955301036,-0.01911250955301036
2022-04-08,0.016305347356208366,0.0,0.016305347356208366,0.016305347356208366
2022-04-09,-0.0015607872243054155,1.0,-0.0024607872243054153,-0.015480430242252097
2022-04-10,-0.06603008741599775,1.0,-0.06693008741599775,-0.06603008741599775
2022-04-11,0.014927939429705717,0.0,0.014927939429705717,0.014927939429705717
2022-04-12,-0.028350899958058506,2.0,-0.030150899958058506,0.028350899958058506
2022-04-13,0.030088528474759457,0.0,0.030088528474759457,-0.030088528474759457
2022-04-14,0.010704134444417313,2.0,0.008904134444417313,0.010704134444417313
2022-04-15,0.005217080823859799,1.0,0.004317080823859799,0.0009462575085526503
2022-04-16,-0.0029679463532957806,0.0,-0.0029679463532957806,-0.02031842634634151
2022-04-17,0.025446456054289968,1.0,0.024546456054289966,0.025446456054289968
2022-04-18,-0.016042395382797836,2.0,-0.017842395382797836,0.016042395382797836
2022-04-19,0.0057742846980045615,0.0,0.0057742846980045615,-0.0057742846980045615
2022-04-20,-0.004412302791454659,1.0,-0.005312302791454658,-0.025645823890903197
2022-04-21,-0.013072222226737651,1.0,-0.01397222222673765,-0.013072222226737651
2022-04-22,-0.008324704365539004,0.0,-0.008324704365539004,-0.008324704365539004
2022-04-23,-0.0019426456927039149,0.0,-0.0019426456927039149,-0.0019426456927039149
2022-04-24,0.002286525501385861,1.0,0.001386525501385861,0.027025353991938394
2022-04-25,0.06136581403461022,1.0,0.060465814034610224,-0.06136581403461022
2022-04-26,0.028843757587201035,2.0,0.027043757587201036,0.028843757587201035
2022-04-27,-0.014754961726800353,2.0,-0.016554961726800353,0.014754961726800353
2022-04-28,-0.03481291438068479,2.0,-0.03661291438068479,-0.03481291438068479
2022-04-29,-0.028562397755299396,0.0,-0.028562397755299396,-0.028562397755299396
2022-04-30,0.029126727330380575,0.0,0.029126727330380575,0.029126727330380575
2022-05-01,0.00487790770796126,1.0,0.00397790770796126,0.006354706166954216
2022-05-02,-0.0027661275383869532,0.0,-0.0027661275383869532,-0.023433400562042295
2022-05-03,0.0025801968911213224,0.0,0.0025801968911213224,0.05455752464606822
2022-05-04,0.07227902380137402,1.0,0.07137902380137402,-0.07227902380137402
2022-05-05,-0.01740481923088566,2.0,-0.01920481923088566,-0.01740481923088566
2022-05-06,-0.0031619859761168323,1.0,-0.004061985976116832,-0.01819456934631103
2022-05-07,-0.001725583057795188,0.0,-0.001725583057795188,-0.04215110837480934
2022-05-08,0.0004238071596275317,0.0,0.0004238071596275317,-0.1159767874629164
2022-05-09,0.04110503870422655,1.0,0.04020503870422655,0.04110503870422655
2022-05-10,0.08571967982045364,2.0,0.08391967982045365,-0.08571967982045364
2022-05-11,-0.03119557651281646,2.0,-0.03299557651281646,-0.03119557651281646
2022-05-12,0.00818682097498924,1.0,0.00728682097498924,0.01705014222301926
2022-05-13,0.025293720085661553,1.0,0.02439372008566155,0.025293720085661553
2022-05-14,-0.04223553628525212,2.0,-0.04403553628525212,0.04223553628525212
2022-05-15,0.05156761166535795,0.0,0.05156761166535795,-0.05156761166535795
2022-05-16,0.00701352576859493,1.0,0.006113525768594931,0.026124451954935624
2022-05-17,0.07040304429858929,1.0,0.06950304429858929,-0.07040304429858929
2022-05-18,0.0551951383712449,2.0,0.0533951383712449,0.0551951383712449
2022-05-19,0.033411928688733994,2.0,0.03161192868873399,-0.033411928688733994
2022-05-20,0.008259791018462082,2.0,0.006459791018462082,0.008259791018462082
2022-05-21,0.0028303163579223023,1.0,0.0019303163579223023,0.0316596004551527
2022-05-22,0.002456638068932926,0.0,0.002456638068932926,-0.036653164089518464
2022-05-23,0.010911788405608913,1.0,0.010011788405608913,0.010911788405608913
2022-05-24,-0.007394987250921081,1.0,-0.008294987250921081,-0.011186307175195809
2022-05-25,-0.04447843780238653,1.0,-0.045378437802386526,-0.04447843780238653
2022-05-26,-0.00833631137035884,1.0,-0.00923631137035884,-0.027909036603952497
2022-05-27,0.02581379404338513,1.0,0.02491379404338513,0.02581379404338513
2022-05-28,-0.0015465616054523013,1.0,-0.002446561605452301,0.01349821932604478
2022-05-29,0.012590608300111272,0.0,0.012590608300111272,0.0894913925379821
2022-05-30,0.01317587277669613,1.0,0.01227587277669613,-0.01317587277669613
2022-05-31,-0.000544419230922244,1.0,-0.001444419230922244,-0.0632848201737845
2022-06-01,0.015286374159060756,1.0,0.014386374159060756,0.015286374159060756
2022-06-02,-0.003719672666688212,1.0,-0.004619672666688212,-0.02842723477464476
2022-06-03,0.01105609186231804,1.0,0.01015609186231804,0.01105609186231804
2022-06-04,-0.003568207072341215,1.3333333333333333,-0.004768207072341215,-0.0023366255448586948
2022-06-05,-0.012184111718125019,0.6666666666666666,-0.012784111718125019,0.031971182024785806
2022-06-06,0.002821920032045399,0.0,0.002821920032045399,-0.019493605051545293
2022-06-07,0.0012715881189342424,0.6666666666666666,0.0006715881189342424,-0.018445686096846492
2022-06-08,-0.0011972248313725968,0.6666666666666666,-0.0017972248313725967,-0.001197224831372597
2022-06-09,-0.05144599388256155,0.0,-0.05144599388256155,-0.05144599388256155
2022-06-10,-0.05784839390204732,0.0,-0.05784839390204732,-0.057848393902047324
2022-06-11,-0.07352481950148695,0.0,-0.07352481950148695,-0.07352481950148697
2022-06-12,-0.15249466404942408,0.0,-0.15249466404942408,-0.1524946640494241
2022-06-13,0.002846190473774361,0.0,0.002846190473774361,0.0028461904737743606
2022-06-14,0.029177248764091113,1.3333333333333333,0.027977248764091113,0.05843151211199656
2022-06-15,0.11815236251597616,0.6666666666666666,0.11755236251597616,-0.11815236251597616
2022-06-16,0.016874192690302582,2.0,0.015074192690302583,0.016874192690302586
2022-06-17,-0.07592910940157023,0.0,-0.07592910940157023,-0.07592910940157023
2022-06-18,0.12055414070472975,0.0,0.12055414070472975,0.12055414070472976
2022-06-19,0.0025680082145788465,2.0,0.0007680082145788466,-0.0025680082145788465
2022-06-20,-0.03528633267013736,0.6666666666666666,-0.03588633267013736,0.03387410359358153
2022-06-21,-0.013414188585896492,0.6666666666666666,-0.014014188585896491,-0.05504919846281483
2022-06-22,0.06103533145622271,0.6666666666666666,0.06043533145622271,0.06103533145622272
2022-06-23,-0.009975432489943037,1.3333333333333333,-0.011175432489943037,0.04081840425195208
2022-06-24,-0.0071282274125799745,1.3333333333333333,-0.008328227412579974,0.016564808039834993
2022-06-25,0.016669105890103467,0.6666666666666666,0.016069105890103467,0.0026131136439784264
2022-06-26,-0.002496548858529308,1.3333333333333333,-0.0036965488585293076,-0.009806490378997132
2022-06-27,0.02186030718312526,0.6666666666666666,0.02126030718312526,-0.04895162437683157
2022-06-28,0.002073563706849562,1.3333333333333333,0.0008735637068495621,0.0020735637068495607
2022-06-29,0.0031094122991930755,0.6666666666666666,0.0025094122991930756,-0.026792830369007
2022-06-30,0.007561454823344804,1.3333333333333333,0.0063614548233448046,-0.014582864520733207
2022-07-01,0.002977177860539674,0.6666666666666666,0.002377177860539674,0.002977177860539674
2022-07-02,0.0038736648537947742,0.6666666666666666,0.0032736648537947744,0.006055857132913234
2022-07-03,-0.0028421759666312774,0.6666666666666666,-0.003442175966631277,0.05046565631589495
2022-07-04,0.017026356009434546,0.6666666666666666,0.016426356009434546,-0.017026356009434546
2022-07-05,0.015846086022313372,1.3333333333333333,0.014646086022313373,0.02868917599680258
2022-07-06,-0.02121721747347083,0.6666666666666666,-0.02181721747347083,0.04177050015416439
2022-07-07,0.0011893485001811897,1.3333333333333333,-1.0651499818810231e-05,-0.013822447218824049
2022-07-08,0.0027520875959041735,1.3333333333333333,0.0015520875959041736,0.0027520875959041735
2022-07-09,-0.01257595488859035,0.6666666666666666,-0.013175954888590349,-0.03509558384083755
2022-07-10,-0.06228981517670976,0.6666666666666666,-0.06288981517670976,-0.06228981517670976
2022-07-11,-0.017396808905027112,0.6666666666666666,-0.017996808905027112,-0.038597383350230184
2022-07-12,-0.002912601960791756,0.6666666666666666,-0.003512601960791756,0.05196675923964045
2022-07-13,-0.03207337662590966,0.6666666666666666,-0.03267337662590966,0.032073376625909665
2022-07-14,0.00922288301164298,1.3333333333333333,0.00802288301164298,0.01703293933341728
2022-07-15,0.035562043028238545,0.0,0.035562043028238545,0.04726181252780096
2022-07-16,0.008906891245569351,0.6666666666666666,0.008306891245569352,-0.017364070628736055
2022-07-17,0.06276490295408088,0.6666666666666666,0.06216490295408088,0.11033864224998939
2022-07-18,-0.01331572973943762,1.3333333333333333,-0.01451572973943762,0.01331572973943762
2022-07-19,-0.007471268361816773,0.6666666666666666,-0.008071268361816774,-0.0014935811289936336
2022-07-20,0.010020274993519169,1.3333333333333333,0.00882027499351917,0.01002027499351917
2022-07-21,-0.013918793194103569,0.6666666666666666,-0.014518793194103569,-0.02737641138630616
2022-07-22,0.0024899470580137897,0.6666666666666666,0.0018899470580137898,0.0024899470580137897
2022-07-23,0.006243106772226467,0.6666666666666666,0.005643106772226467,0.010062078429256585
2022-07-24,0.013726311653196082,0.6666666666666666,0.013126311653196082,-0.07919959616635042
2022-07-25,0.004223293245333548,1.3333333333333333,0.0030232932453335484,0.004223293245333548
2022-07-26,-0.04454786185284365,1.3333333333333333,-0.04574786185284365,0.09455852510726885
2022-07-27,-0.04034796234406013,0.6666666666666666,-0.04094796234406013,0.04034796234406013
2022-07-28,-0.0011256619715189393,1.3333333333333333,-0.002325661971518939,-0.003059987996047009
2022-07-29,-0.0023389564859314094,0.6666666666666666,-0.002938956485931409,-0.0023389564859314094
2022-07-30,-0.0162072070317865,0.0,-0.0162072070317865,-0.016207207031786502
2022-07-31,-0.008004060461844282,0.0,-0.008004060461844282,-0.008004060461844284
2022-08-01,0.013541781410167004,1.3333333333333333,0.012341781410167004,-0.013284156953018544
2022-08-02,0.003509156101371776,1.3333333333333333,0.002309156101371776,-0.006615991138453237
2022-08-03,0.0002804345046938748,1.3333333333333333,-0.0009195654953061251,0.0002804345046938754
2022-08-04,0.049558237309765524,0.0,0.049558237309765524,0.04955823730976553
2022-08-05,0.019624967004868116,2.0,0.017824967004868117,-0.019624967004868116
2022-08-06,0.003436860255363457,1.3333333333333333,0.002236860255363457,0.006739594725226006
2022-08-07,0.018701681904561042,0.0,0.018701681904561042,0.02972096565111748
2022-08-08,0.009781808338439741,0.6666666666666666,0.009181808338439741,-0.028262838717832122
2022-08-09,0.030382371988510053,0.6666666666666666,0.029782371988510054,0.05181922019244974
2022-08-10,-0.003096101278139566,0.6666666666666666,-0.003696101278139566,0.002548942586116043
2022-08-11,0.013510187731531564,0.6666666666666666,0.012910187731531565,0.02725007103663235
2022-08-12,-0.006691008397571752,0.6666666666666666,-0.007291008397571751,0.00772090771330336
2022-08-13,-0.049956051779831756,0.6666666666666666,-0.05055605177983176,0.030029322323189445
2022-08-14,0.011520275940226976,0.0,0.011520275940226976,-0.029779103752884395
2022-08-15,-0.05140865009852039,0.0,-0.05140865009852039,0.036905976195745684
2022-08-16,0.025579813638001735,0.6666666666666666,0.024979813638001735,-0.03989087578609755
2022-08-17,-0.022688675300635303,1.3333333333333333,-0.023888675300635303,-0.022688675300635303
2022-08-18,-0.10785999778121472,0.0,-0.10785999778121472,-0.10785999778121473
2022-08-19,0.005783682269307699,0.0,0.005783682269307699,0.0057836822693076995
2022-08-20,0.014871593825618607,0.6666666666666666,0.014271593825618607,0.014775435356461456
2022-08-21,0.001285017092838829,0.6666666666666666,0.000685017092838829,-0.004872489940072351
2022-08-22,-0.00420259524049819,0.6666666666666666,-0.00480259524049819,0.012518852118744187
2022-08-23,0.008767898526644982,1.3333333333333333,0.007567898526644983,-0.008767898526644982
2022-08-24,0.00047390871802743817,1.3333333333333333,-0.0007260912819725617,0.01598798608316961
2022-08-25,-0.010052100588416803,0.0,-0.010052100588416803,-0.0835694534445736
2022-08-26,-0.007134262077356826,0.6666666666666666,-0.007734262077356826,-0.007134262077356827
2022-08-27,-0.002723466296783106,0.6666666666666666,-0.0033234662967831057,-0.03147258884494789
2022-08-28,0.030543526657584863,1.3333333333333333,0.029343526657584863,0.052772942865634796
2022-08-29,0.02564389159955845,1.3333333333333333,0.02444389159955845,-0.02564389159955845
2022-08-30,0.011491581713778546,1.3333333333333333,0.010291581713778546,0.009433299837492193
2022-08-31,-0.011173125679749669,0.6666666666666666,-0.011773125679749669,0.013881019902963976
2022-09-01,0.0032515722439308,0.0,0.0032515722439308,-0.009199145511509613
2022-09-02,-5.828080182897644e-05,1.3333333333333333,-0.0012582808018289763,-5.8280801828976735e-05
2022-09-03,-0.004603586358712089,1.3333333333333333,-0.005803586358712089,0.010264499668413363
2022-09-04,-0.002208893674430149,0.6666666666666666,-0.0028088936744301487,0.0022088936744301493
2022-09-05,0.01567520289978678,0.6666666666666666,0.01507520289978678,-0.04956040882153993
2022-09-06,0.035861035768115945,1.3333333333333333,0.034661035768115946,0.035861035768115945
2022-09-07,-0.0005782029367615108,1.3333333333333333,-0.0017782029367615108,0.001508772688717815
2022-09-08,0.03628940475984313,0.6666666666666666,0.03568940475984313,0.06789482908180296
2022-09-09,0.011111840290687939,0.0,0.011111840290687939,0.019569162138769247
2022-09-10,0.009254427561301015,0.6666666666666666,0.008654427561301015,-0.003756546430461527
2022-09-11,0.016819389531218455,0.0,0.016819389531218455,0.0005558304003002353
2022-09-12,0.027870756091308437,1.3333333333333333,0.026670756091308437,-0.08301426632899996
2022-09-13,0.022865590877614007,1.3333333333333333,0.021665590877614008,0.02286559087761401
2022-09-14,0.056249119771948936,2.0,0.05444911977194893,-0.05624911977194894
2022-09-15,0.0035030412954036843,2.0,0.0017030412954036843,0.003503041295403686
2022-09-16,0.012489793118913331,0.6666666666666666,0.011889793118913332,0.022936536843444138
2022-09-17,0.06760334936971742,1.3333333333333333,0.06640334936971741,-0.06760334936971742
2022-09-18,0.01881750131509522,2.0,0.01701750131509522,0.018817501315095225
2022-09-19,0.023349272376263313,1.3333333333333333,0.022149272376263313,-0.024943896215889733
2022-09-20,0.01921311119462284,1.3333333333333333,0.01801311119462284,-0.033822912519126135
2022-09-21,0.052738035904919725,1.3333333333333333,0.051538035904919725,0.05273803590491973
2022-09-22,-0.023321933185174577,1.3333333333333333,-0.024521933185174576,0.01948308047022222
2022-09-23,-0.007504841075950914,0.6666666666666666,-0.008104841075950914,-0.01034530186181167
2022-09-24,-0.017882555814115575,0.6666666666666666,-0.018482555814115575,-0.017882555814115575
2022-09-25,0.017929175512639728,0.0,0.017929175512639728,0.017929175512639728
2022-09-26,0.008155222085386807,2.0,0.006355222085386808,-0.008155222085386807
2022-09-27,0.003360404319115181,0.6666666666666666,0.002760404319115181,0.00829945648166556
2022-09-28,0.005370218953672437,0.6666666666666666,0.004770218953672438,0.0046223876644113275
2022-09-29,0.009052013307345692,0.6666666666666666,0.008452013307345692,-0.0001791904351799619
2022-09-30,-0.01200104088719119,1.3333333333333333,-0.01320104088719119,-0.012001040887191191
2022-10-01,-0.020560387377494882,0.0,-0.020560387377494882,-0.020560387377494882
2022-10-02,0.028134278294986638,0.0,0.028134278294986638,0.02813427829498664
2022-10-03,-0.052093250580356035,2.0,-0.05389325058035604,0.05209325058035604
2022-10-04,0.010583971239916019,0.0,0.010583971239916019,-0.01058397123991602
2022-10-05,-0.010076476795145967,1.3333333333333333,-0.011276476795145967,-0.010145500115167683
2022-10-06,-0.01813672540956775,0.6666666666666666,-0.01873672540956775,-0.01813672540956775
2022-10-07,-0.009567665736098166,0.0,-0.009567665736098166,-0.009567665736098166
2022-10-08,0.0009642924175787824,0.6666666666666666,0.0003642924175787824,0.004841204267245806
2022-10-09,-0.011630811027621018,0.0,-0.011630811027621018,-0.028308436556984562
2022-10-10,0.0010683650152910986,0.6666666666666666,0.0004683650152910987,0.0010683650152910988
2022-10-11,-0.007836440735389583,1.3333333333333333,-0.009036440735389582,0.0029678376925127425
2022-10-12,-0.0028177779739713507,0.0,-0.0028177779739713507,0.0010343526827714482
2022-10-13,-0.011322205613493914,0.6666666666666666,-0.011922205613493914,-0.0065620767429755604
2022-10-14,-0.00787079304481586,0.6666666666666666,-0.00847079304481586,-0.00787079304481586
2022-10-15,0.0134318911134453,0.0,0.0134318911134453,0.013431891113445301
2022-10-16,-0.00540574814018191,1.3333333333333333,-0.006605748140181909,0.01751461477289847
2022-10-17,0.010194995304705468,0.6666666666666666,0.009594995304705468,-0.010194995304705468
2022-10-18,0.009030475883897382,0.6666666666666666,0.008430475883897382,-0.016048822166005377
2022-10-19,0.003427098428706661,0.6666666666666666,0.002827098428706661,0.0021197969945658812
2022-10-20,-0.0028263576351678825,0.0,-0.0028263576351678825,0.006103629292121382
2022-10-21,-0.002283514783775198,0.6666666666666666,-0.0028835147837751977,0.006216319997551271
2022-10-22,-0.023100733273889652,0.6666666666666666,-0.023700733273889652,0.023100733273889656
2022-10-23,0.014264570190654042,0.0,0.014264570190654042,-0.014264570190654044
2022-10-24,-0.036055985632096846,0.6666666666666666,-0.03665598563209685,0.06193496025425027
2022-10-25,-0.08652017617553667,0.6666666666666666,-0.08712017617553668,0.08652017617553669
2022-10-26,0.022886137096090664,1.3333333333333333,0.021686137096090664,0.000729186709780727
2022-10-27,0.044018925978654234,0.6666666666666666,0.04341892597865423,0.044018925978654234
2022-10-28,0.16808521166213053,0.0,0.16808521166213053,0.16808521166213053
2022-10-29,0.002122901511672567,0.6666666666666666,0.0015229015116725673,-0.01994236349051748
2022-10-30,-0.03177992723413581,0.0,-0.03177992723413581,0.01992029077883173
2022-10-31,0.041181790871743666,0.6666666666666666,0.04058179087174366,0.04118179087174367
2022-11-01,0.04121825858648446,1.3333333333333333,0.04001825858648446,-0.05201648012479972
2022-11-02,-0.009427357455431773,1.3333333333333333,-0.010627357455431773,-0.009427357455431773
2022-11-03,0.04982890950371402,0.0,0.04982890950371402,0.049828909503714026
2022-11-04,0.003210120570304194,0.6666666666666666,0.002610120570304194,-0.005669606695215472
2022-11-05,-0.044114517226870945,0.6666666666666666,-0.04471451722687095,-0.04411451722687095
2022-11-06,-0.015335629016694422,0.0,-0.015335629016694422,-0.015335629016694422
2022-11-07,-0.1514927421867388,0.0,-0.1514927421867388,-0.1514927421867388
2022-11-08,-0.15711354056754595,0.0,-0.15711354056754595,-0.15711354056754598
2022-11-09,0.16291496449624915,0.0,0.16291496449624915,0.16291496449624918
2022-11-10,0.030031589790861065,2.0,0.028231589790861066,-0.03003158979086107
2022-11-11,-0.0013362784816453779,2.0,-0.003136278481645378,-0.0013362784816453772
2022-11-12,-0.03114277687472311,0.0,-0.03114277687472311,-0.03114277687472311
2022-11-13,-0.003958497513916118,1.3333333333333333,-0.005158497513916118,0.015781835348209244
2022-11-14,-0.004001015915643908,1.3333333333333333,-0.005201015915643908,0.01261067269283996
2022-11-15,0.020597037821353022,0.6666666666666666,0.019997037821353023,-0.020597037821353026
2022-11-16,-0.006876583724689245,2.0,-0.008676583724689244,-0.006876583724689245
2022-11-17,0.003491815537583894,0.6666666666666666,0.0028918155375838943,0.0038069259819974257
2022-11-18,0.0006564269342865062,0.6666666666666666,5.642693428650628e-05,0.0006564269342865062
2022-11-19,0.0005983400195853639,0.6666666666666666,-1.6599804146360782e-06,-0.058695963154079135
2022-11-20,-0.030647585834446673,0.6666666666666666,-0.031247585834446673,-0.030647585834446673
2022-11-21,0.0008187986210024985,0.6666666666666666,0.00021879862100249853,0.03742921026489928
2022-11-22,-0.03445196286135991,1.3333333333333333,-0.03565196286135991,0.03445196286135991
2022-11-23,-0.0032483985555607675,0.0,-0.0032483985555607675,0.0032483985555607684
2022-11-24,0.03013037314247187,2.0,0.02833037314247187,0.030130373142471873
2022-11-25,0.002591404943543041,0.6666666666666666,0.001991404943543041,-0.0016544051123228802
2022-11-26,-0.040389364289860806,0.0,-0.040389364289860806,0.032701831032302765
2022-11-27,0.0003217507888572495,0.0,0.0003217507888572495,-0.02366149471850661
2022-11-28,-0.03136609340769714,0.6666666666666666,-0.03196609340769714,0.040807951778587905
2022-11-29,-0.0534288412527563,0.6666666666666666,-0.0540288412527563,0.0534288412527563
2022-11-30,0.0239378612692925,0.0,0.0239378612692925,-0.0239378612692925
2022-12-01,0.008420613250605797,2.0,0.006620613250605797,0.008420613250605799
2022-12-02,0.010383026763987094,1.3333333333333333,0.009183026763987094,-0.026053937635681534
2022-12-03,0.00022855008464321182,2.0,-0.0015714499153567881,0.029382679138471406
2022-12-04,0.01615863427753313,1.3333333333333333,0.01495863427753313,-0.01615863427753313
2022-12-05,0.0035263306964045857,0.6666666666666666,0.002926330696404586,0.0012914409515928371
2022-12-06,0.030218123587707403,0.6666666666666666,0.029618123587707403,-0.030218123587707407
2022-12-07,0.030406477634672264,2.0,0.028606477634672264,0.030406477634672264
2022-12-08,0.012287923551041172,2.0,0.010487923551041172,-0.012287923551041172
2022-12-09,-0.0004730378630291391,2.0,-0.002273037863029139,-0.00047303786302913914
2022-12-10,-0.014371242745910543,0.0,-0.014371242745910543,-0.014371242745910543
2022-12-11,0.007690314101714353,1.3333333333333333,0.006490314101714354,-0.0028213399596037267
2022-12-12,-0.019971875585333306,1.3333333333333333,-0.021171875585333306,0.025583423560376756
2022-12-13,0.013098069500168156,0.6666666666666666,0.012498069500168156,-0.013098069500168156
2022-12-14,-0.03159923378048327,2.0,-0.033399233780483276,-0.03159923378048327
2022-12-15,-0.07613601596267323,0.0,-0.07613601596267323,-0.07613601596267323
2022-12-16,0.024115506087033646,0.0,0.024115506087033646,0.02411550608703365
2022-12-17,0.004943075385631435,2.0,0.0031430753856314347,-0.004943075385631435
2022-12-18,0.028663000271686744,0.6666666666666666,0.028063000271686744,-0.04058502379351684
2022-12-19,0.011595639424428464,0.6666666666666666,0.010995639424428464,0.039636490468824594
2022-12-20,0.0071196013946089876,1.3333333333333333,0.005919601394608988,-0.0071196013946089876
2022-12-21,-0.015073484962015216,0.0,-0.015073484962015216,0.015073484962015216
2022-12-22,-0.0013349051725187375,0.0,-0.0013349051725187375,0.0013349051725187373
2022-12-23,-0.0003083774232448544,0.6666666666666666,-0.0009083774232448543,0.002597815295124558
2022-12-24,0.007220291103372522,0.6666666666666666,0.006620291103372522,-0.0072202911033725226
2022-12-25,-0.003038464794815362,0.0,-0.003038464794815362,0.003038464794815362
2022-12-26,0.017324511233450135,0.0,0.017324511233450135,-0.017324511233450135
2022-12-27,0.017726088678174268,0.6666666666666666,0.017126088678174268,-0.02407297293861954
2022-12-28,0.0013964542169674723,0.6666666666666666,0.0007964542169674724,0.007188441221406716
2022-12-29,0.012594638121011876,1.3333333333333333,0.011394638121011876,-0.012594638121011878
2022-12-30,0.008781586984467812,1.3333333333333333,0.007581586984467812,0.006637124669504095
2022-12-31,0.0027188480480901203,1.3333333333333333,0.0015188480480901204,0.002623948878457775
2023-01-01,-0.010424076801952712,1.3333333333333333,-0.011624076801952711,0.010424076801952712
2023-01-02,0.004143532898514027,0.6666666666666666,0.0035435328985140273,-0.004051167276998317
2023-01-03,-0.02051061344471572,0.0,-0.02051061344471572,0.02751423599431746
2023-01-04,0.00838423356119955,0.0,0.00838423356119955,-0.009116562128660521
2023-01-05,-0.0065639441789491215,0.0,-0.0065639441789491215,0.01126930930518307
2023-01-06,0.00017963122101612617,0.6666666666666666,-0.0004203687789838738,-0.0024835895426507104
2023-01-07,0.003855746835745707,1.3333333333333333,0.0026557468357457075,0.017153987589312674
2023-01-08,-0.01601905174391501,0.6666666666666666,-0.01661905174391501,0.017981939044874773
2023-01-09,-0.008269373565628143,0.0,-0.008269373565628143,0.018452787562932487
2023-01-10,-0.005184264480885197,0.0,-0.005184264480885197,0.024396075654697775
2023-01-11,0.0014159467872460283,0.0,0.0014159467872460283,0.032147630845803965
2023-01-12,0.04512024721749748,1.3333333333333333,0.04392024721749748,0.04512024721749749
2023-01-13,0.02880679703066106,0.6666666666666666,0.02820679703066106,0.050818631350187715
2023-01-14,-0.005384111626141053,0.6666666666666666,-0.0059841116261410525,-0.005384111626141053
2023-01-15,0.0009666168325405122,0.0,0.0009666168325405122,0.0009666168325405122
2023-01-16,-0.006509547377653745,0.0,-0.006509547377653745,-0.006509547377653746
2023-01-17,-0.007273772920198039,0.6666666666666666,-0.007873772920198039,-0.03020678438670373
2023-01-18,0.02180846991484412,0.6666666666666666,0.02120846991484412,0.021808469914844125
2023-01-19,0.06695341187725293,0.0,0.06695341187725293,0.06695341187725294
2023-01-20,0.0011100254788790984,0.6666666666666666,0.0005100254788790985,-0.010494941446965203
2023-01-21,0.01310731619951466,0.6666666666666666,0.012507316199514661,0.013107316199514663
2023-01-22,0.0018061497412928582,0.6666666666666666,0.0012061497412928584,0.0038460409470952492
2023-01-23,0.027574807807874323,0.6666666666666666,0.026974807807874323,-0.035823903981147244
2023-01-24,0.028701360620706495,1.3333333333333333,0.027501360620706496,0.028701360620706495
2023-01-25,-0.003793916791643018,0.0,-0.003793916791643018,-0.0037939167916430185
2023-01-26,0.0036871485689431065,0.0,0.0036871485689431065,0.003687148568943107
2023-01-27,-0.00415877407975033,0.0,-0.00415877407975033,-0.004158774079750331
2023-01-28,0.016850953192732554,0.6666666666666666,0.016250953192732554,0.034784765267659466
2023-01-29,0.009415140240807845,0.6666666666666666,0.008815140240807845,-0.035139971730034435
2023-01-30,-0.020795677889128804,0.6666666666666666,-0.021395677889128804,0.03767061911966
2023-01-31,0.004156807878644661,0.6666666666666666,0.003556807878644661,0.013357472041078991
2023-02-01,-0.014492216707736075,0.6666666666666666,-0.015092216707736075,-0.013907449883507303
2023-02-02,0.010436017399406286,0.6666666666666666,0.009836017399406287,0.010436017399406286
2023-02-03,-0.010749647874102337,0.6666666666666666,-0.011349647874102337,0.00890672430567463
2023-02-04,-0.00041993841149412514,0.0,-0.00041993841149412514,-0.02578490827317148
2023-02-05,-0.014473304785309948,0.6666666666666666,-0.015073304785309948,-0.014473304785309948
2023-02-06,0.029807624781317855,0.0,0.029807624781317855,0.02980762478131786
2023-02-07,0.008595410785224446,1.3333333333333333,0.007395410785224446,-0.016554518880904683
2023-02-08,-0.07046372552376241,1.3333333333333333,-0.07166372552376242,-0.07046372552376241
2023-02-09,-0.01183369064644731,0.0,-0.01183369064644731,-0.011833690646447311
2023-02-10,0.014869754343192005,0.0,0.014869754343192005,0.014869754343192007
2023-02-11,0.004331126024838279,1.3333333333333333,0.0031311260248382796,-0.0067404210674263014
2023-02-12,-0.0025001457300543777,1.3333333333333333,-0.0037001457300543774,-0.002500145730054378
2023-02-13,-0.01078843568759602,1.3333333333333333,-0.01198843568759602,0.023827552271908914
2023-02-14,-0.016294716988002854,0.0,-0.016294716988002854,0.08008526682980355
2023-02-15,0.012720007222130476,0.0,0.012720007222130476,-0.03481967127204533
2023-02-16,0.037390669672186475,1.3333333333333333,0.036190669672186475,0.03739066967218648
2023-02-17,0.004616537964812132,0.0,0.004616537964812132,0.0046165379648121325
2023-02-18,-0.0002703927172190328,0.6666666666666666,-0.0008703927172190328,-0.014156154182354422
2023-02-19,0.017560647027916893,0.6666666666666666,0.016960647027916893,0.017560647027916893
2023-02-20,-0.003064074590942897,0.6666666666666666,-0.003664074590942897,-0.024433048049620765
2023-02-21,-0.0068617883952976815,0.6666666666666666,-0.007461788395297681,-0.0068617883952976815
2023-02-22,-0.006710055565358345,0.0,-0.006710055565358345,-0.006710055565358346
2023-02-23,-0.03231567664670169,0.0,-0.03231567664670169,-0.03231567664670169
2023-02-24,-0.003846802368849304,0.0,-0.003846802368849304,-0.003846802368849304
2023-02-25,0.021325218124946588,0.0,0.021325218124946588,0.021325218124946588
2023-02-26,0.003963951086125498,1.3333333333333333,0.002763951086125498,-0.005740230705821636
2023-02-27,-0.008642882455702477,0.6666666666666666,-0.009242882455702477,-0.012821840174483142
2023-02-28,0.015025062109591017,0.0,0.015025062109591017,0.0239304424435427
2023-03-01,0.006740273416350565,0.6666666666666666,0.006140273416350565,-0.01135748694702928
2023-03-02,-0.047035101038429374,1.3333333333333333,-0.04823510103842937,-0.047035101038429374
2023-03-03,-0.01032395907358093,0.0,-0.01032395907358093,-0.010323959073580932
2023-03-04,0.002241543891307929,0.6666666666666666,0.001641543891307929,0.0013266872578526396
2023-03-05,-0.0002553370405820414,1.3333333333333333,-0.0014553370405820413,0.00019065350441838103
2023-03-06,0.000881003773273159,0.6666666666666666,0.0002810037732731591,-0.007188902032978654
2023-03-07,0.012192436977245516,0.0,0.012192436977245516,-0.026984186609494015
2023-03-08,-0.06553742830303677,1.3333333333333333,-0.06673742830303678,-0.06553742830303677
2023-03-09,-0.0071484968340585296,0.0,-0.0071484968340585296,-0.00714849683405853
2023-03-10,-0.003970512534644829,0.6666666666666666,-0.004570512534644829,0.0173085691886196
2023-03-11,0.023140870613918972,0.0,0.023140870613918972,0.07221795778281496
2023-03-12,-0.062490505260039,1.3333333333333333,-0.063690505260039,0.062490505260039
2023-03-13,-0.005575734626286058,0.6666666666666666,-0.006175734626286058,0.0209732080173796
2023-03-14,0.007144339158603203,0.6666666666666666,0.006544339158603203,-0.03693649059819226
2023-03-15,0.02861660120053903,0.6666666666666666,0.02801660120053903,0.028616601200539032
2023-03-16,0.026674862360093414,0.6666666666666666,0.026074862360093414,0.07269582551822928
2023-03-17,0.003533260560320958,1.3333333333333333,0.0023332605603209582,-0.026738047125276204
2023-03-18,0.024419628226358677,0.6666666666666666,0.023819628226358677,0.02441962822635868
2023-03-19,0.0019889557134064057,0.6666666666666666,0.0013889557134064059,-0.02601999283245482
2023-03-20,-0.006587291410055096,0.0,-0.006587291410055096,0.04226610170563302
2023-03-21,0.014212911926540282,0.6666666666666666,0.013612911926540282,-0.03448180145824594
2023-03-22,0.04389048238686,1.3333333333333333,0.04269048238686,0.04389048238686
2023-03-23,-0.033902917383147914,0.0,-0.033902917383147914,-0.033902917383147914
2023-03-24,-0.0036431242527561096,0.0,-0.0036431242527561096,-0.00364312425275611
2023-03-25,0.013785453501411027,0.0,0.013785453501411027,0.013785453501411027
2023-03-26,-0.01439254693452585,0.6666666666666666,-0.01499254693452585,-0.027750983369885313
2023-03-27,0.01720007838398807,0.6666666666666666,0.01660007838398807,0.01720007838398807
2023-03-28,0.0015742144071247601,1.3333333333333333,0.0003742144071247602,0.025021220034736762
2023-03-29,0.009818631982566384,1.3333333333333333,0.008618631982566384,-0.009617859006608942
2023-03-30,0.022642842004667225,1.3333333333333333,0.021442842004667225,0.022642842004667225
2023-03-31,-0.02133411870506422,0.6666666666666666,-0.02193411870506422,0.020771144452830348
2023-04-01,0.003225590476255813,0.0,0.003225590476255813,-0.01942852678732232
2023-04-02,0.07014820677019724,0.6666666666666666,0.06954820677019724,0.07014820677019724
2023-04-03,0.018458525597901065,0.6666666666666666,0.017858525597901066,0.012347414486789887
2023-04-04,0.0018100680116432209,0.6666666666666666,0.001210068011643221,-0.0017026078248731924
2023-04-05,-0.034061626966983706,1.3333333333333333,-0.035261626966983706,-0.034061626966983706
2023-04-06,-0.015512685119063042,0.0,-0.015512685119063042,-0.015512685119063044
2023-04-07,-0.005849756728377471,0.0,-0.005849756728377471,-0.005849756728377471
2023-04-08,0.013959322828678731,0.0,0.013959322828678731,0.013959322828678733
2023-04-09,0.018442980048651636,0.6666666666666666,0.017842980048651636,0.030865838107479854
2023-04-10,-0.00022649314094680406,1.3333333333333333,-0.001426493140946804,0.00022649314094680406
2023-04-11,-0.0010497614554492163,2.0,-0.0028497614554492162,-0.0010497614554492163
2023-04-12,0.004264962370352638,0.6666666666666666,0.0036649623703526382,0.037163850963700895
2023-04-13,-0.01878580628764655,0.6666666666666666,-0.01938580628764655,0.02082901188825555
2023-04-14,-0.004197684424686821,0.6666666666666666,-0.00479768442468682,-0.0025434247059110313
2023-04-15,0.010393858015489865,0.6666666666666666,0.009793858015489865,0.010393858015489865
2023-04-16,-0.020110586744175873,0.6666666666666666,-0.020710586744175873,-0.013180733082043075
2023-04-17,0.005502205687063055,0.0,0.005502205687063055,0.02549417971208941
2023-04-18,0.06633704713398765,1.3333333333333333,0.06513704713398764,-0.06633704713398765
2023-04-19,-0.019946089948075302,2.0,-0.021746089948075302,-0.019946089948075302
2023-04-20,-0.04947113553186533,0.0,-0.04947113553186533,-0.04947113553186533
2023-04-21,0.019255826065915617,0.0,0.019255826065915617,0.01925582606591562
2023-04-22,0.011102134428906285,2.0,0.009302134428906286,-0.011102134428906285
2023-04-23,-0.004359988823310272,1.3333333333333333,-0.005559988823310272,-0.004783108058310799
2023-04-24,0.0008188239758331797,0.6666666666666666,0.0002188239758331797,0.018321689752104502
2023-04-25,0.0035571374972966545,0.6666666666666666,0.0029571374972966547,-0.003557137497296655
2023-04-26,0.02660158640534512,2.0,0.02480158640534512,0.02660158640534512
2023-04-27,0.00048616197754702817,1.3333333333333333,-0.0007138380224529717,-0.004129524986860367
2023-04-28,-0.0012493980293193001,1.3333333333333333,-0.0024493980293193,0.007193531634827684
2023-04-29,0.014975394509815663,0.6666666666666666,0.014375394509815663,-0.014975394509815665
2023-04-30,-0.01740639560863137,1.3333333333333333,-0.01860639560863137,-0.023191831402871028
2023-05-01,0.014562949582895538,0.0,0.014562949582895538,0.014055464173100995
2023-05-02,-0.014028033351648334,1.3333333333333333,-0.015228033351648334,0.014028033351648336
2023-05-03,0.012258124789668848,0.0,0.012258124789668848,-0.012258124789668848
2023-05-04,0.03596770387849291,2.0,0.034167703878492904,0.03596770387849291
2023-05-05,0.03798745733618151,2.0,0.036187457336181506,-0.03798745733618151
2023-05-06,-0.010257922621803065,2.0,-0.012057922621803064,-0.010257922621803065
2023-05-07,0.0049944056522424445,0.6666666666666666,0.004394405652242445,-0.03098747272378129
2023-05-08,0.0029688077320058066,1.3333333333333333,0.0017688077320058067,0.002593538006890883
2023-05-09,0.0012903098599866454,1.3333333333333333,9.030985998664549e-05,-0.0012903098599866454
2023-05-10,0.006241574141102416,0.6666666666666666,0.005641574141102416,-0.021462794908951238
2023-05-11,0.0022434305567984683,1.3333333333333333,0.0010434305567984684,0.0022434305567984683
2023-05-12,-0.0006117089298289064,1.3333333333333333,-0.0018117089298289063,-0.005654128434833631
2023-05-13,0.00033806949641435047,0.6666666666666666,-0.0002619305035856495,0.00388213451957505
2023-05-14,0.0003512837215010614,0.6666666666666666,-0.00024871627849893855,0.005944071832695852
2023-05-15,-0.00378936301527133,0.6666666666666666,-0.00438936301527133,0.00378936301527133
2023-05-16,-0.013732462418373668,0.0,-0.013732462418373668,0.01373246241837367
2023-05-17,0.01724311856055723,0.0,0.01724311856055723,-0.01724311856055723
2023-05-18,0.0017164315466999074,1.3333333333333333,0.0005164315466999075,0.0031824316779389683
2023-05-19,-0.0009503146501081229,0.0,-0.0009503146501081229,0.0045598007034388655
2023-05-20,0.013767475487634129,1.3333333333333333,0.012567475487634129,-0.013767475487634129
2023-05-21,0.004683980815654021,1.3333333333333333,0.003483980815654021,0.007213536539531014
2023-05-22,-0.011237742244463908,1.3333333333333333,-0.012437742244463907,0.011237742244463908
2023-05-23,0.03093307187557511,0.0,0.03093307187557511,-0.03093307187557511
2023-05-24,0.0019079899585371742,1.3333333333333333,0.0007079899585371743,0.004022934019933515
2023-05-25,-0.0065960289768550355,0.6666666666666666,-0.007196028976855035,0.007442530105523204
2023-05-26,0.005186350464654765,0.0,0.005186350464654765,0.009655601533842262
2023-05-27,-0.033830219440591724,0.6666666666666666,-0.03443021944059173,0.033830219440591724
2023-05-28,0.008472367480144755,0.0,0.008472367480144755,-0.008472367480144757
2023-05-29,0.004640119491358304,1.3333333333333333,0.003440119491358304,-0.002835152854692121
2023-05-30,0.013596899958667863,1.3333333333333333,0.012396899958667863,-0.013596899958667863
2023-05-31,0.0058454301826014925,0.6666666666666666,0.005245430182601493,-0.00798546274831454
2023-06-01,0.0080812308666387,0.6666666666666666,0.0074812308666387,0.018637849765512266
2023-06-02,0.0053203828703715095,0.6666666666666666,0.00472038287037151,-0.004034091065887924
2023-06-03,3.5376802207739196e-05,1.3333333333333333,-0.0011646231977922607,-0.0007576935715842836
2023-06-04,-0.0030698146433225278,0.6666666666666666,-0.0036698146433225276,-0.05907753984679883
2023-06-05,0.05243559955993637,0.6666666666666666,0.051835599559936364,0.052435599559936374
2023-06-06,0.03428376135112354,2.0,0.03248376135112354,-0.03428376135112354
2023-06-07,0.007842598300421184,2.0,0.006042598300421184,0.007842598300421185
2023-06-08,0.008619759079396569,1.3333333333333333,0.007419759079396569,0.006192875803868107
2023-06-09,-0.012937143216725934,0.0,-0.012937143216725934,-0.061147593600125484
2023-06-10,-0.0021493918504078926,0.6666666666666666,-0.0027493918504078924,2.646085411595056e-05
2023-06-11,0.001766137423628337,0.6666666666666666,0.001166137423628337,-0.00263320510909959
2023-06-12,-0.0016416649233345812,0.6666666666666666,-0.002241664923334581,0.001641664923334581
2023-06-13,0.020040818297170453,0.6666666666666666,0.019440818297170454,-0.03483164150904624
2023-06-14,0.003348026142138065,0.6666666666666666,0.002748026142138065,0.01581429963130983
2023-06-15,-0.01633547055791684,0.6666666666666666,-0.01693547055791684,0.023486453818115056
2023-06-16,-0.004031810964270743,0.0,-0.004031810964270743,0.004139009334855448
2023-06-17,0.00048267556428157227,0.6666666666666666,-0.00011732443571842768,-0.003967804423580319
2023-06-18,-0.01128376869308001,1.3333333333333333,-0.01248376869308001,0.01128376869308001
2023-06-19,-0.03233487295350083,0.0,-0.03233487295350083,0.03233487295350083
2023-06-20,-0.0510121239370116,0.0,-0.0510121239370116,0.0510121239370116
2023-06-21,0.0021111010154207426,0.6666666666666666,0.0015111010154207427,-0.004533149861591331
2023-06-22,0.026262955313069103,1.3333333333333333,0.025062955313069103,0.026262955313069103
2023-06-23,-0.012385159083717918,0.0,-0.012385159083717918,-0.01238515908371792
2023-06-24,0.003681027351234878,0.0,0.003681027351234878,0.003681027351234878
2023-06-25,-0.019014370559206146,0.0,-0.019014370559206146,-0.019014370559206146
2023-06-26,0.01438507389247179,0.0,0.01438507389247179,0.01438507389247179
2023-06-27,-0.0023366919454499424,0.6666666666666666,-0.0029366919454499422,-0.03274141026963129
2023-06-28,0.012998533138948757,0.6666666666666666,0.012398533138948757,0.012998533138948757
2023-06-29,0.03097133988009615,0.0,0.03097133988009615,0.03097133988009615
2023-06-30,-0.010637267129317377,0.6666666666666666,-0.011237267129317377,0.009926480488297215
2023-07-01,-0.0005237949650219733,1.3333333333333333,-0.0017237949650219732,0.0001547311968151203
2023-07-02,-0.0006063702021552597,0.0,-0.0006063702021552597,0.011133719109795251
2023-07-03,-0.0013187900749942836,0.6666666666666666,-0.0019187900749942834,-0.005274444189369176
2023-07-04,0.0018597762054205118,0.6666666666666666,0.001259776205420512,-0.016427596798933648
2023-07-05,-0.028603837777446496,0.6666666666666666,-0.029203837777446496,-0.0286038377774465
2023-07-06,0.012303291923052498,0.0,0.012303291923052498,0.012303291923052498
2023-07-07,0.003352023400217563,1.3333333333333333,0.0021520234002175634,1.1890972871020367e-05
2023-07-08,0.002804263551087464,1.3333333333333333,0.001604263551087464,-0.003676358652343429
2023-07-09,0.00658485670819923,0.6666666666666666,0.00598485670819923,0.005258867316114284
2023-07-10,0.0024243198048515087,0.6666666666666666,0.0018243198048515088,0.0021908096782147965
2023-07-11,0.0025087753470613983,1.3333333333333333,0.0013087753470613984,-0.00506187992222477
2023-07-12,0.06304071340071982,1.3333333333333333,0.06184071340071982,0.06304071340071982
2023-07-13,0.0081162038738067,1.3333333333333333,0.0069162038738067,-0.032325348399042254
2023-07-14,0.015585134342168681,1.3333333333333333,0.014385134342168681,0.015585134342168683
2023-07-15,0.010375387890709464,1.3333333333333333,0.009175387890709465,-0.01358547792855754
2023-07-16,0.001489902465399299,0.6666666666666666,0.000889902465399299,-0.0014899024653992992
2023-07-17,0.011062420480169958,0.0,0.011062420480169958,-0.011062420480169958
2023-07-18,0.007599538297141846,0.6666666666666666,0.006999538297141846,0.0057027240584266075
2023-07-19,0.0021136169086589662,1.3333333333333333,0.0009136169086589663,0.0021136169086589662
2023-07-20,-0.011109777053255332,0.6666666666666666,-0.011709777053255332,0.013434733472563595
2023-07-21,0.006876383273870301,0.0,0.006876383273870301,-0.018162312892932835
2023-07-22,0.007015772063266275,1.3333333333333333,0.005815772063266275,0.01349918035576366
2023-07-23,0.005745711916509409,1.3333333333333333,0.004545711916509409,-0.005745711916509411
2023-07-24,-0.032387627081534864,1.3333333333333333,-0.033587627081534864,0.036345526557279184
2023-07-25,0.011987741437826105,1.3333333333333333,0.010787741437826105,-0.011987741437826105
2023-07-26,-0.0018105586556394306,1.3333333333333333,-0.0030105586556394308,-0.004744604627356523
2023-07-27,0.0014643475498043272,0.6666666666666666,0.0008643475498043273,0.0014643475498043272
2023-07-28,0.012543166115967544,0.6666666666666666,0.011943166115967544,0.014773462937527718
2023-07-29,0.013306887958349592,1.3333333333333333,0.012106887958349593,-0.013306887958349592
2023-07-30,-0.0011391664756672524,1.3333333333333333,-0.0023391664756672523,-0.0022511469381432114
2023-07-31,-0.009755762648168057,1.3333333333333333,-0.010955762648168057,0.009755762648168057
2023-08-01,0.02857024775377163,0.0,0.02857024775377163,-0.028570247753771632
2023-08-02,-0.0035281776474911375,2.0,-0.005328177647491137,-0.0035281776474911375
2023-08-03,0.0014242975848557011,1.3333333333333333,0.00022429758485570123,-0.0024209452246130025
2023-08-04,0.011780434304992092,0.6666666666666666,0.011180434304992092,0.010821903142940181
2023-08-05,0.00727854592061583,1.3333333333333333,0.00607854592061583,-0.007278545920615831
2023-08-06,0.002085867215657289,0.0,0.002085867215657289,-0.002085867215657289
2023-08-07,-0.004903464456981347,0.6666666666666666,-0.0055034644569813464,0.01777627743857872
2023-08-08,0.00027933536374576606,0.6666666666666666,-0.0003206646362542339,-0.0002793353637457659
2023-08-09,-0.002982596254928841,0.6666666666666666,-0.003582596254928841,0.0001376219986329863
2023-08-10,-0.0002981478767837646,0.6666666666666666,-0.0008981478767837645,-0.0016045118125020963
2023-08-11,0.003981563322002242,0.6666666666666666,0.0033815633220022423,0.00446839706880849
2023-08-12,0.01138930379748848,0.6666666666666666,0.01078930379748848,-0.011389303797488481
2023-08-13,0.0018637534422213387,2.0,6.37534422213387e-05,0.0018637534422213387
2023-08-14,0.02237980729425633,2.0,0.02057980729425633,-0.022379807294256333
2023-08-15,-0.008452275898744345,0.6666666666666666,-0.009052275898744345,-0.02688773068051235
2023-08-16,0.017218673702028564,0.0,0.017218673702028564,-0.07825782808642634
2023-08-17,0.0011623218439036354,1.3333333333333333,-3.767815609636454e-05,0.0011623218439036354
2023-08-18,-0.0017604191858336578,1.3333333333333333,-0.0029604191858336576,0.005002293936323676
2023-08-19,0.0016979552744977864,0.0,0.0016979552744977864,0.004518842056711343
2023-08-20,-0.0025904995187909048,1.3333333333333333,-0.0037904995187909045,-0.011193961634091143
2023-08-21,0.007786578258583976,0.0,0.007786578258583976,-0.007040150448816451
2023-08-22,-0.0203070562720599,0.6666666666666666,-0.0209070562720599,0.020307056272059903
2023-08-23,0.01055798335385083,0.0,0.01055798335385083,-0.01055798335385083
2023-08-24,0.003216641669682163,0.6666666666666666,0.0026166416696821633,-0.0027938980636792454
2023-08-25,-0.0020317284799599893,0.6666666666666666,-0.002631728479959989,-0.0031225441268713703
2023-08-26,-0.001829160620100264,0.6666666666666666,-0.0024291606201002638,0.004903311253481239
2023-08-27,-0.0006020296110392785,0.6666666666666666,-0.0012020296110392785,0.0006020296110392787
2023-08-28,-0.05126312838744214,0.0,-0.05126312838744214,0.051263128387442146
2023-08-29,0.012280166110568256,0.0,0.012280166110568256,-0.012280166110568258
2023-08-30,0.03894757062393087,0.0,0.03894757062393087,-0.03894757062393087
2023-08-31,-0.004487024909370806,2.0,-0.0062870249093708065,-0.004487024909370807
2023-09-01,-0.0013014397958907757,0.6666666666666666,-0.0019014397958907756,0.0003638673177684959
2023-09-02,-0.0026959235149620247,0.6666666666666666,-0.0032959235149620245,-0.0005596950525657007
2023-09-03,0.00342447095994014,0.0,0.00342447095994014,-0.0024746530083809004
2023-09-04,-0.004372309540450388,0.6666666666666666,-0.004972309540450388,0.004372309540450388
2023-09-05,0.0026071080758680587,0.0,0.0026071080758680587,-0.0026071080758680587
2023-09-06,-0.009459342888427758,0.0,-0.009459342888427758,0.009459342888427758
2023-09-07,0.0064198310440518975,0.0,0.0064198310440518975,-0.0064198310440518975
2023-09-08,-0.0019719459533107013,2.0,-0.0037719459533107013,-0.0019719459533107018
2023-09-09,-0.006525044013480345,1.3333333333333333,-0.007725044013480345,-0.015455289372437528
2023-09-10,-0.009158213278225226,0.6666666666666666,-0.009758213278225226,-0.0266775035494841
2023-09-11,0.015549190667255944,1.3333333333333333,0.014349190667255944,0.020067843888174064
2023-09-12,-0.009962447477866045,1.3333333333333333,-0.011162447477866044,0.009962447477866046
2023-09-13,-0.01219319719643841,0.0,-0.01219319719643841,0.01219319719643841
2023-09-14,-0.00626352381778461,0.0,-0.00626352381778461,0.006263523817784611
2023-09-15,-1.530569824566741e-05,0.6666666666666666,-0.0006153056982456674,-0.0038246943017543242
2023-09-16,-0.0007593500754462519,0.0,-0.0007593500754462519,-0.0064287198741299996
2023-09-17,-0.0031005683894584166,0.0,-0.0031005683894584166,0.008631721797624984
2023-09-18,-0.008025798796528944,1.3333333333333333,-0.009225798796528944,0.010657174077079926
2023-09-19,0.0055953266939435435,0.6666666666666666,0.004995326693943544,-0.0055953266939435435
2023-09-20,0.005943359700175935,0.6666666666666666,0.005343359700175935,-0.021690938181224955
2023-09-21,0.003216521628006452,1.3333333333333333,0.002016521628006452,0.0032165216280064524
2023-09-22,-0.00011078577528037906,1.3333333333333333,-0.001310785775280379,0.00011078577528037907
2023-09-23,0.0023616803268435103,0.0,0.0023616803268435103,-0.011356045303002974
2023-09-24,0.0036965867738355893,1.3333333333333333,0.0024965867738355896,0.0036965867738355898
2023-09-25,0.001611874082930139,2.0,-0.00018812591706986095,-0.0016118740829301388
2023-09-26,-0.002396921717829237,0.0,-0.002396921717829237,0.002396921717829237
2023-09-27,-0.014186098795471391,0.6666666666666666,-0.014786098795471391,0.024869506472105545
2023-09-28,-0.004918964502103532,0.6666666666666666,-0.005518964502103532,0.004918964502103533
2023-09-29,0.001054564393992985,2.0,-0.000745435606007015,0.001054564393992985
2023-09-30,-0.006200342133289312,1.3333333333333333,-0.007400342133289312,0.031296747841225304
2023-10-01,-0.0015170060114892596,0.0,-0.0015170060114892596,-0.025933454155735853
2023-10-02,-0.005318943455418686,1.3333333333333333,-0.0065189434554186855,-0.005318943455418686
2023-10-03,-0.0016641226927183173,1.3333333333333333,-0.002864122692718317,0.0027504297917351206
2023-10-04,0.008153068151004288,0.0,0.008153068151004288,-0.014768761443125075
2023-10-05,0.015999789508107654,1.3333333333333333,0.014799789508107654,0.015999789508107654
2023-10-06,-0.002301529084357138,0.6666666666666666,-0.002901529084357138,-0.0016909788575907674
2023-10-07,0.002873767980924387,0.6666666666666666,0.002273767980924387,-0.0031716839971750823
2023-10-08,0.005336983530991879,0.0,0.005336983530991879,-0.026857769401009663
2023-10-09,-0.0027829613453898006,1.3333333333333333,-0.0039829613453898,-0.0027829613453898006
2023-10-10,-0.0029290778456720523,0.6666666666666666,-0.003529077845672052,-0.009919325322981934
2023-10-11,0.0007727497310455003,1.3333333333333333,-0.0004272502689544996,-0.010825744932413062
2023-10-12,0.006929429152234378,0.6666666666666666,0.006329429152234378,0.006929429152234379
2023-10-13,0.008756555943559617,0.0,0.008756555943559617,0.008756555943559619
2023-10-14,0.006090430015136391,1.3333333333333333,0.004890430015136392,0.0013991327117825285
2023-10-15,0.0037404415598814742,0.0,0.0037404415598814742,0.029320925978168155
2023-10-16,-0.0030645324206940803,0.6666666666666666,-0.00366453242069408,-0.013731199087360682
2023-10-17,-0.003153803916019604,1.3333333333333333,-0.004353803916019604,-0.0038225962347054887
2023-10-18,0.0069515599714962874,0.6666666666666666,0.006351559971496288,0.006951559971496287
2023-10-19,0.008981432529012439,0.6666666666666666,0.00838143252901244,0.0248632635356066
2023-10-20,0.015089675882061632,0.6666666666666666,0.014489675882061633,0.015089675882061634
2023-10-21,0.0052559925878917415,0.6666666666666666,0.004655992587891742,0.01081245606231566
2023-10-22,-0.017087131951337188,0.6666666666666666,-0.017687131951337188,0.08549388040300358
2023-10-23,0.016335029329862378,0.6666666666666666,0.015735029329862378,0.008226653971413015
2023-10-24,0.01464742937692683,0.6666666666666666,0.01404742937692683,0.014647429376926832
2023-10-25,0.01692221828919475,0.0,0.01692221828919475,0.01692221828919475
2023-10-26,0.01200811196303375,0.6666666666666666,0.01140811196303375,-0.02594131972334986
2023-10-27,0.007359155591525853,0.6666666666666666,0.006759155591525853,0.007359155591525853
2023-10-28,0.009596526123581748,0.0,0.009596526123581748,0.00959652612358175
2023-10-29,0.0009335451807208632,0.6666666666666666,0.0003335451807208633,0.003240682888002796
2023-10-30,0.008955888354758357,0.0,0.008955888354758357,-0.0036896066876328146
2023-10-31,-0.01672992234611881,1.3333333333333333,-0.017929922346118808,0.01672992234611881
2023-11-01,0.0012079755264399195,0.6666666666666666,0.0006079755264399195,-0.017880146644493295
2023-11-02,0.0045965680223026455,1.3333333333333333,0.003396568022302646,0.0045965680223026455
2023-11-03,0.012413513543234092,0.0,0.012413513543234092,0.012413513543234092
2023-11-04,-0.0036301411333225318,0.6666666666666666,-0.004230141133322532,0.015671152053321036
2023-11-05,-0.022853872873272858,0.0,-0.022853872873272858,0.02676158388906062
2023-11-06,0.006943228543783152,0.6666666666666666,0.006343228543783152,-0.01244223342730629
2023-11-07,-0.011531678289286546,0.6666666666666666,-0.012131678289286546,0.011531678289286548
2023-11-08,0.05907224245268272,1.3333333333333333,0.05787224245268272,0.04340991168549391
2023-11-09,0.0040592992513791195,0.6666666666666666,0.0034592992513791197,0.006849368583826824
2023-11-10,-0.019178829291908023,0.6666666666666666,-0.019778829291908023,0.00823417862249265
2023-11-11,0.00032358365141782475,0.0,0.00032358365141782475,-0.004262987886357705
2023-11-12,0.010551958772544334,0.0,0.010551958772544334,-0.0184409854224525
2023-11-13,-0.010910368177953655,0.0,-0.010910368177953655,-0.02986601910785347
2023-11-14,0.01751007250546029,0.0,0.01751007250546029,0.05238951296193006
2023-11-15,-0.013428610023692592,0.6666666666666666,-0.014028610023692592,-0.01641415411547224
2023-11-16,-0.025119329476532577,0.6666666666666666,-0.025719329476532576,0.033099704959942376
2023-11-17,0.02353240339741939,0.0,0.02353240339741939,-0.023761505486583217
2023-11-18,0.016264817537022802,0.6666666666666666,0.015664817537022802,0.016264817537022802
2023-11-19,0.013956037506404801,0.6666666666666666,0.013356037506404801,-0.009078182395824067
2023-11-20,-0.004367585942232782,0.0,-0.004367585942232782,-0.055174314400866474
2023-11-21,0.0565298966253415,0.6666666666666666,0.055929896625341494,0.056529896625341504
2023-11-22,-0.000800670969432038,2.0,-0.002600670969432038,0.000800670969432038
2023-11-23,-0.001900872869427194,1.3333333333333333,-0.0031008728694271936,0.015421961776242036
2023-11-24,-0.0022868872607172777,0.0,-0.0022868872607172777,0.004193883609923048
2023-11-25,0.0007160200868487525,0.6666666666666666,0.00011602008684875257,-0.00735999610324752
2023-11-26,-0.008129783084274478,0.6666666666666666,-0.008729783084274478,-0.006774080660956379
2023-11-27,0.00013657102902153717,0.0,0.00013657102902153717,0.016963900641739398
2023-11-28,0.004945815814023905,0.6666666666666666,0.004345815814023905,-0.004315266390768735
2023-11-29,-0.009608472501226501,0.6666666666666666,-0.010208472501226501,0.014914123911515365
2023-11-30,0.0010607892144888589,0.6666666666666666,0.00046078921448885893,0.015879107869486358
2023-12-01,0.009770483884565065,0.6666666666666666,0.009170483884565065,0.02821612093485326
2023-12-02,0.010533137765772508,0.0,0.010533137765772508,0.006974281241846921
2023-12-03,0.000503651176182153,0.0,0.000503651176182153,0.04849493962949373
2023-12-04,0.014991450202096246,0.0,0.014991450202096246,0.03291337735345312
2023-12-05,0.0044140621609386095,0.6666666666666666,0.0038140621609386097,-0.009112747593909528
2023-12-06,0.011127712936046235,0.6666666666666666,0.010527712936046235,0.018150431430375386
2023-12-07,-0.0133477925357172,0.6666666666666666,-0.0139477925357172,0.027180083575070107
2023-12-08,0.004401046798075551,0.6666666666666666,0.0038010467980755516,-0.016456883150763397
2023-12-09,-0.009236951216418692,0.0,-0.009236951216418692,0.013784241823055895
2023-12-10,-0.012043291547521262,0.0,-0.012043291547521262,-0.06263560779858479
2023-12-11,-0.0001805110626122246,0.0,-0.0001805110626122246,-0.002446880268320628
2023-12-12,-0.006792106354274926,0.6666666666666666,-0.007392106354274926,0.02891086114280365
2023-12-13,-0.015825918847361876,0.6666666666666666,-0.016425918847361876,0.01582591884736188
2023-12-14,0.0231386181636285,0.6666666666666666,0.0225386181636285,-0.03990451253241959
2023-12-15,0.01864479807720354,1.3333333333333333,0.01744479807720354,0.01864479807720354
2023-12-16,0.002371211909933354,0.6666666666666666,0.0017712119099333543,-0.02631885981524588
2023-12-17,0.016755011130389536,0.0,0.016755011130389536,0.01087371294139905
2023-12-18,0.016093690186634348,1.3333333333333333,0.014893690186634348,-0.01609369018663435
2023-12-19,0.010004234683853658,1.3333333333333333,0.008804234683853659,0.019387662220888613
2023-12-20,-0.008519101854913336,0.6666666666666666,-0.009119101854913336,0.019853376683832098
2023-12-21,0.011825609641608503,0.0,0.011825609641608503,0.013455577707974564
2023-12-22,-0.00973534393137454,1.3333333333333333,-0.01093534393137454,-0.00973534393137454
2023-12-23,-0.018037828492901215,0.0,-0.018037828492901215,-0.018037828492901215
2023-12-24,-0.0039877822789027295,0.6666666666666666,-0.004587782278902729,0.015203145646078164
2023-12-25,0.012823125704225058,0.6666666666666666,0.012223125704225058,-0.024701524013600446
2023-12-26,0.03764082520504737,1.3333333333333333,0.03644082520504737,0.03764082520504738
2023-12-27,0.018231504292185303,2.0,0.016431504292185303,-0.018231504292185303
2023-12-28,-0.013080271848686134,2.0,-0.014880271848686134,-0.013080271848686134
2023-12-29,-0.004063461686874251,0.0,-0.004063461686874251,-0.004063461686874252
2023-12-30,-0.001960051810560322,0.0,-0.001960051810560322,-0.0019600518105603224
2023-12-31,0.01611437940082361,0.6666666666666666,0.015514379400823609,0.03427927796773226
2024-01-01,-0.003032398277442209,1.3333333333333333,-0.004232398277442209,0.003032398277442209
2024-01-02,-0.002934724442287817,1.3333333333333333,-0.004134724442287817,-0.06945503179684324
2024-01-03,0.02694588608039994,0.6666666666666666,0.02634588608039994,0.02694588608039994
2024-01-04,-0.005517144086024143,1.3333333333333333,-0.006717144086024143,-0.005116510637619938
2024-01-05,-0.0029783523281552053,0.0,-0.0029783523281552053,-0.013875806778332408
2024-01-06,-0.012857712627803476,1.3333333333333333,-0.014057712627803476,-0.012857712627803478
2024-01-07,0.019608987166162734,0.6666666666666666,0.019008987166162734,0.0523267982959806
2024-01-08,0.012477099710642517,1.3333333333333333,0.011277099710642518,-0.012477099710642517
2024-01-09,-0.014050218629478493,1.3333333333333333,-0.015250218629478493,0.05422631712335072
2024-01-10,-0.012565887461827036,0.6666666666666666,-0.013165887461827036,0.008067093968137354
2024-01-11,-0.055437617156264565,1.3333333333333333,-0.056637617156264565,-0.05543761715626457
2024-01-12,0.011400730084870858,0.0,0.011400730084870858,0.011400730084870858
2024-01-13,0.0012715620971902606,0.6666666666666666,0.0006715620971902606,-0.02596201391285302
2024-01-14,0.007091752343901433,1.3333333333333333,0.0058917523439014335,0.01583847232390882
2024-01-15,0.013881663672461388,0.0,0.013881663672461388,0.016019469954322945
2024-01-16,0.007647783135492969,0.6666666666666666,0.0070477831354929694,-0.013239920298555474
2024-01-17,-0.029492867159568073,1.3333333333333333,-0.030692867159568073,-0.029492867159568077
2024-01-18,0.007624589647460044,0.0,0.007624589647460044,0.007624589647460045
2024-01-19,0.03665325717993783,0.0,0.03665325717993783,0.03665325717993784
2024-01-20,0.007680705321211123,1.3333333333333333,0.0064807053212111235,-0.011715208957253568
2024-01-21,-0.054584765582517826,1.3333333333333333,-0.055784765582517826,-0.054584765582517826
2024-01-22,-0.017300421020871593,0.0,-0.017300421020871593,-0.017300421020871593
2024-01-23,0.0008461438722629317,0.6666666666666666,0.0002461438722629318,0.003975488327401355
2024-01-24,-0.0031832963992978183,1.3333333333333333,-0.004383296399297818,-0.00806915871820324
2024-01-25,0.031028021994015626,0.6666666666666666,0.030428021994015626,0.031028021994015626
2024-01-26,-0.0011956611000956128,1.3333333333333333,-0.0023956611000956127,0.003616867528816107
2024-01-27,-0.00315893679765696,0.0,-0.00315893679765696,-0.007821846830992926
2024-01-28,0.009579660765152893,0.6666666666666666,0.008979660765152893,0.029749506588693835
2024-01-29,0.0058078226820996726,1.3333333333333333,0.004607822682099673,-0.0058078226820996726
2024-01-30,0.0016586071769549467,1.3333333333333333,0.00045860717695494677,-0.015376460250556464
2024-01-31,0.009647947561250016,0.6666666666666666,0.009047947561250016,0.009647947561250017
2024-02-01,-0.001975138381342334,1.3333333333333333,-0.0031751383813423337,0.0012191852504365164
2024-02-02,0.001001796202680187,0.0,0.001001796202680187,-0.005542664012972838
2024-02-03,0.0005257658896627992,0.6666666666666666,-7.42341103372007e-05,-0.006111437058073081
2024-02-04,-0.0005975417000999202,1.3333333333333333,-0.00179754170009992,0.0029078743715340583
2024-02-05,-0.0078039505404416945,0.6666666666666666,-0.008403950540441695,0.013895605558427837
2024-02-06,-0.024007627193167805,0.6666666666666666,-0.024607627193167805,0.02400762719316781
2024-02-07,-0.005213505724085965,0.0,-0.005213505724085965,0.005213505724085965
2024-02-08,0.0026700533566896825,1.3333333333333333,0.0014700533566896826,0.029816222061946524
2024-02-09,0.005675382741255377,0.6666666666666666,0.005075382741255377,0.005675382741255379
2024-02-10,0.002124571402553843,0.6666666666666666,0.0015245714025538433,0.003983059654348457
2024-02-11,0.00504715742790259,2.0,0.00324715742790259,0.03557701578987064
2024-02-12,0.005836001257688756,1.3333333333333333,0.0046360012576887565,-0.0087432115278017
2024-02-13,0.015333646705999609,0.6666666666666666,0.014733646705999609,0.049379230211997825
2024-02-14,-0.005427965025351736,1.3333333333333333,-0.006627965025351736,0.005427965025351737
2024-02-15,0.001575711824602588,2.0,-0.00022428817539741188,0.001575711824602588
2024-02-16,-0.007927143835095702,0.6666666666666666,-0.008527143835095702,-0.014085138667045824
2024-02-17,-0.008171643475227475,0.6666666666666666,-0.008771643475227475,0.02101670490812994
2024-02-18,-0.02167104991064654,0.6666666666666666,-0.02227104991064654,0.02167104991064654
2024-02-19,0.023231012854608785,1.3333333333333333,0.022031012854608786,-0.0011483206278336173
2024-02-20,0.001684802243897776,2.0,-0.00011519775610222384,-0.013911538556530786
2024-02-21,0.002146993176927052,0.6666666666666666,0.001546993176927052,-0.005065820705743536
2024-02-22,-0.007427062773203781,0.6666666666666666,-0.008027062773203782,-0.007427062773203781
2024-02-23,0.019909985353835292,0.0,0.019909985353835292,0.019909985353835296
2024-02-24,0.014517250256750732,0.6666666666666666,0.013917250256750733,0.014285097035624786
2024-02-25,-0.00111647065235654,0.6666666666666666,-0.0017164706523565398,0.036527013640779225
2024-02-26,-0.05383354077015127,0.6666666666666666,-0.05443354077015127,0.05383354077015127
2024-02-27,-0.07946909589834446,0.6666666666666666,-0.08006909589834446,0.10840686550648997
2024-02-28,-0.01541419166024623,0.6666666666666666,-0.01601419166024623,-0.006954977158735683
2024-02-29,0.07873274492263559,0.6666666666666666,0.07813274492263558,0.0787327449226356
2024-03-01,-0.005295091814725094,1.3333333333333333,-0.0064950918147250935,0.0029592352514633178
2024-03-02,-0.026615047554627624,0.0,-0.026615047554627624,0.039555169531985866
2024-03-03,-0.10235781702472169,0.6666666666666666,-0.10295781702472169,0.10235781702472169
2024-03-04,0.08187359775087966,0.0,0.08187359775087966,-0.08187359775087966
2024-03-05,0.04759897703152667,2.0,0.04579897703152667,0.04759897703152668
2024-03-06,0.0010225758714702917,1.3333333333333333,-0.00017742412852970817,0.007736329029727947
2024-03-07,-0.019885566258750632,0.0,-0.019885566258750632,0.022401445593042062
2024-03-08,-0.027770963609956862,0.0,-0.027770963609956862,0.031522010813066124
2024-03-09,0.01095493579722976,0.0,0.01095493579722976,-0.015519777807433263
2024-03-10,-0.022671190955741695,0.0,-0.022671190955741695,0.0546992845080961
2024-03-11,0.035200701303632356,0.6666666666666666,0.03460070130363235,-0.03520070130363236
2024-03-12,-0.0070854144414711495,0.6666666666666666,-0.007685414441471149,0.011244585220406908
2024-03-13,0.013650125209688039,0.6666666666666666,0.013050125209688039,-0.001708795254729815
2024-03-14,0.004821419905976326,1.3333333333333333,0.003621419905976326,-0.04642300698041679
2024-03-15,-0.08253303677248887,0.6666666666666666,-0.08313303677248887,-0.08253303677248887
2024-03-16,0.054774288801359816,0.0,0.054774288801359816,0.054774288801359816
2024-03-17,0.015681208990909818,1.3333333333333333,0.014481208990909818,-0.03840821150505591
2024-03-18,-0.02804034639096889,0.6666666666666666,-0.02864034639096889,-0.09641165088015806
2024-03-19,0.12978136154638853,0.6666666666666666,0.12918136154638854,0.12978136154638853
2024-03-20,0.006549731847453111,2.0,0.004749731847453111,-0.006549731847453111
2024-03-21,-0.018353796187519124,1.3333333333333333,-0.019553796187519124,-0.028866336145898102
2024-03-22,0.019903467630243567,0.6666666666666666,0.019303467630243567,0.01990346763024357
2024-03-23,-0.0007476189021954696,0.6666666666666666,-0.0013476189021954695,0.05941297405642102
2024-03-24,-0.02394872254232775,1.3333333333333333,-0.02514872254232775,0.023948722542327754
2024-03-25,-0.013617877214291122,0.0,-0.013617877214291122,0.013617877214291122
2024-03-26,-0.00940178698410284,0.6666666666666666,-0.01000178698410284,0.004467512537054796
2024-03-27,-0.03976236593696629,0.6666666666666666,-0.040362365936966293,0.06363099434724291
2024-03-28,0.01975196179266203,1.3333333333333333,0.018551961792662032,-0.01975196179266203
2024-03-29,0.020051408073666194,1.3333333333333333,0.018851408073666195,-0.023391471425551313
2024-03-30,0.056365851362100074,0.6666666666666666,0.05576585136210007,0.056365851362100074
2024-03-31,0.04324347739280476,2.0,0.04144347739280476,-0.04324347739280476
2024-04-01,-0.004761457240259004,1.3333333333333333,-0.0059614572402590035,-0.07808406043653915
2024-04-02,-0.007479565184492073,0.6666666666666666,-0.008079565184492073,-0.007479565184492072
2024-04-03,0.002033602796165084,1.3333333333333333,0.0008336027961650843,0.02348069344056943
2024-04-04,0.0009448691556595001,0.6666666666666666,0.0003448691556595002,-0.009352571300687526
2024-04-05,0.02479630228165456,0.6666666666666666,0.02419630228165456,0.024796302281654563
2024-04-06,-0.011053845693547837,0.6666666666666666,-0.011653845693547837,0.035957691870823906
2024-04-07,-0.018592494641513913,0.6666666666666666,-0.019192494641513912,0.04031103841940601
2024-04-08,0.0506743173462459,0.6666666666666666,0.0500743173462459,-0.05067431734624591
2024-04-09,0.029555831780645466,2.0,0.027755831780645467,0.02955583178064547
2024-04-10,0.016866998965738324,2.0,0.015066998965738324,-0.016866998965738327
2024-04-11,-0.07299192934399057,2.0,-0.07479192934399057,-0.07299192934399057
2024-04-12,-0.08073914206523217,0.0,-0.08073914206523217,-0.08073914206523218
2024-04-13,0.046410873218978736,0.0,0.046410873218978736,0.04641087321897874
2024-04-14,0.018822765991618473,2.0,0.017022765991618474,-0.018822765991618473
2024-04-15,0.010865761560286697,1.3333333333333333,0.009665761560286697,-0.010759659680590746
2024-04-16,0.0057916152852549585,2.0,0.003991615285254959,-0.04185999135363102
2024-04-17,0.031251546433256186,1.3333333333333333,0.030051546433256186,0.03125154643325619
2024-04-18,0.00805903893385181,1.3333333333333333,0.00685903893385181,0.009986205574831283
2024-04-19,0.0033270825867728337,2.0,0.0015270825867728338,0.030065392572060423
2024-04-20,0.009772397510466546,1.3333333333333333,0.008572397510466546,-0.009772397510466546
2024-04-21,-0.02141701090075846,0.0,-0.02141701090075846,0.021417010900758465
2024-04-22,0.0029314782300123854,0.0,0.0029314782300123854,-0.0029314782300123854
2024-04-23,0.03632968260647621,0.0,0.03632968260647621,-0.03632968260647621
2024-04-24,0.0024100750051941158,2.0,0.0006100750051941158,0.0024100750051941158
2024-04-25,-0.006029410257290239,0.6666666666666666,-0.006629410257290239,-0.01355756266141924
2024-04-26,0.01215816443674796,1.3333333333333333,0.01095816443674796,0.011077083355666891
2024-04-27,0.003386910910871214,1.3333333333333333,0.0021869109108712138,-0.003386910910871214
2024-04-28,0.0066277656540461765,1.3333333333333333,0.005427765654046177,-0.008277937595215409
2024-04-29,0.06098450151138464,1.3333333333333333,0.05978450151138464,-0.060984501511384646
2024-04-30,-0.025221067214228232,2.0,-0.02702106721422823,-0.025221067214228232
2024-05-01,0.006733986065068438,0.6666666666666666,0.006133986065068438,0.009813365882907302
2024-05-02,-0.07032517690620987,1.3333333333333333,-0.07152517690620988,0.07032517690620987
2024-05-03,-0.0390621360846685,0.0,-0.0390621360846685,0.0390621360846685
2024-05-04,-0.0003652051277126165,0.6666666666666666,-0.0009652051277126164,0.004467137505710594
2024-05-05,0.0029361393509899445,1.3333333333333333,0.0017361393509899446,-0.021571994736752198
2024-05-06,0.012132904480827229,1.3333333333333333,0.010932904480827229,-0.024521071397825816
2024-05-07,-0.005523578157073938,1.3333333333333333,-0.006723578157073938,-0.0244784219762683
2024-05-08,0.0036537651447488724,0.0,0.0036537651447488724,0.03804780797262993
2024-05-09,0.04407676367340847,0.6666666666666666,0.04347676367340847,-0.04407676367340848
2024-05-10,-0.0014984332821552278,2.0,-0.003298433282155228,-0.0014984332821552278
2024-05-11,-0.009797217765568966,1.3333333333333333,-0.010997217765568966,0.001269327369930758
2024-05-12,-0.027852656589971193,0.6666666666666666,-0.028452656589971193,0.027852656589971197
2024-05-13,0.022013877100869956,0.0,0.022013877100869956,-0.022013877100869956
2024-05-14,0.014857327970745494,1.3333333333333333,0.013657327970745495,0.06497315222189097
2024-05-15,0.026606112720403953,1.3333333333333333,0.025406112720403953,-0.026606112720403956
2024-05-16,0.02051473382540362,1.3333333333333333,0.01931473382540362,0.03879514813949362
2024-05-17,-0.00821492309547156,0.6666666666666666,-0.00881492309547156,-0.002628321306114234
2024-05-18,0.0001349277266766702,0.0,0.0001349277266766702,-0.017300439860166827
2024-05-19,-0.052887965909305105,0.0,-0.052887965909305105,0.12734463347034616
2024-05-20,-0.01464937636930604,0.6666666666666666,-0.015249376369306039,0.014649376369306041
2024-05-21,0.016981217606523304,0.0,0.016981217606523304,-0.016981217606523307
2024-05-22,-0.011453538630941671,0.6666666666666666,-0.012053538630941671,-0.014807386715862939
2024-05-23,0.010647169953760582,0.0,0.010647169953760582,0.006590251528323783
2024-05-24,0.01519112915292786,0.0,0.01519112915292786,0.026144970769770366
2024-05-25,0.011861765848824887,0.6666666666666666,0.011261765848824887,-0.011861765848824887
2024-05-26,0.00437290693371617,1.3333333333333333,0.00317290693371617,0.016176649460553378
2024-05-27,0.017325457050741844,1.3333333333333333,0.016125457050741844,-0.017325457050741844
2024-05-28,0.012576665068396645,0.0,0.012576665068396645,-0.012576665068396645
2024-05-29,-0.00723004368966303,2.0,-0.00903004368966303,-0.007230043689663031
2024-05-30,-0.003685115720495421,0.0,-0.003685115720495421,-0.003685115720495421
2024-05-31,0.008650823546835884,0.0,0.008650823546835884,0.008650823546835884
2024-06-01,-0.009718151855643545,0.6666666666666666,-0.010318151855643545,-0.009730153790709628
2024-06-02,0.006567866798948903,0.6666666666666666,0.005967866798948903,0.006567866798948903
2024-06-03,0.005854377780363166,0.6666666666666666,0.005254377780363166,0.018526728059281277
2024-06-04,-0.011497412607670046,1.3333333333333333,-0.012697412607670046,0.011497412607670046
2024-06-05,0.012306832873894964,0.0,0.012306832873894964,-0.012306832873894965
2024-06-06,-0.0299082783142679,1.3333333333333333,-0.0311082783142679,-0.043500360845683726
2024-06-07,-0.005140604683736634,0.6666666666666666,-0.005740604683736634,-0.005140604683736634
2024-06-08,0.005951466994393121,0.0,0.005951466994393121,0.0059514669943931215
2024-06-09,0.008548873564191501,2.0,0.0067488735641915015,-0.008548873564191503
2024-06-10,-0.010694034195325256,1.3333333333333333,-0.011894034195325255,-0.04163753467881748
2024-06-11,0.030365066595345064,0.6666666666666666,0.029765066595345065,0.030365066595345064
2024-06-12,0.012863544410778117,1.3333333333333333,0.011663544410778118,-0.027424466892260264
2024-06-13,-0.016882133852650062,1.3333333333333333,-0.018082133852650062,-0.016882133852650066
2024-06-14,0.013648654584866192,0.0,0.013648654584866192,0.013648654584866193
2024-06-15,-0.006580344506349774,1.3333333333333333,-0.0077803445063497735,0.008335115289416217
2024-06-16,-0.009022268301727034,0.0,-0.009022268301727034,-0.03152319950254634
2024-06-17,-0.012927270327741028,0.6666666666666666,-0.013527270327741028,-0.026249811381333605
2024-06-18,-0.00574924552012949,0.6666666666666666,-0.00634924552012949,0.006948972854826134
2024-06-19,0.009566132288672164,0.6666666666666666,0.008966132288672164,0.0006853820590701684
2024-06-20,-0.004208711040825282,0.6666666666666666,-0.004808711040825282,-0.004208711040825282
2024-06-21,-0.002693966636522919,0.0,-0.002693966636522919,-0.002693966636522919
2024-06-22,-0.01671432358599397,0.0,-0.01671432358599397,-0.01671432358599397
2024-06-23,-0.03075194329222456,0.0,-0.03075194329222456,-0.030751943292224564
2024-06-24,0.032525293183982264,0.0,0.032525293183982264,0.032525293183982264
2024-06-25,0.016337147158748972,2.0,0.014537147158748973,-0.016337147158748972
2024-06-26,0.02423082417661604,2.0,0.02243082417661604,0.02423082417661604
2024-06-27,0.0030767714011395997,1.3333333333333333,0.0018767714011395998,-0.02431821581936004
2024-06-28,-0.00019254382475331067,1.3333333333333333,-0.0013925438247533106,-0.00019254382475331067
2024-06-29,0.0031530531640420927,0.6666666666666666,0.002553053164042093,0.022669117983442028
2024-06-30,0.001499409452443164,1.3333333333333333,0.00029940945244316414,-0.001499409452443164
2024-07-01,0.0012670279702183072,0.0,0.0012670279702183072,-0.0012670279702183078
2024-07-02,0.04071674803673364,0.0,0.04071674803673364,-0.04071674803673364
2024-07-03,0.0034421552528937846,0.6666666666666666,0.0028421552528937848,-0.07922914149645865
2024-07-04,-0.009521665846547381,1.3333333333333333,-0.01072166584654738,-0.009521665846547381
2024-07-05,0.025239028928112583,0.6666666666666666,0.024639028928112584,0.04409092387412857
2024-07-06,0.0556143416061432,1.3333333333333333,0.0544143416061432,-0.0556143416061432
2024-07-07,0.026099896672773754,2.0,0.024299896672773755,0.026099896672773754
2024-07-08,-0.013170506601721588,1.3333333333333333,-0.014370506601721587,0.013046567827476116
2024-07-09,-0.0032414043308869695,0.6666666666666666,-0.0038414043308869694,0.003241404330886969
2024-07-10,-0.0018097496155495088,0.6666666666666666,-0.0024097496155495086,-0.006585312112845558
2024-07-11,0.010164545909584858,1.3333333333333333,0.008964545909584858,0.010164545909584858
2024-07-12,0.002256193807126161,1.3333333333333333,0.0010561938071261612,0.02634441906314966
2024-07-13,-0.025254358763718544,0.6666666666666666,-0.025854358763718544,0.025254358763718548
2024-07-14,-0.07360240065862311,0.0,-0.07360240065862311,0.07360240065862311
2024-07-15,0.0024298855594367583,0.0,0.0024298855594367583,-0.0024298855594367583
2024-07-16,0.0024095189072177448,0.6666666666666666,0.001809518907217745,-0.0184377285562
2024-07-17,-0.0016736145484207432,0.6666666666666666,-0.002273614548420743,-0.0027145792179841624
2024-07-18,-0.0050477031942384905,0.6666666666666666,-0.00564770319423849,0.0377788284312186
2024-07-19,-0.027141968990520716,0.6666666666666666,-0.027741968990520716,0.02714196899052072
2024-07-20,-0.02178466780433541,0.0,-0.02178466780433541,0.02178466780433541
2024-07-21,0.018118520613364386,0.0,0.018118520613364386,-0.018118520613364386
2024-07-22,-0.005990344596768614,1.3333333333333333,-0.007190344596768613,-0.021745835955607157
2024-07-23,0.010835788227981962,0.6666666666666666,0.010235788227981962,-0.022909561026181097
2024-07-24,-0.0208674435897093,1.3333333333333333,-0.0220674435897093,-0.020867443589709305
2024-07-25,0.02349064486645388,0.6666666666666666,0.02289064486645388,0.044848715807237406
2024-07-26,0.009493418247150848,1.3333333333333333,0.008293418247150849,-0.00949341824715085
2024-07-27,0.00035437136076525233,2.0,-0.0014456286392347476,0.0003543713607652525
2024-07-28,-0.00181268865949602,1.3333333333333333,-0.0030126886594960198,-0.006441181944420708
2024-07-29,0.008463693964646708,1.3333333333333333,0.007263693964646708,-0.01442004913127748
2024-07-30,0.003045674865146359,1.3333333333333333,0.0018456748651463591,-0.022114540559778944
2024-07-31,-0.0072914046567543744,1.3333333333333333,-0.008491404656754374,-0.0072914046567543744
2024-08-01,-0.023450595291094237,0.6666666666666666,-0.024050595291094237,-0.06278191722048738
2024-08-02,-0.024173857028296587,0.6666666666666666,-0.024773857028296587,-0.02417385702829659
2024-08-03,-0.05202493043280302,0.0,-0.05202493043280302,-0.05202493043280302
2024-08-04,-0.08729609619362462,0.0,-0.08729609619362462,-0.08729609619362462
2024-08-05,0.025494483746258807,0.0,0.025494483746258807,0.025494483746258807
2024-08-06,-0.007762812564695612,1.3333333333333333,-0.008962812564695612,-0.024341781293096647
2024-08-07,0.12944492853002187,1.3333333333333333,0.12824492853002187,0.12944492853002187
2024-08-08,0.017047777844334422,1.3333333333333333,0.015847777844334422,-0.026212473642089045
2024-08-09,0.0061339146465776056,1.3333333333333333,0.004933914646577606,0.0061339146465776056
2024-08-10,0.004515937543266809,1.3333333333333333,0.0033159375432668097,-0.03360892100019778
2024-08-11,0.0496302930513884,1.3333333333333333,0.0484302930513884,0.049630293051388406
2024-08-12,0.00025211314012670537,2.0,-0.0015478868598732946,-0.00025211314012670477
2024-08-13,0.027940553609920055,0.0,0.027940553609920055,-0.027940553609920055
2024-08-14,-0.025085001142501635,2.0,-0.026885001142501634,-0.025085001142501635
2024-08-15,0.01115335226920407,0.0,0.01115335226920407,0.011153352269204072
2024-08-16,0.007276726432379643,0.6666666666666666,0.006676726432379643,0.014267743498029914
2024-08-17,0.014455853145216874,0.6666666666666666,0.013855853145216875,-0.01505762301159086
2024-08-18,0.013156392294936257,1.3333333333333333,0.011956392294936257,0.013156392294936259
2024-08-19,0.005283789930149995,2.0,0.003483789930149995,-0.005283789930149996
2024-08-20,0.009038923938504546,1.3333333333333333,0.007838923938504546,0.030161805980815082
2024-08-21,0.00807077306352788,1.3333333333333333,0.006870773063527881,-0.00807077306352788
2024-08-22,-0.013632759529747997,0.6666666666666666,-0.014232759529747997,0.062278840289843096
2024-08-23,-0.002322595834020354,0.0,-0.002322595834020354,0.0002564191463967358
2024-08-24,-0.011813904369788276,0.6666666666666666,-0.012413904369788276,-0.011159364307317602
2024-08-25,-0.014126355464360696,0.0,-0.014126355464360696,-0.028514396573049588
2024-08-26,-0.02954369791870067,0.0,-0.02954369791870067,-0.06581917510196666
2024-08-27,0.01422365650856764,0.0,0.01422365650856764,0.009958740241631717
2024-08-28,0.0007070018769807322,0.6666666666666666,0.0001070018769807323,0.004177248089565507
2024-08-29,0.0035420194898006336,0.6666666666666666,0.002942019489800634,0.003117375920051605
2024-08-30,-0.0007364339439754155,0.0,-0.0007364339439754155,-0.004164779153793245
2024-08-31,-0.01824538059721329,0.0,-0.01824538059721329,-0.04140220581212831
2024-09-01,0.040204386893955814,0.6666666666666666,0.03960438689395581,0.040204386893955814
2024-09-02,0.03197676439766073,2.0,0.03017676439766073,-0.03197676439766073
2024-09-03,0.003544693336794191,1.3333333333333333,0.0023446933367941908,0.010532173871768006
2024-09-04,0.02286589569038259,0.6666666666666666,0.02226589569038259,-0.020008752833239773
2024-09-05,-0.05327321444706064,1.3333333333333333,-0.05447321444706064,-0.053273214447060645
2024-09-06,0.018730909448236188,0.0,0.018730909448236188,0.018730909448236188
2024-09-07,0.0035771783937199593,0.6666666666666666,0.0029771783937199594,0.010532435447939989
2024-09-08,-0.0485652079113917,1.3333333333333333,-0.0497652079113917,0.048565207911391704
2024-09-09,-0.004486766654538399,0.0,-0.004486766654538399,0.004486766654538399
2024-09-10,0.013249312278307094,0.0,0.013249312278307094,-0.013249312278307094
2024-09-11,-0.0030979020096574637,0.6666666666666666,-0.0036979020096574635,0.01217894040665679
2024-09-12,-0.010632719864819434,0.0,-0.010632719864819434,0.03835369237106797
2024-09-13,0.01056839444483489,0.6666666666666666,0.00996839444483489,-0.010568394444834891
2024-09-14,0.010612727562804698,0.6666666666666666,0.010012727562804698,-0.026994764248446674
2024-09-15,-0.018391626574230803,1.3333333333333333,-0.019591626574230803,-0.018391626574230806
2024-09-16,-0.013770079459359819,1.3333333333333333,-0.014970079459359818,0.023672394460028928
2024-09-17,-0.02168084568342395,0.6666666666666666,-0.02228084568342395,0.02168084568342395
2024-09-18,-0.015450271327882792,0.6666666666666666,-0.01605027132788279,0.022768518800198628
2024-09-19,0.013444228436443032,0.6666666666666666,0.012844228436443032,0.016124324602606155
2024-09-20,0.0212494054298508,0.6666666666666666,0.0206494054298508,0.021249405429850803
2024-09-21,0.013713395087728508,2.0,0.011913395087728509,-0.013713395087728508
2024-09-22,0.01522650311456027,1.3333333333333333,0.01402650311456027,0.01272283679580847
2024-09-23,-0.001233890217079722,2.0,-0.003033890217079722,0.010945606306709635
2024-09-24,0.018910848582046353,0.6666666666666666,0.018310848582046353,-0.018910848582046353
2024-09-25,0.0472034136854665,2.0,0.0454034136854665,0.04720341368546651
2024-09-26,-0.010208781652358759,1.3333333333333333,-0.011408781652358759,0.025954440009309243
2024-09-27,0.010348215170526346,1.3333333333333333,0.009148215170526346,0.010348215170526346
2024-09-28,-0.013066237935019263,0.0,-0.013066237935019263,-0.013066237935019265
2024-09-29,-0.04575916259643379,0.0,-0.04575916259643379,-0.04575916259643379
2024-09-30,-0.054537817949428906,0.0,-0.054537817949428906,-0.05453781794942891
2024-10-01,-0.01921139066254914,0.0,-0.01921139066254914,-0.01921139066254914
2024-10-02,-1.4051271964595543e-05,0.0,-1.4051271964595543e-05,-1.4051271964595399e-05
2024-10-03,0.029709988587006166,0.0,0.029709988587006166,0.02970998858700617
2024-10-04,0.00037240752772886115,0.0,0.00037240752772886115,0.00037240752772886115
2024-10-05,-0.006082517015149354,1.3333333333333333,-0.007282517015149354,0.014267440796128442
2024-10-06,0.008703148411883466,0.0,0.008703148411883466,-0.015027151953648121
2024-10-07,-0.0018975574429679711,1.3333333333333333,-0.0030975574429679712,-0.0018975574429679714
2024-10-08,0.004087546417407346,0.6666666666666666,0.003487546417407346,-0.015145875271676065
2024-10-09,-0.005347744356955249,0.6666666666666666,-0.005947744356955249,-0.005347744356955249
2024-10-10,0.01972856074376228,0.6666666666666666,0.01912856074376228,0.034536919463053074
2024-10-11,0.006757282162891546,1.3333333333333333,0.005557282162891546,0.01042855296425175
2024-10-12,-0.0028410713266948657,0.0,-0.0028410713266948657,-0.002721361025623518
2024-10-13,-0.02050934200151951,0.6666666666666666,-0.02110934200151951,0.05458992073629121
2024-10-14,0.005574438710209054,0.0,0.005574438710209054,0.004414364931943804
2024-10-15,-0.021167202903001597,0.0,-0.021167202903001597,0.02659274146873399
2024-10-16,0.010145086379507468,0.6666666666666666,0.009545086379507468,0.008791889131859687
2024-10-17,0.02888119821268642,0.6666666666666666,0.02828119821268642,0.02888119821268642
2024-10-18,0.017310213079052856,0.0,0.017310213079052856,0.017310213079052856
2024-10-19,0.020078324769650248,0.6666666666666666,0.019478324769650248,0.011147480966869091
2024-10-20,-0.0018436522462435346,0.6666666666666666,-0.0024436522462435344,-0.014134350609147694
2024-10-21,0.003964683380155098,0.6666666666666666,0.0033646833801550978,-0.014457162980718233
2024-10-22,0.008091911066765618,0.6666666666666666,0.007491911066765618,-0.015580120362882885
2024-10-23,0.010716419624807516,0.6666666666666666,0.010116419624807516,0.013676612816363157
2024-10-24,-0.04397372248778223,0.6666666666666666,-0.044573722487782234,-0.04397372248778223
2024-10-25,0.0225342682753454,0.0,0.0225342682753454,0.0225342682753454
2024-10-26,-0.008453239139934048,0.6666666666666666,-0.009053239139934048,0.02447515735869595
2024-10-27,-0.03816637084468939,0.6666666666666666,-0.038766370844689396,0.057184909536508975
2024-10-28,-0.025770469437197407,0.0,-0.025770469437197407,0.052205788351984785
2024-10-29,0.009996849346974018,0.0,0.009996849346974018,-0.013586797821204569
2024-10-30,-0.004988868366235171,0.6666666666666666,-0.005588868366235171,-0.040232683212109266
2024-10-31,-0.00983129399777723,0.6666666666666666,-0.01043129399777723,-0.009831293997777232
2024-11-01,-0.002055680745595552,0.0,-0.002055680745595552,-0.0020556807455955526
2024-11-02,0.009293134775825235,0.6666666666666666,0.008693134775825236,-0.024802759928029383
2024-11-03,0.0024780286719511633,0.6666666666666666,0.0018780286719511635,0.0024780286719511637
2024-11-04,-0.013936340606379789,0.6666666666666666,-0.014536340606379788,0.035657052559254554
2024-11-05,-0.06329928881681009,0.6666666666666666,-0.06389928881681009,0.12288124413279429
2024-11-06,-0.014535476109077388,0.0,-0.014535476109077388,0.01705757457439498
2024-11-07,0.010293207069919465,0.6666666666666666,0.009693207069919465,0.02555382681962041
2024-11-08,0.04718130911849856,0.6666666666666666,0.04658130911849856,0.04718130911849857
2024-11-09,-0.0675304712616099,0.6666666666666666,-0.0681304712616099,0.11179037539592025
2024-11-10,-0.03423608502926297,0.0,-0.03423608502926297,0.14235450224603877
2024-11-11,-0.01701132687160863,0.6666666666666666,-0.01761132687160863,0.01177729204840879
2024-11-12,-0.013467781197215513,0.6666666666666666,-0.014067781197215513,0.0201946294034601
2024-11-13,0.005811684225994391,0.0,0.005811684225994391,-0.05515282136673472
2024-11-14,0.034979598004180046,0.6666666666666666,0.03437959800418004,0.034979598004180046
2024-11-15,0.02136054703278504,1.3333333333333333,0.02016054703278504,-0.012113543517154657
2024-11-16,-0.011330583889936944,0.6666666666666666,-0.011930583889936943,-0.00615042226157229
2024-11-17,0.012824012942374969,0.0,0.012824012942374969,0.02025281270988451
2024-11-18,-0.0003166791111418217,0.6666666666666666,-0.0009166791111418217,0.013925837574921015
2024-11-19,0.01411329952031204,0.6666666666666666,0.01351329952031204,-0.007883099827816431
2024-11-20,0.02460440824321182,1.3333333333333333,0.02340440824321182,0.05310306170983522
2024-11-21,0.027260708775705522,1.3333333333333333,0.026060708775705523,0.021692256847060404
2024-11-22,-0.01152210399175076,1.3333333333333333,-0.01272210399175076,0.016548411468836528
2024-11-23,-0.0024977282651348722,0.0,-0.0024977282651348722,-0.0023737405089257293
2024-11-24,0.01775903803250541,0.0,0.01775903803250541,-0.04048887587400973
2024-11-25,-0.017252888011903646,0.6666666666666666,-0.017852888011903646,-0.01725288801190365
2024-11-26,0.0351147091573046,0.6666666666666666,0.0345147091573046,0.059022042404516396
2024-11-27,0.005477639293019365,0.6666666666666666,0.004877639293019365,-0.007001548403277417
2024-11-28,0.028130182459080944,1.3333333333333333,0.026930182459080944,0.028130182459080944
2024-11-29,0.010459588646423676,0.6666666666666666,0.009859588646423676,0.0030167390983109055
2024-11-30,-0.0118554757017848,0.0,-0.0118554757017848,0.017951608422187498
2024-12-01,0.0016353214942098626,0.0,0.0016353214942098626,-0.022400702269365264
2024-12-02,0.011714816901040334,0.0,0.011714816901040334,-0.016941627658553265
2024-12-03,0.05178678322353769,0.6666666666666666,0.05118678322353769,0.05178678322353769
2024-12-04,0.0035779657886651677,1.3333333333333333,0.002377965788665168,-0.014679393436764351
2024-12-05,0.022296577266818586,0.6666666666666666,0.021696577266818586,0.034557795891375497
2024-12-06,-0.013827209208439346,0.0,-0.013827209208439346,0.013994663323212938
2024-12-07,-0.005040096718474939,0.0,-0.005040096718474939,0.0148946809292508
2024-12-08,0.07435425513376788,1.3333333333333333,0.07315425513376787,-0.07435425513376788
2024-12-09,-0.02605312584466394,2.0,-0.02785312584466394,-0.026053125844663943
2024-12-10,0.051349428391038725,0.0,0.051349428391038725,0.05134942839103873
2024-12-11,0.005730436980547167,2.0,0.003930436980547167,-0.005730436980547167
2024-12-12,0.009276496158506268,2.0,0.007476496158506268,0.009276496158506268
2024-12-13,-0.01187374159660041,0.0,-0.01187374159660041,-0.01187374159660041
2024-12-14,0.024607480262397154,0.0,0.024607480262397154,0.024607480262397157
2024-12-15,0.006606537111739493,1.3333333333333333,0.005406537111739493,0.0035703030925580137
2024-12-16,-0.0010915485834247143,0.6666666666666666,-0.001691548583424714,-0.014028481037710039
2024-12-17,-0.0717864463486465,0.6666666666666666,-0.07238644634864651,-0.0717864463486465
2024-12-18,-0.06927911366119317,0.0,-0.06927911366119317,-0.06927911366119317
2024-12-19,0.010399014176894298,0.0,0.010399014176894298,0.010399014176894298
2024-12-20,0.008435344815887036,1.3333333333333333,0.007235344815887036,-0.011935150143688808
2024-12-21,-0.004799532077966313,0.6666666666666666,-0.0053995320779663125,-0.02102823190943744
2024-12-22,5.514971665617277e-05,0.0,5.514971665617277e-05,0.026391703146805574
2024-12-23,-0.006035909266253488,0.6666666666666666,-0.006635909266253488,0.0326101883817295
2024-12-24,0.004962515299836563,0.0,0.004962515299836563,0.00021345743498613068
2024-12-25,0.006107636917432064,1.3333333333333333,0.004907636917432064,-0.049158913600150754
2024-12-26,-0.006285676671979915,1.3333333333333333,-0.0074856766719799146,-0.006285676671979916
2024-12-27,0.02397967125832038,0.0,0.02397967125832038,0.023979671258320383
2024-12-28,0.00950739952510567,1.3333333333333333,0.00830739952510567,-0.020432897951128792
2024-12-29,-0.0024186569121210644,0.6666666666666666,-0.003018656912121064,-0.0032457604591228373
2024-12-30,-0.0017353257558901567,0.0,-0.0017353257558901567,0.0025964362520089304
2024-12-31,-0.0037553989579922984,0.0,-0.0037553989579922984,0.015506204417535066
2025-01-01,-0.015167764675633928,0.6666666666666666,-0.015767764675633927,0.03203321709315706
2025-01-02,-0.050986895868943595,0.0,-0.050986895868943595,0.059162679583757725
2025-01-03,-0.017373128162252005,0.0,-0.017373128162252005,0.01768767115105015
2025-01-04,0.00915989500412003,0.6666666666666666,0.00855989500412003,-0.01199688977245054
2025-01-05,0.02265197529860326,0.6666666666666666,0.02205197529860326,0.02265197529860326
2025-01-06,0.0791179135651392,2.0,0.0773179135651392,-0.0791179135651392
2025-01-07,-0.017296760429791225,2.0,-0.019096760429791224,-0.017296760429791225
2025-01-08,-0.01870821680044295,0.6666666666666666,-0.01930821680044295,-0.040365481421200444
2025-01-09,0.02615690441308819,0.6666666666666666,0.02555690441308819,0.026156904413088194
2025-01-10,0.005253168653380916,0.6666666666666666,0.004653168653380916,0.008475249395173634
2025-01-11,0.006551374053789545,0.6666666666666666,0.0059513740537895455,-0.006938477688789968
2025-01-12,0.015353151759013898,0.6666666666666666,0.014753151759013898,-0.011129468957377838
2025-01-13,0.03409131750762865,0.6666666666666666,0.03349131750762865,0.03409131750762865
2025-01-14,-0.03734551123295689,1.3333333333333333,-0.03854551123295689,0.06452346580654567
2025-01-15,0.01984490847562666,0.0,0.01984490847562666,-0.02322841394451051
2025-01-16,0.06463719792290634,1.3333333333333333,0.06343719792290634,0.06463719792290634
2025-01-17,0.03257859707609315,1.3333333333333333,0.031378597076093154,-0.02951197145577004
2025-01-18,-0.051573047992499316,1.3333333333333333,-0.052773047992499315,-0.05157304799249932
2025-01-19,0.006623961079895083,0.0,0.006623961079895083,0.006623961079895084
2025-01-20,-0.00793916740333763,1.3333333333333333,-0.009139167403337629,0.033259003247932885
2025-01-21,0.024106408729950585,0.6666666666666666,0.023506408729950586,-0.024106408729950585
2025-01-22,0.0005174598117947769,2.0,-0.001282540188205223,0.0005174598117947774
2025-01-23,0.004742345291329923,0.6666666666666666,0.004142345291329923,-0.0008734388165202814
2025-01-24,0.0030177672462248966,0.6666666666666666,0.0024177672462248967,0.003017767246224897
2025-01-25,-0.031894460773447854,0.0,-0.031894460773447854,-0.031894460773447854
2025-01-26,-0.008981358877124514,0.0,-0.008981358877124514,-0.008981358877124515
2025-01-27,-0.028639640017831366,0.0,-0.028639640017831366,-0.02863964001783137
2025-01-28,0.017380107521111,0.0,0.017380107521111,0.017380107521111004
2025-01-29,0.009765152991885111,0.6666666666666666,0.009165152991885112,0.025174773203381646
2025-01-30,-0.01015738187111696,0.6666666666666666,-0.01075738187111696,-0.004442284639391632
2025-01-31,-0.04562540633611433,1.3333333333333333,-0.04682540633611433,-0.04562540633611434
2025-02-01,-0.0793514871024732,0.0,-0.0793514871024732,-0.0793514871024732
2025-02-02,0.034416823117194774,0.0,0.034416823117194774,0.034416823117194774
2025-02-03,0.03052600949797446,1.3333333333333333,0.02932600949797446,-0.05398363689317046
2025-02-04,-0.006145235044852426,1.3333333333333333,-0.007345235044852426,-0.006145235044852426
2025-02-05,0.0011477394135398136,0.6666666666666666,0.0005477394135398136,-0.023147069158144944
2025-02-06,-0.01002734168316873,0.6666666666666666,-0.01062734168316873,-0.01002734168316873
2025-02-07,0.009716234935339683,0.0,0.009716234935339683,0.009716234935339685
2025-02-08,-0.0058525599036387535,0.0,-0.0058525599036387535,-0.005852559903638754
2025-02-09,0.016392128695954668,0.0,0.016392128695954668,0.01639212869595467
2025-02-10,0.004779024999144621,1.3333333333333333,0.0035790249991446213,-0.01608701426441687
2025-02-11,0.009996406415576715,0.6666666666666666,0.009396406415576715,0.039318674741994464
2025-02-12,0.014076600320711933,1.3333333333333333,0.012876600320711933,-0.014076600320711933
2025-02-13,0.021192645909502872,2.0,0.019392645909502872,0.021192645909502872
2025-02-14,-0.0037141899381725185,0.6666666666666666,-0.004314189938172518,-0.003861356972756802
2025-02-15,-0.001280974890022656,0.0,-0.001280974890022656,-0.01646705962788479
2025-02-16,0.018416505224553216,0.0,0.018416505224553216,-6.086877908713836e-05
2025-02-17,-0.01793513630410855,0.6666666666666666,-0.01853513630410855,-0.01793513630410855
2025-02-18,0.013365097575298208,0.0,0.013365097575298208,0.01336509757529821
2025-02-19,-0.008572956770288204,1.3333333333333333,-0.009772956770288204,0.008415970899016578
2025-02-20,-0.021669274214456746,0.6666666666666666,-0.022269274214456746,-0.03606677858012145
2025-02-21,0.02342060780801495,0.6666666666666666,0.02282060780801495,0.023420607808014953
2025-02-22,0.0007848287758911816,0.0,0.0007848287758911816,0.0007848287758911813
2025-02-23,0.024598495506300774,1.3333333333333333,0.023398495506300774,-0.09698706777251916
2025-02-24,-0.010999916842293138,1.3333333333333333,-0.012199916842293138,-0.010999916842293142
2025-02-25,-0.00802296798823321,0.6666666666666666,-0.00862296798823321,-0.05058417326130286
2025-02-26,0.011338371109466339,0.0,0.011338371109466339,0.003163296099942962
2025-02-27,0.0006135684404445403,0.0,0.0006135684404445403,-0.019645966222917144
2025-02-28,0.01184221490299649,0.6666666666666666,0.01124221490299649,0.011842214902996492
2025-03-01,0.12951889056892107,0.0,0.12951889056892107,0.12951889056892107
2025-03-02,0.07636367190407378,1.3333333333333333,0.07516367190407378,-0.13328803808631629
2025-03-03,0.007459374500959829,1.3333333333333333,0.006259374500959829,0.0074593745009598296
2025-03-04,-0.013973737833235264,1.3333333333333333,-0.015173737833235263,0.03293044887736155
2025-03-05,0.013515547681935487,0.6666666666666666,0.012915547681935487,-0.013515547681935488
2025-03-06,-0.025885438303545505,2.0,-0.027685438303545504,-0.025885438303545505
2025-03-07,-0.0028242066935853707,0.0,-0.0028242066935853707,-0.0028242066935853702
2025-03-08,-0.03553507906898815,0.6666666666666666,-0.036135079068988156,-0.09095096291860254
2025-03-09,-0.06223565518062335,0.6666666666666666,-0.06283565518062335,-0.06223565518062335
2025-03-10,0.05144798403395952,0.0,0.05144798403395952,0.051447984033959525
2025-03-11,-0.01636777820697166,2.0,-0.01816777820697166,0.01636777820697166
2025-03-12,-0.03177006589589415,2.0,-0.033570065895894154,-0.03177006589589415
2025-03-13,0.03373285659503218,0.0,0.03373285659503218,0.03373285659503219
2025-03-14,0.013614515645262948,0.0,0.013614515645262948,0.013614515645262948
2025-03-15,-0.0008834947664654678,0.6666666666666666,-0.0014834947664654676,-0.030325349944367124
2025-03-16,0.02294669239155659,0.6666666666666666,0.02234669239155659,0.022946692391556594
2025-03-17,0.014426355303185034,2.0,0.012626355303185035,-0.014426355303185034
2025-03-18,-0.018356662884456844,0.6666666666666666,-0.018956662884456844,0.057915445569057956
2025-03-19,0.03770099048944464,0.6666666666666666,0.03710099048944464,-0.03770099048944464
2025-03-20,-0.007929984411116475,2.0,-0.009729984411116475,-0.007929984411116475
2025-03-21,0.0037165434655768896,0.6666666666666666,0.00311654346557689,0.0017487821662804937
2025-03-22,0.002755114717364263,1.3333333333333333,0.001555114717364263,0.02358720330353063
2025-03-23,-0.013069200679600785,0.6666666666666666,-0.013669200679600785,0.038064340236627414
2025-03-24,-0.011870426297948137,1.3333333333333333,-0.013070426297948136,0.011068199904463541
2025-03-25,0.0034967311782372335,0.6666666666666666,0.0028967311782372336,-0.0034967311782372335
2025-03-26,-0.005383370401550088,1.3333333333333333,-0.006583370401550087,-0.007327449916392744
2025-03-27,0.010602902910972434,0.6666666666666666,0.010002902910972434,-0.04637594361943257
2025-03-28,-0.03883792495439349,1.3333333333333333,-0.04003792495439349,-0.0388379249543935
2025-03-29,-0.01074713560765217,0.0,-0.01074713560765217,-0.01074713560765217
2025-03-30,0.003075884989719224,0.6666666666666666,0.0024758849897192244,0.003636378223765243
2025-03-31,-0.01920715116974884,0.6666666666666666,-0.01980715116974884,0.04027179630627479
2025-04-01,0.04899419623177777,0.6666666666666666,0.048394196231777764,-0.048994196231777774
2025-04-02,0.0038089396580399666,2.0,0.0020089396580399667,0.003808939658039967
2025-04-03,0.021198605401355358,0.6666666666666666,0.020598605401355358,0.0210665362631615
2025-04-04,-0.0038818462897550754,0.0,-0.0038818462897550754,-0.007866721377130589
2025-04-05,0.02307571511014961,0.6666666666666666,0.02247571511014961,-0.10083639684763324
2025-04-06,-0.00203670719462649,1.3333333333333333,-0.0032367071946264895,-0.0020367071946264894
2025-04-07,-0.011205280612233285,0.6666666666666666,-0.011805280612233284,-0.04538770132687464
2025-04-08,0.11416747196422339,0.6666666666666666,0.11356747196422338,0.11416747196422339
2025-04-09,0.03128009146345401,1.3333333333333333,0.030080091463454008,-0.055552616550235835
2025-04-10,0.039790481869568683,1.3333333333333333,0.038590481869568684,0.039790481869568683
2025-04-11,0.006761479970010788,0.6666666666666666,0.006161479970010788,0.03966401265235656
2025-04-12,0.013483848357023986,0.6666666666666666,0.012883848357023987,-0.02534247204839483
2025-04-13,-0.010440054121566122,0.6666666666666666,-0.011040054121566122,0.0004126396497137197
2025-04-14,-0.007021651705422533,0.0,-0.007021651705422533,-0.021387397264625314
2025-04-15,0.006478254944097964,0.0,0.006478254944097964,0.001594004135301308
2025-04-16,0.004790953468399195,0.0,0.004790953468399195,0.007530088865383533
2025-04-17,0.006561792895563319,1.3333333333333333,0.0053617928955633195,0.002847987576515424
2025-04-18,-0.0033073844030467865,1.3333333333333333,-0.004507384403046787,0.007045546899148121
2025-04-19,-0.0005254797842500309,1.3333333333333333,-0.0017254797842500308,-0.009380473958595906
2025-04-20,-0.019648068556794643,0.6666666666666666,-0.020248068556794643,0.016376388954604026
2025-04-21,0.019623729204824546,0.6666666666666666,0.019023729204824546,0.10009720098264419
2025-04-22,-0.006499696212168467,0.6666666666666666,-0.007099696212168467,0.00826968808992549
2025-04-23,0.013027130734481102,0.6666666666666666,0.012427130734481102,0.0035864589686632753
2025-04-24,-0.006885342045844974,0.6666666666666666,-0.0074853420458449735,0.0034157828624696482
2025-04-25,0.007344638674171825,1.3333333333333333,0.006144638674171825,0.007344638674171826
2025-04-26,0.007067192211616002,1.3333333333333333,0.005867192211616003,-0.01325774891787627
2025-04-27,0.0056019131733962375,1.3333333333333333,0.004401913173396238,0.0056019131733962375
2025-04-28,-0.010472287091338368,0.6666666666666666,-0.011072287091338368,-0.011239004872523864
2025-04-29,-0.004139732273551948,0.0,-0.004139732273551948,-0.005697182727159429
2025-04-30,0.01621016615352285,0.0,0.01621016615352285,0.03275036534212387
2025-05-01,-0.0009562983084484185,0.6666666666666666,-0.0015562983084484185,0.003700833980623782
2025-05-02,-0.015896643611324996,1.3333333333333333,-0.017096643611324996,-0.015896643611324996
2025-05-03,-0.0197471152538153,0.0,-0.0197471152538153,-0.0197471152538153
2025-05-04,0.003954512298805242,0.0,0.003954512298805242,0.003954512298805242
2025-05-05,0.0049072750058283265,1.3333333333333333,0.003707275005828327,0.009873388710251119
2025-05-06,0.0007332831893461049,0.6666666666666666,0.00013328318934610498,-0.0007332831893461048
2025-05-07,0.14501340053346304,2.0,0.14321340053346304,0.14501340053346304
2025-05-08,-0.033714182457450795,1.3333333333333333,-0.034914182457450794,0.031844432876451334
2025-05-09,0.11340523538872278,1.3333333333333333,0.11220523538872278,0.11340523538872278
2025-05-10,0.01397122495331608,0.6666666666666666,0.01337122495331608,-0.036089289217639875
2025-05-11,-0.0028658170741925706,1.3333333333333333,-0.004065817074192571,-0.007929638456509883
2025-05-12,-0.006256541034467858,0.0,-0.006256541034467858,0.04296331200590801
2025-05-13,0.021686828116695013,1.3333333333333333,0.020486828116695013,-0.021686828116695017
2025-05-14,-0.010552269527566235,1.3333333333333333,-0.011752269527566235,-0.02614769282643888
2025-05-15,0.002063228633818063,1.3333333333333333,0.0008632286338180631,0.00013699321554568508
2025-05-16,-0.019096850702111645,0.6666666666666666,-0.019696850702111645,-0.019096850702111645
2025-05-17,0.04250592426460982,0.0,0.04250592426460982,0.04250592426460983
2025-05-18,0.013581357469227395,0.6666666666666666,0.012981357469227395,-0.010992392387735602
2025-05-19,0.0061819656362773374,0.6666666666666666,0.005581965636277338,0.006181965636277338
2025-05-20,0.02373233857786013,0.0,0.02373233857786013,0.02373233857786013
2025-05-21,0.00467706794441939,0.6666666666666666,0.00407706794441939,0.03754894169819371
2025-05-22,-0.058015744468152566,0.6666666666666666,-0.05861574446815257,-0.05801574446815257
2025-05-23,0.0017592006034051013,0.0,0.0017592006034051013,0.0017592006034051015
2025-05-24,0.006274372946500424,0.0,0.006274372946500424,0.006274372946500424
2025-05-25,-0.004503539403998724,2.0,-0.006303539403998724,0.004503539403998724
2025-05-26,-0.01416846773513821,0.6666666666666666,-0.01476846773513821,0.011143104411463897
2025-05-27,0.0012619470294457829,0.0,0.0012619470294457829,-0.008338683004234682
2025-05-28,-0.009725106960467687,0.6666666666666666,-0.010325106960467687,-0.02220770441472386
2025-05-29,-0.050781620597495726,0.6666666666666666,-0.05138162059749573,-0.050781620597495726
2025-05-30,-0.0003134093873687904,0.0,-0.0003134093873687904,-0.0003134093873687904
2025-05-31,0.006759145144913603,0.0,0.006759145144913603,0.006759145144913603
2025-06-01,-0.010753295363157203,1.3333333333333333,-0.011953295363157203,0.012110445655498939
2025-06-02,0.006660310700635959,0.6666666666666666,0.006060310700635959,-0.006660310700635959
2025-06-03,0.008302892113930241,1.3333333333333333,0.0071028921139302415,-0.008923904357856097
2025-06-04,-0.06515352313129393,0.6666666666666666,-0.06575352313129393,-0.06515352313129393
2025-06-05,0.03276553649428893,0.0,0.03276553649428893,0.03276553649428893
2025-06-06,0.02237448847507576,0.0,0.02237448847507576,0.022374488475075765
2025-06-07,0.004203043326308682,1.3333333333333333,0.0030030433263086827,-0.003054479954237762
2025-06-08,0.01749445445908715,0.6666666666666666,0.01689445445908715,0.056297075083838154
2025-06-09,-0.02313955881138378,1.3333333333333333,-0.02433955881138378,0.02313955881138378
2025-06-10,0.019562682337000165,0.0,0.019562682337000165,-0.019562682337000165
2025-06-11,-0.04508768395776319,2.0,-0.046887683957763195,-0.04508768395776319
2025-06-12,-0.008047458496014293,0.0,-0.008047458496014293,-0.008047458496014293
2025-06-13,-0.008201331703692378,0.6666666666666666,-0.008801331703692378,-0.012299071937759773
2025-06-14,-0.0022815245748443918,0.6666666666666666,-0.0028815245748443916,-0.002281524574844392
2025-06-15,-0.0019965797168755386,0.0,-0.0019965797168755386,-0.0019965797168755386
2025-06-16,-0.005001075905245788,0.6666666666666666,-0.005601075905245788,-0.017970043019650588
2025-06-17,0.00566673022719133,0.6666666666666666,0.00506673022719133,0.00566673022719133
2025-06-18,0.0017061192683497373,1.3333333333333333,0.0005061192683497374,-0.0007686925048156305
2025-06-19,-0.036222392333203714,1.3333333333333333,-0.03742239233320371,-0.036222392333203714
2025-06-20,-0.035282049651572625,0.0,-0.035282049651572625,-0.03528204965157263
2025-06-21,-0.020534861168495566,0.0,-0.020534861168495566,-0.020534861168495566
2025-06-22,0.06942877705602046,0.0,0.06942877705602046,0.06942877705602046
2025-06-23,-0.01142470202161568,2.0,-0.01322470202161568,0.011424702021615682
2025-06-24,0.002380142809739823,0.0,0.002380142809739823,-0.0023801428097398234
2025-06-25,-0.01014890051566682,1.3333333333333333,-0.01134890051566682,-0.010846305370210954
2025-06-26,0.0034538054678070473,0.6666666666666666,0.0028538054678070475,0.0034538054678070473
2025-06-27,0.002872375434255596,1.3333333333333333,0.001672375434255596,0.00784959840247231
2025-06-28,-0.02395234247081368,0.6666666666666666,-0.02455234247081368,0.02395234247081368
2025-06-29,0.006606221901314582,0.6666666666666666,0.006006221901314582,-0.014053399791398117
2025-06-30,0.021165177040069445,0.0,0.021165177040069445,-0.030282662601115895
2025-07-01,0.05596711183875568,1.3333333333333333,0.05476711183875568,0.05596711183875569
2025-07-02,-0.007011545906121816,1.3333333333333333,-0.008211545906121815,0.011514272604244683
2025-07-03,-0.033265239965893846,1.3333333333333333,-0.034465239965893846,-0.033265239965893846
2025-07-04,0.004494482458939686,0.0,0.004494482458939686,0.004494482458939686
2025-07-05,0.011685178712404376,0.6666666666666666,0.011085178712404376,0.025975377845296094
2025-07-06,0.008598213201143881,0.6666666666666666,0.007998213201143882,-0.014342211458592194
2025-07-07,0.001539047500753214,1.3333333333333333,0.00033904750075321416,0.01759330954741996
2025-07-08,-0.04533628282258998,0.6666666666666666,-0.045936282822589984,0.04533628282258998
2025-07-09,-0.03451218080958629,0.6666666666666666,-0.035112180809586294,0.06313658479497475
2025-07-10,-0.0066063708054330626,0.0,-0.0066063708054330626,0.015327802865887715
2025-07-11,-0.00797463092682297,1.3333333333333333,-0.00917463092682297,-0.00797463092682297
2025-07-12,0.009895228506686152,0.0,0.009895228506686152,0.009895228506686152
2025-07-13,0.008556189007856633,0.6666666666666666,0.007956189007856633,0.004997051930714018
2025-07-14,-0.022408746885435666,0.6666666666666666,-0.023008746885435666,0.0108206878671027
2025-07-15,-0.044939034965499294,0.0,-0.044939034965499294,0.049877634088498025
2025-07-16,-0.017609027838422664,0.0,-0.017609027838422664,0.02068373079055171
2025-07-17,0.029999642211125867,1.3333333333333333,0.028799642211125867,0.02999964221112587
2025-07-18,0.011956387592531148,0.0,0.011956387592531148,0.011956387592531148
2025-07-19,0.027714784511317144,0.6666666666666666,0.027114784511317144,0.05827891619988893
2025-07-20,0.003665155860646973,1.3333333333333333,0.002465155860646973,-0.002009121156095787
2025-07-21,0.005279774364009689,0.6666666666666666,0.004679774364009689,0.005279774364009689
2025-07-22,-0.050855555172612824,0.0,-0.050855555172612824,-0.05085555517261283
2025-07-23,-0.005911711541734494,0.0,-0.005911711541734494,-0.005911711541734495
2025-07-24,0.00610581880016825,0.0,0.00610581880016825,0.00610581880016825
2025-07-25,0.0004801492374915859,0.0,0.0004801492374915859,0.0004801492374915857
2025-07-26,0.023375441430421695,0.0,0.023375441430421695,0.023375441430421695
2025-07-27,0.02267808657403795,1.3333333333333333,0.02147808657403795,-0.030232825746058123
2025-07-28,-0.004059016709067498,1.3333333333333333,-0.0052590167090674975,-0.004059016709067498
2025-07-29,-0.004738210479658575,0.0,-0.004738210479658575,-0.004738210479658574
2025-07-30,-0.011639331242554118,0.6666666666666666,-0.012239331242554118,-0.031168640078949594
2025-07-31,-0.03998325077383302,0.6666666666666666,-0.04058325077383303,-0.03998325077383302
2025-08-01,-0.027788368454424076,0.0,-0.027788368454424076,-0.02778836845442408
2025-08-02,0.0285992592862118,0.0,0.0285992592862118,0.028599259286211803
2025-08-03,0.004342627343282279,0.6666666666666666,0.0037426273432822794,0.04335114683077138
2025-08-04,0.02384536282502255,0.6666666666666666,0.02324536282502255,-0.02920673931880413
2025-08-05,0.013120326167899895,2.0,0.011320326167899896,0.018158568460845775
2025-08-06,-0.04102989839125263,2.0,-0.04282989839125263,0.05540616907449062
2025-08-07,-0.018354965251380657,0.6666666666666666,-0.018954965251380657,0.018354965251380657
2025-08-08,0.03410163016601793,2.0,0.032301630166017926,0.034101630166017936
2025-08-09,-0.001155314302434097,0.0,-0.001155314302434097,-0.0011553143024340962
2025-08-10,-0.012947668320735201,1.3333333333333333,-0.014147668320735201,-0.020635112664226685
2025-08-11,0.05369663316534389,1.3333333333333333,0.05249663316534389,0.0536966331653439
2025-08-12,-0.033053373601670114,2.0,-0.034853373601670116,0.03305337360167012
2025-08-13,0.05634936589898091,0.0,0.05634936589898091,-0.05634936589898091
2025-08-14,-0.0030508567869960493,2.0,-0.004850856786996049,-0.0030508567869960515
2025-08-15,0.0021325827966849342,0.0,0.0021325827966849342,0.0021325827966849342
2025-08-16,-0.001053621901620986,0.6666666666666666,-0.0016536219016209859,0.008781261651627181
2025-08-17,0.0017475186622326628,0.0,0.0017475186622326628,-0.03218836128319702
2025-08-18,-0.028477903090054824,1.3333333333333333,-0.029677903090054823,-0.04771674063547415
2025-08-19,0.04495413791414885,0.6666666666666666,0.04435413791414885,0.04495413791414885
2025-08-20,0.00322384046496634,1.3333333333333333,0.0020238404649663404,-0.024153968120701846
2025-08-21,0.1010774946478444,1.3333333333333333,0.09987749464784439,0.1010774946478444
2025-08-22,-0.00642943530160367,0.6666666666666666,-0.00702943530160367,-0.013834129356118607
2025-08-23,-0.01207029432961241,0.0,-0.01207029432961241,-0.011826140079933248
2025-08-24,-0.06998001593141574,0.6666666666666666,-0.07058001593141575,-0.06998001593141574
2025-08-25,0.035991186350895855,0.0,0.035991186350895855,0.035991186350895855
2025-08-26,0.007490771497857595,2.0,0.005690771497857594,-0.007490771497857596
2025-08-27,0.004721789230194506,1.3333333333333333,0.0035217892301945067,0.012540510702749863
2025-08-28,-0.014293459418098972,0.0,-0.014293459418098972,-0.039105371267852296
2025-08-29,0.005562508195064837,0.6666666666666666,0.004962508195064838,0.005562508195064837
2025-08-30,-0.0038218467773547165,0.0,-0.0038218467773547165,-0.003821846777354717
2025-08-31,0.0018307084616353926,0.6666666666666666,0.0012307084616353927,-0.00746537813546666
2025-09-01,0.0013965884262682566,1.3333333333333333,0.00019658842626825673,0.013618224565239645
2025-09-02,-0.00023692660847666677,0.6666666666666666,-0.0008369266084766667,0.019337816473263453
2025-09-03,0.026299967763232734,0.6666666666666666,0.025699967763232735,-0.026299967763232734
2025-09-04,0.009138536929155523,2.0,0.007338536929155523,0.009138536929155524
2025-09-05,-0.007029618267459625,0.0,-0.007029618267459625,-0.007029618267459625
2025-09-06,-0.0143384404254705,0.6666666666666666,-0.0149384404254705,0.02523862216617882
2025-09-07,-0.021521538412645036,0.6666666666666666,-0.022121538412645036,0.02154940527407012
2025-09-08,0.003224470569786882,0.0,0.003224470569786882,-0.002648579506083474
2025-09-09,0.010730853433718712,2.0,0.008930853433718713,0.016798785503195985
2025-09-10,-0.010557463223462182,2.0,-0.012357463223462182,0.027341696161024814
2025-09-11,-0.04586593385483084,0.6666666666666666,-0.046465933854830846,0.04586593385483084
2025-09-12,0.019702269388290485,1.3333333333333333,0.018502269388290485,0.013246631209620848
2025-09-13,-0.01571618080971108,1.3333333333333333,-0.01691618080971108,-0.019456056544592964
2025-09-14,-0.005490404195622744,1.3333333333333333,-0.006690404195622743,-0.017181890838732672
2025-09-15,0.0045422998144710736,0.6666666666666666,0.003942299814471074,0.0045422998144710736
2025-09-16,-0.021204939108357967,2.0,-0.023004939108357967,0.021204939108357967
2025-09-17,0.0031236003636552576,0.0,0.0031236003636552576,-0.003123600363655258
2025-09-18,-0.0204628191907961,1.3333333333333333,-0.0216628191907961,-0.0286693426181384
2025-09-19,0.003951228273794127,0.6666666666666666,0.0033512282737941275,0.003951228273794127
2025-09-20,0.004589311915796775,0.6666666666666666,0.003989311915796775,-0.012476597373289655
2025-09-21,-0.05086113227231881,0.6666666666666666,-0.05146113227231881,-0.05086113227231881
2025-09-22,-0.010401022284534989,0.0,-0.010401022284534989,-0.010401022284534989
2025-09-23,0.010405648211934643,0.6666666666666666,0.009805648211934644,0.008572589437186343
2025-09-24,0.009940683992309594,0.6666666666666666,0.009340683992309595,-0.06013357402425049
2025-09-25,0.029803337927048736,1.3333333333333333,0.028603337927048736,0.02980333792704874
2025-09-26,-0.0035175128055611182,0.6666666666666666,-0.004117512805561118,-0.0035637839952274617
2025-09-27,-0.008449761024755809,0.6666666666666666,-0.009049761024755808,0.02745858655089295
2025-09-28,-0.00864155449024436,0.6666666666666666,-0.00924155449024436,0.00864155449024436
2025-09-29,0.008922933542773143,0.0,0.008922933542773143,-0.008922933542773145
2025-09-30,-0.006518761743809012,0.6666666666666666,-0.007118761743809012,0.052684276419176466
2025-10-01,-0.03320604004215506,0.6666666666666666,-0.03380604004215507,0.03320604004215507
2025-10-02,-0.0019814487049546843,0.0,-0.0019814487049546843,0.001981448704954684
2025-10-03,-0.010955286126928754,2.0,-0.012755286126928753,-0.010955286126928754
2025-10-04,-0.0023328151171574754,1.3333333333333333,-0.0035328151171574755,0.007648288460058605
2025-10-05,-0.001684204376612021,2.0,-0.003484204376612021,0.03309404800961372
2025-10-06,0.03199422282112696,0.6666666666666666,0.03139422282112696,-0.04977928592229919
2025-10-07,0.02317921553571563,1.3333333333333333,0.02197921553571563,0.02317921553571563
2025-10-08,0.02537609221522215,2.0,0.02357609221522215,-0.025376092215222152
2025-10-09,-0.13921377836975823,2.0,-0.14101377836975823,-0.13921377836975823
2025-10-10,-0.02767509180664403,0.0,-0.02767509180664403,-0.02767509180664403
2025-10-11,0.08847507476976475,0.0,0.08847507476976475,0.08847507476976475
2025-10-12,-0.017176102778902726,1.3333333333333333,-0.018376102778902725,0.01837769268183605
2025-10-13,0.02999428457639941,0.6666666666666666,0.02939428457639941,-0.02999428457639941
2025-10-14,-0.03125393365101836,2.0,-0.033053933651018365,-0.03125393365101836
2025-10-15,-0.02844848976839372,0.0,-0.02844848976839372,-0.02844848976839372
2025-10-16,-0.017537142433544463,0.0,-0.017537142433544463,-0.017537142433544466
2025-10-17,0.016253098151581453,0.0,0.016253098151581453,0.016253098151581453
2025-10-18,-0.002463205791870463,1.3333333333333333,-0.0036632057918704625,0.02260876005829804
2025-10-19,-0.013449955502560264,0.6666666666666666,-0.014049955502560264,0.013449955502560266
2025-10-20,0.02518207773814007,0.0,0.02518207773814007,-0.025182077738140074
2025-10-21,-0.0006120170490775028,1.3333333333333333,-0.0018120170490775027,-0.015505378521941782
2025-10-22,0.021046355167107695,0.6666666666666666,0.020446355167107695,0.021046355167107695
2025-10-23,-0.0008802073824007986,1.3333333333333333,-0.0020802073824007982,0.014376715714005561
2025-10-24,0.0014571101554811485,1.3333333333333333,0.00025711015548114864,0.0014571101554811487
2025-10-25,0.024244681368698284,0.6666666666666666,0.023644681368698284,0.04163967957747546
2025-10-26,0.013116736248754646,1.3333333333333333,0.011916736248754646,-0.013116736248754646
2025-10-27,-0.003690342853435391,1.3333333333333333,-0.004890342853435391,-0.02618094404450577
2025-10-28,-0.017030843547785796,0.6666666666666666,-0.017630843547785796,-0.017030843547785796
2025-10-29,-0.03029737208353707,0.0,-0.03029737208353707,-0.030297372083537073
2025-10-30,0.014573564810895407,0.0,0.014573564810895407,0.014573564810895409
2025-10-31,0.005368487438721277,0.0,0.005368487438721277,0.005368487438721277
2025-11-01,-0.00026021882176093447,0.6666666666666666,-0.0008602188217609344,0.0024196942133715518
2025-11-02,0.04782539798147423,2.0,0.046025397981474224,-0.07169377536676502
2025-11-03,-0.05551996630553546,1.3333333333333333,-0.05671996630553546,-0.05551996630553546
2025-11-04,0.004116433592532996,0.6666666666666666,0.003516433592532996,0.0319509153720415
2025-11-05,0.029837530234028388,1.3333333333333333,0.028637530234028388,-0.02983753023402839
2025-11-06,0.0540379999842507,2.0,0.052237999984250695,0.054037999984250705
2025-11-07,-0.001588998085801152,0.6666666666666666,-0.002188998085801152,-0.011732385305879093
2025-11-08,0.019528554419469508,0.0,0.019528554419469508,0.03183566414208613
2025-11-09,-0.007277318498248382,1.3333333333333333,-0.008477318498248383,0.007277318498248382
2025-11-10,0.04114603365765749,0.0,0.04114603365765749,-0.04114603365765749
2025-11-11,-0.007908249682172297,1.3333333333333333,-0.009108249682172297,-0.008462218753532888
2025-11-12,-0.0009530540749238172,0.0,-0.0009530540749238172,-0.036752819027933925
2025-11-13,-0.04192877554477743,0.6666666666666666,-0.042528775544777436,-0.04192877554477744
2025-11-14,0.021123829314465842,0.0,0.021123829314465842,0.021123829314465842
2025-11-15,-0.002915125087312214,0.6666666666666666,-0.003515125087312214,-0.02166972180219336
2025-11-16,-0.0005956571988811055,0.0,-0.0005956571988811055,-0.02762893377494635
2025-11-17,0.03384721657909551,0.6666666666666666,0.033247216579095504,0.03384721657909551
2025-11-18,0.030213383689637514,2.0,0.028413383689637514,-0.030213383689637514
2025-11-19,-0.051223269719869416,2.0,-0.05302326971986942,-0.05122326971986942
2025-11-20,-0.03315907338095869,0.0,-0.03315907338095869,-0.03315907338095869
2025-11-21,-0.0010587835010790563,0.0,-0.0010587835010790563,-0.0010587835010790563
2025-11-22,0.02331792950048217,0.0,0.02331792950048217,0.02331792950048217
2025-11-23,0.00797658095357101,0.6666666666666666,0.007376580953571011,0.0392869257811573
2025-11-24,0.0002011416899745746,1.3333333333333333,-0.0009988583100254253,-0.00020114168997457474
2025-11-25,-0.023218763539568643,0.0,-0.023218763539568643,0.023218763539568643
2025-11-26,-0.006406925970878292,0.6666666666666666,-0.007006925970878292,-0.002640508435222233
2025-11-27,-0.005536219656589087,0.0,-0.005536219656589087,-0.005251690895472394
2025-11-28,-0.008936766658379947,1.3333333333333333,-0.010136766658379946,-0.008936766658379947
2025-11-29,-0.0034886279468529327,0.6666666666666666,-0.004088627946852933,-0.006736998805609591
2025-11-30,-0.012425665699651346,1.3333333333333333,-0.013625665699651346,-0.06046548577865222
2025-12-01,0.06808823756608347,0.6666666666666666,0.06748823756608346,0.06808823756608347
2025-12-02,-0.04272132927248358,2.0,-0.04452132927248358,0.04272132927248359
2025-12-03,0.019968750913964772,0.0,0.019968750913964772,-0.019968750913964772
2025-12-04,-0.019619819938904826,1.3333333333333333,-0.020819819938904825,-0.03951612676089189
2025-12-05,0.0019016976251496898,0.6666666666666666,0.00130169762514969,0.0019016976251496898
2025-12-06,-0.0006392961011696396,0.6666666666666666,-0.0012392961011696395,0.004142264061126832
2025-12-07,-0.017310065241257073,1.3333333333333333,-0.018510065241257073,0.017310065241257073
2025-12-08,-0.04078202374382922,0.0,-0.04078202374382922,0.04078202374382922
2025-12-09,0.01224841114463504,0.0,0.01224841114463504,-0.01224841114463504
2025-12-10,-0.01745720974634457,1.3333333333333333,-0.01865720974634457,-0.013849044429325552
2025-12-11,-0.015716217064823138,0.0,-0.015716217064823138,-0.03189376889570431
2025-12-12,0.008298466631633916,0.6666666666666666,0.007698466631633916,0.008298466631633916
2025-12-13,0.0011971951546374537,1.3333333333333333,-2.804845362546155e-06,-0.02502555425807751
2025-12-14,-0.028077007147239742,1.3333333333333333,-0.029277007147239742,-0.028077007147239746
2025-12-15,0.010474250842155733,0.0,0.010474250842155733,0.010474250842155733
2025-12-16,0.03445087822662314,2.0,0.03265087822662314,-0.03445087822662315
2025-12-17,-0.014628342006793305,2.0,-0.016428342006793304,-0.014628342006793305
2025-12-18,0.05571724099484543,0.0,0.05571724099484543,0.05571724099484543
2025-12-19,0.0017285541619053528,1.3333333333333333,0.0005285541619053529,-3.4523637738518666e-05
2025-12-20,0.000499171359213846,0.0,0.000499171359213846,0.0017488817955187235
2025-12-21,-0.004397921378494707,0.6666666666666666,-0.004997921378494707,0.004397921378494707
2025-12-22,0.008954071092473223,0.6666666666666666,0.008354071092473223,-0.017490743657304336
2025-12-23,-0.0045284098625692675,2.0,-0.006328409862569268,-0.003130471906782136
2025-12-24,-0.015963652671450612,0.0,-0.015963652671450612,-0.019341340109891192
2025-12-25,-0.000840635597797605,0.6666666666666666,-0.0014406355977976048,-0.0008406355977976047
2025-12-26,0.010448283470810985,0.0,0.010448283470810985,0.010448283470810985
2025-12-27,0.0006284735078259107,2.0,-0.0011715264921740892,-0.0006284735078259107
2025-12-28,0.007005765787659435,0.0,0.007005765787659435,-0.007005765787659435
2025-12-29,0.007528627587722213,1.3333333333333333,0.006328627587722214,0.01013279425438888
2025-12-30,0.0192993472454979,1.3333333333333333,0.0180993472454979,-0.019299347245497905
2025-12-31,0.03473994090978867,2.0,0.03293994090978867,0.03473994090978868
2026-01-01,0.021761947037101544,1.3333333333333333,0.020561947037101545,0.05734657092657695
2026-01-02,0.005504910145544957,1.3333333333333333,0.0043049101455449575,0.005504910145544957
2026-01-03,0.016297771875805056,0.6666666666666666,0.015697771875805056,0.020047773208238622
2026-01-04,0.01213627472496692,1.3333333333333333,0.01093627472496692,0.0218556175547225
2026-01-05,-0.005274490661088537,0.6666666666666666,-0.005874490661088537,0.004480823886139684
2026-01-06,0.03057401969066949,0.6666666666666666,0.02997401969066949,-0.03057401969066949
2026-01-07,-0.01769222016202835,2.0,-0.01949222016202835,-0.017692220162028354
2026-01-08,-0.006525121652720641,0.0,-0.006525121652720641,-0.006525121652720641
2026-01-09,-0.0031946714395039892,0.0,-0.0031946714395039892,-0.0031946714395039897
2026-01-10,0.001926394154134055,0.0,0.001926394154134055,0.0019263941541340552
2026-01-11,0.007348204013709799,1.3333333333333333,0.006148204013709799,-0.005278551091684662
2026-01-12,0.01871064613426062,0.6666666666666666,0.01811064613426062,0.06825599055806746
2026-01-13,0.004928532599331237,0.6666666666666666,0.004328532599331237,0.005816082097323982
2026-01-14,-0.017202086378147425,0.6666666666666666,-0.017802086378147425,-0.024401463213760022
2026-01-15,-0.006984995195815931,0.6666666666666666,-0.007584995195815931,-0.006984995195815931
2026-01-16,0.002247230584114468,0.6666666666666666,0.0016472305841144681,-0.0005657192413921855
2026-01-17,0.007248227074248992,1.3333333333333333,0.006048227074248992,-0.022922936256183246
2026-01-18,-0.019578023218118818,0.6666666666666666,-0.020178023218118818,-0.019578023218118818
2026-01-19,-0.056186764329877716,0.0,-0.056186764329877716,-0.056186764329877716
2026-01-20,0.01727065689380717,0.0,0.01727065689380717,0.017270656893807173
2026-01-21,-0.0020190004335194725,0.6666666666666666,-0.0026190004335194723,-0.008631413125864573
2026-01-22,0.00080318632262714,0.0,0.00080318632262714,0.0016430984027981192
2026-01-23,-0.0031971125597155905,0.6666666666666666,-0.0037971125597155903,-0.0031971125597155905
2026-01-24,-0.03775844277751901,0.0,-0.03775844277751901,-0.03775844277751902
2026-01-25,0.02799535517366262,0.0,0.02799535517366262,0.027995355173662622
2026-01-26,-0.017994950915973508,1.3333333333333333,-0.019194950915973508,0.024808381157999253
2026-01-27,0.004717657168606762,0.6666666666666666,0.0041176571686067625,-0.004717657168606763
2026-01-28,-0.017108124465346593,1.3333333333333333,-0.018308124465346593,-0.05877838931365834
2026-01-29,-0.01931817577071393,0.6666666666666666,-0.01991817577071393,-0.01931817577071393
2026-01-30,-0.08652738517906114,0.0,-0.08652738517906114,-0.08652738517906115
2026-01-31,-0.03222012585406897,0.0,-0.03222012585406897,-0.03222012585406897
2026-02-01,0.03065581637859719,0.0,0.03065581637859719,0.030655816378597194
2026-02-02,0.009393398123492751,1.3333333333333333,0.008193398123492752,-0.034526345394638724
2026-02-03,-0.031095870431858165,1.3333333333333333,-0.032295870431858165,-0.03109587043185817
2026-02-04,-0.14584641010012317,0.0,-0.14584641010012317,-0.1458464101001232
2026-02-05,0.12143584747382292,0.0,0.12143584747382292,0.12143584747382292
2026-02-06,-0.010771375996033875,0.6666666666666666,-0.011371375996033875,-0.0031140370667043595
2026-02-07,-0.0008462878315262561,0.0,-0.0008462878315262561,3.3841184388464876e-06
2026-02-08,-0.005142880490441537,0.0,-0.005142880490441537,-0.0002682708898850879
2026-02-09,0.018461544817712894,0.6666666666666666,0.017861544817712894,-0.030786865376230915
2026-02-10,-0.027874146250064347,1.3333333333333333,-0.029074146250064346,-0.027874146250064347
2026-02-11,0.003996096598968046,0.0,0.003996096598968046,0.003996096598968046
2026-02-12,0.04340168189093137,0.0,0.04340168189093137,0.043401681890931375
2026-02-13,0.048079484513599,0.6666666666666666,0.047479484513599,0.06040262611746231
2026-02-14,0.039509667076291145,0.6666666666666666,0.03890966707629114,-0.04896567927094442
2026-02-15,0.0002505808560137046,1.3333333333333333,-0.0009494191439862953,0.0002505808560137046
2026-02-16,-0.00441970754731269,1.3333333333333333,-0.00561970754731269,-0.009020666090255203
2026-02-17,0.007822522866553086,0.0,0.007822522866553086,-0.018118479778627277
2026-02-18,0.0009492259388806563,1.3333333333333333,-0.0002507740611193436,0.0009492259388806564
2026-02-19,0.004226481582894515,0.6666666666666666,0.0036264815828945147,0.0143381574552676
2026-02-20,-0.0066332304739102526,1.3333333333333333,-0.007833230473910253,-0.005119679622664945
2026-02-21,-0.013839661573942452,0.6666666666666666,-0.014439661573942452,-0.013839661573942452
2026-02-22,-0.0421891916131651,0.0,-0.0421891916131651,-0.04218919161316511
2026-02-23,-0.008505852647940163,0.0,-0.008505852647940163,-0.008505852647940163
2026-02-24,-0.02249556288530652,1.3333333333333333,-0.02369556288530652,0.09239450856404859
2026-02-25,0.020303086884535228,0.6666666666666666,0.019703086884535228,-0.02030308688453523
2026-02-26,-0.03655894137046837,2.0,-0.03835894137046837,-0.03655894137046837
2026-02-27,0.013988236773462873,0.0,0.013988236773462873,0.013988236773462873
2026-02-28,0.0025445005120607496,1.3333333333333333,0.0013445005120607497,-0.017784621015339137
2026-03-01,0.036556289251300056,1.3333333333333333,0.035356289251300056,0.036556289251300056
2026-03-02,0.022498169627118,2.0,0.020698169627118,-0.022498169627118
2026-03-03,-0.012207143056864732,0.6666666666666666,-0.012807143056864732,0.07859964426096992
2026-03-04,0.03476792957398596,0.6666666666666666,0.034167929573985956,-0.034767929573985966
2026-03-05,-0.03628868422664851,2.0,-0.03808868422664851,-0.036288684226648514
2026-03-06,-0.010662307537743443,0.0,-0.010662307537743443,-0.010662307537743443
2026-03-07,-0.009008767779500252,0.6666666666666666,-0.009608767779500252,-0.014791042882358033
2026-03-08,0.027060547803523072,0.6666666666666666,0.026460547803523072,0.027060547803523072
2026-03-09,-0.00017781622385815155,0.6666666666666666,-0.0007778162238581515,0.029512388955351316
2026-03-10,0.0044122242239859055,0.6666666666666666,0.0038122242239859057,-0.0020940468224652045
2026-03-11,0.004870109216014902,0.6666666666666666,0.004270109216014902,0.011871511120851089
2026-03-12,-0.000585903041014098,0.6666666666666666,-0.0011859030410140978,0.009099535406889236
2026-03-13,0.00223063122742236,1.3333333333333333,0.00103063122742236,0.0022306312274223603
2026-03-14,-0.0009063603281844737,0.6666666666666666,-0.0015063603281844735,0.025217599674868845
2026-03-15,-0.036629638320744576,0.6666666666666666,-0.03722963832074458,0.05557649614885859
2026-03-16,0.018730945344071194,0.6666666666666666,0.018130945344071194,-0.018730945344071197
2026-03-17,0.02066394987230572,0.6666666666666666,0.020063949872305722,-0.04468273901258968
2026-03-18,-0.022099242456711316,1.3333333333333333,-0.023299242456711316,-0.022099242456711316
2026-03-19,0.006288853383586164,0.0,0.006288853383586164,0.006288853383586164
2026-03-20,-0.027004912069283793,0.0,-0.027004912069283793,-0.027004912069283793
2026-03-21,-0.014454510117010488,0.0,-0.014454510117010488,-0.014454510117010488
2026-03-22,0.04568718484747765,0.0,0.04568718484747765,0.045687184847477656
2026-03-23,-0.0056579728328715415,1.3333333333333333,-0.006857972832871541,0.0023699785812908067
2026-03-24,-0.0020787199664697997,0.0,-0.0020787199664697997,0.009446690765574065
2026-03-25,0.019243957665031064,0.0,0.019243957665031064,-0.042758978650772904
2026-03-26,-0.029661924890962678,1.3333333333333333,-0.030861924890962678,-0.02966192489096268
2026-03-27,0.003473304958179805,0.0,0.003473304958179805,0.003473304958179805
2026-03-28,-0.0015116075599348835,0.6666666666666666,-0.0021116075599348833,-0.005540911589238899
2026-03-29,-0.004456446874093745,0.6666666666666666,-0.0050564468740937445,0.01239896992797799
2026-03-30,-0.01103348329877544,1.0,-0.01193348329877544,0.025875484812707333
