date,equity,net_return,open_positions
2020-07-18,10037.861272759688,0.0037861272759687203,0
2020-07-19,9925.216912172084,-0.011221948334083298,0
2020-07-20,9997.992954608828,0.007332438482779535,0
2020-07-21,9651.306247689445,-0.03467563024832587,0
2020-07-22,9209.5685064104,-0.04576973623490588,0
2020-07-23,8949.81723819721,-0.02820449926968749,0
2020-07-24,8965.57905976085,0.001761133344306609,0
2020-07-25,9444.337092541271,0.05339956622870834,0
2020-07-26,9226.53247706194,-0.023061927305765395,0
2020-07-27,9881.040887866162,0.07093763691087562,0
2020-07-28,9887.531153903368,0.000656840317822871,0
2020-07-29,9942.976677796572,0.005607620651725043,0
2020-07-30,10191.999870206733,0.02504513492083804,0
2020-07-31,10240.243220719287,0.004733452818575845,0
2020-08-01,9829.602786506919,-0.04010065243191796,0
2020-08-02,10301.816672712419,0.04803997643258873,0
2020-08-03,10538.554796202454,0.022980230673014246,0
2020-08-04,10482.016857913735,-0.005364866377037925,0
2020-08-05,10353.382206326241,-0.012271937102483976,0
2020-08-06,10403.96321777361,0.004885457760504641,0
2020-08-07,10107.904542101605,-0.028456336251384662,0
2020-08-08,10397.788580618428,0.02867894500876944,0
2020-08-09,10504.789068126618,0.010290696591738868,0
2020-08-10,10462.026090101714,-0.004070807871302651,0
2020-08-11,10440.871818625346,-0.002022005230552959,0
2020-08-12,10613.56249434554,0.016539871259805494,0
2020-08-13,9982.562865729025,-0.059452198915555976,0
2020-08-14,9812.97988254687,-0.016987920383086053,0
2020-08-15,9768.728351071833,-0.004509489676396972,0
2020-08-16,9790.161874614725,0.0021940955641928106,0
2020-08-17,9650.950024956412,-0.014219565666149125,0
2020-08-18,9601.945937655648,-0.00507764387692855,0
2020-08-19,9672.968773064742,0.007396712694514029,0
2020-08-20,9796.82916043072,0.012804795536079716,0
2020-08-21,10242.376758625549,0.04547875551350744,0
2020-08-22,10378.73770684105,0.013313408735981636,0
2020-08-23,10426.329870103604,0.0045855444666631495,0
2020-08-24,10136.094032672328,-0.02783681708205832,0
2020-08-25,10611.606988417789,0.04691283981903771,0
2020-08-26,10619.21172199534,0.0007166429727232249,0
2020-08-27,10695.883112804715,0.00722006423985011,0
2020-08-28,10604.39868411532,-0.00855323751433612,0
2020-08-29,10565.719882715595,-0.003647429953540171,0
2020-08-30,10257.612466003146,-0.02916104346249815,0
2020-08-31,10208.108465279623,-0.00482607438013416,0
2020-09-01,9818.793240508541,-0.03813784170644763,0
2020-09-02,10392.335805349507,0.05841273472128439,0
2020-09-03,9119.210930307652,-0.12250613325894522,0
2020-09-04,9287.79748505371,0.018486967352159933,0
2020-09-05,10002.502629393859,0.07695098278039336,0
2020-09-06,10293.216140048566,0.029064077404028943,0
2020-09-07,10204.798903704079,-0.008589855215463293,0
2020-09-08,10542.08278153247,0.03305149675276464,0
2020-09-09,10264.607236587653,-0.026320751856634628,0
2020-09-10,9936.78862021132,-0.03193679103549529,0
2020-09-11,9866.316986118203,-0.007091992874818653,0
2020-09-12,9636.103751572078,-0.023333249364482445,0
2020-09-13,9934.348159503601,0.030950726104714832,0
2020-09-14,9898.015086522442,-0.0036573182656580716,0
2020-09-15,9999.090701119432,0.010211705449370223,0
2020-09-16,9917.280695214251,-0.008181744555634696,0
2020-09-17,9574.954616114817,-0.03451813956063876,0
2020-09-18,9621.681722176254,0.004880138646588872,0
2020-09-19,9550.103004721108,-0.007439314614842263,0
2020-09-20,9778.481175153669,0.023913686618841856,0
2020-09-21,9582.71745902958,-0.020019848953793495,0
2020-09-22,9671.931009460059,0.00930983834302812,0
2020-09-23,10117.128630322124,0.04602985902469947,0
2020-09-24,9896.803971735353,-0.021777390269254293,0
2020-09-25,9860.01163496357,-0.0037175978100465468,0
2020-09-26,9833.710129260697,-0.0026674923597055367,0
2020-09-27,9745.801162785136,-0.008939552347997703,0
2020-09-28,9813.040467173145,0.006899310099283129,0
2020-09-29,9779.876691509213,-0.0033795616939390483,0
2020-09-30,9790.488447229403,0.0010850602778462726,0
2020-10-01,9939.574054202814,0.015227596434741697,0
2020-10-02,10000.889758557856,0.006168846272553763,0
2020-10-03,9991.233281783167,-0.0009655617657845506,0
2020-10-04,9821.147789900642,-0.01702347318750308,0
2020-10-05,9727.697834409624,-0.009515176585278118,0
2020-10-06,9974.475559405608,0.025368563990861404,0
2020-10-07,9976.44893653915,0.00019784269576761382,0
2020-10-08,9700.084282845262,-0.02770170583259235,0
2020-10-09,9432.098255667224,-0.027627185430952883,0
2020-10-10,9447.210043649768,0.00160216608997521,0
2020-10-11,9415.266728032602,-0.0033812432950653948,0
2020-10-12,9176.811498088602,-0.025326444468538933,0
2020-10-13,9182.522402693663,0.0006223190490781683,0
2020-10-14,9193.393372502473,0.0011838762087441612,0
2020-10-15,9154.433297506475,-0.004237833998545826,0
2020-10-16,9211.36835911168,0.0062193977229276776,0
2020-10-17,9175.846038542213,-0.0038563565351644735,0
2020-10-18,8979.311207716619,-0.021418714961004115,0
2020-10-19,8852.0513074287,-0.014172568178565381,0
2020-10-20,8902.28515722222,0.005674825873565048,0
2020-10-21,8296.015595373661,-0.06810268949391118,0
2020-10-22,8090.033867133134,-0.02482899481956069,0
2020-10-23,8108.480811972191,0.0022802061328817125,0
2020-10-24,8123.7231014243935,0.0018797959575482803,0
2020-10-25,8196.790004498227,0.008994263118227375,0
2020-10-26,8323.917735035911,0.01550945314786878,0
2020-10-27,8006.383884569478,-0.03814716346005109,0
2020-10-28,8251.516341291937,0.030617125066273454,0
2020-10-29,8307.052288465564,0.006730392921324713,0
2020-10-30,8374.030206883646,0.00806277799780819,0
2020-10-31,8245.141359504663,-0.015391495396450017,0
2020-11-01,8112.206658671021,-0.016122792204211422,0
2020-11-02,8300.07676441612,0.023158939811313672,0
2020-11-03,8086.935741548997,-0.025679403807552292,0
2020-11-04,7885.068978363257,-0.024962083246017452,0
2020-11-05,8134.188717439083,0.03159385666243564,0
2020-11-06,7734.0014220932835,-0.049198181803654095,0
2020-11-07,7707.127197909989,-0.0034748150041095105,0
2020-11-08,8032.714104154162,0.04224491148043663,0
2020-11-09,8144.640558938183,0.013933827761420936,0
2020-11-10,8066.450529469585,-0.009600181727208335,0
2020-11-11,7835.388905146061,-0.028644770519495988,0
2020-11-12,7978.775103735426,0.01829981897837807,0
2020-11-13,7850.965590974396,-0.01601868847026322,0
2020-11-14,7905.022953078707,0.006885441220944477,0
2020-11-15,7808.732387850299,-0.012180934299615975,0
2020-11-16,7500.392566913313,-0.03948653963564375,0
2020-11-17,7097.776543833496,-0.053679326713629405,0
2020-11-18,7088.775269803227,-0.0012681822222325723,0
2020-11-19,7134.273368111506,0.006418329905603315,0
2020-11-20,7585.819770131791,0.06329255674987033,0
2020-11-21,7247.92353199299,-0.044543140804534365,0
2020-11-22,7128.895987752497,-0.016422295808598886,0
2020-11-23,6815.50992466487,-0.043959971309165846,0
2020-11-24,6676.335515906716,-0.020420248858341594,0
2020-11-25,6937.280491223655,0.03908506016440061,0
2020-11-26,6332.966348522143,-0.08711110116796195,0
2020-11-27,6312.7428167531025,-0.003193374266667215,0
2020-11-28,6523.161536409938,0.03333237639563191,0
2020-11-29,6189.906312452162,-0.05108799193422786,0
2020-11-30,5704.322412603498,-0.07844769780631733,0
2020-12-01,5974.433558845674,0.04735201250991272,0
2020-12-02,6092.770243003124,0.019807180545550196,0
2020-12-03,5950.240460525082,-0.023393263949468945,0
2020-12-04,6056.583094416123,0.0178719893080852,0
2020-12-05,6283.885697918687,0.03752984148968852,0
2020-12-06,6212.8927953561015,-0.011297612015142011,0
2020-12-07,6285.8326499175655,0.011740079374294554,0
2020-12-08,6606.28754894103,0.05098050121134978,0
2020-12-09,6741.499967038925,0.020467231723749313,0
2020-12-10,6865.2262602221845,0.018352932402016187,0
2020-12-11,6722.603233999664,-0.02077470149074223,0
2020-12-12,6999.5784229517285,0.041200585444528315,0
2020-12-13,6779.232003622676,-0.03147995579369944,0
2020-12-14,6810.3239873560815,0.004586357822949694,0
2020-12-15,6757.368385780066,-0.007775783013309168,0
2020-12-16,6134.571045074971,-0.0921656634875323,0
2020-12-17,6306.75678354694,0.028068097542077508,0
2020-12-18,6283.524394305661,-0.003683730011895703,0
2020-12-19,6154.415479208048,-0.020547213155504895,0
2020-12-20,6283.734727005669,0.021012433793998753,0
2020-12-21,6521.605228456748,0.037854955975270554,0
2020-12-22,6198.4758445166035,-0.04954752282922348,0
2020-12-23,6510.635524890065,0.05036071579590162,0
2020-12-24,6419.0458728023295,-0.014067697652186184,0
2020-12-25,6198.113366549864,-0.03441827814139209,0
2020-12-26,5910.521565175889,-0.046399893704116124,0
2020-12-27,5702.214988646992,-0.03524334937820295,0
2020-12-28,5589.55950497442,-0.019756442697595133,0
2020-12-29,5541.780388685338,-0.008547921575315698,0
2020-12-30,5304.314091159116,-0.04285018186773637,0
2020-12-31,5345.951734957309,0.007849769655909222,0
2021-01-01,5271.344515770012,-0.013955834786056664,0
2021-01-02,5170.542098368676,-0.019122714726721002,0
2021-01-03,4413.542951185578,-0.1464061471275776,0
2021-01-04,4330.788431646561,-0.018750133499162547,0
2021-01-05,4069.153063847931,-0.060412872142811214,0
2021-01-06,3692.1066584845257,-0.09265967621450377,0
2021-01-07,3526.9212772610913,-0.044740143366074125,0
2021-01-08,3480.486654317214,-0.013165766767535336,0
2021-01-09,3580.3041975634706,0.028679191492500866,0
2021-01-10,3691.0853104720463,0.030941815777543846,0
2021-01-11,3571.720817075776,-0.03233858969816261,0
2021-01-12,3573.492392789173,0.0004960006126255578,0
2021-01-13,3876.252688645639,0.08472392342779167,0
2021-01-14,3602.2553847990307,-0.07068613061506646,0
2021-01-15,3578.1284435092903,-0.006697732035200077,0
2021-01-16,3626.329160508756,0.013470929778080398,0
2021-01-17,3604.6009672838354,-0.005991787359389211,0
2021-01-18,3600.6184706423783,-0.0011048370340026592,0
2021-01-19,3477.069505775341,-0.03431326197829432,0
2021-01-20,3435.0085474775924,-0.012096668826402812,0
2021-01-21,3537.5216960975768,0.029843637127267675,0
2021-01-22,3842.618991229555,0.08624605623438208,0
2021-01-23,3783.3819195260166,-0.015415806729405568,0
2021-01-24,3543.015647880638,-0.0635321193466748,0
2021-01-25,3631.0393806327097,0.024844296921106013,0
2021-01-26,3569.766309667164,-0.016874802100017128,0
2021-01-27,3614.939338920095,0.012654337941001792,0
2021-01-28,3919.1595177797717,0.08415637174994961,0
2021-01-29,3890.0561015540516,-0.007425933058781808,0
2021-01-30,3886.1273984196287,-0.0010099348266091601,0
2021-01-31,4038.0394890903067,0.039090867358712034,0
2021-02-01,3909.207822442318,-0.0319045088578398,0
2021-02-02,3592.0779334846056,-0.0811238244068544,0
2021-02-03,3295.3116300506535,-0.08261688886745977,0
2021-02-04,3387.749138971084,0.02805121921625653,0
2021-02-05,3574.7399775296085,0.055196188055210316,0
2021-02-06,3570.699727181912,-0.0011302221624770459,0
2021-02-07,3650.887074829385,0.022457040292984454,0
2021-02-08,3129.8648663132008,-0.1427111268678538,0
2021-02-09,3105.2680450277826,-0.007858748647634695,0
2021-02-10,3178.620545802467,0.023621954598134653,0
2021-02-11,3019.571960567693,-0.050036983950413894,0
2021-02-12,2989.519046280102,-0.009952706767730413,0
2021-02-13,3009.269756950466,0.006606651559868837,0
2021-02-14,2970.756169212332,-0.012798316817287603,0
2021-02-15,3003.0728095802097,0.010878254062986814,0
2021-02-16,2957.054535873165,-0.015323728935322523,0
2021-02-17,2805.332907002303,-0.05130836345095058,0
2021-02-18,2747.233911115458,-0.02071019654809092,0
2021-02-19,2614.713141074989,-0.04823789103078657,0
2021-02-20,2639.9491364713404,0.009651535000117173,0
2021-02-21,2583.8377689547783,-0.021254715381207157,0
2021-02-22,2758.4554099763327,0.06758072937845139,0
2021-02-23,3041.234217536169,0.10251345971993175,0
2021-02-24,2967.2924048955083,-0.024313093748025816,0
2021-02-25,3169.2206328988964,0.0680513412396575,0
2021-02-26,3176.869130467721,0.0024133686021816647,0
2021-02-27,3150.3658835321658,-0.008342568059028999,0
2021-02-28,3153.9514514486145,0.0011381433296975274,0
2021-03-01,3135.3443515822673,-0.005899615182028528,0
2021-03-02,3176.4529673933453,0.013111355947340364,0
2021-03-03,3146.8261272461145,-0.009327019934295744,0
2021-03-04,3108.114931890159,-0.012301663260255502,0
2021-03-05,3125.6653032092345,0.005646628809959253,0
2021-03-06,2990.463646899033,-0.043255321090004406,0
2021-03-07,2852.604772892859,-0.04609949836679239,0
2021-03-08,2719.4882058588983,-0.046664917726743305,0
2021-03-09,2621.6557707375623,-0.03597457599211662,0
2021-03-10,2646.464958621951,0.009463175204504015,0
2021-03-11,2573.5975613205514,-0.027533860618106476,0
2021-03-12,2623.3831714368052,0.01934475337733388,0
2021-03-13,2411.4175273093165,-0.08079858346098823,0
2021-03-14,2497.5175267356044,0.03570513959163235,0
2021-03-15,2601.4530709505166,0.04161554147360147,0
2021-03-16,2558.338851344656,-0.01657312987395443,0
2021-03-17,2495.253221620824,-0.024658824881885533,0
2021-03-18,2550.125781627393,0.021990778142719103,0
2021-03-19,2530.272990365148,-0.007785024333025525,0
2021-03-20,2526.1763929930958,-0.0016190337515561426,0
2021-03-21,2521.896977211422,-0.0016940288863215303,0
2021-03-22,2661.7248627139716,0.05544551849900059,0
2021-03-23,2673.641741550734,0.004477126469266901,0
2021-03-24,2688.038719391972,0.005384781968913899,0
2021-03-25,2660.563624671024,-0.010221242172866685,0
2021-03-26,2847.090857025712,0.07010816453515623,0
2021-03-27,2809.8854248801545,-0.013067876655128985,0
2021-03-28,2782.938071813547,-0.009590196393063466,0
2021-03-29,2624.495271077212,-0.056933642304546006,0
2021-03-30,2577.2930410370464,-0.017985260084233845,0
2021-03-31,2517.4189538222045,-0.023231385124428794,0
2021-04-01,2480.511867911082,-0.014660684847504823,0
2021-04-02,2376.356992318323,-0.04198926719123941,0
2021-04-03,2264.272948280909,-0.04716633249959101,0
2021-04-04,2320.7569293384313,0.024945747419897524,0
2021-04-05,2280.3154631141624,-0.017425981029300375,0
2021-04-06,2295.6092839678386,0.006706888192035354,0
2021-04-07,2332.1689753629034,0.015925920691465922,0
2021-04-08,2441.5658493778637,0.04690778205637414,0
2021-04-09,2443.7449202857424,0.0008924891001542701,0
2021-04-10,2512.6170253065607,0.02818301715907623,0
2021-04-11,2523.501580878232,0.004331959650851758,0
2021-04-12,2529.9435648126127,0.0025527956800959206,0
2021-04-13,2699.1133030436863,0.06686700074418606,0
2021-04-14,2628.9186163195172,-0.026006572841908215,0
2021-04-15,2584.2921953480027,-0.016975200637436072,0
2021-04-16,2495.4836347039377,-0.03436475209882606,0
2021-04-17,2410.117549783692,-0.034208232718133336,0
2021-04-18,2285.8587875840467,-0.05155713762210379,0
2021-04-19,2233.1915679523136,-0.023040451981461985,0
2021-04-20,2300.4057797602595,0.030097826255710336,0
2021-04-21,2336.8532542526573,0.015843932758765833,0
2021-04-22,2307.403488399641,-0.01260231715424276,0
2021-04-23,2275.963754244063,-0.013625590111846497,0
2021-04-24,2174.2986345325753,-0.04466904164089136,0
2021-04-25,2201.281608179159,0.01240996669824268,0
2021-04-26,2186.964925845608,-0.006503794099017357,0
2021-04-27,2104.554261969532,-0.03768266372365858,0
2021-04-28,2136.3031044358004,0.015085779939242983,0
2021-04-29,2110.767042442203,-0.01195338898332099,0
2021-04-30,2194.305270501829,0.03957718989347603,0
2021-05-01,2256.501936562854,0.028344582176937028,0
2021-05-02,2278.0818359461805,0.009563430473362278,0
2021-05-03,2447.840586902006,0.07451828475921185,0
2021-05-04,2597.1273299480263,0.06098711813376623,0
2021-05-05,2809.777531533542,0.08187900498115797,0
2021-05-06,2844.062760732858,0.012202115226041865,0
2021-05-07,2857.9847044058315,0.004895090173532735,0
2021-05-08,3067.875090191434,0.07343999618403774,0
2021-05-09,3084.0427872998207,0.0052699984950748124,0
2021-05-10,3151.385007906295,0.021835695952011847,0
2021-05-11,3260.217913397022,0.0345349442285483,0
2021-05-12,3594.0934727661547,0.10240897027071627,0
2021-05-13,3549.0312260369137,-0.012537861652930027,0
2021-05-14,3706.774101385785,0.0444467420268424,0
2021-05-15,3391.152827996588,-0.08514715619470892,0
2021-05-16,3343.264458217066,-0.014121560486500706,0
2021-05-17,3301.917301091731,-0.012367300775058876,0
2021-05-18,3316.538089855415,0.0044279693979161205,0
2021-05-19,2613.2098612980735,-0.21206698355392717,0
2021-05-20,2922.068816750382,0.1181914089742826,0
2021-05-21,2857.4070480993682,-0.022128763114800276,0
2021-05-22,2779.5213732995308,-0.027257465768359412,0
2021-05-23,2550.31099674708,-0.08246397338558986,0
2021-05-24,3031.93578228247,0.18884943293178824,0
2021-05-25,3012.708144576456,-0.0063417034814434725,0
2021-05-26,3143.292781051982,0.043344602334151494,0
2021-05-27,3186.953095384797,0.01388999287498871,0
2021-05-28,2871.2699444141876,-0.09905484690934663,0
2021-05-29,2744.2296803960153,-0.04424532227118472,0
2021-05-30,2844.8007153236304,0.03664818424130667,0
2021-05-31,2965.9450847730286,0.04258448361491518,0
2021-06-01,3022.2369617080685,0.01897940633629358,0
2021-06-02,3021.953618283247,-9.375288185919928e-05,0
2021-06-03,3033.1407647314445,0.003701958355850854,0
2021-06-04,3032.3311944680795,-0.0002669082400588163,0
2021-06-05,2937.98189481178,-0.031114444170353917,0
2021-06-06,2991.327901616277,0.018157364039139035,0
2021-06-07,3146.0149927743723,0.05171184712799781,0
2021-06-08,3080.7076674488167,-0.02075874573883174,0
2021-06-09,2953.021811255147,-0.04144692388142379,0
2021-06-10,3054.674657258395,0.03442333057473834,0
2021-06-11,3004.164171666856,-0.016535471452423955,0
2021-06-12,3081.3223034605207,0.025683726782099736,0
2021-06-13,3014.9807566659065,-0.021530219905950276,0
2021-06-14,2908.707241090263,-0.035248488847127946,0
2021-06-15,2937.7535302373585,0.009985978903881865,0
2021-06-16,3099.8111177546393,0.05516377934679473,0
2021-06-17,3087.3390002711126,-0.004023508855778624,0
2021-06-18,3264.684955193483,0.05744298080217192,0
2021-06-19,3192.8358450092223,-0.022007976625726955,0
2021-06-20,3239.3642564019556,0.014572754019115175,0
2021-06-21,3674.191506305251,0.13423228000492582,0
2021-06-22,3713.7136915472533,0.01075670257638417,0
2021-06-23,3552.277701143538,-0.04347023055954968,0
2021-06-24,3474.2009328871927,-0.021979353762576315,0
2021-06-25,3780.4451215645763,0.08814809350214614,0
2021-06-26,3837.508950829112,0.015094473647833118,0
2021-06-27,3526.6914060263734,-0.08099461103161343,0
2021-06-28,3439.9169708784393,-0.024605054754622158,0
2021-06-29,3296.1212476666005,-0.04180209127987122,0
2021-06-30,3246.0141531033364,-0.015201835975765743,0
2021-07-01,3432.4952051427863,0.05744924182205602,0
2021-07-02,3450.56298138223,0.005263744057784514,0
2021-07-03,3340.6311042925445,-0.03185911333392011,0
2021-07-04,3232.9495063431496,-0.03223390868001841,0
2021-07-05,3388.3543608269906,0.04806906330548366,0
2021-07-06,3452.3367047218358,0.018883014313541002,0
2021-07-07,3468.619308043324,0.00471640072047963,0
2021-07-08,3262.4471494146123,-0.059439258194354916,0
2021-07-09,3326.7650429875503,0.019714616245807504,0
2021-07-10,3308.1076770682853,-0.005608260781323482,0
2021-07-11,3288.06764928506,-0.006057852325104918,0
2021-07-12,3422.28867668543,0.04082064048455769,0
2021-07-13,3357.7328379745854,-0.018863352805575828,0
2021-07-14,3393.7959251813636,0.01074030869845255,0
2021-07-15,3500.170828700937,0.03134393047333539,0
2021-07-16,3481.441914116337,-0.005350857287028776,0
2021-07-17,3489.0272078868284,0.002178779355684446,0
2021-07-18,3475.646146195647,-0.0038351841054532487,0
2021-07-19,3453.910606400996,-0.006253668779959698,0
2021-07-20,3475.5279782013995,0.006258810451069685,0
2021-07-21,3127.655636827377,-0.10009194101036933,0
2021-07-22,3092.235203593824,-0.011324914679380349,0
2021-07-23,2945.6265942337805,-0.04741185573130191,0
2021-07-24,2870.9589772232766,-0.025348636231309674,0
2021-07-25,2815.6007981455596,-0.01928212124133455,0
2021-07-26,2711.922717636894,-0.03682272024391775,0
2021-07-27,2831.2024200927754,0.04398344454292524,0
2021-07-28,2804.9966500095925,-0.009256056683620728,0
2021-07-29,2749.7747319364053,-0.019686981826876115,0
2021-07-30,2623.9744673460427,-0.045749298344076816,0
2021-07-31,2605.451000088554,-0.007059316882844557,0
2021-08-01,2562.685973230594,-0.016413675350834267,0
2021-08-02,2561.2717436220046,-0.0005518544306098994,0
2021-08-03,2635.5972141319626,0.02901897102290718,0
2021-08-04,2796.529940504366,0.06106119915041974,0
2021-08-05,2698.6873785808725,-0.03498713191171743,0
2021-08-06,2659.3166437411155,-0.014588846100603292,0
2021-08-07,2723.9985727294443,0.024322763195786523,0
2021-08-08,2807.0460862200935,0.030487355728470833,0
2021-08-09,2949.881280773852,0.050884520654983945,0
2021-08-10,2974.5797573812024,0.008372701901030899,0
2021-08-11,2975.9710777625414,0.00046773678799039153,0
2021-08-12,2880.51598829637,-0.032075274581612745,0
2021-08-13,3115.8818327632453,0.08170961224418627,0
2021-08-14,3161.930373701446,0.01477865445794646,0
2021-08-15,3174.319848435843,0.003918326234329195,0
2021-08-16,3282.1766367555174,0.033977920773428316,0
2021-08-17,3162.70121677406,-0.03640127671482074,0
2021-08-18,3158.819796601253,-0.0012272484521208549,0
2021-08-19,3314.790001378673,0.049376100828935066,0
2021-08-20,3270.2416173462716,-0.013439277907159375,0
2021-08-21,3250.46300173244,-0.006048059418276797,0
2021-08-22,3265.859706826349,0.0047367729107217205,0
2021-08-23,3293.630542308674,0.008503376744652735,0
2021-08-24,3152.799591582237,-0.042758575656066555,0
2021-08-25,3217.95330464642,0.020665351910771124,0
2021-08-26,3348.9658370896614,0.04071299986052379,0
2021-08-27,3519.9222120039058,0.05104751234572458,0
2021-08-28,3504.0676443803295,-0.004504238067962962,0
2021-08-29,3481.726266676435,-0.006375840871600924,0
2021-08-30,3415.162381120516,-0.019118069732535048,0
2021-08-31,3518.944567542281,0.030388653551435052,0
2021-09-01,3372.080482478087,-0.04173526528915106,0
2021-09-02,3369.010846379156,-0.0009103092630443621,0
2021-09-03,3456.3204465326417,0.025915499870628578,0
2021-09-04,3424.2136490271223,-0.009289299994660105,0
2021-09-05,3509.511770097577,0.02491028008567442,0
2021-09-06,3461.971348137732,-0.013546163989221482,0
2021-09-07,3430.089472830776,-0.00920916787023851,0
2021-09-08,3425.935723580665,-0.0012109740235676236,0
2021-09-09,3443.1632768859245,0.00502856874595814,0
2021-09-10,3271.2843107495164,-0.04991891244026603,0
2021-09-11,3307.1794244753355,0.01097278937445667,0
2021-09-12,3401.6562653916208,0.028567195422508185,0
2021-09-13,3376.3206513496866,-0.0074480229821273225,0
2021-09-14,3528.2820057666204,0.04500797468871531,0
2021-09-15,3391.5741165535355,-0.038746304572494394,0
2021-09-16,3420.4177409706062,0.008504494793815986,0
2021-09-17,3318.110607722833,-0.02991071295833647,0
2021-09-18,3364.3341461390237,0.013930680402457485,0
2021-09-19,3342.6126998097507,-0.006456387916818795,0
2021-09-20,3011.15801998642,-0.09916036034991305,0
2021-09-21,2819.211640767909,-0.06374503694076361,0
2021-09-22,3069.0487114102934,0.08861948036449396,0
2021-09-23,2979.2342427675576,-0.029264595348004185,0
2021-09-24,2936.544409806618,-0.014329129394432094,0
2021-09-25,2923.218799668831,-0.004537854116316575,0
2021-09-26,2969.8413142054237,0.01594903349071064,0
2021-09-27,3064.4311192667124,0.0318501209505182,0
2021-09-28,2955.5303679437257,-0.03553702044020668,0
2021-09-29,2992.0030029504637,0.01234047039486641,0
2021-09-30,2982.343944605127,-0.003228291661409366,0
2021-10-01,2675.786821076462,-0.10279066708023665,0
2021-10-02,2653.5576123035353,-0.008307541018526932,0
2021-10-03,2676.218962993591,0.008539988197348247,0
2021-10-04,2630.6238626443956,-0.01703713372473581,0
2021-10-05,2515.598950405913,-0.04372533598279438,0
2021-10-06,2395.7410094645293,-0.047645886051130515,0
2021-10-07,2428.815892155773,0.013805700432800938,0
2021-10-08,2419.965889966858,-0.003643751762946401,0
2021-10-09,2441.8371951166114,0.009037856789813281,0
2021-10-10,2389.133696797029,-0.02158354309000743,0
2021-10-11,2490.8998294134817,0.04259541136307465,0
2021-10-12,2536.2481728217394,0.01820560701509044,0
2021-10-13,2542.681803613278,0.002536672420499375,0
2021-10-14,2473.8818489867676,-0.027058027681144514,0
2021-10-15,2537.0307820537664,0.025526252635251323,0
2021-10-16,2536.2961538866457,-0.00028956218123854516,0
2021-10-17,2550.896914584793,0.005756725481672609,0
2021-10-18,2570.185481828533,0.0075614844070950316,0
2021-10-19,2563.5997031848947,-0.00256237485200983,0
2021-10-20,2430.5371227445175,-0.051904585678905546,0
2021-10-21,2387.834998903476,-0.01756900704845976,0
2021-10-22,2330.920970116532,-0.023834992289282875,0
2021-10-23,2395.3187637137153,0.027627617762589374,0
2021-10-24,2423.91466595188,0.011938244993259017,0
2021-10-25,2416.0682455518076,-0.0032370860700210446,0
2021-10-26,2489.9212917994673,0.03056745039533948,0
2021-10-27,2382.9240900942104,-0.042972122073758334,0
2021-10-28,2533.11688126755,0.06302877703813126,0
2021-10-29,2524.2665122732724,-0.003493865229720061,0
2021-10-30,2484.296718167563,-0.01583422111388455,0
2021-10-31,2458.4319805699315,-0.010411291617657303,0
2021-11-01,2455.3727185503576,-0.0012443956325627337,0
2021-11-02,2327.370552518051,-0.05213146055800377,0
2021-11-03,2325.6821904094027,-0.0007254376003089646,0
2021-11-04,2331.376857041045,0.0024486005246657783,0
2021-11-05,2303.586390997466,-0.01192019469509964,0
2021-11-06,2320.702589429734,0.007430239429768726,0
2021-11-07,2306.7032708816023,-0.0060323621871649635,0
2021-11-08,2273.720344563205,-0.014298729591600945,0
2021-11-09,2297.2858102953714,0.0103642762349887,0
2021-11-10,2232.6695964066776,-0.02812719845267575,0
2021-11-11,2248.5471566190263,0.007111468816479949,0
2021-11-12,2220.462909493047,-0.012489952475894461,0
2021-11-13,2215.8896278939947,-0.0020596072915698427,0
2021-11-14,2188.037136934413,-0.012569439654832038,0
2021-11-15,2201.2650731815693,0.006045572090101592,0
2021-11-16,2050.7432994822875,-0.06837966746173241,0
2021-11-17,2070.9535218997607,0.00985507177937639,0
2021-11-18,2196.971998882728,0.06085046122491722,0
2021-11-19,2297.1454538659327,0.0455961455285494,0
2021-11-20,2291.6724153760097,-0.0023825389379293904,0
2021-11-21,2268.506834690789,-0.010108591668595679,0
2021-11-22,2172.4248331729177,-0.04235473309956683,0
2021-11-23,2260.738937189015,0.04065231747839615,0
2021-11-24,2282.8779037955255,0.009792801036124121,0
2021-11-25,2310.320502127928,0.012021053901646095,0
2021-11-26,2532.406361353136,0.09612772730911368,0
2021-11-27,2568.2467734467373,0.01415270970747784,0
2021-11-28,2565.9620807417696,-0.0008895923587208809,0
2021-11-29,2505.2940040828917,-0.023643403429149612,0
2021-11-30,2466.2925217356433,-0.015567626906737297,0
2021-12-01,2444.210440074259,-0.008953553346479737,0
2021-12-02,2405.690717293306,-0.015759577059896168,0
2021-12-03,2384.135266973766,-0.00896019183371688,0
2021-12-04,2253.4403028063216,-0.054818602777240266,0
2021-12-05,2265.4267450468305,0.005319174519769376,0
2021-12-06,2278.080295556986,0.005585504160671606,0
2021-12-07,2259.8835258898825,-0.007987764831026034,0
2021-12-08,2292.6458438518357,0.014497348021089707,0
2021-12-09,2269.5922405000238,-0.010055457720883787,0
2021-12-10,2198.7562083306684,-0.03121090692209505,0
2021-12-11,2300.9933135139945,0.04649769937929871,0
2021-12-12,2292.6914893435037,-0.003607930593163111,0
2021-12-13,2268.9438839879504,-0.010357959396601335,0
2021-12-14,2327.743010328136,0.025914755651355703,0
2021-12-15,2262.468312946592,-0.028042054939880212,0
2021-12-16,2304.2814400979178,0.018481199012625904,0
2021-12-17,2239.5552375345756,-0.02808953864619579,0
2021-12-18,2276.8902056163333,0.016670706511734856,0
2021-12-19,2286.823630691554,0.004362715887976654,0
2021-12-20,2294.397672074636,0.003312035646925393,0
2021-12-21,2221.6658560068154,-0.03169974279221399,0
2021-12-22,2234.1488484741726,0.005618753348351824,0
2021-12-23,2318.7740985435257,0.03787807160975354,0
2021-12-24,2296.71214659817,-0.009514489556879835,0
2021-12-25,2296.8348121714907,5.3409206505206086e-05,0
2021-12-26,2292.627174719795,-0.0018319286303909443,0
2021-12-27,2282.7543310500687,-0.004306345043185278,0
2021-12-28,2280.8119428389073,-0.0008508967367801823,0
2021-12-29,2202.051201996056,-0.03453188724749412,0
2021-12-30,2237.5715350927567,0.016130566384879197,0
2021-12-31,2245.08481119742,0.003357781410260996,0
2022-01-01,2304.8021847267423,0.026599161524535786,0
2022-01-02,2291.981593944009,-0.005562555809644598,0
2022-01-03,2326.894404742913,0.015232587770841022,0
2022-01-04,2332.161826298146,0.002263713189776251,0
2022-01-05,2192.266411054915,-0.059985295045021814,0
2022-01-06,2137.9009499605636,-0.024798747460711534,0
2022-01-07,2031.4591568185251,-0.04978799094691544,0
2022-01-08,1993.2356948330284,-0.018815766911779108,0
2022-01-09,2008.1522631170928,0.007483594801523941,0
2022-01-10,2027.6512421006835,0.009709910618691753,0
2022-01-11,1950.3333720407863,-0.03813174004213582,0
2022-01-12,1880.3585677629296,-0.035878381245477375,0
2022-01-13,1942.341190480226,0.0329631931802441,0
2022-01-14,1970.2714345307309,0.014379679629612063,0
2022-01-15,1960.6119117948965,-0.004902635528558519,0
2022-01-16,1963.365124108821,0.0014042617497942445,0
2022-01-17,1939.4967183390954,-0.01215688588772279,0
2022-01-18,1917.508485283116,-0.011337081856374165,0
2022-01-19,1906.7707218341307,-0.005599851855362159,0
2022-01-20,1855.4847255730322,-0.026896781911863177,0
2022-01-21,1621.9343992472127,-0.12587025002520125,0
2022-01-22,1539.5062263902828,-0.05082090428268071,0
2022-01-23,1602.8647395341823,0.04115508729864481,0
2022-01-24,1622.288607265024,0.012118220116618561,0
2022-01-25,1619.1646244742044,-0.001925664013683881,0
2022-01-26,1618.214422043833,-0.0005868473260894902,0
2022-01-27,1610.3371588846,-0.004867873535130074,0
2022-01-28,1635.4902331757523,0.015619756491599857,0
2022-01-29,1604.6082920870626,-0.01888237573190754,0
2022-01-30,1607.7978362043798,0.001987740019197215,0
2022-01-31,1618.7797820838477,0.006830427079932866,0
2022-02-01,1580.8141487207984,-0.02345324162263529,0
2022-02-02,1584.5079873269594,0.0023366684876588995,0
2022-02-03,1595.0506546607317,0.006653590526582098,0
2022-02-04,1589.5302024153175,-0.0034609886709763282,0
2022-02-05,1594.9692917810353,0.003421821968184746,0
2022-02-06,1584.0286277793343,-0.006859482535544026,0
2022-02-07,1575.8171491280518,-0.005183920610572712,0
2022-02-08,1563.543475284478,-0.007788767783346695,0
2022-02-09,1586.7422696827161,0.01483731969398372,0
2022-02-10,1557.7991971254191,-0.018240563140152877,0
2022-02-11,1498.2743545980923,-0.03821085710993244,0
2022-02-12,1490.6142371783171,-0.005112626666983089,0
2022-02-13,1478.733947328505,-0.007970063315845599,0
2022-02-14,1482.6529035976719,0.0026502105238381812,0
2022-02-15,1509.0457515353205,0.017801096853893528,0
2022-02-16,1532.247029241974,0.015374800719625714,0
2022-02-17,1414.4730635587937,-0.07686356275165684,0
2022-02-18,1375.0431495838066,-0.02787604443719982,0
2022-02-19,1370.4969717458184,-0.0033062074011016573,0
2022-02-20,1361.9333195215029,-0.006248574349935754,0
2022-02-21,1321.0620798246093,-0.030009721556157443,0
2022-02-22,1358.001241503367,0.027961715231173745,0
2022-02-23,1387.5818472807591,0.02178245856730232,0
2022-02-24,1409.551653207395,0.015833160378748268,0
2022-02-25,1470.0546893569829,0.04292360341099588,0
2022-02-26,1472.3593842735954,0.0015677613447298011,0
2022-02-27,1400.039643749671,-0.04911826643438966,0
2022-02-28,1580.032971857076,0.12856302241937656,0
2022-03-01,1539.0371945760924,-0.02594615303046477,0
2022-03-02,1537.9351285734388,-0.0007160749633196017,0
2022-03-03,1480.4692528344358,-0.037365604485741444,0
2022-03-04,1364.9835637400126,-0.07800613817093449,0
2022-03-05,1378.054971849418,0.009576238466630471,0
2022-03-06,1422.166843347283,0.03201024080967141,0
2022-03-07,1394.8597148061658,-0.019201072412042608,0
2022-03-08,1429.6869752688226,0.02496828899205572,0
2022-03-09,1325.8012324741433,-0.07266327846005993,0
2022-03-10,1334.0972470564946,0.006257359232401338,0
2022-03-11,1307.2632919195062,-0.020113942365291515,0
2022-03-12,1309.2704564989451,0.001535394278907365,0
2022-03-13,1276.0383346392741,-0.025382167370166853,0
2022-03-14,1324.364069431882,0.037871695137018824,0
2022-03-15,1321.2655369582849,-0.0023396379780419307,0
2022-03-16,1327.3365435216392,0.004594842136979249,0
2022-03-17,1318.98272265273,-0.00629367202288067,0
2022-03-18,1359.8699419765685,0.030999056031307592,0
2022-03-19,1352.961074762923,-0.005080535277957043,0
2022-03-20,1345.1169968736908,-0.005797711431281716,0
2022-03-21,1345.1895931921263,5.397026325892895e-05,0
2022-03-22,1338.8987097386607,-0.004676577551077643,0
2022-03-23,1359.6126415775848,0.015470872955704928,0
2022-03-24,1356.2836240129109,-0.0024485044216794316,0
2022-03-25,1356.921349901104,0.00047020097928052174,0
2022-03-26,1366.8719439248662,0.007333213545860584,0
2022-03-27,1361.4833261706785,-0.0039422988950337245,0
2022-03-28,1362.4338305912931,0.0006981388624773821,0
2022-03-29,1378.292777576587,0.011640159418539353,0
2022-03-30,1367.5125921120352,-0.007821404595550696,0
2022-03-31,1321.4242763538914,-0.033702297166392725,0
2022-04-01,1365.1800331552085,0.033112572233082505,0
2022-04-02,1367.4458764433398,0.0016597395457758068,0
2022-04-03,1389.3659834085192,0.016029963117949908,0
2022-04-04,1388.9819426454994,-0.00027641439880199403,0
2022-04-05,1380.4804595805124,-0.006120657730650403,0
2022-04-06,1294.4931860514557,-0.06228793238781927,0
2022-04-07,1308.2303466331741,0.010611999143556927,0
2022-04-08,1280.9059778822038,-0.020886511936748398,0
2022-04-09,1299.4577420198425,0.014483314511742229,0
2022-04-10,1295.1185512079164,-0.003339231951614896,0
2022-04-11,1207.391358270549,-0.0677368051407703,0
2022-04-12,1223.2157321051668,0.013106250700091415,0
2022-04-13,1186.283066763727,-0.03019309216852395,0
2022-04-14,1219.8900638226178,0.02832966093882905,0
2022-04-15,1230.7351118623942,0.00889018474811798,0
2022-04-16,1234.9369745269323,0.003414108059515586,0
2022-04-17,1229.0838357292528,-0.004739625518072832,0
2022-04-18,1258.1027191096036,0.02361017412871025,0
2022-04-19,1235.6257457566776,-0.01786576963193731,0
2022-04-20,1240.53957125718,0.003976791125773316,0
2022-04-21,1232.8794519832493,-0.00617482864022445,0
2022-04-22,1214.569500968196,-0.014851371710023487,0
2022-04-23,1202.287430925323,-0.010112282609667456,0
2022-04-24,1197.7898538037753,-0.0037408501543479966,0
2022-04-25,1198.3292437281107,0.0004503209996498114,0
2022-04-26,1269.812503701809,0.05965243721442315,0
2022-04-27,1304.1007548370283,0.027002609468138594,0
2022-04-28,1282.4809886676444,-0.016578294345121813,0
2022-04-29,1235.5914890540375,-0.03656155531967753,0
2022-04-30,1198.1264565682843,-0.030321536541528138,0
2022-05-01,1230.8173112654335,0.027284978574618535,0
2022-05-02,1234.594708125614,0.0030690150565861885,0
2022-05-03,1228.9978906672618,-0.004533323706570447,0
2022-05-04,1229.8628817556905,0.0007038182042435892,0
2022-05-05,1316.667797156657,0.07058097019486276,0
2022-05-06,1291.4170212101549,-0.01917778805028192,0
2022-05-07,1285.039575942193,-0.0049383314322322125,0
2022-05-08,1280.582738022877,-0.003468249540912627,0
2022-05-09,1279.028167781686,-0.0012139553306732553,0
2022-05-10,1329.1380694232002,0.03917810639653352,0
2022-05-11,1440.8349946887456,0.08403711234756672,0
2022-05-12,1393.357995799546,-0.032951031217461346,0
2022-05-13,1402.2236313144538,0.006362783679165318,0
2022-05-14,1435.1187196485537,0.023459231180738227,0
2022-05-15,1371.8326470893303,-0.0440981444202202,0
2022-05-16,1440.203348958787,0.049838952305532036,0
2022-05-17,1447.6592203239197,0.00517695738627677,0
2022-05-18,1547.1145256362388,0.06870077150481979,0
2022-05-19,1629.6045538138642,0.053318630787014376,0
2022-05-20,1681.1940467414206,0.03165767597225866,0
2022-05-21,1692.0362929186879,0.006449134291358183,0
2022-05-22,1693.7093533061152,0.0009887851663874514,0
2022-05-23,1694.9081530959993,0.0007077954594416624,0
2022-05-24,1710.3234409801603,0.00909505795697707,0
2022-05-25,1694.6280457846833,-0.009176857908514746,0
2022-05-26,1616.306552701858,-0.046217512614432854,0
2022-05-27,1599.9819670992165,-0.010099931584978683,0
2022-05-28,1638.3517747482838,0.023981400064547076,0
2022-05-29,1632.8425847259591,-0.0033626417154344335,0
2022-05-30,1650.2573916761974,0.010665331191837435,0
2022-05-31,1669.0597453558032,0.011393588524095666,0
2022-06-01,1665.294890976274,-0.0022556738247417885,0
2022-06-02,1687.7146637152464,0.013462944527397713,0
2022-06-03,1678.462016528858,-0.005482352784694111,0
2022-06-04,1693.9687621200683,0.009238663394527613,0
2022-06-05,1684.8128487358313,-0.005405007216767066,0
2022-06-06,1661.2498872492451,-0.013985506760745614,0
2022-06-07,1662.9923941471734,0.00104891317754352,0
2022-06-08,1662.1569212532493,-0.0005023912898607374,0
2022-06-09,1657.1793426245365,-0.002994650243347441,0
2022-06-10,1569.0648195478468,-0.05317138634925256,0
2022-06-11,1475.6654729279583,-0.059525486427516205,0
2022-06-12,1364.6003990042182,-0.07526439830795062,0
2022-06-13,1154.4032191127924,-0.15403570161991142,0
2022-06-14,1155.9379925099263,0.0013294950773903302,0
2022-06-15,1187.411340301674,0.02722753988162352,0
2022-06-16,1325.7676911633366,0.11651931067671262,0
2022-06-17,1345.737871241251,0.015063106614395583,0
2022-06-18,1241.2096051152319,-0.07767357102732553,0
2022-06-19,1388.494153480402,0.11866210812274258,0
2022-06-20,1389.4881848310347,0.0007159060397488037,0
2022-06-21,1337.8910344902306,-0.03713392521367742,0
2022-06-22,1317.7633257217706,-0.015044355817907973,0
2022-06-23,1395.5625058036617,0.05903881111524978,0
2022-06-24,1379.0443944238136,-0.011836167359867367,0
2022-06-25,1366.6993488824237,-0.008951884066464633,0
2022-06-26,1387.0338213763853,0.014878526510303525,0
2022-06-27,1381.156355460536,-0.0042374351838205815,0
2022-06-28,1409.0742761999127,0.020213439723171467,0
2022-06-29,1409.4571568759281,0.00027172497751370983,0
2022-06-30,1411.4854111024338,0.0014390321952042484,0
2022-07-01,1419.7840037598212,0.005879332929772163,0
2022-07-02,1421.379338068753,0.0011236457832368707,0
2022-07-03,1424.3154296751422,0.002065663632326631,0
2022-07-04,1417.6024445890953,-0.0047131309162170565,0
2022-07-05,1439.1579149532593,0.015205582105504822,0
2022-07-06,1459.310909641317,0.01400332408185534,0
2022-07-07,1425.7090024958402,-0.023025872638570144,0
2022-07-08,1424.931795589147,-0.0005451371249901582,0
2022-07-09,1426.2881671676478,0.0009518852640522102,0
2022-07-10,1405.8612204123817,-0.01432175294269622,0
2022-07-11,1315.9090547021194,-0.06398367378244962,0
2022-07-12,1290.7306340958226,-0.01913386074541179,0
2022-07-13,1284.5380801228157,-0.004797712093774553,0
2022-07-14,1240.9716809019817,-0.03391600443380283,0
2022-07-15,1250.0874257249225,0.007345650963054284,0
2022-07-16,1292.2782781266123,0.03375032140429979,0
2022-07-17,1301.3652709813184,0.007031761663501168,0
2022-07-18,1380.4704168786802,0.06078627397034442,0
2022-07-19,1359.5040811648923,-0.015187819642809797,0
2022-07-20,1347.0019171960982,-0.009196120954695242,0
2022-07-21,1358.1693114836135,0.008290555599772986,0
2022-07-22,1336.9352308595116,-0.015634339875421288,0
2022-07-23,1337.854190566574,0.0006873629221899602,0
2022-07-24,1343.8631273409865,0.004491473597632911,0
2022-07-25,1359.9912588469238,0.012001320058426579,0
2022-07-26,1363.2063214033992,0.0023640317800288635,0
2022-07-27,1299.7656834341967,-0.0465378108750929,0
2022-07-28,1245.011439755557,-0.042126241965374844,0
2022-07-29,1241.2359409813307,-0.0030325012716088118,0
2022-07-30,1235.9210336374324,-0.004281947668785979,0
2022-07-31,1213.6175965842685,-0.018046004919523684,0
2022-08-01,1201.5619194762967,-0.009933670327377131,0
2022-08-02,1215.6734928896587,0.011744358059809779,0
2022-08-03,1217.729572969723,0.0016913094610435664,0
2022-08-04,1215.905485530912,-0.0014979413157901744,0
2022-08-05,1273.8995646708227,0.04769620651442996,0
2022-08-06,1296.66113168889,0.017867630737395723,0
2022-08-07,1298.7717426230995,0.001627727462965245,0
2022-08-08,1320.6029755647614,0.016809137606866864,0
2022-08-09,1331.0541867211432,0.00791396911089981,0
2022-08-10,1368.842727431461,0.02838993414941604,0
2022-08-11,1362.1379354474689,-0.004898146331663189,0
2022-08-12,1378.1278945207648,0.01173886921227485,0
2022-08-13,1366.576486380683,-0.008381956555707504,0
2022-08-14,1295.6896255700246,-0.05187185753385748,0
2022-08-15,1308.336143403123,0.009760453108154543,0
2022-08-16,1238.7527365782748,-0.053184655316373286,0
2022-08-17,1268.2550351812697,0.02381613192999854,0
2022-08-18,1237.2408662248745,-0.024454205263188533,0
2022-08-19,1101.7488684496104,-0.10951141485382987,0
2022-08-20,1106.0768256235453,0.003928261056465043,0
2022-08-21,1120.5681158316415,0.01310152231055639,0
2022-08-22,1120.0327925880765,-0.0004777248575984494,0
2022-08-23,1113.2170584082428,-0.006085298774230141,0
2022-08-24,1120.9841224047848,0.006977133469054042,0
2022-08-25,1119.4733687591092,-0.0013477029830133436,0
2022-08-26,1106.3365583277996,-0.011734812812806084,0
2022-08-27,1096.498699965825,-0.008892283535169798,0
2022-08-28,1091.4755916477666,-0.0045810435691486795,0
2022-08-29,1122.7072165951254,0.0286141304362193,0
2022-08-30,1149.4837982600563,0.02385001295897715,0
2022-08-31,1160.644661136489,0.009709456447604126,0
2022-09-01,1145.533440813377,-0.013019678484813224,0
2022-09-02,1147.1303508755364,0.0013940318154532783,0
2022-09-03,1145.0795392500106,-0.0017877755775187465,0
2022-09-04,1137.7784181328748,-0.006376082068427991,0
2022-09-05,1133.2151036048456,-0.004010723402117056,0
2022-09-06,1149.044126689238,0.013968242246365392,0
2022-09-07,1188.1923955996626,0.03407029199411449,0
2022-09-08,1185.4285904185244,-0.0023260586344211465,0
2022-09-09,1226.387509692958,0.034551992085809946,0
2022-09-10,1237.8074332670515,0.009311839433975067,0
2022-09-11,1247.125344884808,0.007527755422475524,0
2022-09-12,1265.8573706550008,0.015020162846520302,0
2022-09-13,1299.1241805535046,0.026280061774487606,0
2022-09-14,1326.3752014821443,0.020976455781947845,0
2022-09-15,1398.6413284390503,0.05448392496795251,0
2022-09-16,1400.850715683736,0.0015796667807261855,0
2022-09-17,1415.8603300462046,0.01071464232014363,0
2022-09-18,1509.1356630857676,0.06587890843478839,0
2022-09-19,1534.6568166401153,0.01691110625678527,0
2022-09-20,1567.8678018604883,0.021640659240730553,0
2022-09-21,1595.3531548082715,0.01753040206270451,0
2022-09-22,1676.496493022833,0.050862304669033076,0
2022-09-23,1634.4374986836071,-0.025087433534316972,0
2022-09-24,1619.2946081925397,-0.009264894193423578,0
2022-09-25,1587.422532039399,-0.01968269145829893,0
2022-09-26,1612.9419076927572,0.016075981749215096,0
2022-09-27,1623.0906579235216,0.006292074241707635,0
2022-09-28,1625.8087569763784,0.001674644013005544,0
2022-09-29,1631.603223915511,0.0035640519921353864,0
2022-09-30,1643.223980834381,0.007122293428044824,0
2022-10-01,1620.4917861367467,-0.01383389906839827,0
2022-10-02,1584.1824061833781,-0.022406395554728564,0
2022-10-03,1625.90357423879,0.026336088503802202,0
2022-10-04,1538.0642885416023,-0.05402490472924393,0
2022-10-05,1551.5997662418204,0.008800332860632532,0
2022-10-06,1533.116638002479,-0.011912304088643855,0
2022-10-07,1502.5878787963227,-0.019912874499837585,0
2022-10-08,1485.3698427723918,-0.011458921149905543,0
2022-10-09,1484.2364194641777,-0.0007630579776001234,0
2022-10-10,1464.4897577671195,-0.013304256274877635,0
2022-10-11,1463.4174141616538,-0.0007322301844573387,0
2022-10-12,1449.3087485124277,-0.00964090321236788,0
2022-10-13,1442.7635822071913,-0.004516060716499681,0
2022-10-14,1423.9131622118516,-0.013065494740657102,0
2022-10-15,1410.2440399419959,-0.0095996881218674,0
2022-10-16,1426.6434590934384,0.01162878103857623,0
2022-10-17,1416.4138152564947,-0.007170427741942098,0
2022-10-18,1428.2085135797881,0.008327155663302888,0
2022-10-19,1438.4884662346,0.007197795389866091,0
2022-10-20,1440.8406523044391,0.0016351789569757358,0
2022-10-21,1434.1629239863646,-0.004634605712570905,0
2022-10-22,1428.297305784411,-0.004089924585171656,0
2022-10-23,1392.7672088933446,-0.024875841148179978,0
2022-10-24,1410.1506749238995,0.012481243038718226,0
2022-10-25,1356.539105154972,-0.03801832720593534,0
2022-10-26,1236.456429149403,-0.08852135227745661,0
2022-10-27,1262.5298131213826,0.02108718379176233,0
2022-10-28,1315.9376205442609,0.04230221486084096,0
2022-10-29,1534.4532396267025,0.16605317430781064,0
2022-10-30,1534.991777063653,0.00035096373290688376,0
2022-10-31,1483.448188367504,-0.033579065025839294,0
2022-11-01,1541.8285032388699,0.03935446841295609,0
2022-11-02,1602.733403144231,0.03950173432221549,0
2022-11-03,1584.724923133322,-0.011236104504704358,0
2022-11-04,1660.7476024662246,0.047972161113356115,0
2022-11-05,1663.0597718532526,0.0013922461086768312,0
2022-11-06,1586.8463517553814,-0.04582722845429765,0
2022-11-07,1559.703687256398,-0.017104784259016625,0
2022-11-08,1320.920647606562,-0.1530951305692354,0
2022-11-09,1111.3349542335236,-0.1586663769339941,0
2022-11-10,1290.0190273225362,0.16078327457292052,0
2022-11-11,1326.4313346883023,0.0282261785249327,0
2022-11-12,1322.1524957368258,-0.00322582770745683,0
2022-11-13,1278.676579315992,-0.0328826792378476,0
2022-11-14,1271.2878783332517,-0.005778397056973472,0
2022-11-15,1263.898417742713,-0.005812578501280696,0
2022-11-16,1287.6404425155633,0.018784757097214166,0
2022-11-17,1276.4651230626698,-0.008678913059814386,0
2022-11-18,1278.6218251557586,0.0016895895188377974,0
2022-11-19,1277.185600210091,-0.0011232601519942653,0
2022-11-20,1275.756192583809,-0.0011191855170046283,0
2022-11-21,1234.3284560606123,-0.03247308283825956,0
2022-11-22,1233.0530219943364,-0.0010333020032176066,0
2022-11-23,1188.3689058394057,-0.03623860073969798,0
2022-11-24,1182.3630680144677,-0.005053849688784751,0
2022-11-25,1215.8001731194004,0.028279896429007412,0
2022-11-26,1216.7882156694059,0.0008126685386715682,0
2022-11-27,1165.3668778655028,-0.04225989136130315,0
2022-11-28,1163.7593506753824,-0.0013794172639133295,0
2022-11-29,1125.0692629889804,-0.03324578029293457,0
2022-11-30,1062.8568281180412,-0.055296537659965006,0
2022-12-01,1086.4278603498178,0.022177053021819493,0
2022-12-02,1093.5982222837083,0.00659994298340405,0
2022-12-03,1103.0086086646138,0.008604975930972314,0
2022-12-04,1101.2332959578537,-0.001609518450549019,0
2022-12-05,1117.0524021323447,0.014364900001258674,0
2022-12-06,1118.9784522595942,0.0017242254021143655,0
2022-12-07,1150.8568616216612,0.028488850073648653,0
2022-12-08,1183.7308985215202,0.028564835468362748,0
2022-12-09,1196.1650887297499,0.010504237258451177,0
2022-12-10,1193.444867497336,-0.0022741185627668248,0
2022-12-11,1174.170450776584,-0.016150236383495997,0
2022-12-12,1181.0878430405164,0.005891301607324095,0
2022-12-13,1155.3125722218806,-0.021823330898302684,0
2022-12-14,1168.409869711234,0.011336583539608647,0
2022-12-15,1129.3750079687857,-0.033408534756810604,0
2022-12-16,1041.5462683326232,-0.07776756083360215,0
2022-12-17,1064.7707552055667,0.022298084664181816,0
2022-12-18,1068.1009035504383,0.0031275730748527852,0
2022-12-19,1096.7959074619573,0.026865442970916753,0
2022-12-20,1107.4792022688794,0.009740458306088717,0
2022-12-21,1113.396483285012,0.005343017732531541,0
2022-12-22,1094.3225036757653,-0.017131345298460054,0
2022-12-23,1090.9975447902639,-0.0030383720286598637,0
2022-12-24,1088.6895937195143,-0.0021154502883811155,0
2022-12-25,1094.5492432166527,0.005382295863707975,0
2022-12-26,1089.2985729122552,-0.004797107427498615,0
2022-12-27,1106.2845729260175,0.015593520854755294,0
2022-12-28,1123.9468784322498,0.015965426924030135,0
2022-12-29,1123.535671990884,-0.00036585932062849214,0
2022-12-30,1135.6285409984491,0.010763226579300955,0
2022-12-31,1143.543678523543,0.006969829692845542,0
2023-01-01,1144.5507915064368,0.0008806948101836021,0
2023-01-02,1130.49314157694,-0.01228224211089346,0
2023-01-03,1133.0431026660742,0.002255618362776879,0
2023-01-04,1107.712690794462,-0.022356088494788207,0
2023-01-05,1114.9733898987956,0.006554677187210034,0
2023-01-06,1105.5802058404618,-0.008424581378741691,0
2023-01-07,1103.7467543328735,-0.0016583613725197344,0
2023-01-08,1105.986873053262,0.0020295586026364276,0
2023-01-09,1086.196586931914,-0.017893780300225037,0
2023-01-10,1075.1676872188955,-0.01015368658464566,0
2023-01-11,1067.6245993130776,-0.007015731588185359,0
2023-01-12,1067.262472058996,-0.000339189687381225,0
2023-01-13,1113.4327039127206,0.043260428491082914,0
2023-01-14,1143.3759317940057,0.026892714553884867,0
2023-01-15,1135.2080519008891,-0.007143652114751875,0
2023-01-16,1134.2767733467858,-0.0008203593628004491,0
2023-01-17,1124.8181305127748,-0.00833891961492117,0
2023-01-18,1114.7494294104013,-0.008951403635166777,0
2023-01-19,1137.0183296507291,0.01997659711932398,0
2023-01-20,1211.0914252301695,0.0651467910831256,0
2023-01-21,1210.247105504648,-0.0006971560593462822,0
2023-01-22,1223.8670699666652,0.01125387071786288,0
2023-01-23,1223.8116558052993,-4.5277924968889494e-05,0
2023-01-24,1255.3899287926101,0.025803213131297964,0
2023-01-25,1289.1302163435253,0.026876340790279674,0
2023-01-26,1281.8844831410966,-0.0056206371633894525,0
2023-01-27,1284.250853402298,0.001846008975319613,0
2023-01-28,1276.6095534557178,-0.005950005737848207,0
2023-01-29,1295.784819312983,0.015020462447079996,0
2023-01-30,1305.6995881010673,0.007651554980665054,0
2023-01-31,1275.8867124388494,-0.022832875137516195,0
2023-02-01,1278.9100524572243,0.002369599110093379,0
2023-02-02,1258.1186303068048,-0.01625714186112781,0
2023-02-03,1268.9595902536016,0.008616802649328292,0
2023-02-04,1253.0191388820076,-0.012561827416748828,0
2023-02-05,1250.2662605313253,-0.0021969962511015906,0
2023-02-06,1229.9492703443714,-0.0162501307348083,0
2023-02-07,1264.3024314334903,0.027930551216555743,0
2023-02-08,1272.8432961720266,0.0067553969099407585,0
2023-02-09,1181.0545058023968,-0.07211318993129567,0
2023-02-10,1164.946507723937,-0.013638657656630526,0
2023-02-11,1180.2490029197374,0.013135792153837533,0
2023-02-12,1183.3019526397297,0.002586699681541571,0
2023-02-13,1178.1467164309995,-0.00435665317481293,0
2023-02-14,1163.26660652666,-0.01263009920310798,0
2023-02-15,1142.0841479372575,-0.018209461589076548,0
2023-02-16,1154.588285433125,0.010948525569198786,0
2023-02-17,1195.6239208113086,0.03554135781205314,0
2023-02-18,1199.0269682149928,0.00284625235782765,0
2023-02-19,1196.5670368315973,-0.0020516063846818255,0
2023-02-20,1215.340706537789,0.0156896096318202,0
2023-02-21,1209.444044542043,-0.0048518592062501975,0
2023-02-22,1199.0026561502887,-0.008633213284131691,0
2023-02-23,1188.80897192715,-0.008501802869952058,0
2023-02-24,1148.3542218202736,-0.03402964737160097,0
2023-02-25,1141.9446349118261,-0.005581541641643928,0
2023-02-26,1164.2083090318922,0.019496281552901396,0
2023-02-27,1166.7857986817967,0.002213941980922396,0
2023-02-28,1154.6224766541698,-0.01042464010220956,0
2023-03-01,1169.8516254779024,0.013189721429867962,0
2023-03-02,1175.6386611611538,0.0049468116786923755,0
2023-03-03,1118.2583234350789,-0.04880780091852499,0
2023-03-04,1104.7177636268427,-0.012108615267572564,0
2023-03-05,1105.2061767083435,0.00044211571279273443,0
2023-03-06,1102.98638119933,-0.0020084899594252636,0
2023-03-07,1102.0418339100113,-0.0008563544440971516,0
2023-03-08,1113.5240423867697,0.010419031404660828,0
2023-03-09,1038.662443621848,-0.0672294408699613,0
2023-03-10,1029.2750158287713,-0.009037996753153532,0
2023-03-11,1023.3084491962869,-0.005796863365696403,0
2023-03-12,1045.033642611178,0.02123034695155135,0
2023-03-13,977.7718154653026,-0.06436331272341755,0
2023-03-14,970.5457507519681,-0.00739033852177029,0
2023-03-15,975.7407325158699,0.005352639749210075,0
2023-03-16,1001.8219897487753,0.0267297001793263,0
2023-03-17,1026.6405383800998,0.02477341172911185,0
2023-03-18,1028.4605926906663,0.0017728252903770336,0
2023-03-19,1051.641857568813,0.022539769674110532,0
2023-03-20,1051.926243954429,0.00027042132601451385,0
2023-03-21,1042.9907845782845,-0.00849437822042931,0
2023-03-22,1056.00317618261,0.012476036985875183,0
2023-03-23,1100.3848433917274,0.042027967538463606,0
2023-03-24,1061.1529016255906,-0.03565292815667265,0
2023-03-25,1055.3834065876717,-0.005437006324989113,0
2023-03-26,1068.060803903461,0.012012124917501366,0
2023-03-27,1050.8079809561013,-0.01615340894854056,0
2023-03-28,1066.8711891373634,0.015286530434082346,0
2023-03-29,1066.5947805627097,-0.0002590833621416433,0
2023-03-30,1075.163442897998,0.008033662353726934,0
2023-03-31,1097.5918375226283,0.02086045128559877,0
2023-04-01,1072.1684078285332,-0.023162917967282204,0
2023-04-02,1073.7243121300044,0.0014511752912234055,0
2023-04-03,1147.0070292834887,0.06825096193277913,0
2023-04-04,1166.1345229979072,0.01667600391809887,0
2023-04-05,1166.0710647006276,-5.4417647388116386e-05,0
2023-04-06,1124.2738736089796,-0.03584446296365218,0
2023-04-07,1104.834953522538,-0.017290199961724317,0
2023-04-08,1096.391181741829,-0.007642563944766256,0
2023-04-09,1109.656252431491,0.012098848395139417,0
2023-04-10,1128.0786812712552,0.01660192406377803,0
2023-04-11,1125.837438977982,-0.001986778343109452,0
2023-04-12,1122.5873771148267,-0.0028867949764627143,0
2023-04-13,1125.2984965355,0.0024150631620685203,0
2023-04-14,1102.0981995806533,-0.020617015864034527,0
2023-04-15,1095.4924126910819,-0.005993827856796141,0
2023-04-16,1104.8483472324192,0.008540391912303935,0
2023-04-17,1080.6627518393293,-0.021890420937564325,0
2023-04-18,1084.6271049117643,0.0036684461139124824,0
2023-04-19,1154.7630575009146,0.06466365469896296,0
2023-04-20,1129.7245014950079,-0.02168285159736061,0
2023-04-21,1071.8395552425836,-0.05123810820764074,0
2023-04-22,1090.5234443265467,0.017431609976116702,0
2023-04-23,1100.7300392820982,0.00935935399523169,0
2023-04-24,1093.8621938242045,-0.006239354985145162,0
2023-04-25,1092.854481644941,-0.0009212423511416601,0
2023-04-26,1094.7793685009638,0.0017613386670889408,0
2023-04-27,1121.891872594987,0.024765267664065727,0
2023-04-28,1120.3771920110362,-0.0013501128058333034,0
2023-04-29,1116.9509574617712,-0.003058108085112865,0
2023-04-30,1131.6877381044887,0.01319375801083189,0
2023-05-01,1109.94415261083,-0.01921341440888802,0
2023-05-02,1124.0888198025443,0.012743584583461143,0
2023-05-03,1106.2755133554992,-0.01584688516889099,0
2023-05-04,1117.8174188896328,0.010433120316588385,0
2023-05-05,1156.0039898913246,0.03416172476505497,0
2023-05-06,1197.897184820932,0.03623966292153158,0
2023-05-07,1183.4714391008433,-0.012042557493984751,0
2023-05-08,1187.3016831157324,0.003236448205120368,0
2023-05-09,1188.6831717529985,0.0011635531701099655,0
2023-05-10,1188.0806756230643,-0.0005068601493245506,0
2023-05-11,1193.391013225741,0.0044696776167088,0
2023-05-12,1193.9154432192338,0.00043944523436212357,0
2023-05-13,1191.0451580888775,-0.0024040941480888423,0
2023-05-14,1189.2399203503844,-0.0015156753093977793,0
2023-05-15,1187.4537333275928,-0.0015019568316083642,0
2023-05-16,1180.755815502639,-0.005640571617206658,0
2023-05-17,1162.4478577743655,-0.015505286942397944,0
2023-05-18,1180.4777339153875,0.01551026656416421,0
2023-05-19,1180.3741791454713,-8.772276421742387e-05,0
2023-05-20,1177.0692430912861,-0.0027999054135340318,0
2023-05-21,1191.2295785907727,0.012030163546112194,0
2023-05-22,1194.65339352391,0.0028741856269112187,0
2023-05-23,1179.1149882775067,-0.013006622113690303,0
2023-05-24,1213.465987017534,0.02913286582015928,0
2023-05-25,1213.5333480145014,5.551123615177289e-05,0
2023-05-26,1203.3909663685952,-0.00835772800351997,0
2023-05-27,1207.451798185924,0.003374490860258872,0
2023-05-28,1164.3718707711282,-0.03567838275574975,0
2023-05-29,1172.206474033104,0.0067286091828955286,0
2023-05-30,1175.5408297220943,0.0028445122620062158,0
2023-05-31,1189.4277258236878,0.01181319759423105,0
2023-06-01,1194.2525627344712,0.004056435549660842,0
2023-06-02,1201.6666025661427,0.006208100416126072,0
2023-06-03,1205.850223222532,0.0034815152950535833,0
2023-06-04,1203.7805867622844,-0.0017163296240195747,0
2023-06-05,1198.0204898132733,-0.0047850056832230425,0
2023-06-06,1258.5984561099813,0.0505650502740147,0
2023-06-07,1299.543800650786,0.03253249226711796,0
2023-06-08,1307.385709938894,0.006034355505509792,0
2023-06-09,1316.2925700897995,0.006812725642627582,0
2023-06-10,1297.0062886188748,-0.014651971688641297,0
2023-06-11,1291.8868752216295,-0.003947099903961804,0
2023-06-12,1291.7799754594744,-8.274699914168071e-05,0
2023-06-13,1287.400681555208,-0.003390123695568792,0
2023-06-14,1311.0140479320073,0.01834189364283545,0
2023-06-15,1313.0149027297575,0.001526188678837137,0
2023-06-16,1289.0873903597872,-0.01822333647563712,0
2023-06-17,1281.559459910063,-0.005839736317351685,0
2023-06-18,1279.8811930468232,-0.0013095505247626704,0
2023-06-19,1263.1143047543685,-0.013100347425639036,0
2023-06-20,1219.8689401575684,-0.03423709511801454,0
2023-06-21,1155.4239729813394,-0.0528294188455235,0
2023-06-22,1155.8471124126386,0.0003662200553165018,0
2023-06-23,1184.0221102331332,0.024376059357611668,0
2023-06-24,1167.248022407522,-0.014167039348875199,0
2023-06-25,1169.4406579891433,0.0018784658783133068,0
2023-06-26,1145.1315224353266,-0.020786976566742887,0
2023-06-27,1159.5210702610113,0.012565847279343734,0
2023-06-28,1154.834319979239,-0.004041970777398207,0
2023-06-29,1167.7448060630068,0.011179513684698827,0
2023-06-30,1201.7599364028883,0.029128907414764704,0
2023-07-01,1186.7950476835426,-0.012452477625555236,0
2023-07-02,1184.0372771843065,-0.002323712510107767,0
2023-07-03,1181.1677588169719,-0.002423503400297067,0
2023-07-04,1177.4903195985914,-0.0031133928190383298,0
2023-07-05,1177.6454849386137,0.00013177631904026654,0
2023-07-06,1142.1174270971676,-0.030168720804205407,0
2023-07-07,1154.1540462035673,0.010538863010778332,0
2023-07-08,1155.947010737335,0.0015534880631102865,0
2023-07-09,1157.1134913482886,0.001009112528618017,0
2023-07-10,1162.6988291535117,0.004826957638109475,0
2023-07-11,1163.4228737654435,0.0006227275660533049,0
2023-07-12,1164.1983500188614,0.0006665471952671531,0
2023-07-13,1235.3285313855015,0.061097991906179594,0
2023-07-14,1243.1866615230751,0.006361166230622217,0
2023-07-15,1260.3639310002188,0.013817128198672313,0
2023-07-16,1271.1391712353143,0.008549308632264774,0
2023-07-17,1270.6875315709437,-0.00035530308135467426,0
2023-07-18,1282.4780643813115,0.009278860866598126,0
2023-07-19,1289.841966502709,0.005741932221624335,0
2023-07-20,1290.1797353549048,0.00026186840013542323,0
2023-07-21,1273.4366724534539,-0.012977310403069708,0
2023-07-22,1279.933894404677,0.005102116258914657,0
2023-07-23,1286.5857952569404,0.005197065943282508,0
2023-07-24,1291.6118950762498,0.003906540735828301,0
2023-07-25,1247.3893764653862,-0.03423824043386725,0
2023-07-26,1260.117281891682,0.010203634619978752,0
2023-07-27,1255.5247891438853,-0.0036444962812529624,0
2023-07-28,1255.0996653860682,-0.00033860244058347977,0
2023-07-29,1268.560083519315,0.010724581086639429,0
2023-07-30,1283.2288572821826,0.011563325973628746,0
2023-07-31,1279.4616613526182,-0.002935716344115824,0
2023-08-01,1264.6556938151089,-0.011572029068738776,0
2023-08-02,1298.5625308518377,0.02681112116329576,0
2023-08-03,1291.6512853250283,-0.005322227742298735,0
2023-08-04,1291.1701475063455,-0.0003724982308686009,0
2023-08-05,1304.0955064154268,0.010010577563339895,0
2023-08-06,1311.308572154059,0.005531087027865533,0
2023-08-07,1311.6862343929104,0.0002880040952000229,0
2023-08-08,1302.8603487888172,-0.006728656116588794,0
2023-08-09,1300.9366841159754,-0.0014764933744665365,0
2023-08-10,1294.7744579217806,-0.004736761034901726,0
2023-08-11,1292.1176807100792,-0.002051922785042959,0
2023-08-12,1294.9279038932275,0.0021748972443469405,0
2023-08-13,1307.3673270491718,0.009606266973277044,0
2023-08-14,1307.4482940465032,6.193132997611706e-05,0
2023-08-15,1334.4504773040671,0.020652582117793195,0
2023-08-16,1320.8786073353883,-0.010170381141529905,0
2023-08-17,1341.329688682783,0.0154829378217054,0
2023-08-18,1340.473377356544,-0.0006384048108857288,0
2023-08-19,1335.6882393172268,-0.0035697374674860116,0
2023-08-20,1335.5404023824913,-0.00011068221639143339,0
2023-08-21,1329.6947907203462,-0.004376963551021795,0
2023-08-22,1337.59957481819,0.005944810909247478,0
2023-08-23,1307.9198454216028,-0.022188799963263506,0
2023-08-24,1319.3925893786532,0.008771748511356314,0
2023-08-25,1321.266464056867,0.0014202555731319677,0
2023-08-26,1316.2123786350126,-0.0038251825497306324,0
2023-08-27,1311.4236831481544,-0.0036382392116873774,0
2023-08-28,1308.2018916994125,-0.002456712876351186,0
2023-08-29,1238.6894808761783,-0.053135843377305036,0
2023-08-30,1251.688989149349,0.010494565808353729,0
2023-08-31,1298.2533614299343,0.03720123184292823,0
2023-09-01,1289.8944770528153,-0.006438561705638279,0
2023-09-02,1286.0244873265387,-0.003000237457500221,0
2023-09-03,1280.2407839808009,-0.004497350869081318,0
2023-09-04,1282.3245526672188,0.0016276381072148904,0
2023-09-05,1274.4034365134985,-0.006177153932866997,0
2023-09-06,1275.5043431655502,0.0008638603918580401,0
2023-09-07,1261.0580495051217,-0.011325946272025655,0
2023-09-08,1266.9603162220324,0.0046804084230911425,0
2023-09-09,1262.2544942690865,-0.0037142615223957343,0
2023-09-10,1251.8344923356556,-0.008255072159172427,0
2023-09-11,1238.1635843581664,-0.010920699230760222,0
2023-09-12,1255.0178693942148,0.013612324937488207,0
2023-09-13,1240.2371420127347,-0.01177730432524804,0
2023-09-14,1222.7888567022278,-0.014068507319649148,0
2023-09-15,1212.8533674196417,-0.008125269729216678,0
2023-09-16,1210.660102008477,-0.0018083516689497703,0
2023-09-17,1207.6362934449369,-0.002497652775146131,0
2023-09-18,1201.7690242685087,-0.00485847370460446,0
2023-09-19,1189.8112815652778,-0.009950117253612278,0
2023-09-20,1194.4007922111896,0.0038573433594224493,0
2023-09-21,1199.4456202049155,0.004223731285698751,0
2023-09-22,1201.2056965850268,0.0014674082346564088,0
2023-09-23,1198.8424011353045,-0.0019674360989471174,0
2023-09-24,1199.5321281391496,0.0005753275019233506,0
2023-09-25,1201.867940388002,0.0019472694345219477,0
2023-09-26,1201.7113285390794,-0.0001303070359559566,0
2023-09-27,1196.6654005668483,-0.004198951821786867,0
2023-09-28,1177.557794014175,-0.01596737613005461,0
2023-09-29,1169.7036067637896,-0.006669895346377186,0
2023-09-30,1168.83099442471,-0.0007460114973003584,0
2023-10-01,1159.428526237337,-0.008044335093972066,0
2023-10-02,1155.6825253484299,-0.0032309028147375907,0
2023-10-03,1147.401214158459,-0.007165731944829834,0
2023-10-04,1143.3592439301592,-0.003522717405580078,0
2023-10-05,1150.7076981582888,0.0064270737890483876,0
2023-10-06,1166.9593277779268,0.014123160595560957,0
2023-10-07,1162.2396268528264,-0.004044443377548945,0
2023-10-08,1163.494784334619,0.0010799472439184665,0
2023-10-09,1167.589903602146,0.003519671357933074,0
2023-10-10,1162.3111188291145,-0.0045210949124738775,0
2023-10-11,1156.898327842103,-0.004656920939089204,0
2023-10-12,1155.7253633326204,-0.0010138872891886086,0
2023-10-13,1161.576369965355,0.005062627176289469,0
2023-10-14,1169.643755039861,0.006945204192425614,0
2023-10-15,1174.6593936229078,0.004288176260023757,0
2023-10-16,1176.8260281459793,0.0018444789483946789,0
2023-10-17,1171.1268254240451,-0.004842859170027802,0
2023-10-18,1165.3974323751022,-0.004892205459360421,0
2023-10-19,1171.3217373207576,0.0050835060907776786,0
2023-10-20,1179.6930936381802,0.007146931582240557,0
2023-10-21,1195.3493411671886,0.013271458155887261,0
2023-10-22,1199.4627288187237,0.0034411594250083333,0
2023-10-23,1176.5909009735697,-0.019068393953081908,0
2023-10-24,1193.6772598937566,0.014521919985994058,0
2023-10-25,1208.9895556650338,0.012827835702122758,0
2023-10-26,1227.24462328645,0.015099441956200055,0
2023-10-27,1239.7614132839153,0.010199099478591656,0
2023-10-28,1246.6395977160125,0.00554799041041143,0
2023-10-29,1256.3409548107682,0.007782006212966097,0
2023-10-30,1255.3078621193147,-0.0008223028052198877,0
2023-10-31,1264.2406912790318,0.007116046532709586,0
2023-11-01,1240.7837656793247,-0.018554161214329956,0
2023-11-02,1240.020699704419,-0.0006149870718915595,0
2023-11-03,1243.4840928541394,0.002793012367088732,0
2023-11-04,1256.60193640051,0.010549265263427365,0
2023-11-05,1249.751332604925,-0.005451689669688453,0
2023-11-06,1218.893528381915,-0.024691155286621136,0
2023-11-07,1225.183449836771,0.005160353475012425,0
2023-11-08,1208.826746211756,-0.013350411831953846,0
2023-11-09,1278.0406131877555,0.05725706119003671,0
2023-11-10,1280.9173066933176,0.0022508623559207575,0
2023-11-11,1254.0307565407609,-0.02099007485656068,0
2023-11-12,1252.2422396793531,-0.0014262145103532964,0
2023-11-13,1263.2324812181805,0.008776450107322198,0
2023-11-14,1247.2295161173984,-0.012668266007021867,0
2023-11-15,1266.730191461228,0.01563519391726298,0
2023-11-16,1247.4703223054692,-0.01520439734174317,0
2023-11-17,1213.7748150036316,-0.027011069281042577,0
2023-11-18,1240.2374925931074,0.021801966281032703,0
2023-11-19,1258.203780851874,0.014486167662293825,0
2023-11-20,1273.4646481640098,0.012129090330505354,0
2023-11-21,1265.7070761895282,-0.0060917057930629515,0
2023-11-22,1334.9421105236354,0.05470067730247874,0
2023-11-23,1331.5291106485142,-0.002556665077995346,0
2023-11-24,1326.6307265408095,-0.0036787660656694143,0
2023-11-25,1321.2015417553891,-0.004092461207782394,0
2023-11-26,1319.780513215885,-0.001075557736343602,0
2023-11-27,1306.6301908474616,-0.009964022226984115,0
2023-11-28,1304.369339208552,-0.0017302919025949937,0
2023-11-29,1308.4800240814577,0.003151473090742707,0
2023-11-30,1293.4148061922706,-0.011513525320925533,0
2023-12-01,1292.4793051131066,-0.0007232800140257734,0
2023-12-02,1302.6775637582577,0.007890461847092078,0
2023-12-03,1314.0396804228587,0.008722125091201294,0
2023-12-04,1312.2453664063278,-0.00136549454576107,0
2023-12-05,1329.4977204367476,0.013147201332984304,0
2023-12-06,1333.03201271728,0.0026583665591930483,0
2023-12-07,1345.4326921670615,0.009302611888895251,0
2023-12-08,1325.0521405420543,-0.015147953326584251,0
2023-12-09,1328.5735017016204,0.002657526486562034,0
2023-12-10,1313.8868494367503,-0.011054452197081788,0
2023-12-11,1295.8140187233125,-0.013755241344553637,0
2023-12-12,1293.2084857840337,-0.0020107306308091433,0
2023-12-13,1282.0464782507402,-0.00863125138444043,0
2023-12-14,1259.4648973766982,-0.017613699079656486,0
2023-12-15,1286.4101474225567,0.02139420487381738,0
2023-12-16,1308.0932959980696,0.01685554845704318,0
2023-12-17,1308.889188437577,0.0006084370602177369,0
2023-12-18,1328.4422315092338,0.014938654275995056,0
2023-12-19,1347.4141443013668,0.014281323148376046,0
2023-12-20,1358.4345717083474,0.008178945911759605,0
2023-12-21,1344.4299083234537,-0.010309413258882016,0
2023-12-22,1357.9321324994821,0.010043085245601269,0
2023-12-23,1342.334459428822,-0.011486342135486827,0
2023-12-24,1315.740642856697,-0.01981161728012326,0
2023-12-25,1308.1490105048326,-0.005769854714969935,0
2023-12-26,1322.6565860728267,0.011090155212818864,0
2023-12-27,1369.993223921994,0.03578906145979821,0
2023-12-28,1392.538133395345,0.01645621969487543,0
2023-12-29,1371.8435243719264,-0.014861071684234783,0
2023-12-30,1363.8585815398774,-0.00582059301238802,0
2023-12-31,1358.735261494672,-0.0037564892097690095,0
2024-01-01,1378.1719546348872,0.014304989125573986,0
2024-01-02,1371.556461849018,-0.004800194027763327,0
2024-01-03,1365.149229028036,-0.004671504964764095,0
2024-01-04,1399.483645596604,0.02515066912722319,0
2024-01-05,1389.2530193570997,-0.007310286384334952,0
2024-01-06,1382.641350277016,-0.0047591540115157205,0
2024-01-07,1362.4031432798238,-0.014637351177973601,0
2024-01-08,1386.6873893406412,0.017824566965073174,0
2024-01-09,1401.514180339245,0.01069223756744031,0
2024-01-10,1379.2578206948494,-0.015880224372049057,0
2024-01-11,1359.42564842606,-0.014378872442280866,0
2024-01-12,1281.7220273337095,-0.057159154810942026,0
2024-01-13,1294.0063745828552,0.009584252269347449,0
2024-01-14,1293.263125957819,-0.0005743778698739099,0
2024-01-15,1300.023817373889,0.005227622500303397,0
2024-01-16,1315.699742904368,0.01205818333555242,0
2024-01-17,1323.41943161599,0.005867363547993998,0
2024-01-18,1282.0070886705296,-0.03129192601841513,0
2024-01-19,1289.4616271347718,0.0058147404410788806,0
2024-01-20,1334.4013410420723,0.034851532578878075,0
2024-01-21,1342.2683769072705,0.005895554525638058,0
2024-01-22,1266.6377104774876,-0.0563454132801996,0
2024-01-23,1242.477960860161,-0.019073922572713564,0
2024-01-24,1241.2861690936934,-0.0009592055585778692,0
2024-01-25,1235.0632125273462,-0.005013313385172746,0
2024-01-26,1271.1091625447298,0.02918551022471294,0
2024-01-27,1267.2926593077784,-0.0030024984080130324,0
2024-01-28,1261.0217283461538,-0.00494828950169246,0
2024-01-29,1270.7248573623724,0.007694656482203799,0
2024-01-30,1275.9310070019042,0.004096992050929282,0
2024-01-31,1275.8293135642473,-7.97013608877517e-05,0
2024-02-01,1285.8783630589255,0.007876484250549654,0
2024-02-02,1281.0215107531747,-0.003777069779910658,0
2024-02-03,1280.0102943946436,-0.0007893828089869936,0
2024-02-04,1278.388845883223,-0.0012667464617441837,0
2024-02-05,1275.3190332167487,-0.002401313713241371,0
2024-02-06,1263.047636591435,-0.009622217112498777,0
2024-02-07,1230.3511980803032,-0.025886940099400513,0
2024-02-08,1221.7103394087685,-0.007023083071741598,0
2024-02-09,1222.7730239922496,0.0008698335024286408,0
2024-02-10,1227.552877702387,0.003909027772408313,0
2024-02-11,1227.9949924096193,0.0003601593994548846,0
2024-02-12,1231.9193163563793,0.0031957165713352165,0
2024-02-13,1236.9059781246124,0.004047880167170392,0
2024-02-14,1253.5606194116706,0.013464759312029395,0
2024-02-15,1244.4389122365299,-0.007276638268536084,0
2024-02-16,1244.2084896241781,-0.0001851618509240982,0
2024-02-17,1232.1292445648671,-0.009708376980259614,0
2024-02-18,1219.854765960129,-0.009962005738345159,0
2024-02-19,1191.1352390457596,-0.023543398538730775,0
2024-02-20,1216.6646930062332,0.021432876069492846,0
2024-02-21,1216.5478682180465,-9.602052961532603e-05,0
2024-02-22,1216.977553231893,0.0003532002521822175,0
2024-02-23,1205.8105739850175,-0.00917599442752215,0
2024-02-24,1227.613874771551,0.018081862323098497,0
2024-02-25,1243.249203215219,0.01273635689933661,0
2024-02-26,1239.610634576642,-0.0029266607444163872,0
2024-02-27,1170.553513456211,-0.05570871949159728,0
2024-02-28,1075.2944610446207,-0.08137949381769449,0
2024-02-29,1056.7938127225048,-0.017205192616860487,0
2024-03-01,1137.9792597134601,0.07682240945545082,0
2024-03-02,1129.90122987928,-0.007098573866991309,0
2024-03-03,1097.704491654936,-0.028495179377567292,0
2024-03-04,983.1821943431792,-0.10432889560203873,0
2024-03-05,1062.0352949752319,0.0802019209519258,0
2024-03-06,1110.604584411661,0.04573227430973659,0
2024-03-07,1109.7297929814313,-0.0007876713661264523,0
2024-03-08,1085.5805049136666,-0.0217614127515533,0
2024-03-09,1053.4057823068858,-0.029638264929361058,0
2024-03-10,1063.0731702818032,0.00917726875748337,0
2024-03-11,1036.9991073259184,-0.024527063314910835,0
2024-03-12,1071.6858081991472,0.033449113531712094,0
2024-03-13,1062.1666571178139,-0.008882408452650203,0
2024-03-14,1074.8001797703619,0.01189410585230477,0
2024-03-15,1078.1373615121734,0.0031049322512437527,0
2024-03-16,987.321159911555,-0.08423435161660797,0
2024-03-17,1039.5489685168461,0.052898500230633916,0
2024-03-18,1054.035632354462,0.013935528076454595,0
2024-03-19,1022.7024605789866,-0.02972686198993546,0
2024-03-20,1153.465693741891,0.12786048553053742,0
2024-03-21,1158.953891494146,0.004758006919521884,0
2024-03-22,1135.6202251289703,-0.020133386268795905,0
2024-03-23,1156.0959517336082,0.01803043495664447,0
2024-03-24,1153.080765630535,-0.002608075997975523,0
2024-03-25,1123.3519022860014,-0.02578211711672873,0
2024-03-26,1106.0107482877374,-0.015436973901922446,0
2024-03-27,1093.6343980823751,-0.011190081312069222,0
2024-03-28,1048.1043087782766,-0.041631910429969055,0
2024-03-29,1066.9632896459332,0.017993419843526315,0
2024-03-30,1086.4722025474955,0.01828452121163071,0
2024-03-31,1145.6506943253012,0.054468482156329046,0
2024-04-01,1193.1987622489091,0.04150311099109505,0
2024-04-02,1185.483085825979,-0.006466379841350012,0
2024-04-03,1174.4750270856728,-0.009285715563488228,0
2024-04-04,1174.6875067642227,0.0001809145989908334,0
2024-04-05,1173.6783932008952,-0.0008590485193011865,0
2024-04-06,1200.6520506421914,0.022982153882660006,0
2024-04-07,1185.1358639380173,-0.012923133472245274,0
2024-04-08,1160.9007863047527,-0.02044919774238818,0
2024-04-09,1217.738239696293,0.048959785420129576,0
2024-04-10,1251.4192591055498,0.02765866941786843,0
2024-04-11,1270.302834716155,0.015089727501958361,0
2024-04-12,1175.3861812746827,-0.07471970529191263,0
2024-04-13,1078.5057682703978,-0.08242432533894528,0
2024-04-14,1126.5497337228053,0.044546785808531775,0
2024-04-15,1145.7093312464153,0.017007325065263812,0
2024-04-16,1156.1124493015168,0.009080067493021149,0
2024-04-17,1160.7934638675083,0.0040489267015675345,0
2024-04-18,1194.9578630167953,0.029431936182220397,0
2024-04-19,1202.3933192640422,0.006222358526078331,0
2024-04-20,1204.1538730985976,0.0014642079312556788,0
2024-04-21,1213.7451451826403,0.007965154867925595,0
2024-04-22,1185.4746285593988,-0.02329197091782187,0
2024-04-23,1186.8428559150896,0.0011541599649023127,0
2024-04-24,1227.8834978399218,0.03457967642497106,0
2024-04-25,1228.6309343993921,0.0006087194434856169,0
2024-04-26,1219.0602646605348,-0.0077897027259336005,0
2024-04-27,1231.723921044706,0.010388047868739037,0
2024-04-28,1233.6820262789986,0.0015897273738354478,0
2024-04-29,1239.6813101391804,0.004862909349726552,0
2024-04-30,1313.1840626298665,0.05929165172493711,0
2024-05-01,1277.8132947288743,-0.026935118166265593,0
2024-05-02,1284.1008427174047,0.004920552959080338,0
2024-05-03,1191.3571009497985,-0.07222465610359907,0
2024-05-04,1142.609438568888,-0.04091775869892145,0
2024-05-05,1140.126677785473,-0.0021728866396593105,0
2024-05-06,1141.4091026097353,0.0011248090666147181,0
2024-05-07,1153.2665223980237,0.010388404789463568,0
2024-05-08,1144.8595941982805,-0.007289666383675453,0
2024-05-09,1146.9475308091498,0.0018237490618502328,0
2024-05-10,1195.5076984980146,0.04233861304414388,0
2024-05-11,1191.5693465420377,-0.0032942924256572637,0
2024-05-12,1177.7753436198964,-0.011576332474624196,0
2024-05-13,1142.7762778064211,-0.029716249370533965,0
2024-05-14,1165.8853633901615,0.020221880723756858,0
2024-05-15,1181.0030240068852,0.012966678450070379,0
2024-05-16,1210.3176710679534,0.024821822184341258,0
2024-05-17,1232.9310509837314,0.018683838513094297,0
2024-05-18,1220.5861541933396,-0.010012641648162068,0
2024-05-19,1218.5829868116098,-0.0016411519783735562,0
2024-05-20,1151.724998737934,-0.05486535492228395,0
2024-05-21,1132.756254155816,-0.016469855740653405,0
2024-05-22,1149.9561210818465,0.015184084716308943,0
2024-05-23,1134.7375752552948,-0.013234023061883926,0
2024-05-24,1144.7650616301144,0.008836832932551442,0
2024-05-25,1160.0525283244917,0.0133542394040298,0
2024-05-26,1171.7418281068622,0.010076526275283104,0
2024-05-27,1174.7304295797373,0.0025505631028839293,0
2024-05-28,1192.995116651559,0.015547981572551883,0
2024-05-29,1205.8476496782682,0.01077333246994594,0
2024-05-30,1194.9710753147333,-0.009019857829002609,0
2024-05-31,1188.4496931456501,-0.005457355666425245,0
2024-06-01,1196.5782371101832,0.0068396197259457114,0
2024-06-02,1182.8124563500278,-0.011504288088508674,0
2024-06-03,1188.4411650792156,0.004758749959868691,0
2024-06-04,1193.2025584056555,0.004006419052408505,0
2024-06-05,1177.3157017291178,-0.013314467493068083,0
2024-06-06,1189.7294141327034,0.01054408123951256,0
2024-06-07,1152.0998021603257,-0.031628714500438915,0
2024-06-08,1144.1138989154588,-0.0069316071662302026,0
2024-06-09,1148.8015801164524,0.004097215500517226,0
2024-06-10,1156.56747545162,0.006759997087034453,0
2024-06-11,1142.1850364698478,-0.0124354517025963,0
2024-06-12,1174.764188495345,0.02852353251465245,0
2024-06-13,1187.8071385498345,0.011102611215273006,0
2024-06-14,1165.6454908568096,-0.01865761450135872,0
2024-06-15,1179.4356112246878,0.011830458296322899,0
2024-06-16,1169.5097522666304,-0.0084157701052886,0
2024-06-17,1156.9041980549314,-0.010778494311200149,0
2024-06-18,1139.9079182942871,-0.01469117303681633,0
2024-06-19,1131.322131743671,-0.007532000096519664,0
2024-06-20,1140.107392164268,0.007765480913076939,0
2024-06-21,1133.264555292316,-0.006001923081090044,0
2024-06-22,1128.176993040221,-0.004489297956365101,0
2024-06-23,1107.2859366862278,-0.018517534467438312,0
2024-06-24,1071.2902647675605,-0.03250801868430797,0
2024-06-25,1104.1888672654422,0.030709326482136756,0
2024-06-26,1120.2933303874443,0.014584880901656883,0
2024-06-27,1145.3167203099304,0.02233646246365839,0
2024-06-28,1146.8176192280946,0.001310466259287768,0
2024-06-29,1144.5338754219097,-0.0019913748863764624,0
2024-06-30,1146.0465128819937,0.001321618776487954,0
2024-07-01,1145.7338899145946,-0.00027278383895001923,0
2024-07-02,1145.1243078394127,-0.0005320450765642359,0
2024-07-03,1189.7530492781987,0.03897283564173937,0
2024-07-04,1191.839479502453,0.0017536666331892103,0
2024-07-05,1178.324817377548,-0.011339330805308578,0
2024-07-06,1205.8299076307042,0.023342536665204694,0
2024-07-07,1270.8137108054839,0.05389135131211353,0
2024-07-08,1301.650576891932,0.024265449628256386,0
2024-07-09,1282.180219576935,-0.01495820588155694,0
2024-07-10,1275.7092538928623,-0.005046845665898636,0
2024-07-11,1271.117011391245,-0.00359975636110188,0
2024-07-12,1281.732394587452,0.00835122423905621,0
2024-07-13,1282.2707653105876,0.000420033639946249,0
2024-07-14,1247.5331578745845,-0.027090695955771182,0
2024-07-15,1153.3529361696037,-0.07549316113203364,0
2024-07-16,1154.0610622842878,0.0006139717448814253,0
2024-07-17,1154.7650444700812,0.0006100042786296722,0
2024-07-18,1150.7275827709723,-0.003496349078493055,0
2024-07-19,1142.8189953812075,-0.0068726842983295455,0
2024-07-20,1109.6991384109215,-0.028980842201733248,0
2024-07-21,1083.4636103928724,-0.02364201891299844,0
2024-07-22,1101.1970299088143,0.0163673420554582,0
2024-07-23,1092.625875181032,-0.0077834887808334585,0
2024-07-24,1102.5606898802532,0.009092604270949822,0
2024-07-25,1077.6567054074615,-0.02258740466748954,0
2024-07-26,1100.996302473581,0.021657729172013918,0
2024-07-27,1109.4793192123136,0.007704854884320822,0
2024-07-28,1107.904870846804,-0.0014190876190710577,0
2024-07-29,1103.884005432686,-0.003629251499765229,0
2024-07-30,1111.2900035509138,0.006709036530812673,0
2024-07-31,1112.7072694940948,0.001275334016010543,0
2024-08-01,1102.603491605141,-0.009080355782655758,0
2024-08-02,1074.85931710273,-0.025162422134199613,0
2024-08-03,1046.9783378640032,-0.02593918924560268,0
2024-08-04,990.6699063853899,-0.05378184957817855,0
2024-08-05,902.5280762723745,-0.08897194670484576,0
2024-08-06,923.8275649470647,0.023599807290939356,0
2024-08-07,915.0560003019484,-0.009494807232363622,0
2024-08-08,1031.5898473352192,0.12735160142637958,0
2024-08-09,1047.3258460111438,0.015254123251186913,0
2024-08-10,1051.8554736242013,0.004324945889867093,0
2024-08-11,1054.729595339428,0.002732430250444784,0
2024-08-12,1105.1053316906014,0.047761754836282755,0
2024-08-13,1103.3941488836383,-0.0015484341246867483,0
2024-08-14,1132.3130735852744,0.02620906113277366,0
2024-08-15,1101.9115940344952,-0.026849005155895722,0
2024-08-16,1112.2005828945858,0.009337399584315786,0
2024-08-17,1118.3090802619297,0.00549226233225486,0
2024-08-18,1132.4854890208796,0.012676646384405243,0
2024-08-19,1145.2884477280888,0.011305185656973249,0
2024-08-20,1149.2475257191659,0.0034568391909746143,0
2024-08-21,1157.5201863397986,0.00719832798026343,0
2024-08-22,1164.7907777833927,0.00628117896292113,0
2024-08-23,1146.6748896080599,-0.015552911751076537,0
2024-08-24,1141.9819393229388,-0.004092659852981573,0
2024-08-25,1126.4519746972542,-0.01359913330581397,0
2024-08-26,1108.5254257872612,-0.015914170610612066,0
2024-08-27,1073.8825894436866,-0.031251278083199274,0
2024-08-28,1087.2459113036982,0.012443931945050224,0
2024-08-29,1086.0142851993264,-0.0011327944226481312,0
2024-08-30,1087.9003596647026,0.0017366939745455667,0
2024-08-31,1085.1462104096674,-0.002531619031621579,0
2024-09-01,1063.455796462226,-0.019988471359313587,0
2024-09-02,1104.279210755249,0.038387504613571544,0
2024-09-03,1137.649809102872,0.030219348533057966,0
2024-09-04,1139.576954339891,0.0016939705185190501,0
2024-09-05,1163.6536435301075,0.021127743149354172,0
2024-09-06,1099.6552760763675,-0.05499778031854219,0
2024-09-07,1118.2031620109285,0.016867000357367434,0
2024-09-08,1120.134927730208,0.0017275623830337317,0
2024-09-09,1063.6418821764817,-0.050434143383245145,0
2024-09-10,1056.9150522125015,-0.006324337238597044,0
2024-09-11,1069.0008435710456,0.011434969473889334,0
2024-09-12,1063.709294304454,-0.004949995407781849,0
2024-09-13,1050.4254325333764,-0.012488244525271197,0
2024-09-14,1059.6182190267368,0.008751488881214131,0
2024-09-15,1068.9974265491994,0.008851497033598887,0
2024-09-16,1047.4761682037638,-0.020132189106299103,0
2024-09-17,1031.0947756755959,-0.015638916688920035,0
2024-09-18,1006.8151032336802,-0.02354746917033601,0
2024-09-19,989.4459637787046,-0.01725156823650098,0
2024-09-20,1000.9768641824946,0.011653896044765633,0
2024-09-21,1020.4164103739262,0.019420574927381473,0
2024-09-22,1032.6217400039916,0.011961126365649832,0
2024-09-23,1046.5023936427142,0.013442147401108384,0
2024-09-24,1043.3123910443492,-0.0030482516024269435,0
2024-09-25,1061.128350615762,0.01707634235377875,0
2024-09-26,1109.147603186958,0.045253010668625304,0
2024-09-27,1095.7561382093234,-0.01207365452457032,0
2024-09-28,1105.077401849671,0.0085066953451709,0
2024-09-29,1088.642357513513,-0.014872301531683951,0
2024-09-30,1036.9381146079254,-0.0474942413812387,0
2024-10-01,978.5980390495431,-0.05626186822194412,0
2024-10-02,958.039550687565,-0.021008102961196817,0
2024-10-03,956.3038919044004,-0.0018116775887998537,0
2024-10-04,982.9868799482556,0.027902205846635386,0
2024-10-05,981.5839473530694,-0.0014272139575860487,0
2024-10-06,973.8571817825375,-0.007871731797741699,0
2024-10-07,980.5987426972438,0.0069225355019373325,0
2024-10-08,976.9777129816304,-0.003692672199082536,0
2024-10-09,979.2322586137933,0.0023076735550930927,0
2024-10-10,972.2115571475067,-0.00716959781964821,0
2024-10-11,989.5951558969236,0.017880469144412103,0
2024-10-12,994.4881366483187,0.004944426740812302,0
2024-10-13,989.8766784409036,-0.004637016810433714,0
2024-10-14,967.7186387034761,-0.02238464671410101,0
2024-10-15,971.3649174128532,0.0037679120392495324,0
2024-10-16,949.0189081399444,-0.023004752253587113,0
2024-10-17,956.9013009715129,0.008305833281043729,0
2024-10-18,982.7787687945406,0.02704298530763327,0
2024-10-19,997.9489100860968,0.015435967659500394,0
2024-10-20,1016.197346376656,0.018285942402587407,0
2024-10-21,1012.5144304161884,-0.0036242133219491768,0
2024-10-22,1014.6571228436852,0.0021162092737938565,0
2024-10-23,1021.0630401101037,0.006313381261706663,0
2024-10-24,1030.1220639421301,0.008872149393488682,0
2024-10-25,983.0114782654257,-0.045733012936757134,0
2024-10-26,1003.3620797966357,0.020702303056643556,0
2024-10-27,993.0402809384718,-0.010287212429092363,0
2024-10-28,953.2979962015258,-0.04002081838954963,0
2024-10-29,926.9249460516298,-0.02766506407752989,0
2024-10-30,934.540213750502,0.008215624934155175,0
2024-10-31,928.2486159241009,-0.006732292237218496,0
2024-11-01,917.4654864053819,-0.011616639479698154,0
2024-11-02,913.9123066272941,-0.0038728211913551247,0
2024-11-03,920.7923906971905,0.007528166564784167,0
2024-11-04,921.4143502406253,0.0006754612111463665,0
2024-11-05,906.8689277356715,-0.01578597348864308,0
2024-11-06,847.6830888814281,-0.06526393952213394,0
2024-11-07,833.8163789352964,-0.016358365677000553,0
2024-11-08,840.8535704421269,0.008439737674398096,0
2024-11-09,878.9578567221215,0.04531619727791503,0
2024-11-10,817.8999020839301,-0.06946630509213891,0
2024-11-11,788.3014045305737,-0.036188410681970096,0
2024-11-12,773.4510366431455,-0.018838438955048553,0
2024-11-13,761.6927019236433,-0.015202429323172839,0
2024-11-14,764.7842321459616,0.004058763087148698,0
2024-11-15,790.0940125235153,0.033094014381723325,0
2024-11-16,805.561889428781,0.019577261262697432,0
2024-11-17,794.9876082144847,-0.013126590710236363,0
2024-11-18,803.7301949774778,0.010997135895776555,0
2024-11-19,802.0138850469439,-0.002135430448251374,0
2024-11-20,811.897545674861,0.012323553010978872,0
2024-11-21,830.3522899776408,0.022730385626969607,0
2024-11-22,851.4744330207811,0.02543756824432819,0
2024-11-23,840.1115215319676,-0.013344982595074883,0
2024-11-24,836.5105125597713,-0.0042863463717647265,0
2024-11-25,849.9249963092811,0.016036240487236286,0
2024-11-26,833.7598539967578,-0.01901949275844217,0
2024-11-27,861.4667855917648,0.03323130930589846,0
2024-11-28,864.6423682807042,0.00368625087124852,0
2024-11-29,887.3744698118396,0.026290755999312188,0
2024-11-30,895.0475764071177,0.008646976959913122,0
2024-12-01,882.8038452802082,-0.013679419339984289,0
2024-12-02,882.6864476291712,-0.00013298271373041182,0
2024-12-03,891.4585622921796,0.00993797365595639,0
2024-12-04,935.9559195585803,0.04991522786206226,0
2024-12-05,937.6389739466034,0.0017982197161774405,0
2024-12-06,956.8188959931413,0.020455551208380163,0
2024-12-07,941.8556693901971,-0.015638514943220105,0
2024-12-08,935.408224125591,-0.006845470568521916,0
2024-12-09,1003.3726933372357,0.07265754935517821,0
2024-12-10,975.463069809852,-0.02781580933257788,0
2024-12-11,1023.7371133321034,0.04948833535201036,0
2024-12-12,1027.7690474399278,0.003938446750944902,0
2024-12-13,1035.441631231327,0.007465280074848257,0
2024-12-14,1021.3014366736104,-0.013656196671270937,0
2024-12-15,1044.568321459728,0.022781603893457847,0
2024-12-16,1049.5835490354339,0.004801244181613207,0
2024-12-17,1046.5695872421543,-0.0028715787285817918,0
2024-12-18,969.6623056357075,-0.07348511034904748,0
2024-12-19,900.8265237459996,-0.07098943775542499,0
2024-12-20,908.560447769132,0.008585364461707545,0
2024-12-21,914.593520815062,0.006640254988805161,0
2024-12-22,908.5847961452996,-0.006569830786038788,0
2024-12-23,906.9762058486424,-0.0017704349703866473,0
2024-12-24,899.8275378206955,-0.007881869427057375,0
2024-12-25,902.6718601395653,0.0031609638506491233,0
2024-12-26,906.6137232537917,0.00436688379054706,0
2024-12-27,899.2928308566738,-0.008074985199698403,0
2024-12-28,919.1995038895474,0.02213591874618892,0
2024-12-29,926.311056875105,0.007736680617717262,0
2024-12-30,922.4077855726348,-0.004213780320876048,0
2024-12-31,919.1446022472751,-0.003537679729506915,0
2025-01-01,914.018706076819,-0.00557681148093947,0
2025-01-02,898.4695407654953,-0.017011867708992878,0
2025-01-03,850.9782174444275,-0.052858022633249346,0
2025-01-04,834.640192824997,-0.01919911025278087,0
2025-01-05,840.7904713842984,0.0073687783216915825,0
2025-01-06,858.2885163468736,0.020811421582556777,0
2025-01-07,924.7432379137128,0.07742701935438911,0
2025-01-08,907.1068795202868,-0.01907162731269585,0
2025-01-09,888.5552535692511,-0.020451422395612928,0
2025-01-10,910.1755746053016,0.024331993929700424,0
2025-01-11,913.3090081384905,0.0034426693273412745,0
2025-01-12,917.6570836108774,0.0047607933718394335,0
2025-01-13,930.1087828420095,0.013569011184587643,0
2025-01-14,960.0900196090964,0.03223411854630287,0
2025-01-15,922.4197909812194,-0.03923614229758843,0
2025-01-16,939.0936529137094,0.018076218762341778,0
2025-01-17,998.0205777279598,0.06274872014246813,0
2025-01-18,1028.7801606677072,0.03082058990183656,0
2025-01-19,973.9461857503914,-0.05329999256763174,0
2025-01-20,978.637023802661,0.004816321600618512,0
2025-01-21,969.0590702172905,-0.009787033754510732,0
2025-01-22,990.7165916851776,0.02234902095599911,0
2025-01-23,989.4450847856683,-0.0012834214246341125,0
2025-01-24,992.3495108250656,0.0029354090328586047,0
2025-01-25,993.5441461344627,0.0012038453149474382,0
2025-01-26,960.1222737525547,-0.033639041115526624,0
2025-01-27,949.7932000757057,-0.010758081506096806,0
2025-01-28,920.9117155820907,-0.030408182003527684,0
2025-01-29,935.2282754431606,0.015546072027133206,0
2025-01-30,942.6546643351585,0.007940723229822089,0
2025-01-31,931.3969838303278,-0.01194252882922986,0
2025-02-01,887.2853965357801,-0.04736067225936336,0
2025-02-02,815.3717934106829,-0.0810490101672684,0
2025-02-03,841.917345014413,0.03255637712544668,0
2025-02-04,866.1556466644597,0.028789407646224285,0
2025-02-05,859.2713916864243,-0.007948057608983428,0
2025-02-06,858.7606042443081,-0.0005944425091515271,0
2025-02-07,848.629075564601,-0.011797849865996857,0
2025-02-08,855.3234134401881,0.007888414465569982,0
2025-02-09,848.7968252218093,-0.0076305501706405154,0
2025-02-10,861.163874761995,0.014570094011548518,0
2025-02-11,863.7372931368604,0.0029883027496673265,0
2025-02-12,870.7695254339981,0.008141633287128913,0
2025-02-13,881.4869616034673,0.012308005570277114,0
2025-02-14,898.5560130650481,0.019363929592936202,0
2025-02-15,893.606358901574,-0.005508453665109214,0
2025-02-16,890.8740178687864,-0.0030576562102201388,0
2025-02-17,905.6775881856154,0.016616906565805056,0
2025-02-18,887.8274270175707,-0.019709178410613815,0
2025-02-19,898.0783108704372,0.011546031966259251,0
2025-02-20,888.7528382474202,-0.010383807859671634,0
2025-02-21,867.9505350661241,-0.023406173557000698,0
2025-02-22,886.6884629786157,0.021588704834503147,0
2025-02-23,885.7752663079004,-0.0010298957399846875,0
2025-02-24,906.0887033767272,0.022932946811099697,0
2025-02-25,894.4911925547397,-0.012799531413168475,0
2025-02-26,885.767153536595,-0.00975307425132732,0
2025-02-27,894.213530995085,0.0095356634356627,0
2025-02-28,893.1634680260223,-0.0011742866023221055,0
2025-03-01,902.118776665165,0.010026505740247993,0
2025-03-02,1017.1721484965772,0.12753683307283148,0
2025-03-03,1093.1951880906238,0.07473960008284908,0
2025-03-04,1099.3492369433732,0.005629414508764974,0
2025-03-05,1081.9556188180763,-0.015821740299432063,0
2025-03-06,1094.6507933286282,0.011733544601783219,0
2025-03-07,1064.401769312482,-0.027633492069342624,0
2025-03-08,1059.502265880949,-0.004603058330782117,0
2025-03-09,1020.0793465545884,-0.03720890515848152,0
2025-03-10,954.825568266122,-0.06396931621924018,0
2025-03-11,1002.1390786706303,0.04955199355461892,0
2025-03-12,983.8855240321018,-0.018214592192874468,0
2025-03-13,950.9010404436399,-0.03352471683218472,0
2025-03-14,981.2220039901522,0.031886560490423044,0
2025-03-15,992.7986294064617,0.01179817143239048,0
2025-03-16,990.157239147876,-0.002660549864139994,0
2025-03-17,1011.0429516223737,0.02109332906809014,0
2025-03-18,1023.8453408688572,0.012662557239472516,0
2025-03-19,1003.1032100228904,-0.020259046965398708,0
2025-03-20,1039.1839888142656,0.03596915893684738,0
2025-03-21,1029.1053929365119,-0.009698567324207596,0
2025-03-22,1031.077266180532,0.0019161042761552949,0
2025-03-23,1032.0300812666553,0.0009240966873926837,0
2025-03-24,1016.6504600670481,-0.01490229934066567,0
2025-03-25,1002.717027688161,-0.013705233928648641,0
2025-03-26,1004.4419437341071,0.0017202421005286794,0
2025-03-27,997.237265220079,-0.007172817263329301,0
2025-03-28,1006.0653850966899,0.008852577199531808,0
2025-03-29,965.2365482243887,-0.04058268724589631,0
2025-03-30,953.1206712575599,-0.012552236018328,0
2025-03-31,954.3512617534484,0.001291117203727099,0
2025-04-01,934.2489901620502,-0.02106380784205586,0
2025-04-02,978.4203156081711,0.04728003552720916,0
2025-04-03,980.3834452585265,0.0020064277274691733,0
2025-04-04,999.351698993717,0.019347790731195635,0
2025-04-05,993.6866634400961,-0.0056687105843971075,0
2025-04-06,1014.9696671561423,0.021418224173770595,0
2025-04-07,1011.0772311926568,-0.003835026887445636,0
2025-04-08,997.9924274327441,-0.012941448344631401,0
2025-04-09,1109.97580019884,0.11220863975307327,0
2025-04-10,1142.7618712010722,0.02953764487149968,0
2025-04-11,1186.1417417461066,0.03796055122091291,0
2025-04-12,1191.9871473031014,0.004928083509134318,0
2025-04-13,1205.9814200493022,0.011740288289066703,0
2025-04-14,1191.2197954283827,-0.012240341663237286,0
2025-04-15,1180.7496825508176,-0.008789404707466142,0
2025-04-16,1186.2687936221182,0.004674243112543053,0
2025-04-17,1189.7815295014818,0.0029611635223396604,0
2025-04-18,1195.4144963611443,0.004734454788538178,0
2025-04-19,1189.3227839008,-0.005095899772746271,0
2025-04-20,1186.5754736189806,-0.0023099786861970895,0
2025-04-21,1161.1243270846842,-0.021449243727136857,0
2025-04-22,1181.6575926742512,0.017683950900521772,0
2025-04-23,1171.8559366943377,-0.008294836034295705,0
2025-04-24,1185.009187330133,0.011224289798709375,0
2025-04-25,1174.7086928818544,-0.008692332986452223,0
2025-04-26,1181.2110136666556,0.005535262337124092,0
2025-04-27,1187.4734898158513,0.005301742090734418,0
2025-04-28,1192.0019756504896,0.0038135468904998415,0
2025-04-29,1177.3708758916976,-0.0122743922054388,0
2025-04-30,1170.4094758788945,-0.005912665376176185,0
2025-05-01,1187.2242068982243,0.014366536982027833,0
2025-05-02,1183.9432342118707,-0.00276356619692375,0
2025-05-03,1163.01885008233,-0.017673469069207415,0
2025-05-04,1137.9709335412235,-0.0215369824309668,0
2025-05-05,1140.439709971029,0.0021694547347734794,0
2025-05-06,1143.9672681576403,0.0030931562236646837,0
2025-05-07,1142.7692773922652,-0.0010472246879095204,0
2025-05-08,1306.2238012719247,0.14303370515232383,0
2025-05-09,1259.7984151152925,-0.03554167831839061,0
2025-05-10,1400.1997607150943,0.11144746962310847,0
2025-05-11,1417.297596597578,0.012210997574911397,0
2025-05-12,1410.7027674082601,-0.004653101229515677,0
2025-05-13,1399.2337858631768,-0.00812997734891674,0
2025-05-14,1427.1013579610963,0.01991630875374284,0
2025-05-15,1409.5085771448857,-0.012327632314319548,0
2025-05-16,1409.8563698818562,0.00024674751371489556,0
2025-05-17,1380.431944693677,-0.02087051263998252,0
2025-05-18,1436.5177195347267,0.0406291487650956,0
2025-05-19,1453.563426659046,0.011865991552015176,0
2025-05-20,1459.8999446863888,0.004359299299313779,0
2025-05-21,1491.849539631013,0.021884783995582247,0
2025-05-22,1496.061687436625,0.0028234400948061733,0
2025-05-23,1406.676014795392,-0.05974731750158513,0
2025-05-24,1406.6182825562587,-4.104160341544816e-05,0
2025-05-25,1412.8991130680529,0.0044651989737969355,0
2025-05-26,1403.9827050321646,-0.006310718120932646,0
2025-05-27,1381.5409526641763,-0.015984351009134534,0
2025-05-28,1380.8332781149527,-0.0005122356654422289,0
2025-05-29,1364.964046283515,-0.011492503898154594,0
2025-05-30,1293.2902312947845,-0.05250967245905269,0
2025-05-31,1290.534936494107,-0.002130453578017888,0
2025-06-01,1296.9238432283228,0.004950587972125886,0
2025-06-02,1280.6415562540928,-0.012554543629716752,0
2025-06-03,1286.8783387328363,0.004870045367718845,0
2025-06-04,1295.2648629034977,0.006516951850257691,0
2025-06-05,1208.6823940565778,-0.06684537759546305,0
2025-06-06,1246.029238389226,0.030898807260114847,0
2025-06-07,1271.627807817767,0.020544116173094595,0
2025-06-08,1274.6674998602773,0.0023903944407497324,0
2025-06-09,1294.5463541178533,0.015595325259140091,0
2025-06-10,1262.2178092134243,-0.02497287547996596,0
2025-06-11,1284.6937404235064,0.01780669789795497,0
2025-06-12,1224.541056126614,-0.046822586896907215,0
2025-06-13,1212.473364514838,-0.009854868933466099,0
2025-06-14,1200.3461446986053,-0.01000205049542302,0
2025-06-15,1195.4281878004526,-0.004097115586094158,0
2025-06-16,1190.870160772187,-0.0038128823418930313,0
2025-06-17,1182.7787053165007,-0.0067945740200927585,0
2025-06-18,1187.343878003523,0.003859701452606723,0
2025-06-19,1187.2101826080202,-0.00011260039991756177,0
2025-06-20,1142.1513109263694,-0.03795357582148351,0
2025-06-21,1099.8331595026643,-0.03705126546620341,0
2025-06-22,1075.3026385037476,-0.022303856532211896,0
2025-06-23,1147.9461660984196,0.06755635575836894,0
2025-06-24,1132.7692267056736,-0.013220950460010261,0
2025-06-25,1133.4533395902122,0.0006039296163862229,0
2025-06-26,1119.951173052841,-0.011912414976211205,0
2025-06-27,1121.775503304233,0.0016289373102036375,0
2025-06-28,1122.9422125500655,0.0010400559135013143,0
2025-06-29,1093.9614062930987,-0.025807923090855223,0
2025-06-30,1099.2614370130016,0.004844805940515062,0
2025-07-01,1120.5950903406442,0.019407260738275367,0
2025-07-02,1181.1825134736132,0.05406718595791027,0
2025-07-03,1170.731268496026,-0.008848120301791718,0
2025-07-04,1129.7334156905977,-0.0350190123973505,0
2025-07-05,1132.7480651946123,0.0026684609502958256,0
2025-07-06,1143.882131322775,0.009829251949549533,0
2025-07-07,1151.6810846608407,0.006817969373336563,0
2025-07-08,1151.3735924239613,-0.00026699425819776135,0
2025-07-09,1097.0279948145287,-0.04720066359609654,0
2025-07-10,1057.0951503261265,-0.03640093477756101,0
2025-07-11,1048.20441830466,-0.008410531463249549,0
2025-07-12,1037.97241854913,-0.00976145451865107,0
2025-07-13,1046.3780228645091,0.008098099877382525,0
2025-07-14,1053.4405222978528,0.006749472254787836,0
2025-07-15,1027.9026052714516,-0.024242390990139362,0
2025-07-16,979.8068988802128,-0.04679013959550926,0
2025-07-17,960.7453102106664,-0.019454434023001066,0
2025-07-18,987.7975852356757,0.028157592587235714,0
2025-07-19,997.8144048848565,0.010140558955497925,0
2025-07-20,1023.606063432172,0.02584815214237346,0
2025-07-21,1025.5184665316012,0.00186829989362991,0
2025-07-22,1029.0812898969798,0.0034741679273981863,0
2025-07-23,974.9573236186559,-0.05259445177916133,0
2025-07-24,967.5126187977914,-0.007635928917619328,0
2025-07-25,971.6561700157454,0.004282684419250948,0
2025-07-26,970.3730781524275,-0.001320520471039699,0
2025-07-27,991.2635223898618,0.021528260323554482,0
2025-07-28,1012.0016977057755,0.020920950733580357,0
2025-07-29,1006.0642723485685,-0.005867011261608823,0
2025-07-30,999.4940151845092,-0.006530653502605399,0
2025-07-31,986.1198340956485,-0.013380951647210981,0
2025-08-01,944.9576256428604,-0.04174158862805666,0
2025-08-02,917.0197376295773,-0.029565228381830067,0
2025-08-03,941.5593193265329,0.02676014559990647,0
2025-08-04,943.878774565279,0.0024634191294554686,0
2025-08-05,964.7110329830125,0.02207090463214234,0
2025-08-06,975.5902382164056,0.011277164727507172,0
2025-08-07,933.7469864826079,-0.04289019108093628,0
2025-08-08,914.9017067864304,-0.020182426255710872,0
2025-08-09,944.4108878106239,0.03225393592044301,0
2025-08-10,941.6214968057759,-0.0029535777709154276,0
2025-08-11,927.7631003173447,-0.01471758719978522,0
2025-08-12,975.8272492335101,0.051806489070027606,0
2025-08-13,941.7703415122372,-0.03490055001848302,0
2025-08-14,993.2292084886187,0.05464056862711564,0
2025-08-15,988.4314335412232,-0.004830481128012987,0
2025-08-16,988.7726576362681,0.0003452177697571557,0
2025-08-17,985.9384610563302,-0.002866378391483182,0
2025-08-18,985.944052976746,5.671672864693278e-06,0
2025-08-19,956.157869030742,-0.030210825711736944,0
2025-08-20,997.3454761181857,0.043076157631998235,0
2025-08-21,998.8134429501819,0.0014718739565648953,0
2025-08-22,1097.8327879015096,0.09913697662984555,0
2025-08-23,1088.8197982464364,-0.008209801851793208,0
2025-08-24,1073.7358577887942,-0.013853477390781466,0
2025-08-25,996.7691751710715,-0.07168120730942573,0
2025-08-26,1030.8013969002927,0.03414253026371972,0
2025-08-27,1036.6773409740126,0.0057003648727964595,0
2025-08-28,1039.704563736363,0.002920120506836099,0
2025-08-29,1023.0153764223835,-0.016051855398233505,0
2025-08-30,1026.8574387884996,0.0037556252375718913,0
2025-08-31,1021.0910180735168,-0.005615600079584726,0
2025-09-01,1021.133322037446,4.143015968249841e-05,0
2025-09-02,1020.6858081850351,-0.00043825212903447763,0
2025-09-03,1018.579614027057,-0.002063508810535186,0
2025-09-04,1043.5714229036823,0.024535940571024817,0
2025-09-05,1051.2164960912046,0.007325874415236688,0
2025-09-06,1041.9451028375242,-0.008819680140251474,0
2025-09-07,1025.0923666912201,-0.016174303329809958,0
2025-09-08,1001.1386133367696,-0.02336740974061502,0
2025-09-09,1002.5826659943842,0.0014424103099985874,0
2025-09-10,1011.5125628325925,0.008906893307746744,0
2025-09-11,998.9586471657685,-0.012411032871078254,0
2025-09-12,951.2920683362233,-0.04771626830077913,0
2025-09-13,968.3050423162108,0.017884070041435995,0
2025-09-14,951.3807051256755,-0.017478311535021884,0
2025-09-15,944.478241035768,-0.007255207145488329,0
2025-09-16,947.0749201728685,0.002749326585070877,0
2025-09-17,925.2469906081963,-0.0230477326552877,0
2025-09-18,926.4863381173682,0.00133947748196106,0
2025-09-19,905.9081297512687,-0.02221102192172053,0
2025-09-20,907.8641931399734,0.0021592293130670015,0
2025-09-21,910.4022767935653,0.0027956644537479036,0
2025-09-22,862.524421050977,-0.05258978032350048,0
2025-09-23,852.0016927335323,-0.01219991928416686,0
2025-09-24,859.3230762906421,0.008593156116415868,0
2025-09-25,866.3906716165525,0.008224607858104305,0
2025-09-26,890.6179297898882,0.02796343377997279,0
2025-09-27,885.8867650678731,-0.005312227122051372,0
2025-09-28,876.7730677983545,-0.010287654843585181,0
2025-09-29,867.6068169597783,-0.010454530568090425,0
2025-09-30,873.7968119061001,0.007134562367792974,0
2025-10-01,866.4498627791202,-0.008408074997382164,0
2025-10-02,836.0777981696219,-0.03505345884882527,0
2025-10-03,832.9236359424051,-0.003772570248991247,0
2025-10-04,822.3118847670744,-0.012740365043578228,0
2025-10-05,818.8939620712933,-0.004156479748251729,0
2025-10-06,815.9916736802274,-0.00354415653978557,0
2025-10-07,840.6966048316988,0.03027595985146392,0
2025-10-08,858.6552511727546,0.021361625868170364,0
2025-10-09,878.9396588007015,0.023623459590146778,0
2025-10-10,755.1598520160252,-0.140828560351426,0
2025-10-11,732.9438271791647,-0.029418969742036838,0
2025-10-12,796.3809980701653,0.08655120425141893,0
2025-10-13,781.2480258050826,-0.019002176473011945,0
2025-10-14,803.3074768895146,0.028236168740009893,0
2025-10-15,776.8040655597126,-0.03299286025872161,0
2025-10-16,753.3385330892979,-0.030207787923338225,0
2025-10-17,738.7909366027042,-0.019310835497736822,0
2025-10-18,749.43829928429,0.014411875070567737,0
2025-10-19,746.2322132289601,-0.004277985337007406,0
2025-10-20,734.8243940899351,-0.01528722418677575,0
2025-10-21,752.0313763529546,0.023416454871955983,0
2025-10-22,750.2346714791111,-0.002389135520590613,0
2025-10-23,764.6525141571179,0.019217777085110743,0
2025-10-24,762.5742053035422,-0.002717978186296488,0
2025-10-25,762.3245917101382,-0.00032733023444531106,0
2025-10-26,779.4047248880784,0.022405328863422724,0
2025-10-27,788.2386851462676,0.011334240063091361,0
2025-10-28,783.9394945576698,-0.005454173551251107,0
2025-10-29,769.1973031243531,-0.018805266906006368,0
2025-10-30,744.5407261009743,-0.03205494471084047,0
2025-10-31,754.045898745998,0.012766491223120235,0
2025-11-01,756.7310600381569,0.0035610051014460797,0
2025-11-02,755.1690357323143,-0.0020641736388669063,0
2025-11-03,790.0137197415851,0.046141568788609755,0
2025-11-04,744.7915482483999,-0.05724226094197127,0
2025-11-05,746.467945735746,0.0022508277534682986,0
2025-11-06,767.4131834890818,0.028059125476166846,0
2025-11-07,807.443983723638,0.052163294944392424,0
2025-11-08,804.7218094686848,-0.0033713474988066316,0
2025-11-09,818.9527258546499,0.017684268300570904,0
2025-11-10,811.5097182177644,-0.009088446013923446,0
2025-11-11,843.4713487509657,0.039385394673270735,0
2025-11-12,835.2767922336584,-0.009715275485577601,0
2025-11-13,833.0196852275326,-0.002702226408194508,0
2025-11-14,796.6578036985063,-0.0436506869811778,0
2025-11-15,812.0294550421138,0.019295174505596036,0
2025-11-16,808.2263723175083,-0.004683429524620197,0
2025-11-17,806.3052905327377,-0.0023769105421073133,0
2025-11-18,832.1076730034958,0.032000760473381185,0
2025-11-19,855.7678587534276,0.028434043474842907,0
2025-11-20,810.472098064112,-0.052929962519621454,0
2025-11-21,782.1780332084636,-0.034910597074509275,0
2025-11-22,779.9429054875023,-0.002857569026571638,0
2025-11-23,796.7008871919256,0.021486164675026842,0
2025-11-24,801.5781991745546,0.006121885968797702,0
2025-11-25,800.2783276801796,-0.0016216402787819773,0
2025-11-26,780.2296336937543,-0.025052151598983996,0
2025-11-27,773.8455202663577,-0.008182351902186857,0
2025-11-28,768.173844645341,-0.007329209089515065,0
2025-11-29,759.9540653014959,-0.010700415538933195,0
2025-11-30,755.9414971258498,-0.005280014094081187,0
2025-12-01,745.2526963994018,-0.014139719498251768,0
2025-12-02,794.6035656373444,0.06622031624491331,0
2025-12-03,759.1974170861822,-0.04455825531409907,0
2025-12-04,773.0302216876912,0.018220299872198753,0
2025-12-05,756.5150374810927,-0.02136421545142486,0
2025-12-06,756.5914787918209,0.00010104400698063287,0
2025-12-07,754.7238576449273,-0.0024684670647837637,0
2025-12-08,740.3016022581689,-0.019109314275239986,0
2025-12-09,708.7531114778503,-0.04261572673095004,0
2025-12-10,716.1545167759487,0.010442854046404548,0
2025-12-11,702.3774937106002,-0.019237500766414395,0
2025-12-12,690.0904931552968,-0.01749344286416732,0
2025-12-13,694.5676063110375,0.006487718929831798,0
2025-12-14,694.1569877092031,-0.000591185937989902,0
2025-12-15,673.4629806122889,-0.02981171041035946,0
2025-12-16,679.2955039699784,0.00866049586331652,0
2025-12-17,701.5072967393046,0.032698277317477764,0
2025-12-18,689.996833886285,-0.016408186923388635,0
2025-12-19,727.147247447002,0.05384142612868792,0
2025-12-20,727.09427186218,-7.285399897749567e-05,0
2025-12-21,726.1281388425579,-0.0013287589477878337,0
2025-12-22,721.642052803305,-0.006178091440449673,0
2025-12-23,726.8214026437408,0.007177172976984947,0
2025-12-24,722.2057595942306,-0.00635045010056301,0
2025-12-25,709.4136647138957,-0.01771253511952331,0
2025-12-26,707.5647949911898,-0.0026061941215236306,0
2025-12-27,713.6734989058035,0.008633419805305298,0
2025-12-28,712.8373700741259,-0.0011715845312449957,0
2025-12-29,716.5736244197578,0.0052413839432174925,0
2025-12-30,720.6678403319422,0.005713601188572337,0
2025-12-31,733.2793484311367,0.01749975147133731,0
2026-01-01,757.3977435145591,0.032891141875226904,0
2026-01-02,772.4781239442264,0.019910780773771064,0
2026-01-03,775.3522661352863,0.003720677779695203,0
2026-01-04,786.590462451934,0.014494310273527766,0
2026-01-05,794.6783541065879,0.010282214240740606,0
2026-01-06,789.0511818374948,-0.007081069013663233,0
2026-01-07,811.7876736963672,0.028814977256513385,0
2026-01-08,795.9849542167544,-0.019466567418617187,0
2026-01-09,789.3468848836594,-0.008339440711698898,0
2026-01-10,785.4271572896218,-0.004965785852965365,0
2026-01-11,785.525020323837,0.00012459848543167062,0
2026-01-12,789.8896508053721,0.005556322674146852,0
2026-01-13,803.1928537369679,0.016841849893883154,0
2026-01-14,805.6997326532397,0.003121141958134066,0
2026-01-15,790.4001731752949,-0.018989157942949864,0
2026-01-16,783.4456020913199,-0.008798797520547352,0
2026-01-17,783.796839685831,0.00044832416389017915,0
2026-01-18,788.0925364510218,0.005480625268803996,0
2026-01-19,771.285750039466,-0.021325904807119378,0
2026-01-20,726.6030116057756,-0.05793279395010742,0
2026-01-21,737.8271339247781,0.015447393060204151,0
2026-01-22,735.0384024080507,-0.003779654323490478,0
2026-01-23,734.3050406202929,-0.0009977190108099165,0
2026-01-24,730.6200770611558,-0.0050183007814085245,0
2026-01-25,701.7751781870221,-0.03948002495381642,0
2026-01-26,720.1307094888264,0.026155857135363947,0
2026-01-27,705.8505180192224,-0.019829999306293367,0
2026-01-28,707.9324445476739,0.0029495289375063294,0
2026-01-29,694.6052015189118,-0.018825585875326456,0
2026-01-30,679.9355540518111,-0.02111940341797358,0
2026-01-31,619.9446889887712,-0.08823022226966615,0
2026-02-01,598.881792099343,-0.03397544533172003,0
2026-02-02,616.1171435332002,0.02877922097688046,0
2026-02-03,620.8056357380441,0.007609741514344348,0
2026-02-04,600.4112613501848,-0.032851464635325844,0
2026-02-05,511.8865179543883,-0.1474401782483643,0
2026-02-06,573.0613869428973,0.11950865444352265,0
2026-02-07,565.878266049389,-0.012534644729473077,0
2026-02-08,564.3809832699724,-0.002645945019005169,0
2026-02-09,560.4620238716259,-0.006943819006162144,0
2026-02-10,569.8429717767062,0.01673788322048564,0
2026-02-11,552.9561306970912,-0.029634200851795578,0
2026-02-12,554.1463158675951,0.002152404330888702,0
2026-02-13,577.1872025072254,0.04157906671915068,0
2026-02-14,603.827662739829,0.04615566685623129,0
2026-02-15,626.6390648800865,0.037778001154753715,0
2026-02-16,625.6873581667037,-0.0015187478194723658,0
2026-02-17,621.8251175903213,-0.006172796247152834,0
2026-02-18,625.606873934687,0.006081704063387816,0
2026-02-19,625.0754167316574,-0.00084950665533301,0
2026-02-20,626.6013207186425,0.0024411518132700927,0
2026-02-21,621.321753166034,-0.008425720435050077,0
2026-02-22,611.5966713605877,-0.01565224741591731,0
2026-02-23,584.709061185368,-0.043962976638516116,0
2026-02-24,578.669939789536,-0.010328421084477513,0
2026-02-25,564.5136596266647,-0.024463479419753575,0
2026-02-26,574.9744528400157,0.018530629037868174,0
2026-02-27,552.9299541100255,-0.03833996209936652,0
2026-02-28,559.6588997424552,0.012169616752379264,0
2026-03-01,560.0699809755039,0.0007345210327895924,0
2026-03-02,579.5077640929313,0.03470598992570828,0
2026-03-03,591.5193238370621,0.020727176559802718,0
2026-03-04,583.1455908350583,-0.014156313521061503,0
2026-03-05,602.398571438694,0.03301573553195469,0
2026-03-06,579.4843137211819,-0.03803836662956639,0
2026-03-07,572.271767803491,-0.01244649034824652,0
2026-03-08,566.0972810426595,-0.010789431015495676,0
2026-03-09,580.3967411650597,0.02525972231497553,0
2026-03-10,579.2036412482105,-0.002055662673870695,0
2026-03-11,580.717193109193,0.0026131601274479443,0
2026-03-12,582.4693545233581,0.0030172370216627886,0
2026-03-13,581.0918236743689,-0.0023649842490278683,0
2026-03-14,581.3416680342789,0.0004299567636834034,0
2026-03-15,579.7275697711042,-0.002776505370125193,0
2026-03-16,557.4025618545883,-0.03850948114358366,0
2026-03-17,566.8540385997301,0.016956285083611577,0
2026-03-18,577.5816440869356,0.018924810897890776,0
2026-03-19,563.7962316953768,-0.023867469703527933,0
2026-03-20,566.3418665429502,0.004515168254882518,0
2026-03-21,550.0317781226154,-0.028799015901639913,0
2026-03-22,541.1433313081873,-0.016159878697857066,0
2026-03-23,564.8575661882179,0.043822465339640404,0
2026-03-24,560.663053474617,-0.007425788313160875,0
2026-03-25,558.4998415431137,-0.003858310117096364,0
2026-03-26,568.2755642532419,0.01750353712387498,0
2026-03-27,550.4206157687436,-0.03141952532828174,0
2026-03-28,551.3590730200955,0.0017049820164187768,0
2026-03-29,549.5174975354249,-0.003340065621090127,0
2026-03-30,546.0910706500091,-0.0062353371835897065,0
2026-03-31,539.0832359936995,-0.012832721560468219,0
