date,symbol,side,quantity,entry,exit,entry_fee,exit_fee,pnl
2020-07-18,BTCUSDT,-1,0.5464640426886693,9149.732845,9174.86514,2.0,2.0054935582110978,-17.73938908595502
2020-07-18,ETHUSDT,1,21.479847199240577,232.77632999999997,235.552165,2.0,2.023849804660122,55.60066184564447
2020-07-19,BTCUSDT,-1,0.5475765631504284,9165.71485,9213.594495,2.007572254551938,2.0180593631335224,-30.243403071647542
2020-07-19,ETHUSDT,-1,21.307087694905476,235.552165,239.229555,2.007572254551938,2.0389140430392856,-82.40095751595972
2020-07-20,BTCUSDT,-1,0.5391569544094234,9204.385505,9165.36039,1.985043382434417,1.9766271175748658,17.07899164886842
2020-07-20,ETHUSDT,-1,20.764013890878363,239.00044000000003,236.12800499999997,1.9850433824344167,1.961186070338158,55.69705078787371
2020-07-21,BTCUSDT,-1,0.5459684902287111,9156.199610000001,9394.695,1.9995985909217657,2.0516829781236883,-134.26224957385213
2020-07-21,ETHUSDT,-1,21.192784855582087,235.882,245.712795,1.9995985909217655,2.082935360279498,-212.42445734553326
2020-07-22,BTCUSDT,-1,0.5141711562751261,9385.305,9522.91908,1.9302612495378892,1.9585641257912243,-74.6460160086665
2020-07-22,ETHUSDT,-1,19.663858418211355,245.40723500000001,263.87187,1.930261249537889,2.075495636891469,-367.0917252703791
2020-07-23,BTCUSDT,-1,0.4840313460903948,9513.40092,9608.071635,1.84191370128208,1.8602431387287963,-49.525750456801106
2020-07-23,ETHUSDT,-1,17.467631458213276,263.618125,275.43765,1.84191370128208,1.9244973439665354,-210.22551775638684
2020-07-24,BTCUSDT,1,0.46574471851329047,9608.071635,9533.0311,1.7899634476394424,1.7759835544991778,-38.51567985280038
2020-07-24,ETHUSDT,1,16.245949231619363,275.447655,279.010425,1.7899634476394424,1.813115679857017,54.27750141644006
2020-07-25,BTCUSDT,1,0.4697528077135697,9542.86905,9695.569790000001,1.7931158119521702,1.8218084524941465,68.11667709049443
2020-07-25,ETHUSDT,1,16.050686925498116,279.28957499999996,305.10737,1.79311581195217,1.9588731498128464,410.64135568992634
2020-07-26,BTCUSDT,-1,0.4870439436309431,9695.569790000001,9936.50577,1.8888674185082543,1.9358059824529683,-121.17108326274646
2020-07-26,ETHUSDT,-1,15.474536738647517,305.157345,311.15549999999996,1.8888674185082543,1.9259948864728949,-96.63353221658252
2020-07-27,BTCUSDT,1,0.4642744990355871,9936.50577,11024.44502,1.8453064954123883,2.0473474755223493,501.2097963039673
2020-07-27,ETHUSDT,1,14.8252869852482,311.17551,321.76903500000003,1.8453064954123883,1.9081273147365494,153.29861450025334
2020-07-28,BTCUSDT,1,0.4476944085222403,11035.474979999999,10900.816865,1.9762081775732327,1.952093903514175,-64.2139872287315
2020-07-28,ETHUSDT,-1,15.35329069701206,321.789025,316.928385,1.9762081775732325,1.9463574500158227,70.70425326593549
2020-07-29,BTCUSDT,1,0.4530691913446981,10911.723135,11094.979735,1.9775062307806737,2.0107173986089055,79.03969594118949
2020-07-29,ETHUSDT,-1,15.61460585377351,316.611615,317.86885499999994,1.9775062307806737,1.9853587536061128,-23.594172047984486
2020-07-30,BTCUSDT,1,0.4476370329479877,11106.07026,11094.060195000002,1.9885953355593147,1.98644487561447,-9.35119007328562
2020-07-30,ETHUSDT,1,15.6376001919052,317.91888,334.70256500000005,1.9885953355593144,2.0935779578700653,258.3743824834478
2020-07-31,BTCUSDT,-1,0.4593374477993025,11094.240105,11341.127729999998,2.0383999740413468,2.083761866665639,-117.52689340143714
2020-07-31,ETHUSDT,1,15.212511822767809,334.98740999999995,346.156835,2.0383999740413468,2.106365977987754,165.77024391398993
2020-08-01,BTCUSDT,1,0.4514649453083661,11341.127729999998,11795.269415,2.0480486441438575,2.1300602645361675,200.85094207209528
2020-08-01,ETHUSDT,-1,14.791761815186998,346.14684,387.1935,2.0480486441438575,2.290909611355443,-611.4913762844625
2020-08-02,BTCUSDT,-1,0.4166756366754391,11795.269415,11076.885675,1.965920557301384,1.8461873564046705,295.5208943280775
2020-08-02,ETHUSDT,-1,12.705769936862334,386.81649500000003,372.60621,1.9659205573013838,1.8936995125224854,176.6929918774226
2020-08-03,BTCUSDT,1,0.4650137082771741,11076.89568,11214.200095,2.060363334542484,2.0859027086152753,59.70216913882053
2020-08-03,ETHUSDT,1,13.822886747943548,372.63622499999997,385.74703,2.060363334542484,2.132855003618233,177.03595435121167
2020-08-04,BTCUSDT,-1,0.4698809016637387,11214.070160000001,11197.565985,2.107710959240491,2.104608960588404,3.5426767103881094
2020-08-04,ETHUSDT,-1,13.660991823945002,385.71704500000004,389.804805,2.107710959240491,2.1300481016157904,-60.08061499910497
2020-08-05,BTCUSDT,-1,0.46851634464281217,11186.394005,11750.782454999999,2.0964033715827473,2.202173457003796,-268.72379038120846
2020-08-05,ETHUSDT,1,13.445902703713386,389.784795,400.51964000000004,2.0964033715827473,2.154139244146525,140.0891387937157
2020-08-06,BTCUSDT,-1,0.44098087967765504,11739.037545000001,11768.341229999998,2.0706764412652485,2.0758453871808866,-17.068886617541775
2020-08-06,ETHUSDT,-1,12.924936972287103,400.51964000000004,394.967385,2.0706764412652485,2.0419714228936217,67.64989806490782
2020-08-07,BTCUSDT,1,0.44203147110495,11768.351234999998,11588.432885,2.0807926435547217,2.048980814383012,-83.65934638721217
2020-08-07,ETHUSDT,1,13.170661189877247,394.967385,379.15033,2.080792643554722,1.9974642145840604,-212.3993292847924
2020-08-08,BTCUSDT,1,0.43567963714874447,11600.15718,11755.529295,2.0215809084203213,2.048657895094814,63.622227882717915
2020-08-08,ETHUSDT,1,13.316356191732792,379.52966999999995,396.831485,2.0215809084203213,2.1137397609417077,226.2618106341037
2020-08-09,BTCUSDT,-1,0.44226564004041546,11755.139490000001,11687.52084,2.0795577161236856,2.0675955539153175,25.758252250880794
2020-08-09,ETHUSDT,-1,13.100352695701114,396.85147500000005,390.33507,2.0795577161236856,2.045410834600473,81.24223525730706
2020-08-10,BTCUSDT,-1,0.44985118121486284,11675.849155000002,11898.86646,2.1009578136253237,2.1410876528595653,-104.56664355208915
2020-08-10,ETHUSDT,1,13.456117417436536,390.33507,395.24228,2.1009578136253237,2.1273706112061315,61.80366552718757
2020-08-11,BTCUSDT,1,0.43962354393192943,11898.84645,11386.383960000001,2.092405218020343,2.002288987625951,-229.38527019162638
2020-08-11,ETHUSDT,-1,13.235287813218134,395.23228500000005,379.18949999999995,2.092405218020343,2.0074728673001108,208.2309987152595
2020-08-12,BTCUSDT,1,0.45802192537232117,11397.786044999999,11558.547835000001,2.0881743637250696,2.1176273335579103,69.42662288481884
2020-08-12,ETHUSDT,1,13.76771681525836,379.179495,386.98641000000003,2.088174363725069,2.131167721693387,103.2640528353751
2020-08-13,BTCUSDT,-1,0.45912139950531955,11558.557830000002,11785.89,2.122712498869108,2.1644617244863,-108.66023826633564
2020-08-13,ETHUSDT,-1,13.7130945946468,386.98641000000003,424.75227,2.1227124988691086,2.3298672231203836,-522.3393903501768
2020-08-14,BTCUSDT,-1,0.42392833833135324,11773.880115000002,11766.42027,1.9965125731458053,1.9952475972677814,-0.8293204753536141
2020-08-14,ETHUSDT,-1,11.762798139222511,424.32773000000003,438.329055,1.996512573145805,2.0623904770084645,-168.7536627068033
2020-08-15,BTCUSDT,1,0.41699052529960584,11766.430274999999,11846.4738,1.9625959765093741,1.9759469331240072,29.43884862694915
2020-08-15,ETHUSDT,1,11.19336693671204,438.33905999999996,432.10384,1.9625959765093741,1.934678734352924,-73.69038010198761
2020-08-16,BTCUSDT,1,0.41189322111377885,11858.3262,11905.0445,1.953745670214367,1.961442850643151,15.327762551102525
2020-08-16,ETHUSDT,1,11.292905884637873,432.51615,433.40319000000005,1.953745670214367,1.957752573908731,6.105760991786871
2020-08-17,BTCUSDT,-1,0.41117738342139837,11905.034505,12287.270564999999,1.9580323749229451,2.020899104122987,-161.14575447915024
2020-08-17,ETHUSDT,-1,11.294780337534746,433.39319500000005,431.105445,1.958032374922945,1.9476965214360666,21.933904820836936
2020-08-18,BTCUSDT,1,0.39272083483532383,12287.290574999999,11939.037495,1.9301900049912823,1.8754835088666535,-140.57191382543022
2020-08-18,ETHUSDT,-1,11.204458114499488,430.674555,422.16097499999995,1.9301900049912823,1.8920339847855059,91.5678265246643
2020-08-19,BTCUSDT,1,0.40171900461166765,11951.072549999999,11748.712705,1.9203891875311299,1.8878724693284215,-85.10005716363052
2020-08-19,ETHUSDT,-1,11.384562609394912,421.70904,407.66372999999993,1.9203891875311296,1.856429303105785,156.1228925727245
2020-08-20,BTCUSDT,1,0.4112566849851667,11760.257189999998,11847.623225,1.9345937546129486,1.9489657009867078,32.046306478798776
2020-08-20,ETHUSDT,1,11.863906525440397,407.66372999999993,415.73203,1.9345937546129486,1.9728823774206332,91.81408088717811
2020-08-21,BTCUSDT,-1,0.41345159443691254,11847.61323,11537.105669999999,1.9593658320861438,1.9080138937794575,124.51246604085044
2020-08-21,ETHUSDT,-1,11.782624928407271,415.73203,388.163985,1.959365832086144,1.8294362583883628,321.0351321539788
2020-08-22,BTCUSDT,1,0.4438927213125039,11536.995615,11657.12852,2.0484753517251097,2.0698058005729605,49.207840967328615
2020-08-22,ETHUSDT,1,13.194723441807502,388.123965,395.04238000000004,2.0484753517251097,2.084989980757371,87.15310724817067
2020-08-23,BTCUSDT,-1,0.4451460011470341,11657.678245000001,11653.954064999998,2.07574754136821,2.075084419834389,-2.4930281266495515
2020-08-23,ETHUSDT,-1,13.136565634790992,395.03238500000003,390.905355,2.0757475413682105,2.0540615411795096,50.085191389204375
2020-08-24,BTCUSDT,-1,0.4477780810519236,11642.295940000002,11754.0741,2.0852659740207207,2.1052866980160463,-54.24236266035077
2020-08-24,ETHUSDT,-1,13.349131914062584,390.52464000000003,407.88383999999996,2.085265974020721,2.1779580743097586,-235.99347477092476
2020-08-25,BTCUSDT,-1,0.431605405384992,11742.315905000001,11324.07921,2.027218806534466,1.955013519217524,176.53098596660286
2020-08-25,ETHUSDT,-1,12.437652834306094,407.47616000000005,383.121465,2.027218806534466,1.9060527100163014,298.98196977886033
2020-08-26,BTCUSDT,1,0.4685417150317597,11324.07921,11455.699285,2.1223213976835575,2.1469891959528016,57.40018507947282
2020-08-26,ETHUSDT,-1,13.863460664569818,382.71854500000006,386.002905,2.122321397683558,2.140534435950872,-49.795451501920056
2020-08-27,BTCUSDT,-1,0.4634907360513502,11455.68929,11336.045189999999,2.1238423443990677,2.101660771609787,51.22842885719312
2020-08-27,ETHUSDT,-1,13.76911431013625,385.617095,383.46163499999994,2.1238423443990677,2.111970834346697,25.442961952181367
2020-08-28,BTCUSDT,1,0.4717643116948758,11336.045189999999,11521.146545,2.1391766225609428,2.1741063078950886,83.01093040490817
2020-08-28,ETHUSDT,-1,13.958980628824644,383.11834500000003,395.307555,2.139176622560943,2.207236201069213,-174.49535909430503
2020-08-29,BTCUSDT,-1,0.4602149552734586,11521.136550000001,11471.572919999999,2.1208797368230643,2.1117557673176077,18.577288259500676
2020-08-29,ETHUSDT,-1,13.426605335210404,394.90245000000004,398.84932499999996,2.1208797368230643,2.1420769899960272,-57.25608965922658
2020-08-30,BTCUSDT,1,0.4605174877237147,11471.572919999999,11705.30442,2.1131439765431193,2.1561989538158777,103.36810025153721
2020-08-30,ETHUSDT,-1,13.25850418337928,398.450675,429.15446999999995,2.1131439765431193,2.275978534324367,-411.47551696398676
2020-08-31,BTCUSDT,-1,0.438160484303537,11705.314415,11655.334755,2.0515224932006295,2.042762848388259,17.80482668933761
2020-08-31,ETHUSDT,-1,11.96291303902889,428.72553000000005,434.006895,2.051522493200629,2.076794697289577,-67.30882741286027
2020-09-01,BTCUSDT,1,0.43791571327028883,11655.334755,11916.009015,2.0416216930559252,2.0872830348555667,110.02444977119313
2020-09-01,ETHUSDT,-1,11.771801605366564,433.58310000000006,475.63769999999994,2.041621693055925,2.239645056173144,-499.3396745422763
2020-09-02,BTCUSDT,-1,0.4120000760384009,11916.009015,11394.23427,1.9637586481017082,1.8777701542557415,211.1297058125593
2020-09-02,ETHUSDT,-1,10.332041536658675,475.1623,439.71975,1.9637586481017084,1.8172810885956674,362.41285902840497
2020-09-03,BTCUSDT,1,0.4560348488143515,11394.23427,10135.779575,2.0784671610699017,1.8489074824402871,-577.8265712175462
2020-09-03,ETHUSDT,1,11.816999128819557,439.71975,381.2093,2.0784671610699013,1.8018999863991654,-695.2983038243091
2020-09-04,BTCUSDT,1,0.44951631899984607,10143.359145,10441.026875000001,1.8238421860615304,1.8773647869713865,130.10529530160758
2020-09-04,ETHUSDT,1,11.950509510300117,381.540675,385.06737000000004,1.8238421860615306,1.8407005069165019,38.481259444450046
2020-09-05,BTCUSDT,-1,0.44477413937571675,10441.026875000001,10171.773345,1.857559497010742,1.8096566941788923,116.08979088843488
2020-09-05,ETHUSDT,-1,12.058712311065614,385.10735000000005,335.177505,1.857559497010742,1.6167236423743025,598.6153534517136
2020-09-06,BTCUSDT,1,0.49167939011886524,10171.773345,10251.0719,2.0005005258787723,2.0160963119426554,34.972868321886466
2020-09-06,ETHUSDT,1,14.91986610174178,335.20752,352.6236,2.0005005258787723,2.1044387585256614,255.7406423328189
2020-09-07,BTCUSDT,-1,0.5020707770222731,10250.762055,10378.62672,2.058643228009713,2.0843220726938103,-68.34007701094666
2020-09-07,ETHUSDT,-1,14.59312076336959,352.673575,353.76679499999995,2.0586432280097133,2.065024624602085,-20.07715933354149
2020-09-08,BTCUSDT,-1,0.4921170804135506,10368.263275000001,10131.713324999999,2.040959780740816,1.994395672434427,112.3749153127973
2020-09-08,ETHUSDT,-1,14.437489543867041,353.413205,337.55869499999994,2.0409597807408155,1.949400051801561,224.90896251559394
2020-09-09,BTCUSDT,-1,0.5207717282777515,10121.59667,10224.3096,2.1084165563064943,2.129812552335523,-57.72821918121357
2020-09-09,ETHUSDT,-1,15.629881242053214,337.24129500000004,351.025425,2.1084165563064943,2.194594282276503,-219.74732576360515
2020-09-10,BTCUSDT,-1,0.5024684742110984,10214.180355000002,10342.038435,2.052921447317531,2.0786193090667946,-68.37619512954396
2020-09-10,ETHUSDT,-1,14.635516755937683,350.67457500000006,368.113965,2.052921447317531,2.1550152411408634,-259.44242124678965
2020-09-11,BTCUSDT,1,0.48040810791946936,10342.02843,10382.696055,1.9873577240422642,1.9951725467541956,15.55452650903207
2020-09-11,ETHUSDT,-1,13.510395319709321,367.746035,373.81681499999996,1.9873577240422642,2.020165179121858,-86.0261606021485
2020-09-12,BTCUSDT,-1,0.4751327080102126,10382.696055,10446.140459999999,1.9732633972236409,1.9853212020059392,-34.10309655497548
2020-09-12,ETHUSDT,-1,13.210283995000824,373.43319,387.9738899999999,1.9732633972236409,2.050098107818084,-196.1101379911489
2020-09-13,BTCUSDT,-1,0.4617004566602966,10435.449665,10337.996415,1.9272207503144156,1.9092230663032035,41.15776621141264
2020-09-13,ETHUSDT,-1,12.43091986909964,387.58611,366.60321,1.9272207503144156,1.8228860509058833,257.0866417201109
2020-09-14,BTCUSDT,-1,0.48095769500025193,10327.67358,10677.105884999999,1.9868696319007202,2.05409449428929,-172.1031200976143
2020-09-14,ETHUSDT,1,13.54881350840504,366.61321499999997,376.93144,1.9868696319007204,2.0427895144058255,135.7700471164566
2020-09-15,BTCUSDT,-1,0.46397957273288987,10666.434115000002,10790.702655,1.9796030173044885,2.002666242941824,-61.64033335358509
2020-09-15,ETHUSDT,-1,13.129728693529044,376.93144,364.24203,1.9796030173044887,1.912959613072107,162.7159479505779
2020-09-16,BTCUSDT,-1,0.4637867132872075,10779.837385,10959.487004999999,1.9998181402238864,2.0331457829451245,-87.352070726264
2020-09-16,ETHUSDT,1,13.726265148045993,364.23202499999996,364.92744500000003,1.9998181402238866,2.0036363479475887,5.542064821083624
2020-09-17,BTCUSDT,-1,0.45290454436878874,10948.532995000001,10945.459995,1.9834561390428502,1.9828994287769117,-2.5745799029735053
2020-09-17,ETHUSDT,-1,13.590622693570992,364.85748000000007,389.55468,1.98345613904285,2.1177162697579144,-339.7514991964616
2020-09-18,BTCUSDT,-1,0.4378311009304843,10934.53,10938.856694999999,1.9149909232229636,1.9157486678770594,-5.725101226339537
2020-09-18,ETHUSDT,-1,12.302227415383324,389.15532500000006,384.58219499999996,1.9149909232229634,1.892487049118918,52.45220728777136
2020-09-19,BTCUSDT,-1,0.4402333660920246,10927.9333,11086.190325,1.9243363444352508,1.9522043535646345,-73.54656352145913
2020-09-19,ETHUSDT,1,12.508940277749074,384.59219999999993,385.05737500000004,1.924336344435251,1.9266638829527323,1.967846066315213
2020-09-20,BTCUSDT,-1,0.43115201129824543,11075.09968,10925.74014,1.9100206009442215,1.8842619345131895,60.60238354212309
2020-09-20,ETHUSDT,-1,12.400883121276546,385.05737500000004,371.22552,1.9100206009442218,1.8414097140620438,167.77578689043855
2020-09-21,BTCUSDT,-1,0.4479451470834292,10914.819860000001,10422.428609999999,1.9556962350307339,1.867470526669196,216.7411041421447
2020-09-21,ETHUSDT,1,13.170540073798898,371.22552,340.18982000000005,1.9556962350307339,1.792193462803374,-412.5048202662341
2020-09-22,BTCUSDT,1,0.4597161476277831,10422.428609999999,10524.345195000002,1.916543491805916,1.9352845717401483,43.00087177203467
2020-09-22,ETHUSDT,1,14.072358283303737,340.48015499999997,344.037895,1.916543491805916,1.9365698085894527,46.212678658446
2020-09-23,BTCUSDT,-1,0.45950274483846676,10524.345195000002,10246.580729999998,1.9343862018920117,1.8833327882575757,123.81581509594041
2020-09-23,ETHUSDT,-1,14.057716012198757,344.00791000000004,320.88036,1.9343862018920117,1.8043379899088405,321.38180576612706
2020-09-24,BTCUSDT,1,0.4936831562113758,10246.580729999998,10730.95184,2.023425726064425,2.119076069409388,234.98335656693462
2020-09-24,ETHUSDT,-1,15.780415510702037,320.55964000000006,349.14448500000003,2.0234257260644246,2.20385801862803,-455.3080151537056
2020-09-25,BTCUSDT,-1,0.46113312692325653,10730.961835,10692.013335,1.9793607943470708,1.9721766169094825,14.008906182714098
2020-09-25,ETHUSDT,-1,14.187114722125013,348.795515,352.09596,1.9793607943470706,1.9980903110866959,-50.801242954497205
2020-09-26,BTCUSDT,1,0.46109668925188874,10691.913284999999,10723.235700000001,1.9720023269927143,1.9777793917350641,10.492880137147012
2020-09-26,ETHUSDT,-1,14.015491869145963,351.75403500000004,354.09696,1.9720023269927143,1.9851372255077215,-36.79438584001896
2020-09-27,BTCUSDT,-1,0.45852388077010525,10723.225705,10779.637125,1.9667420258521395,1.9770884191394003,-29.8098136631432
2020-09-27,ETHUSDT,-1,13.898332312449057,353.773025,357.668745,1.9667420258521393,1.9883996303146407,-58.099152812420584
2020-09-28,BTCUSDT,-1,0.4524986635293585,10768.872870000001,10701.468060000001,1.9491602325570274,1.9369599979808472,26.614466209912468
2020-09-28,ETHUSDT,-1,13.634258768717006,357.40121,354.13697999999994,1.9491602325570272,1.9313580899567833,40.62483817809605
2020-09-29,BTCUSDT,1,0.45849081577197964,10701.458055,10835.05976,1.962608093434629,1.9871101553202202,57.305436465222954
2020-09-29,ETHUSDT,-1,13.870686674428654,353.73304500000006,359.969895,1.962608093434629,1.997211850308793,-90.46921212915304
2020-09-30,BTCUSDT,-1,0.4513028397026375,10835.15971,10781.978294999999,1.9559753383018428,1.9463749688582808,20.098573301744736
2020-09-30,ETHUSDT,-1,13.598267102183609,359.60011,360.009915,1.9559753383018426,1.9582043934417668,-9.48681758155404
2020-10-01,BTCUSDT,-1,0.45447521620009446,10771.201705000001,10624.439564999999,1.9580976894458808,1.931417787323285,62.81023982972053
2020-10-01,ETHUSDT,-1,13.611130450906753,359.650085,353.026425,1.9580976894458808,1.9220354893168996,86.27536714368988
2020-10-02,BTCUSDT,1,0.4677693347208011,10624.439564999999,10565.1148,1.9879148108405629,1.9768146884979558,-31.715035355856102
2020-10-02,ETHUSDT,-1,14.092546449234046,352.653585,345.7728,1.9879148108405629,1.9491276979526857,93.03073971089967
2020-10-03,BTCUSDT,-1,0.4732977325791981,10565.1148,10547.33103,2.000177951711571,1.9968111445044872,4.420028921493909
2020-10-03,ETHUSDT,-1,14.476117917983666,345.4272,346.122975,2.000177951711571,2.0042068000893254,-14.076505696185535
2020-10-04,BTCUSDT,-1,0.47411141253482036,10536.798965,10671.963314999999,1.9982466563566335,2.0238798407177736,-68.10508739992481
2020-10-04,ETHUSDT,-1,14.447926515410051,345.76703000000003,352.546185,1.9982466563566335,2.037424549667263,-101.98040448259773
2020-10-05,BTCUSDT,-1,0.46059861607101393,10661.28669,10797.606104999999,1.9642295579801285,1.9893449715371723,-66.74210842212666
2020-10-05,ETHUSDT,-1,13.944004115784182,352.16383,353.79681,1.9642295579801288,1.973337669916526,-26.70784706888956
2020-10-06,BTCUSDT,-1,0.45090732735067257,10786.8039,10604.95983,1.9455395668819249,1.9127416374426172,78.13654239394454
2020-10-06,ETHUSDT,-1,13.760942392426912,353.453185,340.920375,1.9455395668819249,1.8765542563118318,168.64118260203873
2020-10-07,BTCUSDT,1,0.4702745285928596,10604.949825,10661.056805,1.9948951118811216,2.0054493853092294,22.385339073078875
2020-10-07,ETHUSDT,-1,14.641234289981854,340.62960000000004,341.75078999999994,1.9948951118811218,2.001461354070555,-20.411961939534955
2020-10-08,BTCUSDT,-1,0.4678916811842483,10661.0668,10931.032785,1.9952897873078297,2.0458157227415144,-130.3559440942604
2020-10-08,ETHUSDT,-1,14.610690989471474,341.40921000000003,351.125475,1.9952897873078301,2.0520743255025566,-146.0087095996269
2020-10-09,BTCUSDT,-1,0.44414397732360766,10919.977280000001,11056.165319999998,1.9400168565690528,1.964211695668855,-64.39132630174326
2020-10-09,ETHUSDT,-1,13.827059826780749,350.76453000000004,365.20250999999996,1.9400168565690525,2.019870781864198,-203.59470087629614
2020-10-10,BTCUSDT,1,0.4265537816536207,11056.165319999998,11287.57339,1.8864196511334452,1.9259028460789118,94.89566486645397
2020-10-10,ETHUSDT,-1,12.926791956383694,364.827495,370.70525999999995,1.8864196511334448,1.9168119092628502,-79.7838768839093
2020-10-11,BTCUSDT,1,0.4180600749498435,11298.86661,11363.335490000001,1.8894420087299535,1.9002227546518469,23.162200041351575
2020-10-11,ETHUSDT,-1,12.755304865800646,370.324745,374.34708,1.8894420087299535,1.9099644524089054,-55.105515658519074
2020-10-12,BTCUSDT,-1,0.4142827049468994,11363.335490000001,11534.014125,1.8830533456065206,1.9113370282402982,-74.5035969582907
2020-10-12,ETHUSDT,-1,12.587830018963034,373.98291500000005,386.70325499999996,1.8830533456065206,1.9471019366878868,-163.9516329857095
2020-10-13,BTCUSDT,1,0.3978155115349743,11534.00412,11414.84972,1.8353622996177203,1.8164017121826634,-51.0532325994431
2020-10-13,ETHUSDT,-1,11.877315204248527,386.316745,381.23052,1.8353622996177206,1.811198020607829,56.76413720450357
2020-10-14,BTCUSDT,1,0.4018159091873556,11426.280284999999,11412.181055000001,1.8365044805387325,1.834238362570216,-9.33603776439978
2020-10-14,ETHUSDT,-1,12.055000604479726,380.85947500000003,378.879345,1.836504480538733,1.8269562931999532,20.20700757321013
2020-10-15,BTCUSDT,-1,0.40278862244630204,11412.181055000001,11510.87256,1.8386786745004946,1.8545794006389353,-43.4450734212413
2020-10-15,ETHUSDT,-1,12.144488062381917,378.500655,377.82881999999995,1.8386786745004946,1.8354150376455383,4.484998425244858
2020-10-16,BTCUSDT,1,0.39764254590440595,11510.882564999998,11313.66034,1.8308866595012951,1.7995170804381229,-82.05435139787008
2020-10-16,ETHUSDT,-1,12.12696661270083,377.441185,365.68275,1.8308866595012951,1.77384900003625,138.98941300307558
2020-10-17,BTCUSDT,1,0.40668653445917613,11324.899619999998,11354.519900000001,1.842273671822336,1.8470921394315005,8.356803211657757
2020-10-17,ETHUSDT,-1,12.607354784248049,365.31725,368.50415999999996,1.8422736718223365,1.8583450738365233,-43.87912378112624
2020-10-18,BTCUSDT,-1,0.4040574709964142,11354.629845,11508.891569999998,1.8351692077084425,1.86010144869846,-66.02587313145061
2020-10-18,ETHUSDT,-1,12.462920171418842,368.125845,378.299055,1.8351692077084427,1.8858843693552745,-130.5089576941434
2020-10-19,BTCUSDT,-1,0.3904935134785482,11497.38843,11757.345734999999,1.7958622415433239,1.8364668980968692,-105.14397052350401
2020-10-19,ETHUSDT,-1,11.879566155283051,377.93094,379.48965,1.795862241543324,1.8032689609680843,-22.115929764412204
2020-10-20,BTCUSDT,-1,0.37682464762686085,11745.58427,11915.944995,1.77041026148574,1.7960887095527727,-67.76261913862022
2020-10-20,ETHUSDT,-1,11.67476871500435,379.11035000000004,368.70426,1.7704102614857398,1.7218147838947317,117.99646893213988
2020-10-21,BTCUSDT,-1,0.37391849397504046,11904.045,12787.35048,1.7804570314444443,1.9125707333650444,-333.9772825663093
2020-10-21,ETHUSDT,-1,12.084143117908262,368.345735,390.57518999999996,1.7804570314444443,1.8879065977056848,-272.2922792822512
2020-10-22,BTCUSDT,1,0.3243890092734538,12787.140374999999,12962.035740000001,1.6592031190747323,1.6818967727462801,53.39303428704877
2020-10-22,ETHUSDT,-1,10.63278634702258,390.114845,414.18699,1.6592031190747323,1.7615847089545513,-259.37476252757693
2020-10-23,BTCUSDT,1,0.3117468822075562,12975.324419999999,12916.608465000001,1.618006773426627,1.6106849670637917,-21.53320764757892
2020-10-23,ETHUSDT,-1,9.77687697200914,413.73303000000004,409.314555,1.618006773426627,1.6007272188350674,39.980152486636946
2020-10-24,BTCUSDT,1,0.31356461231602095,12929.521529999998,13105.174135000001,1.6216961623944381,1.6437275387900883,51.81301728794057
2020-10-24,ETHUSDT,-1,9.912921968416196,408.985405,412.34606999999994,1.6216961623944381,1.6350217663572326,-36.57072783573835
2020-10-25,BTCUSDT,-1,0.3099433482432087,13105.174135000001,13035.344415,1.6247446202848788,1.6160873173954042,18.40242528600595
2020-10-25,ETHUSDT,-1,9.860468523950422,411.93393000000003,406.06293,1.624744620284879,1.6015882960032335,54.664477787825184
2020-10-26,BTCUSDT,1,0.3143868003133392,13036.154819999998,13045.663905000001,1.6393580008996456,1.640553813222469,-0.29038100706350023
2020-10-26,ETHUSDT,-1,10.103351545796585,405.64707500000003,392.71626,1.6393580008996456,1.5871001730121814,127.41811154474837
2020-10-27,BTCUSDT,-1,0.31903103227912155,13045.623925,13642.988084999999,1.6647835470071821,1.741014628851722,-193.98350278720898
2020-10-27,ETHUSDT,-1,10.608480811071887,392.32374,403.65172499999994,1.6647835470071826,1.7128526316074264,-123.5503476792243
2020-10-28,BTCUSDT,-1,0.29371865243254086,13629.34192,13273.033199999998,1.6012767769138958,1.55941497007855,101.49382534137187
2020-10-28,ETHUSDT,-1,9.92834718909922,403.208295,388.424115,1.6012767769138958,1.5425637881354408,143.63863138108806
2020-10-29,BTCUSDT,1,0.31083762908435797,13273.033199999998,13448.972150000001,1.6503032682583876,1.6721786466910245,51.36596416664304
2020-10-29,ETHUSDT,-1,10.632687861745431,388.02589000000006,387.323565,1.6503032682583876,1.6473162272573871,4.169983006985512
2020-10-30,BTCUSDT,1,0.3085275016757424,13462.417845,13553.319950000001,1.6614104576931128,1.6726287774341992,24.71176011758902
2020-10-30,ETHUSDT,-1,10.734666114398339,386.92644,382.681245,1.661410457693113,1.6431821573269076,42.266158300493494
2020-10-31,BTCUSDT,-1,0.3089291124896541,13553.319950000001,13797.895499999999,1.6748060413767296,1.7050286444159968,-78.93634228396105
2020-10-31,ETHUSDT,-1,10.949344358898452,382.398705,386.65322999999995,1.6748060413767296,1.6934397451001464,-49.952505095018694
2020-11-01,BTCUSDT,1,0.298782570121098,13797.895499999999,13754.619250000002,1.6490282719009328,1.643856196220852,-16.223073668324105
2020-11-01,ETHUSDT,-1,10.673411127860618,386.24678,396.868335,1.6490282719009328,1.6943755612338063,-116.71162716531833
2020-11-02,BTCUSDT,-1,0.2948904802847131,13754.609255000001,13556.144685,1.6224413317342041,1.5990312067874843,55.30383982827794
2020-11-02,ETHUSDT,-1,10.230241997411708,396.48166000000003,383.21151,1.6224413317342041,1.5681385933974226,132.56626591682195
2020-11-03,BTCUSDT,-1,0.30643747758630857,13542.855185,14030.541765,1.6600153528832242,1.7197935310543815,-152.82525431183097
2020-11-03,ETHUSDT,-1,10.840746819737799,382.818495,388.07394,1.6600153528832242,1.682804532351247,-60.31576855529148
2020-11-04,BTCUSDT,-1,0.2884787650529174,14016.518235000001,14151.082005,1.6173871483097995,1.632914664385985,-42.06909200316027
2020-11-04,ETHUSDT,-1,10.429747901625605,387.68606,402.691245,1.6173871483097992,1.6799872670167009,-159.79767118258036
2020-11-05,BTCUSDT,1,0.2786030416464701,14151.082005,15582.22499,1.5770137956726515,1.736502111133455,395.40727274520253
2020-11-05,ETHUSDT,-1,9.800016751684234,402.29875000000004,416.89834499999995,1.5770137956726513,1.634244305899773,-146.28753366937693
2020-11-06,BTCUSDT,1,0.2607476980661756,15597.81501,15572.130040000002,1.6268377434878167,1.6241588247668575,-9.948293370653042
2020-11-06,ETHUSDT,-1,9.764425223000819,416.52163500000006,456.137955,1.6268377434878167,1.781569981188005,-390.23900197514683
2020-11-07,BTCUSDT,1,0.24807994496497499,15587.719965,14810.89085,1.5468002844186568,1.4697139947801008,-195.7322383755891
2020-11-07,ETHUSDT,-1,8.48618187501033,455.6820450000001,435.42760499999997,1.5468002844186568,1.4780471397720627,168.85801419229438
2020-11-08,BTCUSDT,1,0.25992440293859365,14825.709149999999,15467.36245,1.541425439581998,1.6081379799404294,163.63178747655635
2020-11-08,ETHUSDT,1,8.850270634340447,435.41759999999994,454.07285,1.5414254395819977,1.60746704408251,161.95511876761583
2020-11-09,BTCUSDT,-1,0.25966657631903367,15467.36245,15336.074204999999,1.6065428208308323,1.5929063531947985,30.891719916059266
2020-11-09,ETHUSDT,-1,8.845376819200682,454.06285500000007,444.54215999999997,1.6065428208308326,1.5728571668885603,81.03473486796136
2020-11-10,BTCUSDT,1,0.2655386394871119,15336.074204999999,15289.561395,1.6289281117876366,1.6239877324731877,-15.603864130382922
2020-11-10,ETHUSDT,-1,9.169871845062547,444.09784,450.56516999999997,1.6289281117876369,1.6526499466995281,-62.58616533821504
2020-11-11,BTCUSDT,-1,0.2637894678949875,15289.561395,15692.08212,1.613290105893917,1.6557623970396986,-109.4497803673878
2020-11-11,ETHUSDT,-1,8.9604363062972,450.11483,463.32154499999996,1.613290105893917,1.6606252773230847,-121.61184395613661
2020-11-12,BTCUSDT,1,0.24966042904703065,15692.092125,16283.714070000002,1.5670777810292125,1.6261596164781482,144.51135122483205
2020-11-12,ETHUSDT,-1,8.4641306867194,462.858455,462.62119499999994,1.5670777810292122,1.5662745011705197,-1.1251526354682735
2020-11-13,BTCUSDT,1,0.2447477637555123,16299.995925,16312.539650000002,1.5957550207470852,1.596983040204251,-0.12268941803644484
2020-11-13,ETHUSDT,-1,8.630391029859577,462.24876000000006,476.668215,1.5957550207470854,1.6455332347820706,-127.68682334299224
2020-11-14,BTCUSDT,1,0.24041123887991164,16328.20002,16062.414775000001,1.5701931181948794,1.5446340141842991,-67.01258715882982
2020-11-14,ETHUSDT,-1,8.243664243202575,476.18179000000003,461.12044499999996,1.5701931181948792,1.5205288497024638,121.06994926314117
2020-11-15,BTCUSDT,-1,0.24608568752970236,16061.52522,15964.9785,1.5810045906157415,1.5715010842277664,20.606260295094227
2020-11-15,ETHUSDT,1,8.571352155424467,461.13044999999994,447.85596,1.5810045906157415,1.5354924592262775,-116.8968255235022
2020-11-16,BTCUSDT,-1,0.2448028673060068,15949.0215,16721.926785,1.56174647757006,1.6374302495396464,-192.40860665107581
2020-11-16,ETHUSDT,-1,8.718100639636553,447.84596500000004,460.78027499999996,1.5617464775700598,1.6068515240837626,-115.93121428591064
2020-11-17,BTCUSDT,-1,0.22449915393311493,16704.72346,17668.20969,1.5000785133826626,1.5865992507671451,-219.38852122535607
2020-11-17,ETHUSDT,-1,8.147645696328993,460.279745,482.39107499999994,1.5000785133826626,1.5721406264685065,-183.22750185446094
2020-11-18,BTCUSDT,-1,0.20106388807073675,17650.550310000002,17785.008059999996,1.4195553087666992,1.430369147965196,-29.884522452973815
2020-11-18,ETHUSDT,-1,7.364841226522178,481.86894500000005,478.649205,1.4195553087666994,1.4100701592104263,20.883248422705822
2020-11-19,BTCUSDT,1,0.19927247974227585,17786.638875,17793.91859,1.4177550539606456,1.4183353127045923,-1.385443506798081
2020-11-19,ETHUSDT,-1,7.412078496873614,478.190785,471.48562499999997,1.4177550539606456,1.3978753850590067,46.883541815077685
2020-11-20,BTCUSDT,1,0.20026917138655226,17811.711405000002,18646.342165,1.4268546736223013,1.4937149979098723,164.23024104739545
2020-11-20,ETHUSDT,1,7.5655774032428535,471.49562999999995,509.86494000000005,1.4268546736223013,1.5429690675079095,287.3161609728906
2020-11-21,BTCUSDT,-1,0.20341318874326883,18646.33217,18713.151899999997,1.5171639540263584,1.5226007597664637,-16.631779064056193
2020-11-21,ETHUSDT,-1,7.439048241022212,509.86494000000005,552.626175,1.5171639540263584,1.6444051100306334,-321.264459074744
2020-11-22,BTCUSDT,1,0.19365854482250505,18713.151899999997,18405.222785,1.449584706398598,1.4257314646708457,-62.508420490450355
2020-11-22,ETHUSDT,-1,6.5634384224379225,552.14379,560.3100149999999,1.4495847063985983,1.4710241123711072,-56.51912375004243
2020-11-23,BTCUSDT,-1,0.19367081296451175,18404.67306,18377.183999999997,1.4257791975504994,1.423649666111367,2.474399734169057
2020-11-23,ETHUSDT,-1,6.367928699232119,559.749985,608.88429,1.4257791975504994,1.550932697921029,-315.8604628217953
2020-11-24,BTCUSDT,-1,0.1856194379346769,18358.825995,19169.590005,1.363101984932974,1.4232994088665198,-153.27996122766405
2020-11-24,ETHUSDT,-1,5.602319649312372,608.2757100000001,605.272485,1.363101984932974,1.3563719743614513,14.105552469512602
2020-11-25,BTCUSDT,-1,0.17431303114779506,19150.420000000002,18728.469555,1.335267103181343,1.3058465187564985,70.91034744017354
2020-11-25,ETHUSDT,-1,5.520575352560008,604.6775100000001,569.7847499999999,1.3352671031813432,1.258215858845826,190.03462787676557
2020-11-26,BTCUSDT,1,0.1852095880039361,18728.189415,17140.895265000003,1.387456098244731,1.269863260019708,-296.639414920822
2020-11-26,ETHUSDT,1,6.0889156489791,569.66469,519.5700850000001,1.387456098244731,1.2654473685191605,-307.6747277806899
2020-11-27,BTCUSDT,1,0.18454801949559502,17158.044735,17130.950240000002,1.2665932697044286,1.2645931755478355,-7.531421836735114
2020-11-27,ETHUSDT,1,6.088337964140433,520.089915,518.42066,1.2665932697044284,1.2625280742690959,-12.692109932304891
2020-11-28,BTCUSDT,1,0.18406537468477058,17148.099765,17710.990074999998,1.2625485633506206,1.303992009677251,101.0420752435486
2020-11-28,ETHUSDT,1,6.083406952256823,518.849295,537.25124,1.2625485633506206,1.3073271714098398,109.37664441328764
2020-11-29,BTCUSDT,-1,0.18415586000732315,17710.98008,18194.082495000002,1.3046323072819879,1.3402187635643636,-91.6109917767863
2020-11-29,ETHUSDT,-1,6.071092789566818,537.23125,576.5881499999999,1.3046323072819876,1.4002080640058683,-241.64423218098946
2020-11-30,BTCUSDT,-1,0.17027777876984027,18175.9075,19705.717934999997,1.2379812624904323,1.3421783516147212,-263.0728824248276
2020-11-30,ETHUSDT,-1,5.372885561718395,576.0318400000001,616.9683299999999,1.2379812624904325,1.325960092917804,-222.5110174238367
2020-12-01,BTCUSDT,-1,0.14488255661221872,19686.022065,18774.34248,1.1408644825207,1.0880298948863132,129.85757470855978
2020-12-01,ETHUSDT,-1,4.627565069815779,616.341675,585.5526299999999,1.1408644825206997,1.0838731588507051,140.2535715336152
2020-12-02,BTCUSDT,1,0.159111659042391,18774.34248,19194.487955,1.194886711769135,1.2216267291956966,64.43353012543878
2020-12-02,ETHUSDT,1,5.1015342197725895,585.5526299999999,596.591555,1.194886711769135,1.2174128932239363,53.90315403201038
2020-12-03,BTCUSDT,-1,0.15871153817519928,19194.477960000004,19431.610950000002,1.218554048600625,1.2336083452386184,-40.087903988823115
2020-12-03,ETHUSDT,-1,5.106401749161609,596.5815600000001,616.157925,1.2185540486006248,1.258539962391915,-102.44187848921811
2020-12-04,BTCUSDT,1,0.15310376677350737,19432.05117,18641.194740000003,1.1900480921050165,1.1416148527409973,-123.4147613548941
2020-12-04,ETHUSDT,-1,4.833412143624652,615.5320800000001,567.5236199999999,1.1900480921050165,1.097230222680729,229.7573952459332
2020-12-05,BTCUSDT,1,0.1622892970824389,18659.835254999998,19138.086170000002,1.2113166188832247,1.2423626208129783,75.16132558468769
2020-12-05,ETHUSDT,1,5.335974469587824,567.5236199999999,596.5015999999999,1.2113166188832245,1.2731669234673153,152.14127791787604
2020-12-06,BTCUSDT,-1,0.16417225949606762,19138.086170000002,19369.079700000002,1.2567771395837373,1.2719462314833663,-40.451453120139746
2020-12-06,ETHUSDT,-1,5.267106675819299,596.5215900000001,601.8407699999999,1.2567771395837373,1.267983814978891,-30.541449442446318
2020-12-07,BTCUSDT,-1,0.1605482400328633,19348.990664999998,19176.48345,1.2425785590712204,1.2315002671667323,25.221650934982453
2020-12-07,ETHUSDT,-1,5.1663099417825915,601.289205,591.5756399999999,1.2425785590712204,1.2225052440993596,47.71820362648151
2020-12-08,BTCUSDT,-1,0.16405827594673128,19157.316550000003,18333.272055,1.257166529983513,1.203090002322275,132.73106262078934
2020-12-08,ETHUSDT,-1,5.318194004842804,590.974365,555.21747,1.2571665299835133,1.181101688135196,187.72383640267483
2020-12-09,BTCUSDT,1,0.18017208082447314,18333.272055,18532.00936,1.321257509788206,1.335580275299925,33.150075994209615
2020-12-09,ETHUSDT,1,5.949493671081483,555.19746,572.8034550000001,1.321257509788206,1.363156212118443,102.0623421036863
2020-12-10,BTCUSDT,-1,0.18188789461899751,18532.019355,18263.757315,1.348299993407785,1.328782546343066,46.116535122046706
2020-12-10,ETHUSDT,-1,5.883524427111432,572.9134,559.269495,1.3482999934077853,1.3161902940683101,77.60975806121182
2020-12-11,BTCUSDT,1,0.18794485843843112,18263.937405,18027.511735,1.373045252044437,1.3552712564126923,-47.163305587818456
2020-12-11,ETHUSDT,1,6.137672733448643,559.269495,544.157785,1.3730452520444372,1.335944959875324,-95.45972063470306
2020-12-12,BTCUSDT,1,0.18626763607505345,18045.548264999998,18799.285655,1.3445206467999329,1.4006793995426052,137.65168181033846
2020-12-12,ETHUSDT,1,6.170557627919009,544.73223,567.75598,1.3445206467999329,1.401348397274253,139.32350714172648
2020-12-13,BTCUSDT,-1,0.18616607437660984,18799.285655,19184.577495,1.3999156845903458,1.4286069923272022,-74.55679201905872
2020-12-13,ETHUSDT,-1,6.163706422339061,567.805955,590.99535,1.3999156845903458,1.4570887337470086,-145.78962730999461
2020-12-14,BTCUSDT,1,0.1766844228232162,19184.577495,19263.50343,1.3558464007245352,1.3614243940330384,11.22771247649998
2020-12-14,ETHUSDT,-1,5.740105376754215,590.514595,586.583145,1.3558464007245352,1.3468196258111589,19.864271256904903
2020-12-15,BTCUSDT,-1,0.1767624895072628,19264.053155,19436.143215,1.3620647974712166,1.374232424441238,-33.15536464696644
2020-12-15,ETHUSDT,-1,5.810887830921961,585.996855,588.93432,1.3620647974712163,1.36889250932012,-19.800236929050367
2020-12-16,BTCUSDT,-1,0.17400903717667493,19416.716785,21346.18776,1.3514736771560134,1.4857718318040496,-338.58263212905035
2020-12-16,ETHUSDT,-1,5.741319983831097,588.48561,637.4985899999999,1.3514736771560134,1.464033357772459,-284.2147085760422
2020-12-17,BTCUSDT,1,0.14369242681755018,21346.18776,22785.761420000003,1.2269142090149943,1.3096565421302033,204.31926203687792
2020-12-17,ETHUSDT,-1,4.8162527582531425,636.86141,643.02135,1.2269142090149943,1.2387813402212637,-32.13352356491015
2020-12-18,BTCUSDT,1,0.13825423311809615,22808.548575,23095.836305,1.261351356709388,1.2772388546275435,37.180154584051735
2020-12-18,ETHUSDT,-1,4.90883270792165,642.3886450000001,654.176925,1.261351356709388,1.284498034483043,-60.41254382533043
2020-12-19,BTCUSDT,-1,0.13603154073588028,23095.836305,23833.520805,1.2567048788611321,1.2968442225059231,-102.90190821334444
2020-12-19,ETHUSDT,-1,4.808085328078917,653.43312,658.3590149999999,1.2567048788611321,1.2661785282519948,-26.207006884269727
2020-12-20,BTCUSDT,-1,0.12924182729793987,23809.6892,23467.24776,1.2308830958416097,1.2131799928623543,41.813694359434166
2020-12-20,ETHUSDT,-1,4.678591464418516,657.720975,638.4990899999999,1.2308830958416097,1.1949105570051959,87.5055534381877
2020-12-21,BTCUSDT,-1,0.1340169138312039,23443.812230000003,22731.069854999998,1.256746945401134,1.2185391320194445,93.04424737680274
2020-12-21,ETHUSDT,-1,4.926248367096624,637.7809500000001,607.88379,1.2567469454011337,1.197834611148803,144.82625407427705
2020-12-22,BTCUSDT,-1,0.14359379676054387,22708.520060000003,23822.695395,1.3043210456913497,1.3683165123351897,-162.6613041676269
2020-12-22,ETHUSDT,-1,5.368670733188431,607.37616,636.768225,1.3043210456913494,1.3674395733527382,-160.4680797725161
2020-12-23,BTCUSDT,-1,0.13022618386103568,23798.884605000003,23244.376379999998,1.2396951689033209,1.210810572878798,69.76098431952508
2020-12-23,ETHUSDT,-1,4.872312371610298,636.091795,585.8527799999999,1.2396951689033207,1.1417830991745144,242.39869605393804
2020-12-24,BTCUSDT,1,0.1400497717620331,23244.006194999998,23717.335400000004,1.3021271049780132,1.3286429638294355,63.658877059747894
2020-12-24,ETHUSDT,-1,5.562865060399695,585.18726,612.6161549999999,1.3021271049780132,1.3631604016343617,-155.2485291474837
2020-12-25,BTCUSDT,-1,0.13532512343135927,23717.125505000004,24724.826235,1.2838091745604658,1.338356064828114,-138.989390908509
2020-12-25,ETHUSDT,-1,5.244285575364588,612.003845,627.13341,1.283809174560466,1.3155466783568825,-81.94311534395864
2020-12-26,BTCUSDT,-1,0.12546730402781736,24700.113765000002,26506.636694999997,1.2396226733099729,1.330286497986586,-229.22947086282943
2020-12-26,ETHUSDT,-1,4.946882457590089,626.4666100000001,637.75872,1.2396226733099729,1.261966969657244,-58.362330511144734
2020-12-27,BTCUSDT,-1,0.11160285777454107,26480.1533,26294.80083,1.1821043130351778,1.1738299668961498,18.329931067638743
2020-12-27,ETHUSDT,-1,4.638458760297481,637.1212800000001,685.452555,1.1821043130351778,1.2717773634032163,-226.63650759653453
2020-12-28,BTCUSDT,1,0.10842905906567872,26294.68077,27065.870295,1.1404429977293986,1.1738907395522218,81.30502081977627
2020-12-28,ETHUSDT,-1,4.163675027301267,684.7574500000001,730.7752049999999,1.1404429977293984,1.2170841886517854,-193.96050449234858
2020-12-29,BTCUSDT,-1,0.10325840957479568,27065.88029,27398.692499999997,1.117911900994884,1.131658164791553,-36.615229557458974
2020-12-29,ETHUSDT,-1,3.828282915399663,730.0348,732.366,1.117911900994884,1.121481698247836,-11.163886731622288
2020-12-30,BTCUSDT,-1,0.10123338807774049,27371.307500000003,28889.977769999998,1.1083560777370678,1.1698521324590823,-156.01834501523257
2020-12-30,ETHUSDT,-1,3.7872627493291304,731.634,752.546085,1.1083560777370676,1.1400359019495894,-81.44795251099087
2020-12-31,BTCUSDT,-1,0.09189379206537346,28861.112225,28938.091815,1.0608628182318232,1.0636923968065182,-9.198501651775953
2020-12-31,ETHUSDT,-1,3.527771364815527,751.793915,736.7882099999999,1.0608628182318234,1.0396881396686755,50.8361454499688
2021-01-01,BTCUSDT,-1,0.09246118222334643,28909.168185000002,29346.355845,1.0691903469914616,1.0853595021502849,-42.57743774619979
2021-01-01,ETHUSDT,1,3.6278754616318505,736.7882099999999,728.5455450000001,1.0691903469914619,1.0572290021546813,-32.029781441097384
2021-01-02,BTCUSDT,-1,0.08990241797310201,29317.034150000003,32194.419165,1.0542689031540025,1.1577424512692305,-260.89588164249335
2021-01-02,ETHUSDT,1,3.614101988372822,729.2744549999999,774.17272,1.0542689031540022,1.1191756666783985,160.09346424115805
2021-01-03,BTCUSDT,-1,0.08038687709023255,32160.361775,33016.550025000004,1.0341084196737353,1.061638939521276,-70.92204697804654
2021-01-03,ETHUSDT,-1,3.3399157214890924,774.0527800000001,978.7691399999999,1.0341084196737353,1.3076025753577434,-686.0771002050515
2021-01-04,BTCUSDT,-1,0.0669052141829918,32983.549975,32004.704354999998,0.8827085902371157,0.8565126398938422,63.75065462805269
2021-01-04,ETHUSDT,-1,2.2567798322646127,977.8408350000001,1041.950715,0.8827085902371156,0.9405813439302773,-146.50517416707154
2021-01-05,BTCUSDT,-1,0.06772411333475739,31973.755125000003,33966.504765,0.8661576863293121,0.9201405673161748,-136.7435007208021
2021-01-05,ETHUSDT,-1,2.0802510485866392,1040.9292750000002,1100.1097799999998,0.8661576863293122,0.9154018093621666,-124.89186707782747
2021-01-06,BTCUSDT,-1,0.05995942592102188,33932.555235,36787.744679999996,0.8138306127695863,0.8823088207767708,-172.8916594515072
2021-01-06,ETHUSDT,-1,1.8502711688195441,1099.60992,1209.02421,0.8138306127695862,0.8948090552671304,-204.15474591189715
2021-01-07,BTCUSDT,-1,0.05023141054538584,36750.975320000005,39451.996139999996,0.7384213316969052,0.7926917659773268,-137.20719879872848
2021-01-07,ETHUSDT,-1,1.5280056402490907,1208.145625,1225.482435,0.7384213316969053,0.7490176290824758,-27.978182424705896
2021-01-08,BTCUSDT,-1,0.044743389460555436,39412.76376000001,40603.101404999994,0.7053842554522183,0.7266881517881361,-54.691813247035064
2021-01-08,ETHUSDT,-1,1.440444467151808,1224.24757,1217.538465,0.7053842554522184,0.7015186181815022,8.257190303156678
2021-01-09,BTCUSDT,-1,0.042898356617511076,40566.66652,40108.26411,0.6960973308634428,0.6882314468400401,18.280381280803148
2021-01-09,ETHUSDT,1,1.4295595045190659,1217.32836,1275.362,0.6960973308634429,0.7292823475209781,81.53716196545358
2021-01-10,BTCUSDT,-1,0.044677653998931144,40068.175890000006,38169.09501,0.7160608395126941,0.6821222481236436,83.44829538498972
2021-01-10,ETHUSDT,-1,1.403642337455354,1275.362,1254.877125,0.7160608395126942,0.7045594643817018,27.332817523586492
2021-01-11,BTCUSDT,-1,0.048400128969266945,38130.944989999996,35422.172235,0.7382170620944093,0.6857750818182348,129.6809585465238
2021-01-11,ETHUSDT,1,1.4707076357503281,1254.8671199999999,1086.4664950000001,0.7382170620944094,0.6391498280733584,-249.045451942795
2021-01-12,BTCUSDT,-1,0.05045848957326916,35392.664815000004,34068.26562,0.7143441634151552,0.6876132902264537,65.42522551811224
2021-01-12,ETHUSDT,1,1.6421048064172954,1087.5435,1049.6349200000002,0.7143441634151552,0.6894442188461735,-63.65364980471556
2021-01-13,BTCUSDT,1,0.05244927611290463,34066.174575,37352.69431,0.7146984785578346,0.7836487109704448,170.87723384199697
2021-01-13,ETHUSDT,1,1.70022970196857,1050.8851799999998,1129.3250550000002,0.7146984785578346,0.7680448006753157,131.88306201446954
2021-01-14,BTCUSDT,-1,0.0518871899370308,37352.69431,39164.07225,0.7752505377291279,0.8128454622173389,-95.57540722047396
2021-01-14,ETHUSDT,-1,1.716333028499946,1129.225105,1232.23581,0.7752505377291279,0.8459708078413537,-178.4218966261349
2021-01-15,BTCUSDT,1,0.045988451169637616,39164.782605,36723.84889,0.7204510769598061,0.6755491725755663,-113.65076121013499
2021-01-15,ETHUSDT,-1,1.4628162471916255,1231.274055,1169.114265,0.7204510769598061,0.6840797366661983,89.52381992039376
2021-01-16,BTCUSDT,1,0.04867433940496932,36755.798715,35976.98251,0.715625688701858,0.7004623429833541,-39.32445232794516
2021-01-16,ETHUSDT,1,1.530338676473968,1169.06424,1227.216085,0.7156256887018582,0.751222495706586,87.52516932741102
2021-01-17,BTCUSDT,1,0.050347533212377484,36012.977490000005,35810.695695,0.7252658321017512,0.7211920763449424,-11.630847300468659
2021-01-17,ETHUSDT,-1,1.477461550916991,1227.216085,1233.066225,0.7252658321017512,0.7287231748687438,-10.097345924452037
2021-01-18,BTCUSDT,1,0.050283329702256525,35842.902494999995,36612.954365,0.7209201934567672,0.7364085022835869,37.26344337130897
2021-01-18,ETHUSDT,-1,1.4630442877762757,1231.88375,1259.079225,0.7209201934567671,0.7368354671976121,-41.24594001276688
2021-01-19,BTCUSDT,-1,0.04918320179041249,36604.14877,35909.435744999995,0.7201236941284757,0.7064564097704744,32.74163079110415
2021-01-19,ETHUSDT,-1,1.4312127262509216,1257.89074,1366.0426799999998,0.7201236941284758,0.782039067287166,-156.29059565814137
2021-01-20,BTCUSDT,1,0.04840033491025016,35919.89097,35450.495885000004,0.6954139011550682,0.6863263494273781,-24.100619569807616
2021-01-20,ETHUSDT,-1,1.2739529905045028,1364.67732,1377.6784949999999,0.6954139011550682,0.7020390554635971,-17.960338727940886
2021-01-21,BTCUSDT,1,0.04839953814338675,35485.964115,30834.704935,0.6870017094955185,0.5969541910566434,-226.40275199774
2021-01-21,ETHUSDT,-1,1.2481575450828994,1376.0316400000002,1111.51548,0.6870017094955185,0.5549385731353763,328.91590061772473
2021-01-22,BTCUSDT,1,0.05730187613810297,30867.415995,32928.697415,0.7075043392195154,0.7547504562653606,116.6530378191283
2021-01-22,ETHUSDT,1,1.5898459590945806,1112.5359899999999,1232.00369,0.7075043392195155,0.783478435254445,188.4442573128499
2021-01-23,BTCUSDT,1,0.05828070776796056,32966.475,32061.961000000003,0.768523798245911,0.7474375118034995,-54.23167741607822
2021-01-23,ETHUSDT,-1,1.5595124418350028,1231.993695,1234.2168,0.768523798245911,0.7699105822087132,-5.005394287460279
2021-01-24,BTCUSDT,1,0.058942128155418785,32094.038999999997,32243.770050000003,0.7566763839052034,0.7602065706003818,7.308583783440174
2021-01-24,ETHUSDT,-1,1.5344131778916295,1232.84327,1393.2062549999998,0.7566763839052033,0.8551016148772183,-247.67485542881977
2021-01-25,BTCUSDT,1,0.054886940499108854,32275.579725,32238.072900000003,0.7086031295761276,0.7077796756272935,-3.4750176772887316
2021-01-25,ETHUSDT,-1,1.2730977962424628,1391.493905,1318.5389400000001,0.7086031295761276,0.6714516075095492,91.49875042936019
2021-01-26,BTCUSDT,1,0.05625974126537646,32270.317095,32451.536115000003,0.7262078761265419,0.7302860101975681,8.7388412912412
2021-01-26,ETHUSDT,-1,1.3785882697848277,1316.9412,1366.652985,0.7262078761265419,0.753620709594968,-70.01191225678681
2021-01-27,BTCUSDT,1,0.054952889653926154,32480.242004999996,30350.966925000004,0.7139532619334328,0.667149334527795,-118.39092111055557
2021-01-27,ETHUSDT,-1,1.306786514009842,1365.85673,1239.6495149999998,0.7139532619334329,0.6479829073203366,163.56395036348704
2021-01-28,BTCUSDT,1,0.05950052964779267,30377.371095,33348.17757,0.722987867784019,0.7936936912814558,175.24787718452654
2021-01-28,ETHUSDT,1,1.458166632712836,1239.549465,1329.025155,0.722987867784019,0.775176054022802,128.97230167515073
2021-01-29,BTCUSDT,1,0.05869665227952366,33384.864089999995,34235.073899999996,0.7838319035559544,0.8037936913888384,48.3168439872651
2021-01-29,ETHUSDT,-1,1.4747262297729422,1328.77528,1380.18975,0.7838319035559543,0.8141608105555039,-77.42026021298541
2021-01-30,BTCUSDT,1,0.05676692542272163,34263.403139999995,34245.74856,0.7780112203108104,0.7776103418203187,-2.557817788360312
2021-01-30,ETHUSDT,-1,1.410595444419001,1378.87022,1378.7390249999999,0.7780112203108104,0.777937195083078,-1.3708853460631096
2021-01-31,BTCUSDT,-1,0.05673881324862989,34245.758555,33109.526490000004,0.7772254796839257,0.7514380961066698,62.9397953673493
2021-01-31,ETHUSDT,-1,1.4107251727586634,1377.35098,1313.2062749999998,0.7772254796839257,0.7410292596668543,88.97229530332794
2021-02-01,BTCUSDT,-1,0.06104105371699384,33076.423515,33543.133185,0.8076078978180613,0.8190032778327454,-30.115061212361066
2021-02-01,ETHUSDT,-1,1.5391289263780454,1311.793775,1374.857085,0.8076078978180614,0.8464329236637197,-98.71660543562763
2021-02-02,BTCUSDT,-1,0.058345808125711246,33500.331455,35483.973119999995,0.7818415644884636,0.8281364348789662,-117.34715397562356
2021-02-02,ETHUSDT,-1,1.4231831263397559,1373.402955,1512.6259349999998,0.7818415644884636,0.8610974828623584,-199.78273498208782
2021-02-03,BTCUSDT,-1,0.0506568975265784,35454.973645,37637.679435,0.7184155866969212,0.7626432281108009,-112.05016234950708
2021-02-03,ETHUSDT,-1,1.1885057082404824,1511.1740350000002,1665.3222449999998,0.7184155866969212,0.791697997696942,-184.716141084446
2021-02-04,BTCUSDT,-1,0.04381894370354838,37601.449870000004,36955.12833,0.6590623260101307,0.6477338751398704,27.014330974500886
2021-02-04,ETHUSDT,-1,0.9902743817410375,1663.8376650000002,1596.467835,0.6590623260101307,0.632376479309631,65.42317794592937
2021-02-05,BTCUSDT,1,0.045835993666394036,36955.118324999996,38271.09488,0.6775498277942169,0.7016774650102581,58.93986574729862
2021-02-05,ETHUSDT,1,1.0611070023489457,1596.3277649999998,1718.3304050000002,0.6775498277942168,0.72933297003784,128.05097281122593
2021-02-06,BTCUSDT,-1,0.04670399267537832,38270.17534,39206.53347,0.7149479955059217,0.7324406608039421,-45.179051901360836
2021-02-06,ETHUSDT,-1,1.0403235235610209,1718.090525,1677.1881749999998,0.7149479955059218,0.6979273247563512,41.13880155366416
2021-02-07,BTCUSDT,-1,0.04558950841449717,39161.419495,38815.087845,0.7141399454363824,0.7078243095676298,14.36712541687768
2021-02-07,ETHUSDT,-1,1.0655549169824305,1675.511825,1612.4258099999997,0.7141399454363824,0.6872513000459513,65.82022223059536
2021-02-08,BTCUSDT,-1,0.0470762787251001,38776.292155,46398.057435,0.7301774149658771,0.8736991536453053,-360.4082232671817
2021-02-08,ETHUSDT,-1,1.1333552900925734,1610.6542700000002,1751.025075,0.730177414965877,0.7938134127343981,-160.6139852490031
2021-02-09,BTCUSDT,-1,0.033762156711675276,46351.67257,46443.630209999996,0.6259729732626401,0.6272148485636464,-4.357876074341878
2021-02-09,ETHUSDT,-1,0.8948580830791923,1748.8051600000001,1770.014565,0.6259729732626402,0.6335647362632603,-20.23894521107599
2021-02-10,BTCUSDT,-1,0.03346395245622143,46397.20979,44829.98379,0.6210536090055566,0.6000753784646949,51.22444736468391
2021-02-10,ETHUSDT,-1,0.8780598075210724,1768.2554300000002,1741.6503899999998,0.6210536090055565,0.6117092824849603,22.12805341000024
2021-02-11,BTCUSDT,-1,0.03548741810122339,44785.176210000005,47993.494755,0.6357241091604934,0.6812660858038228,-115.17193180328782
2021-02-11,ETHUSDT,-1,0.9134546551873982,1739.8896200000001,1786.5128099999997,0.6357241091604934,0.6527593771385678,-43.87665343148522
2021-02-12,BTCUSDT,-1,0.031490169850675445,47944.675670000004,47311.2438,0.6039143921135387,0.5959356412434862,18.747027141774186
2021-02-12,ETHUSDT,-1,0.8458482895400465,1784.937085,1841.18013,0.6039143921135387,0.6229436254782482,-48.7999414293656
2021-02-13,BTCUSDT,-1,0.031618726668557647,47274.50092500001,47177.266845,0.5979038092560204,0.5966740421366649,1.8798399469962752
2021-02-13,ETHUSDT,-1,0.812669693506521,1839.31988,1815.86748,0.5979038092560205,0.5902801873680235,17.87087072336839
2021-02-14,BTCUSDT,-1,0.03192303571748036,47133.201610000004,48602.078895,0.6018539513900932,0.6206103602035534,-48.11348634524407
2021-02-14,ETHUSDT,-1,0.8293004116575478,1814.3423750000002,1801.3202099999999,0.6018539513900932,0.5975342366720242,9.599898607110653
2021-02-15,BTCUSDT,-1,0.03059091740320247,48556.179765,47935.05555,0.5941512338424665,0.5865509300191889,17.820057394332423
2021-02-15,ETHUSDT,-1,0.8256090982810039,1799.129985,1780.1396249999998,0.5941512338424665,0.5878797882442138,14.496582973545161
2021-02-16,BTCUSDT,-1,0.03135573068796974,47887.14445,49158.016724999994,0.600614561916042,0.6165542134335249,-41.06629756905681
2021-02-16,ETHUSDT,-1,0.8442995670080238,1778.440335,1782.880995,0.600614561916042,0.6021142608421339,-4.95197613798801
2021-02-17,BTCUSDT,-1,0.03010712460426199,49108.883275,52145.769855,0.5914109071746331,0.6279836762438615,-92.65131725648949
2021-02-17,ETHUSDT,-1,0.8301207646436154,1781.099005,1850.80494,0.5914109071746331,0.6145566447995924,-59.07031161437234
2021-02-18,BTCUSDT,-1,0.026926916294798604,52091.611165,51578.376299999996,0.5610665814004606,0.5555386485006896,12.703227019526269
2021-02-18,ETHUSDT,-1,0.7587004041573965,1848.7751500000002,1940.5798049999999,0.5610665814004606,0.5889274729412726,-70.80222290637185
2021-02-19,BTCUSDT,-1,0.02665828379225678,51526.833695,55933.952999999994,0.5494467822230916,0.596441277078701,-118.63212519832506
2021-02-19,ETHUSDT,-1,0.7088024238420219,1937.9405450000002,1955.9775,0.5494467822230916,0.5545606371921833,-13.888644842144613
2021-02-20,BTCUSDT,-1,0.023396604583146838,55878.047000000006,55869.110595,0.5229426282149978,0.5228589956013259,-0.8367200896362883
2021-02-20,ETHUSDT,-1,0.6689017294270437,1954.4822700000002,1913.9565,0.5229426282149978,0.5120995251592527,26.072715485988482
2021-02-21,BTCUSDT,-1,0.023649834211600957,55813.26940500001,57437.274285,0.527989827294268,0.5433528057626004,-39.47878880388762
2021-02-21,ETHUSDT,-1,0.6903836508330332,1911.9435500000002,1934.4967649999999,0.527989827294268,0.5342179756581569,-16.63257871267453
2021-02-22,BTCUSDT,-1,0.022513712939131035,57383.643825,54114.713834999995,0.5167675537909557,0.4873292532257651,72.59165460595986
2021-02-22,ETHUSDT,-1,0.668496729863835,1932.57323,1778.46879,0.5167675537909557,0.47556022811195664,102.0259864155947
2021-02-23,BTCUSDT,-1,0.025512610615692568,54060.626165,48915.445499999994,0.5516910819952666,0.4991842856538525,130.2161154858862
2021-02-23,ETHUSDT,-1,0.7763599283343702,1776.5312900000001,1578.678945,0.5516910819952665,0.49024922904127166,152.56269207395056
2021-02-24,BTCUSDT,-1,0.031117747594995353,48866.554500000006,49701.0381,0.6082468435072339,0.6186337435220189,-27.194130623992077
2021-02-24,ETHUSDT,-1,0.9642460642207885,1577.001105,1624.201695,0.6082468435072338,0.6264520367617934,-46.74768201666805
2021-02-25,BTCUSDT,-1,0.02988127308114039,49651.371895000004,47097.266865,0.5934584809791017,0.562930517027364,75.16352088133799
2021-02-25,ETHUSDT,-1,0.9145052839190696,1622.3484200000003,1482.490875,0.5934584809791017,0.542298295419722,126.76470712205051
2021-02-26,BTCUSDT,1,0.033645483526498224,47097.266865,46253.731565,0.6338441265797793,0.6224916653637115,-29.63748883211309
2021-02-26,ETHUSDT,-1,1.069714872313524,1481.33896,1445.312295,0.6338441265797794,0.6184288228396365,37.28598640093778
2021-02-27,BTCUSDT,1,0.03430742834999745,46300.01843999999,46083.376785,0.6353738260935442,0.6324008588709293,-8.70019274150157
2021-02-27,ETHUSDT,-1,1.1001475742259044,1443.83772,1458.859065,0.6353738260935443,0.6419841045988884,-17.803054194052972
2021-02-28,BTCUSDT,1,0.03414903290549615,46126.721835,45113.09217,0.6300731767064331,0.6162273875928044,-35.86077334837104
2021-02-28,ETHUSDT,-1,1.0807127124810203,1457.5408650000002,1419.88959,0.6300731767064331,0.6137970920929856,39.44634126481959
2021-03-01,BTCUSDT,1,0.03492231555930433,45156.677055,49562.236485,0.630790290289723,0.6923312249416146,152.5292151144976
2021-03-01,ETHUSDT,-1,1.1121434921640136,1417.960665,1570.6449299999997,0.6307902902897229,0.698713014959961,-171.13631498084496
2021-03-02,BTCUSDT,1,0.03159319932642268,49620.55788,48416.42967500001,0.6270688703164535,0.6118519653584006,-39.28118323080721
2021-03-02,ETHUSDT,-1,0.9990168178300192,1569.2150000000001,1487.5233899999998,0.6270688703164535,0.594424353410209,80.38979904188463
2021-03-03,BTCUSDT,1,0.03277340770365672,48460.828304999995,50324.195315000004,0.6352905934786691,0.6597181481667788,59.77387797862863
2021-03-03,ETHUSDT,-1,1.0687595384645912,1486.046605,1568.473845,0.635290593478669,0.670528553070393,-89.40071812585914
2021-03-04,BTCUSDT,1,0.0312342885372336,50374.544685,48349.902955,0.6293652254492229,0.6040699278574854,-64.4716791326506
2021-03-04,ETHUSDT,-1,1.0041591164682266,1566.8961600000002,1539.999615,0.6293652254492229,0.6185618611039236,25.76048377669504
2021-03-05,BTCUSDT,1,0.03210976838080703,48398.277044999995,48727.334145,0.6216229863780318,0.6258493652840559,9.318474913398143
2021-03-05,ETHUSDT,-1,1.0101446728776735,1538.4503900000002,1529.0741549999998,0.6216229863780318,0.6178344448432719,8.231896405678299
2021-03-06,BTCUSDT,-1,0.03207624168297442,48722.436595,48906.64109999999,0.6251330606418469,0.6274964959304359,-7.161217778044768
2021-03-06,ETHUSDT,-1,1.023254318382568,1527.31596,1651.1751749999999,0.6251330606418469,0.6758288512899369,-128.04043853215668
2021-03-07,BTCUSDT,-1,0.03060377424412556,48857.7589,50997.235875,0.5980927293798066,0.6242831575171685,-66.69844623030157
2021-03-07,ETHUSDT,-1,0.9062809347397403,1649.8546600000002,1727.02308,0.5980927293798066,0.6260672365038021,-71.16042777587224
2021-03-08,BTCUSDT,-1,0.028003155753576273,50933.630445,52401.357585,0.5705209545785718,0.5869613512606402,-42.25847401101013
2021-03-08,ETHUSDT,-1,0.8265560131098468,1725.59677,1834.0965899999999,0.5705209545785718,0.6063934260355062,-90.85809302294992
2021-03-09,BTCUSDT,-1,0.025974599325233678,52348.992410000006,54911.94225,0.5438976411717796,0.5705262792456482,-67.68601910508904
2021-03-09,ETHUSDT,-1,0.7420955014057192,1832.30339,1871.4452549999999,0.5438976411717796,0.5555164419450316,-30.14641601624665
2021-03-10,BTCUSDT,-1,0.023899617568221773,54847.232665,55879.51579499999,0.5243311541475125,0.5341996229591631,-25.72970280623337
2021-03-10,ETHUSDT,-1,0.70114067211033,1869.56475,1796.0175599999998,0.5243311541475124,0.5037043836561419,50.53889069062265
2021-03-11,BTCUSDT,-1,0.02370379118166981,55823.664205,57802.04658,0.5292929917243903,0.5480510568021887,-47.97250674302258
2021-03-11,ETHUSDT,-1,0.737430610558931,1794.38236,1826.6928899999998,0.5292929917243903,0.5388237012705432,-24.8948905583774
2021-03-12,BTCUSDT,-1,0.02228444358514693,57744.263425000005,57250.330859999995,0.5147195122641104,0.5103167073122665,9.981976160033266
2021-03-12,ETHUSDT,-1,0.7051465685412434,1824.8671100000001,1766.9830499999998,0.5147195122641103,0.4983928137512161,39.803633956220345
2021-03-13,BTCUSDT,-1,0.022934433980631858,57193.10914000001,61218.984195,0.524676634287361,0.561609100552629,-93.4174513980099
2021-03-13,ETHUSDT,-1,0.7430640777282542,1765.2469350000001,1923.3111749999998,0.5246766342873611,0.5716573777743279,-118.5481927294789
2021-03-14,BTCUSDT,-1,0.019714722298816628,61157.78581,58997.794154999996,0.4822835054618633,0.46525005120342877,41.63610208942114
2021-03-14,ETHUSDT,-1,0.6275194005329235,1921.388825,1849.0240499999998,0.4822835054618633,0.4641193853707833,44.46389733686739
2021-03-15,BTCUSDT,-1,0.021184579495540392,58946.591960000005,55633.00259999999,0.4995035053471209,0.47142470646212203,69.22606900068784
2021-03-15,ETHUSDT,-1,0.6760367161383852,1847.17595,1794.37674,0.4995035053471209,0.4852258235298804,34.70947521422408
2021-03-16,BTCUSDT,-1,0.02340387632968323,55577.3974,56929.200375,0.5202906141901034,0.5329455860497024,-32.69066584923764
2021-03-16,ETHUSDT,-1,0.7254094081278613,1793.0930050000002,1806.0225599999999,0.5202906141901033,0.5240423025260659,-10.423553756622587
2021-03-17,BTCUSDT,-1,0.02249196285210872,56872.28963,58942.426484999996,0.5116677702689313,0.5302923467655076,-47.603401358475544
2021-03-17,ETHUSDT,-1,0.7090317119226468,1804.1074950000002,1824.4917899999998,0.5116677702689312,0.5174490149010056,-15.48222836535591
2021-03-18,BTCUSDT,-1,0.021188046302512014,58883.513515000006,57676.98408,0.4990506443241649,0.4888250437105154,24.576125846089063
2021-03-18,ETHUSDT,-1,0.6845056077487697,1822.66821,1776.9680399999997,0.4990506443241649,0.486537835268136,30.296434160479993
2021-03-19,BTCUSDT,1,0.022109707985196462,57669.820499999994,58000.99499500001,0.5100251563254786,0.5129540248761167,6.2991921953936165
2021-03-19,ETHUSDT,-1,0.718332324194946,1775.0320400000003,1810.0045499999999,0.5100251563254786,0.5200739100819709,-26.151983457638156
2021-03-20,BTCUSDT,-1,0.021812324000504396,58000.99499500001,58131.331139999995,0.5060545980730297,0.5071917717625162,-3.856180593551974
2021-03-20,ETHUSDT,-1,0.699702809753683,1808.105495,1807.0030499999998,0.5060545980730295,0.5057460445273899,-0.2404167785013691
2021-03-21,BTCUSDT,1,0.021729028114147668,58129.070009999996,57322.88422,0.5052352785986192,0.4982282251201647,-18.521097199855042
2021-03-21,ETHUSDT,-1,0.6995134738896418,1805.666715,1783.87149,0.5052352785986192,0.4991368571770366,14.241681418180764
2021-03-22,BTCUSDT,-1,0.021997296642756247,57322.88422,54110.291625,0.5043793954422845,0.4761120545204696,69.68786085457437
2021-03-22,ETHUSDT,-1,0.7074686261698342,1782.338385,1681.810485,0.5043793954422844,0.47593126132038904,70.14002464797584
2021-03-23,BTCUSDT,1,0.024595366082671447,54110.291625,54313.719555,0.5323449725427943,0.5343463263067104,3.9366931109406873
2021-03-23,ETHUSDT,-1,0.7920247181752667,1680.3294150000002,1668.9140399999999,0.5323449725427943,0.5287284688758982,7.980185725821504
2021-03-24,BTCUSDT,1,0.024587485267195983,54369.9714,52277.49817500001,0.5347283483101468,0.514148886473471,-52.49753182647304
2021-03-24,ETHUSDT,-1,0.8017561536885016,1667.3659000000002,1582.6309199999998,0.5347283483101468,0.5075536316510778,66.8945096677112
2021-03-25,BTCUSDT,1,0.025683626840895254,52329.81183,51268.13311,0.5376077438783944,0.5267006398506348,-28.332068453128247
2021-03-25,ETHUSDT,1,0.8492096024054033,1582.67094,1584.94713,0.5376077438783944,0.538380928840354,0.8569737321804425
2021-03-26,BTCUSDT,1,0.025921603044922706,51319.426889999995,54998.077205,0.5321127249342049,0.570255330216809,94.25414515135901
2021-03-26,ETHUSDT,1,0.8384360264552918,1586.622915,1697.99058,0.5321127249342049,0.5694625899414866,92.27308720332837
2021-03-27,BTCUSDT,-1,0.025883549041300632,54998.077205,55845.04857,0.5694181714051424,0.5781872213501643,-23.070230255310083
2021-03-27,ETHUSDT,-1,0.8383706277763072,1697.99058,1713.486315,0.5694181714051424,0.5746146390370646,-14.135201890247668
2021-03-28,BTCUSDT,1,0.02515787430427294,55845.04857,55749.741185,0.5619770849760309,0.5610179924911914,-3.520726289566172
2021-03-28,ETHUSDT,1,0.8199849298951285,1713.3762599999998,1686.1664950000002,0.5619770849760309,0.5530524460776359,-23.426626777041268
2021-03-29,BTCUSDT,-1,0.024959192767461634,55749.76117500001,57664.287735,0.5565876143627094,0.5757016293504954,-48.91732671317819
2021-03-29,ETHUSDT,-1,0.8251529899156016,1686.31642,1817.6483699999999,0.5565876143627094,0.5999351948482878,-109.5254740231571
2021-03-30,BTCUSDT,-1,0.0227794501437552,57606.642270000004,58775.943284999994,0.5248990542154424,0.5355534678851362,-27.6964866963352
2021-03-30,ETHUSDT,-1,0.7226623701437708,1815.8516200000001,1841.38023,0.5248990542154424,0.5322784805390727,-19.50574334383037
2021-03-31,BTCUSDT,-1,0.02194666286221602,58717.196715000005,58769.920275,0.5154586082074093,0.5159214506858956,-2.1884862551089315
2021-03-31,ETHUSDT,-1,0.7005456208679446,1839.4897950000002,1920.3296849999997,0.5154586082074093,0.5381114205797877,-57.6856009597332
2021-04-01,BTCUSDT,1,0.021417977568958853,58768.82973,58691.07978000001,0.5034837907644408,0.5028176920904059,-2.671548167942312
2021-04-01,ETHUSDT,-1,0.6561210951949569,1918.410315,1969.034025,0.5034837907644409,0.5167699043836537,-34.23553774317988
2021-04-02,BTCUSDT,1,0.02111080749377078,58749.810224999994,58920.534995,0.4961023735822165,0.49754402868377184,2.6104913516224735
2021-04-02,ETHUSDT,-1,0.6305105927906363,1967.065975,2134.756845,0.4961023735822164,0.5383947215219275,-106.76536694438161
2021-04-03,BTCUSDT,1,0.020145623449550863,58979.485005,57023.41403000001,0.4752713984636646,0.45950889074248635,-40.34104959215187
2021-04-03,ETHUSDT,1,0.5565872754745338,2134.756845,2007.51574,0.4752713984636647,0.44694308647953707,-71.74299444526218
2021-04-04,BTCUSDT,1,0.019834040533164187,57080.475974999994,58172.908995000005,0.45285458965618175,0.4615215339755606,20.752984674815448
2021-04-04,ETHUSDT,1,0.5633656887647835,2009.5942949999999,2074.652155,0.45285458965618186,0.4675151360995671,35.73099638270731
2021-04-05,BTCUSDT,-1,0.019947059287837073,58172.908995000005,59159.55499499999,0.46415138586768634,0.47202366037092913,-20.616861304345637
2021-04-05,ETHUSDT,-1,0.5593096035753173,2074.66215,2108.43369,0.46415138586768623,0.47170688452749737,-19.824604919923004
2021-04-06,BTCUSDT,-1,0.01929187026084198,59100.425005000005,58020.145574999995,0.4560630926228325,0.4477268483792259,19.936820668014448
2021-04-06,ETHUSDT,-1,0.5412887239931499,2106.376285,2113.2661049999997,0.4560630926228325,0.4575548453733695,-4.642999814338617
2021-04-07,BTCUSDT,1,0.01978324595573901,58019.025015,55925.473275,0.45912185679356765,0.4425549571961735,-42.31892580747516
2021-04-07,ETHUSDT,-1,0.5436833433068616,2111.16389,1964.4517349999999,0.45912185679356776,0.42721587481990597,78.87861720254098
2021-04-08,BTCUSDT,1,0.02082984954657024,55981.41672,58048.48124,0.4664337950725807,0.48365645225444204,42.10655270732641
2021-04-08,ETHUSDT,1,0.5935958648574685,1964.44173,2079.41977,0.4664337950725807,0.49373399070994733,67.29032130763407
2021-04-09,BTCUSDT,-1,0.021030402494798015,58048.48124,58171.61127,0.4883131698755728,0.4893489595116114,-3.5671362194837446
2021-04-09,ETHUSDT,-1,0.5870983909265483,2079.349805,2067.9034349999997,0.4883131698755727,0.48562511171199274,5.746207127362416
2021-04-10,BTCUSDT,1,0.021004614163435506,58171.621275,59739.245435,0.48874898405714856,0.5019199203107804,31.93667172971175
2021-04-10,ETHUSDT,1,0.5907835415362193,2068.223595,2132.4232549999997,0.4887489840571485,0.5039202250572369,36.935433291106634
2021-04-11,BTCUSDT,1,0.021008849757677948,59799.014565,59972.428785000004,0.5025234050613122,0.5039806983788422,2.6367291903848824
2021-04-11,ETHUSDT,1,0.5885570929871347,2134.556745,2150.28432,0.5025234050613122,0.5062260353900071,8.247826381286016
2021-04-12,BTCUSDT,-1,0.021040120492907034,59968.80060000001,59889.93,0.5047003161756464,0.5040365374047071,0.6507100737677156
2021-04-12,ETHUSDT,-1,0.5867668709177338,2150.34429,2138.758845,0.5047003161756465,0.5019811340513106,5.791273860612644
2021-04-13,BTCUSDT,1,0.021121607106313656,59889.940005,63543.2125,0.5059887129625227,0.5368539074791996,76.1201436712506
2021-04-13,ETHUSDT,1,0.5914043073915066,2138.92893,2298.040405,0.5059887129625226,0.543628397630689,93.0495945598229
2021-04-14,BTCUSDT,-1,0.021238404325937908,63543.22249500001,62991.009764999995,0.5398226606087373,0.5351314137152692,10.653163159346269
2021-04-14,ETHUSDT,-1,0.5872641092756778,2298.040405,2433.8163,0.5398226606087373,0.5717171846240504,-80.84784988351561
2021-04-15,BTCUSDT,1,0.02086741128715987,62991.009764999995,63128.400010000005,0.5257837232639034,0.526930514763607,1.8142645112313498
2021-04-15,ETHUSDT,-1,0.5406241358359012,2431.3737050000004,2515.29702,0.5257837232639034,0.543932111123247,-46.440685482746034
2021-04-16,BTCUSDT,1,0.020448481833238778,63190.31937,61304.132600000004,0.5168584390696005,0.5014305767094245,-39.58794491621921
2021-04-16,ETHUSDT,1,0.5137151149147393,2515.29702,2421.458665,0.5168584390696005,0.4975759665407065,-49.22061572784534
2021-04-17,BTCUSDT,1,0.02033296032420835,61365.477405,59976.656670000004,0.49909672694078755,0.4878011921799104,-29.225734821313452
2021-04-17,ETHUSDT,1,0.5148318010480839,2423.59119,2316.4412,0.4990967269407876,0.477031038007194,-56.140350098932096
2021-04-18,BTCUSDT,1,0.020072044434702625,60036.67333499999,56121.934995,0.4820235099567385,0.450592789192453,-79.50941820986296
2021-04-18,ETHUSDT,1,0.5196887134030318,2318.808825,2234.52218,0.48202350995673837,0.4645023827178951,-44.74934398978279
2021-04-19,BTCUSDT,1,0.020344755320340656,56178.085005,55605.323430000004,0.45717175751680933,0.4525106798767022,-12.56237653766139
2021-04-19,ETHUSDT,1,0.5109736383980861,2236.767825,2160.03944,0.4571717575168094,0.4414892846960658,-40.10484309407195
2021-04-20,BTCUSDT,-1,0.020080735352287056,55605.323430000004,56453.212499999994,0.4466383135904628,0.45344880799956944,-17.92632314435663
2021-04-20,ETHUSDT,1,0.516416379050497,2162.2005599999998,2328.864985,0.44663831359046274,0.481065609140476,85.14053495230239
2021-04-21,BTCUSDT,-1,0.02039482993388816,56396.787500000006,53814.52381499999,0.46008115595205196,0.4390152244720397,51.765732319606514
2021-04-21,ETHUSDT,-1,0.49384115035216647,2329.0948700000004,2358.2385299999996,0.46008115595205196,0.4658380913840008,-15.318257827208113
2021-04-22,BTCUSDT,1,0.021712109696867828,53814.51381,51665.11452,0.4673706508505314,0.44870345358379154,-47.58406727128401
2021-04-22,ETHUSDT,1,0.4954658370060338,2358.2385299999996,2396.74103,0.4673706508505315,0.4750013202062615,18.13430141826828
2021-04-23,BTCUSDT,1,0.022308067110568024,51716.79547499999,51099.577430000005,0.4614806976799283,0.45597312105204296,-14.686395388445273
2021-04-23,ETHUSDT,1,0.48088158236195067,2399.13897,2366.206305,0.46148069767992816,0.4551460128572898,-16.75333876713316
2021-04-24,BTCUSDT,1,0.02225397590119856,51136.11528,50022.81608,0.45519275084881256,0.44528261742176306,-25.675808935894242
2021-04-24,ETHUSDT,1,0.48045027246746974,2368.5736949999996,2212.243325,0.4551927508488126,0.4251491633042365,-75.98931077559325
2021-04-25,BTCUSDT,1,0.021711346868499383,50072.863919999996,49042.236615,0.4348597269065151,0.4259092041421144,-23.23707584205022
2021-04-25,ETHUSDT,1,0.49077089096110266,2215.18704,2319.3297549999997,0.4348597269065151,0.45530381211757837,50.220049488634075
2021-04-26,BTCUSDT,-1,0.022442716816628492,49042.22662,54028.390694999995,0.44025632163583184,0.4850175489704203,-112.82834220707744
2021-04-26,ETHUSDT,1,0.4740871380902865,2321.60022,2531.3337,0.4402563216358318,0.4800290997537984,98.51165987352688
2021-04-27,BTCUSDT,-1,0.020259287404537342,53974.379310000004,55039.475985,0.4373929851691216,0.4460242250300984,-22.46151686264119
2021-04-27,ETHUSDT,-1,0.4320709136677783,2530.79397,2667.463065,0.4373929851691216,0.46101328146784093,-59.94914701343524
2021-04-28,BTCUSDT,-1,0.01913771735044467,54984.464015000005,54873.64311,0.42091085239390646,0.4200625087313422,1.2798857952853804
2021-04-28,ETHUSDT,1,0.3944861110887644,2667.463065,2746.86588,0.42091085239390635,0.4334401754734466,30.468956670983225
2021-04-29,BTCUSDT,1,0.019465654126933192,54873.653115,53528.2225,0.4272606208871601,0.41678474608580934,-27.033732370349934
2021-04-29,ETHUSDT,1,0.38847467036828326,2749.604115,2755.66148,0.4272606208871601,0.4282018740358303,1.4976703767524318
2021-04-30,BTCUSDT,1,0.01969668739005722,53581.7775,57665.422865,0.4221534084884407,0.4543271229549452,79.5578056348178
2021-04-30,ETHUSDT,1,0.3826045661921896,2758.4185199999997,2771.0337900000004,0.42215340848844063,0.4240840724507397,3.980422424808427
2021-05-01,BTCUSDT,-1,0.019025195932109613,57668.401375,57829.270185,0.4388610541003658,0.44008527835221195,-3.9395069620678904
2021-05-01,ETHUSDT,1,0.3955404783850832,2773.8062099999997,2943.297615,0.4388610541003658,0.4656773386667098,66.1361730230929
2021-05-02,BTCUSDT,-1,0.01953057321779306,57768.451325,56606.499104999995,0.4513003873125708,0.4422229501492559,21.800069570825492
2021-05-02,ETHUSDT,1,0.38293793689926675,2946.3024149999997,2948.08522,0.4513003873125708,0.45157346878000837,-0.2201701874987746
2021-05-03,BTCUSDT,-1,0.020142219475214176,56549.920895,57197.974695,0.45561636718923604,0.46083766393777464,-13.969695902473447
2021-05-03,ETHUSDT,1,0.38601027424263284,2950.8046649999997,3429.32448,0.4556163671892361,0.5295017931967098,183.7284468582982
2021-05-04,BTCUSDT,-1,0.021419374244344192,57140.805305,53226.610005,0.4895681173804013,0.45603227178194006,82.89401360699074
2021-05-04,ETHUSDT,-1,0.3568983631000712,3429.32448,3240.629505,0.48956811738040124,0.46263014629931765,66.39272943902927
2021-05-05,BTCUSDT,1,0.024394577349710282,53231.652525,57407.391945,0.5194254659896053,0.560171625298975,100.7858011821359
2021-05-05,ETHUSDT,1,0.40071339934739414,3240.629505,3522.4978700000006,0.5194254659896053,0.5646048382726623,111.86440040338009
2021-05-06,BTCUSDT,-1,0.024472262511293762,57407.391945,56421.87684,0.5619555063067084,0.5523083925633463,23.003520459535324
2021-05-06,ETHUSDT,-1,0.3988251842329023,3522.5678350000003,3491.4748649999997,0.5619555063067084,0.5569952425112691,11.281708739780369
2021-05-07,BTCUSDT,1,0.025203546213093838,56421.87684,57286.092625000005,0.5688125521465716,0.5775250731367048,20.634964850049585
2021-05-07,ETHUSDT,1,0.4072855628231404,3491.48487,3477.7902350000004,0.5688125521465717,0.5665815012971188,-6.713021177075914
2021-05-08,BTCUSDT,1,0.02491958479455323,57344.147744999995,58832.618975000005,0.5715969408811664,0.5864337748932617,35.93405431446377
2021-05-08,ETHUSDT,1,0.41044954238513465,3481.5298949999997,3908.3048700000004,0.5715969408811663,0.6416647781572373,173.95633147113918
2021-05-09,BTCUSDT,-1,0.026070925151261495,58837.096735,58269.960419999996,0.6135750180382868,0.6076607106707159,13.564532690218348
2021-05-09,ETHUSDT,1,0.39208926250835213,3912.21513,3921.988025,0.6135750180382868,0.6151077569155354,2.603164418167764
2021-05-10,BTCUSDT,-1,0.02648988330085496,58211.709585000004,55844.04807,0.6168085574599642,0.5917209265686539,61.51054774424703
2021-05-10,ETHUSDT,1,0.39278042999166085,3925.9119749999995,3943.9070600000005,0.6168085574599642,0.6196358043495789,5.8316728622273075
2021-05-11,BTCUSDT,1,0.028215943478489085,55844.04807,56641.68499,0.630277001581259,0.6392794328816895,21.236521816613298
2021-05-11,ETHUSDT,1,0.3990505954263343,3948.603315,4171.363275,0.6302770015812591,0.6658339994513176,87.59638367411378
2021-05-12,BTCUSDT,-1,0.028779316098846708,56641.68499,49656.13566,0.6520435826794044,0.5716278497625417,199.81566085971494
2021-05-12,ETHUSDT,-1,0.3907847251220726,4171.37327,3825.121605,0.6520435826794044,0.5979196379873705,134.0598985094183
2021-05-13,BTCUSDT,1,0.036258619279713335,49561.918574999996,49646.134515000005,0.718818694553231,0.7200401160355284,1.6146948951547535
2021-05-13,ETHUSDT,1,0.4714115355175128,3812.0550749999998,3716.051045,0.718818694553231,0.7007157316739633,-46.67694162439637
2021-05-14,BTCUSDT,-1,0.035742594904239554,49647.08404,49866.37072499999,0.7098062452073829,0.7129413952673221,-9.260622790322998
2021-05-14,ETHUSDT,1,0.47704867200454754,3719.7789599999996,4072.9724950000004,0.7098062452073827,0.7772024479403196,167.00349813919436
2021-05-15,BTCUSDT,1,0.03716505244110345,49869.08208,46739.608505000004,0.7413548202771569,0.694832000465988,-117.7432363486655
2021-05-15,ETHUSDT,1,0.45458938122579795,4077.0575099999996,3644.85666,0.741354820277157,0.6627652534904515,-197.8780370405314
2021-05-16,BTCUSDT,1,0.03624081884998281,46786.37149499999,46408.284250000004,0.6782305655993176,0.6727496890571042,-15.05317161019005
2021-05-16,ETHUSDT,1,0.4647881240602805,3648.06312,3580.30895,0.6782305655993176,0.6656340321706932,-32.83519816933121
2021-05-17,BTCUSDT,-1,0.03602374883963008,46403.616585,43559.80902,0.6686528916434132,0.6276750478554932,101.14828153030119
2021-05-17,ETHUSDT,1,0.46646718577847135,3583.600905,3280.868745,0.6686528916434131,0.6121670441554781,-142.4954386556366
2021-05-18,BTCUSDT,1,0.037900979046681244,43559.78900999999,42828.355110000004,0.6603834602183464,0.6492946358511735,-29.03173901400145
2021-05-18,ETHUSDT,1,0.5027446366833692,3283.8911249999996,3373.382465,0.6603834602183463,0.6783799767041895,43.65252777768557
2021-05-19,BTCUSDT,1,0.03868025284529641,42871.20488999999,36671.744955,0.6633076179710831,0.5673889468550493,-241.02737435491065
2021-05-19,ETHUSDT,1,0.4910817891028731,3376.76754,2437.7005400000003,0.6633076179710831,0.47884413699209605,-462.3008542024307
2021-05-20,BTCUSDT,1,0.03561243936109318,36689.565615,40506.37668,0.5226419722596147,0.5770123533016396,134.8262982795008
2021-05-20,ETHUSDT,1,0.5354632192411809,2440.13946,2767.23569,0.5226419722596147,0.5927011723865963,174.03265717280757
2021-05-21,BTCUSDT,-1,0.0360703571519164,40505.127305,37270.636005,0.5844137633500764,0.5377460607917699,115.54709657162458
2021-05-21,ETHUSDT,1,0.527591345058499,2769.2539349999997,2429.76451,0.5844137633500764,0.5127690904025219,-180.2088652226389
2021-05-22,BTCUSDT,1,0.0383215553428514,37281.981674999995,37431.00513500001,0.5714814096198737,0.5737657339277831,4.565563626225977
2021-05-22,ETHUSDT,1,0.5874131129359524,2432.19549,2293.722565,0.5714814096198737,0.538945084847235,-82.45123842606381
2021-05-23,BTCUSDT,1,0.037082792496898005,37477.239255,34637.922375,0.5559042746599062,0.5137883551823142,-106.35949132382203
2021-05-23,ETHUSDT,1,0.6051389285643247,2296.5977249999996,2095.341805,0.5559042746599062,0.5071891579414953,-122.85088522862861
2021-05-24,BTCUSDT,1,0.03674928835867002,34698.78072,38776.891855,0.510062199349416,0.5700092721729432,148.78761058729572
2021-05-24,ETHUSDT,1,0.6078889643160276,2097.678315,2647.105785,0.510062199349416,0.6436585576314461,332.83717494809446
2021-05-25,BTCUSDT,-1,0.039079813585491355,38791.584505,38343.882359999996,0.606387156456494,0.5993887099091241,16.290340502059113
2021-05-25,ETHUSDT,-1,0.5727991231866404,2646.5960400000004,2706.462555,0.606387156456494,0.6201037513765898,-35.51797820807277
2021-05-26,BTCUSDT,1,0.03928538216723833,38343.882359999996,39222.289045000005,0.6025416289152913,0.6163450458426842,33.289655643724316
2021-05-26,ETHUSDT,1,0.5565787851289793,2706.45255,2883.49753,0.6025416289152913,0.6419574208679251,97.29498083180128
2021-05-27,BTCUSDT,1,0.04003017589470566,39261.54096,38510.71501000001,0.6286585562103965,0.6166362782724728,-31.300989679291995
2021-05-27,ETHUSDT,-1,0.5450713066428426,2883.3775900000005,2743.601115,0.6286585562103963,0.598183297863924,74.96130401210662
2021-05-28,BTCUSDT,1,0.04133611785491261,38549.254994999996,35645.658255,0.6373906190769595,0.5893812522578475,-121.25018891911459
2021-05-28,ETHUSDT,1,0.5807974559349888,2743.601115,2410.89395,0.6373906190769594,0.5600964290756224,-194.43296205149502
2021-05-29,BTCUSDT,1,0.040236833693720046,35679.620895,34587.847425,0.5742539888828375,0.5566821858653952,-45.060443718353895
2021-05-29,ETHUSDT,1,0.5948239109952862,2413.54617,2277.60063,0.5742539888828376,0.5419085257687711,-81.97982029981783
2021-05-30,BTCUSDT,1,0.039630781130415266,34622.452575,35623.449365,0.5488459360792031,0.5647140499578983,38.55672471070105
2021-05-30,ETHUSDT,1,0.6018365963801006,2279.8793699999997,2384.78701,0.5488459360792031,0.5741008388759508,62.014310216913955
2021-05-31,BTCUSDT,-1,0.03992877674971716,35623.43937000001,37272.436904999995,0.5689601430647262,0.5952971248390655,-67.00671170375222
2021-05-31,ETHUSDT,1,0.5958913551338167,2387.01291,2704.796925,0.5689601430647262,0.6447060420000122,188.15108115315053
2021-06-01,BTCUSDT,-1,0.03982717475916047,37235.19309,36711.436545,0.5931890169546058,0.5848451195750182,19.681709312439622
2021-06-01,ETHUSDT,-1,0.5482750030805046,2704.796925,2635.887285,0.5931890169546058,0.5780764437212952,36.610167622600734
2021-06-02,BTCUSDT,-1,0.041201269880189344,36676.502575,37587.46434,0.6044473923416137,0.6194605049537332,-38.75668942759397
2021-06-02,ETHUSDT,1,0.5733430382925443,2635.6271549999997,2704.86689,0.6044473923416137,0.620326640355802,38.47334600277327
2021-06-03,BTCUSDT,-1,0.040239174639070716,37549.89566,39266.413394999996,0.6043907236566495,0.6320192264205402,-70.30766685980406
2021-06-03,ETHUSDT,1,0.5580578367135135,2707.5631049999997,2855.821375,0.6043907236566495,0.6374853994290847,81.49481330800242
2021-06-04,BTCUSDT,-1,0.03866123658779566,39227.15661,36847.4145,0.6066281529462889,0.5698266438532289,90.8273179358505
2021-06-04,ETHUSDT,1,0.5305144723519672,2858.678625,2688.165245,0.6066281529462889,0.5704442266184288,-91.63688819921514
2021-06-05,BTCUSDT,1,0.041146968998399265,36847.564575,35495.4434,0.606466238893616,0.5842119636656943,-56.82636627236351
2021-06-05,ETHUSDT,1,0.563445010406016,2690.8847699999997,2626.416135,0.606466238893616,0.5919364266062414,-37.52293338393635
2021-06-06,BTCUSDT,1,0.04134063309922499,35533.828035,35778.411845,0.587596378962356,0.5916408787828442,8.93201229347551
2021-06-06,ETHUSDT,1,0.5587760906202136,2628.943815,2710.56404,0.5875963789623561,0.605839351058773,44.41399451102116
2021-06-07,BTCUSDT,-1,0.04180353105911144,35778.411845,33569.566395,0.5982655803232554,0.5613305645737146,91.17794322895506
2021-06-07,ETHUSDT,-1,0.5517906711431685,2710.56404,2593.346025,0.5982655803232554,0.5723936574564873,63.509147929140454
2021-06-08,BTCUSDT,1,0.04685231873490146,33573.73848,33364.119595,0.6292029985548745,0.6252745462297246,-11.075608357659418
2021-06-08,ETHUSDT,1,0.6065551921044497,2593.346025,2505.976385,0.6292029985548745,0.6080051950451558,-54.23171696789658
2021-06-09,BTCUSDT,-1,0.04616798866181666,33364.1096,37406.744025,0.6161415334897634,0.6907976536086713,-187.94723948436797
2021-06-09,ETHUSDT,1,0.6140087825795961,2508.6837149999997,2608.87491,0.6161415334897634,0.6407488429566214,60.26138329069874
2021-06-10,BTCUSDT,-1,0.039511275137183395,37369.355975000006,36694.05786,0.5906043622510294,0.5799316064024748,25.51135365273301
2021-06-10,ETHUSDT,-1,0.5659526206393265,2608.8949,2472.325545,0.5906043622510294,0.5596876485065205,76.14149235051475
2021-06-11,BTCUSDT,1,0.04162116574531245,36696.168915,37313.31401,0.6109349314516791,0.6212094507668398,24.45415390568307
2021-06-11,ETHUSDT,1,0.6177935506567733,2472.245505,2352.832995,0.610934931451679,0.5814260200333842,-74.96463949722231
2021-06-12,BTCUSDT,-1,0.040255928096627085,37313.31401,35563.883055,0.6008328343333713,0.5726628476395738,69.25147105252084
2021-06-12,ETHUSDT,1,0.6377544699324861,2355.267045,2369.55463,0.6008328343333712,0.6044776228126874,7.906660741144304
2021-06-13,BTCUSDT,-1,0.043364279073611754,35528.34694,39040.080285,0.6162644606921042,0.6771779746139793,-153.5772272399939
2021-06-13,ETHUSDT,1,0.6495677142574143,2371.82532,2508.075335,0.6162644606921042,0.6516659050165395,87.23568044537981
2021-06-14,BTCUSDT,-1,0.03865255907611897,39001.04972,40536.548145,0.6029961513331813,0.6267365287666213,-60.58067626369985
2021-06-14,ETHUSDT,-1,0.601054664226405,2508.075335,2582.0603849999998,0.6029961513331813,0.6207837750873908,-45.69283931194422
2021-06-15,BTCUSDT,-1,0.03591349356667725,40496.02186,40164.11202,0.5817414482180526,0.5769734314566298,10.761327023882204
2021-06-15,ETHUSDT,-1,0.5638581873554372,2579.28971,2544.81177,0.5817414482180526,0.5739651807171927,18.284962123214402
2021-06-16,BTCUSDT,-1,0.036608681064177556,40123.72810000001,38368.184505,0.5875507060474717,0.5618434518220257,63.11874140574556
2021-06-16,ETHUSDT,-1,0.5777797058851334,2542.2782250000005,2369.0739449999996,0.5875507060474717,0.547521138864893,98.93884611153442
2021-06-17,BTCUSDT,1,0.04039560336333749,38368.1745,38073.923515,0.6199622235509279,0.6152076451191953,-13.121615948001441
2021-06-17,ETHUSDT,1,0.6541883064250426,2369.20401,2372.0933600000003,0.6199622235509279,0.6207182951441956,0.6494984644743198
2021-06-18,BTCUSDT,-1,0.04054400906508614,38073.923515,35837.749919999995,0.6174678000542225,0.5812024230515079,89.46477228368082
2021-06-18,ETHUSDT,-1,0.6507625400273268,2372.0933600000003,2235.207045,0.6174678000542225,0.5818356056364702,87.88118263869019
2021-06-19,BTCUSDT,1,0.04554731578805258,35838.39024,35465.97814000001,0.6529369910386966,0.6461520424299,-18.261460555460143
2021-06-19,ETHUSDT,1,0.7302869240897285,2235.207045,2163.587665,0.6529369910386966,0.6320159123485313,-53.58764962880071
2021-06-20,BTCUSDT,-1,0.04501265737555126,35465.97814000001,35617.960080000004,0.6385671690018444,0.641303613398841,-8.120981774892178
2021-06-20,ETHUSDT,1,0.73689125608375,2166.42267,2242.348265,0.6385671690018445,0.660946731829227,54.64939316762513
2021-06-21,BTCUSDT,-1,0.04551923135165287,35582.369915,31624.734464999998,0.6478728512803912,0.5758134418187699,178.92483736095386
2021-06-21,ETHUSDT,-1,0.722308712937509,2242.368255,1886.4327449999998,0.6478728512803912,0.5450347232336488,255.90241254234184
2021-06-22,BTCUSDT,1,0.058080935490865016,31629.927059999998,32493.305220000002,0.7348383012610503,0.7548966257471231,48.656076288173786
2021-06-22,ETHUSDT,1,0.9739600504545585,1886.2126349999999,1878.3403600000001,0.7348383012610502,0.7317713887185735,-9.133891046171508
2021-06-23,BTCUSDT,-1,0.05714582844686142,32493.305220000002,33694.909035,0.7427427383094507,0.7702093964986843,-70.17959760789205
2021-06-23,ETHUSDT,-1,0.9885572416406984,1878.350355,1969.12407,0.7427427383094507,0.7786367436350022,-91.25639279582337
2021-06-24,BTCUSDT,-1,0.052769819461515474,33658.232465,34680.421545,0.7104555402287076,0.7320318335115606,-55.38322058087268
2021-06-24,ETHUSDT,-1,0.9029840007387869,1966.9660250000002,1990.5147599999998,0.7104555402287076,0.7189611926057625,-22.693547675471628
2021-06-25,BTCUSDT,-1,0.050138921618309185,34645.74846,31600.242224999998,0.6948401865774385,0.6337608272155436,151.36979739094414
2021-06-25,ETHUSDT,-1,0.8735578006711037,1988.535235,1809.7244099999998,0.6948401865774386,0.6323595501681643,154.87439128644021
2021-06-26,BTCUSDT,1,0.05983254803939872,31591.878044999998,32267.508175000003,0.7560890243129152,0.7722588931969515,38.89632429258064
2021-06-26,ETHUSDT,1,1.0443942806245419,1809.8744849999998,1828.7251800000001,0.7560890243129152,0.7639640475304345,18.167504971954628
2021-06-27,BTCUSDT,-1,0.059463980453909215,32267.508175000003,34717.690169999994,0.7675017901658224,0.8257808198695024,-147.2908568692351
2021-06-27,ETHUSDT,-1,1.0491159514388397,1828.92508,1983.2711399999998,0.7675017901658224,0.8322725556009168,-163.52668793350284
2021-06-28,BTCUSDT,-1,0.050838652123281286,34685.138755,34512.137445,0.7053382812052748,0.70182021983889,7.38799491491776
2021-06-28,ETHUSDT,-1,0.8900037920775916,1981.278865,2085.4522049999996,0.7053382812052748,0.7424241482586299,-94.16243006285181
2021-06-29,BTCUSDT,-1,0.04988619748857477,34477.642555,35929.685865,0.6879833941756879,0.7169581619055375,-73.84186088070507
2021-06-29,ETHUSDT,-1,0.8255624561684608,2083.37779,2166.412665,0.687983394175688,0.7154035843167443,-69.95386233113342
2021-06-30,BTCUSDT,-1,0.04591495663160893,35893.76414000001,35062.5225,0.65922424953332,0.643957679992925,36.86324192146159
2021-06-30,ETHUSDT,-1,0.7614479447168193,2164.37727,2276.8178399999997,0.6592242495333202,0.6934713059050351,-86.97033648472582
2021-07-01,BTCUSDT,-1,0.04633525427435271,35027.4775,33521.442345,0.6492028306206673,0.6212898218794517,68.51202920053896
2021-07-01,ETHUSDT,-1,0.7135533054052813,2274.54216,2107.4632049999996,0.6492028306206673,0.6015149343791031,117.96902283891077
2021-07-02,BTCUSDT,-1,0.051253335384411104,33485.578835,33803.443275,0.6864990410285572,0.6930156861285964,-17.671127477255048
2021-07-02,ETHUSDT,1,0.8143665799239391,2107.4632049999996,2153.052935,0.6864990410285572,0.7013497420284598,35.73890371669928
2021-07-03,BTCUSDT,-1,0.051089710961009956,33769.64673,34686.464564999995,0.690112596276446,0.7088485795540655,-48.238919369879135
2021-07-03,ETHUSDT,-1,0.8013856231447348,2152.873025,2228.103495,0.6901125962764462,0.7142280431086147,-61.692957719806316
2021-07-04,BTCUSDT,-1,0.048202871249980586,34651.78544000001,35304.153255,0.6681262208585089,0.6807046215761392,-32.79483263651034
2021-07-04,ETHUSDT,-1,0.750408007090345,2225.8765049999997,2323.851345,0.6681262208585089,0.6975346626302672,-74.88676531288444
2021-07-05,BTCUSDT,-1,0.04583080471730889,35270.485935,33706.985069999995,0.6465899012686299,0.6179273001409664,70.39198561774901
2021-07-05,ETHUSDT,-1,0.6962975665581758,2321.528655,2197.6282650000003,0.64658990126863,0.6120812852475865,85.01286886609257
2021-07-06,BTCUSDT,-1,0.05031217411498242,33673.304925000004,34237.120005,0.6776708721653981,0.6890175771548431,-29.733450922932633
2021-07-06,ETHUSDT,1,0.7707993332070545,2197.9484249999996,2321.3387500000003,0.6776708721653981,0.7157145442590791,93.71579481777785
2021-07-07,BTCUSDT,-1,0.050468464609169296,34202.90999,33879.05106,0.6904673409443672,0.6839294757655399,14.970266130358638
2021-07-07,ETHUSDT,-1,0.7436057835251798,2321.3487450000002,2317.728285,0.6904673409443672,0.6893904629463586,1.3123371911309163
2021-07-08,BTCUSDT,1,0.051191226198113005,33879.041055,32859.272145,0.6937238616086648,0.6728425732320197,-53.56978737645377
2021-07-08,ETHUSDT,1,0.7483833491874299,2317.408125,2115.271835,0.693723861608665,0.6332136881276563,-152.60237125225785
2021-07-09,BTCUSDT,1,0.04959309990634561,32892.147854999996,33798.902095,0.6524894298829226,0.6704769313288517,43.64578725361082
2021-07-09,ETHUSDT,1,0.7703978465081107,2117.37816,2145.9165049999997,0.6524894298829225,0.6612837816952845,20.6721063193269
2021-07-10,BTCUSDT,-1,0.04921409922779254,33798.902095,33519.621435,0.6653530085975101,0.6598551901520527,12.419337914893667
2021-07-10,ETHUSDT,1,0.7743637585041568,2148.063495,2109.6346550000003,0.66535300859751,0.6534498482065682,-31.076703834158636
2021-07-11,BTCUSDT,-1,0.04939520940067908,33486.118565000004,34276.119495,0.6616215354136571,0.6772304399592894,-40.3611133394539
2021-07-11,ETHUSDT,1,0.7832675843432837,2111.7353399999997,2139.379775,0.6616215354136571,0.6702827313428511,20.32108555622854
2021-07-12,BTCUSDT,-1,0.04801238368805027,34241.870500000005,33103.17331499999,0.6576135298570119,0.6357449033967226,53.3782077174696
2021-07-12,ETHUSDT,-1,0.7684305141547993,2139.4697300000003,2032.5957899999999,0.657613529857012,0.6247634511914323,80.84281968290104
2021-07-13,BTCUSDT,-1,0.05174248022065415,33070.396530000005,32746.134885,0.684457735337086,0.6777464946359941,15.415897522756506
2021-07-13,ETHUSDT,1,0.8418559014682448,2032.5857849999998,1939.1799250000001,0.684457735337086,0.6530040255479994,-79.97173623360145
2021-07-14,BTCUSDT,-1,0.05132146150349763,32712.75544,32836.43001,0.671546567594917,0.6740854314682037,-7.692791682279518
2021-07-14,ETHUSDT,1,0.864766447447306,1941.41022,1993.5827100000001,0.6715465675949172,0.6895933751276292,43.75587888905768
2021-07-15,BTCUSDT,-1,0.051728984891503335,32803.619985,31895.94,0.6787591850362727,0.6599778393441188,45.61462720600453
2021-07-15,ETHUSDT,-1,0.8512526692147984,1993.4127950000002,1920.4697549999999,0.6787591850362727,0.6539220020360159,60.760276313569804
2021-07-16,BTCUSDT,-1,0.054932985431229396,31858.552755000004,31399.561934999998,0.7000341657401874,0.689948671328936,23.82375319105926
2021-07-16,ETHUSDT,1,0.9112656203809223,1920.49977,1875.32187,0.7000341657401874,0.6835665389117845,-42.55266777565915
2021-07-17,BTCUSDT,-1,0.05549322973447612,31368.168070000003,31535.830035,0.6962883828232674,0.7000100243998588,-10.700402348701582
2021-07-17,ETHUSDT,1,0.9271936303497511,1877.4082349999999,1898.640205,0.6962883828232674,0.7041628417607783,18.285696119193002
2021-07-18,BTCUSDT,-1,0.0553738077704764,31504.309965,31794.44928,0.6978054415773657,0.7042318890395528,-17.468155986084636
2021-07-18,ETHUSDT,-1,0.9188661737783418,1898.55025,1892.58582,0.6978054415773657,0.6956132363882183,4.087094294903165
2021-07-19,BTCUSDT,-1,0.05471273311881174,31762.680715000002,30855.069825,0.6951292292391295,0.6752660802790105,48.287477090779255
2021-07-19,ETHUSDT,1,0.9182219733036892,1892.5958249999999,1817.820635,0.6951292292391295,0.6676651402327461,-70.02301688543001
2021-07-20,BTCUSDT,-1,0.05602590213594841,30824.230175000004,29805.245174999996,0.6907821212801992,0.6679462997249993,55.730825466994624
2021-07-20,ETHUSDT,1,0.9490645984131576,1819.639365,1785.136985,0.6907821212801993,0.6776841263126001,-34.113453666590864
2021-07-21,BTCUSDT,-1,0.05836231831370761,29775.44483,32160.582254999998,0.69510559564028,0.7507864554881947,-140.64804167091523
2021-07-21,ETHUSDT,-1,0.9734625430443925,1785.136985,1996.49775,0.6951055956402798,0.7774063107589632,-207.2242997031074
2021-07-22,BTCUSDT,-1,0.048674256458581144,32128.437745,32303.973915,0.6255311273654754,0.6289487643880102,-9.798572448090553
2021-07-22,ETHUSDT,-1,0.7840692174770364,1994.50225,2025.5722799999999,0.6255311273654754,0.6352755490091105,-25.621860785462523
2021-07-23,BTCUSDT,-1,0.047909785970970016,32271.436210000003,33650.90704499999,0.6184470407187648,0.6448831017019827,-67.35348260046551
2021-07-23,ETHUSDT,-1,0.7641722928861131,2023.257865,2125.312125,0.6184470407187648,0.649641855863963,-79.25512675957818
2021-07-24,BTCUSDT,-1,0.043811193763263076,33617.28295,34275.269069999995,0.5891253188467561,0.6006561818054991,-30.016938897509664
2021-07-24,ETHUSDT,-1,0.6936768908480913,2123.1978700000004,2185.8423749999997,0.589125318846756,0.6065073370296029,-44.65067811299358
2021-07-25,BTCUSDT,-1,0.04191868914724835,34244.379245000004,35398.71051,0.5741917954446554,0.5935470168328492,-49.555792282762184
2021-07-25,ETHUSDT,-1,0.657328750700417,2183.80755,2190.8848949999997,0.5741917954446554,0.5760526523835056,-5.8023867949538035
2021-07-26,BTCUSDT,-1,0.03980961123784671,35363.32949,37256.218799999995,0.563120159629112,0.5932622346480623,-76.51156994165302
2021-07-26,ETHUSDT,-1,0.6432056750776223,2188.7250900000004,2229.19404,0.5631201596291119,0.5735321029508847,-27.166510567012214
2021-07-27,BTCUSDT,1,0.03639192577064158,37259.950665,39438.141065,0.5423845435273789,0.5740919608678287,78.15206684672913
2021-07-27,ETHUSDT,1,0.6083479816321712,2228.9239049999996,2298.340255,0.5423845435273789,0.5592762620932878,41.12763560915196
2021-07-28,BTCUSDT,-1,0.03589536365969484,39436.881695000004,40039.56978,0.5662404840185551,0.5748939672123311,-22.774842435670756
2021-07-28,ETHUSDT,-1,0.6159286116925866,2298.320265,2302.05045,0.5662404840185551,0.5671594950859178,-3.4309276475111976
2021-07-29,BTCUSDT,1,0.03502779830696958,40039.579784999994,39996.47176000001,0.5609993300019185,0.560395338319874,-2.631373873433133
2021-07-29,ETHUSDT,-1,0.6098482876123603,2299.74955,2384.11146,0.5609993300019185,0.5815785165432017,-52.590544199753225
2021-07-30,BTCUSDT,-1,0.034373489693013785,39998.480755,42227.473185,0.549954946387281,0.5806022457146455,-77.74880551051287
2021-07-30,ETHUSDT,-1,0.5772620905964402,2381.738535,2463.040905,0.5499549463872812,0.5687280568179393,-48.05145907985045
2021-07-31,BTCUSDT,-1,0.031100610321542693,42185.25682,41482.560915,0.5247948934692086,0.516053184862829,20.81342343761676
2021-07-31,ETHUSDT,-1,0.5332112892149741,2460.539115,2532.315525,0.5247948934692086,0.5401036903137376,-39.33689069510547
2021-08-01,BTCUSDT,1,0.03140416495777493,41482.57091999999,39825.51728000001,0.5210902000177108,0.5002748456759344,-53.05975090013452
2021-08-01,ETHUSDT,1,0.5144302725348151,2532.36555,2554.412155,0.5210902000177108,0.5256267764251578,10.294724042174549
2021-08-02,BTCUSDT,1,0.03213786594915538,39870.195134999994,39128.24609,0.5125371946461188,0.5029993310663933,-24.86019547502617
2021-08-02,ETHUSDT,1,0.501155404146996,2556.7777499999997,2605.626535,0.5125371946461188,0.5223295276816247,23.445965866437042
2021-08-03,BTCUSDT,-1,0.032729994438022235,39127.286570000004,38226.153525,0.5122543487244009,0.5004567169040937,28.481368485139622
2021-08-03,ETHUSDT,-1,0.49149053675066173,2605.6165400000004,2510.29452,0.5122543487244009,0.4935144004148179,45.84410202481835
2021-08-04,BTCUSDT,1,0.034473752403940676,38226.14352,39703.31841,0.5271194428263926,0.5474889473924639,49.84915302495952
2021-08-04,ETHUSDT,1,0.5250686810287611,2509.764255,2723.4176100000004,0.5271194428263926,0.5719925169492805,111.0835733474442
2021-08-05,BTCUSDT,-1,0.03521784521422692,39703.308415,40882.891229999994,0.5593059881008732,0.575922934099286,-42.67759391823203
2021-08-05,ETHUSDT,-1,0.5134662430413911,2723.1877250000002,2828.4034949999996,0.5593059881008733,0.580915886553116,-55.164968005260754
2021-08-06,BTCUSDT,-1,0.033038116125161235,40842.028770000004,42858.288435,0.5397374757161745,0.566382844096474,-67.71954127056128
2021-08-06,ETHUSDT,1,0.47706564696026177,2828.423505,2890.13421,0.5397374757161746,0.551513498678254,28.348806430804416
2021-08-07,BTCUSDT,-1,0.0310555716048433,42815.451565,44594.82627,0.5318633287482231,0.5539671281734128,-56.34532901989589
2021-08-07,ETHUSDT,1,0.4596145392967342,2892.98577,3158.7298450000003,0.5318633287482231,0.5807192649890079,121.02725800822478
2021-08-08,BTCUSDT,-1,0.03057220043277904,44550.253730000004,43816.267185,0.5447997145458888,0.5358238810384076,21.35896017311891
2021-08-08,ETHUSDT,-1,0.43116255337102627,3158.8997600000002,3013.355925,0.5447997145458889,0.5196984939354843,61.688553317530136
2021-08-09,BTCUSDT,1,0.03203201581879264,43816.25718,46230.2733,0.5614092172440187,0.5923395382610829,76.17205378715533
2021-08-09,ETHUSDT,1,0.46576897587318705,3013.34592,3158.9397400000003,0.5614092172440187,0.5885344510179649,66.66314076660318
2021-08-10,BTCUSDT,-1,0.03190734129561953,46225.745565000005,45607.78249499999,0.5899762561547703,0.5820892327217386,18.54549309370271
2021-08-10,ETHUSDT,-1,0.4669115046706826,3158.9297450000004,3143.2308299999995,0.5899762561547703,0.5870442545450313,6.1529835136477455
2021-08-11,BTCUSDT,1,0.032610433374748435,45607.792499999996,45488.2445,0.5949159514762404,0.5933565466406068,-5.086784587201118
2021-08-11,ETHUSDT,1,0.4732506686705805,3142.7105699999997,3158.91975,0.5949159514762404,0.5979843535856812,6.478104968540015
2021-08-12,BTCUSDT,1,0.032678972160205724,45533.42533499999,44376.800500000005,0.5951942155525083,0.5800752912394015,-38.972580289559055
2021-08-12,ETHUSDT,1,0.47058660863254953,3161.9802,3044.4370200000003,0.5951942155525083,0.5730685169748743,-56.482509176612545
2021-08-13,BTCUSDT,1,0.03242198828190023,44422.26003,47776.100000000006,0.576103197659274,0.6195984617419575,107.54245854730765
2021-08-13,ETHUSDT,1,0.4725824822595596,3047.633055,3320.6588400000005,0.576103197659274,0.6277140789377401,127.82338591956815
2021-08-14,BTCUSDT,-1,0.032609217627867344,47776.090005,47092.044255,0.6231763665526492,0.6142538878609821,21.068766474754025
2021-08-14,ETHUSDT,-1,0.4691647959473871,3320.668835,3264.7915799999996,0.6231763665526491,0.6126901101765789,24.97977446344604
2021-08-15,BTCUSDT,1,0.03357181765514246,47092.03425,46950.33309,0.6323860747402893,0.6304832085382726,-6.020034788320624
2021-08-15,ETHUSDT,1,0.48424689543297683,3264.7915799999996,3305.4364550000005,0.6323860747402893,0.640258936553894,18.40950952271765
2021-08-16,BTCUSDT,-1,0.03380508336704372,46950.33309,45924.240645,0.6348639696871686,0.6209891134289611,33.431287562402666
2021-08-16,ETHUSDT,-1,0.48012877414501215,3305.696325,3148.103265,0.6348639696871686,0.6045979846025442,74.42550075727148
2021-08-17,BTCUSDT,1,0.03573467819616472,45924.25065,44673.602025,0.6564353273511034,0.638558716890763,-45.986520195092815
2021-08-17,ETHUSDT,1,0.5211866446423833,3148.75359,3010.21414,0.6564353273511034,0.627553362912663,-73.48889978636487
2021-08-18,BTCUSDT,1,0.0353624954436122,44718.297974999994,44682.937355,0.6325402433548121,0.6320400674493588,-2.5150200744371976
2021-08-18,ETHUSDT,1,0.5248014689971938,3013.2358649999996,3013.0427250000002,0.632540243354812,0.6324996992925233,-1.3664000983691398
2021-08-19,BTCUSDT,1,0.03531639457125734,44721.719685000004,46737.23969,0.6317639593202506,0.6602363192253877,69.88889948429687
2021-08-19,ETHUSDT,1,0.5237313591114743,3015.6870899999994,3182.52794,0.6317639593202506,0.6667158733705763,86.08130529312305
2021-08-20,BTCUSDT,-1,0.03546197874933457,46737.23969,49347.131235,0.6629580002757346,0.6999787676784777,-93.91485527481213
2021-08-20,ETHUSDT,1,0.5202605177995331,3185.7020549999997,3283.1775900000002,0.6629580002757346,0.6832430692004894,49.36647124241054
2021-08-21,BTCUSDT,-1,0.03316822490970478,49297.808765,48846.280935,0.6540483234692542,0.6480577728218819,13.674270522139778
2021-08-21,ETHUSDT,1,0.4975336950522903,3286.4524049999995,3221.818285,0.6540483234692543,0.6411852624492331,-33.45288613597148
2021-08-22,BTCUSDT,1,0.033272362539513226,48846.29093999999,49214.60039000001,0.6500926003464881,0.6549944105653397,10.949438536217396
2021-08-22,ETHUSDT,1,0.5039521776098883,3224.97168,3236.3810000000003,0.650092600346488,0.6523925010101073,4.44726655769156
2021-08-23,BTCUSDT,-1,0.0331797848702023,49214.60039000001,49513.594424999996,0.6531719413652698,0.6571401644687792,-11.230869864607417
2021-08-23,ETHUSDT,1,0.5040499680404315,3239.6189999999997,3319.6193600000006,0.6531719413652698,0.6693016129257592,39.00170534693244
2021-08-24,BTCUSDT,1,0.03325986105995247,49513.594424999996,47650.17299500001,0.6587261084617348,0.6339352533185598,-63.269799219717825
2021-08-24,ETHUSDT,1,0.4955897349867608,3322.94064,3169.03469,0.658726108461735,0.6282164248723807,-77.5611515067197
2021-08-25,BTCUSDT,1,0.03304970548515261,47697.847004999996,48948.833340000005,0.6305599183164474,0.6470978102915277,40.06707220909277
2021-08-25,ETHUSDT,1,0.4969397216944962,3172.215315,3225.256565,0.6305599183164474,0.6411032399217788,25.086640855090078
2021-08-26,BTCUSDT,-1,0.032870582249575016,48948.833340000005,46867.291935,0.643590660929284,0.6162220697457046,67.16166522827358
2021-08-26,ETHUSDT,-1,0.4988662556694879,3225.2665600000005,3094.7465999999995,0.643590660929284,0.6175458594351513,63.850867214967394
2021-08-27,BTCUSDT,1,0.035728184985120405,46867.28193,49045.36505000001,0.6697931674179324,0.7009207500676637,76.44824270684298
2021-08-27,ETHUSDT,1,0.5410971967879972,3094.6065299999996,3271.813275,0.6697931674179324,0.7081475966065026,94.50813220740122
2021-08-28,BTCUSDT,-1,0.035884351237017706,49045.36505000001,48919.797674999994,0.7039844424007812,0.7021820808854168,3.099737265124595
2021-08-28,ETHUSDT,1,0.5373062519569514,3275.5269449999996,3242.8577600000003,0.7039844424007812,0.696963099462046,-18.9543048887007
2021-08-29,BTCUSDT,1,0.035814412680727936,48919.797674999994,48743.446085,0.700813528876066,0.6982871574276011,-7.7150293074658824
2021-08-29,ETHUSDT,1,0.5396897274269606,3246.372375,3221.858265,0.700813528876066,0.6955215235384601,-14.626348396429096
2021-08-30,BTCUSDT,1,0.03567911018346994,48792.22392,46959.41854500001,0.6963452533352871,0.6701881073674948,-66.75939828018332
2021-08-30,ETHUSDT,1,0.5397888414565151,3225.0817349999998,3228.02518,0.6963452533352871,0.6969807888418635,0.1955127242640039
2021-08-31,BTCUSDT,1,0.03632656697184007,47006.401455,47077.339555,0.6830324762241032,0.6840632512803052,1.2098419130006581
2021-08-31,ETHUSDT,1,0.5285394336098573,3230.7545699999996,3427.4854,0.6830324762241032,0.7246244768088221,102.57234450876443
2021-09-01,BTCUSDT,1,0.03733672521426881,47124.440445,48786.11474,0.7037889135084563,0.7286055041276678,60.609082130392615
2021-09-01,ETHUSDT,-1,0.5133435184405475,3427.475405,3828.73341,0.7037889135084563,0.7861821919441101,-207.47316719458718
2021-09-02,BTCUSDT,-1,0.0345598454734561,48786.104745000004,49271.26332,0.6744160964956175,0.6811228986484662,-18.12254437726604
2021-09-02,ETHUSDT,-1,0.4408055991869447,3824.9065900000005,3787.7129099999997,0.6744160964956174,0.6678580235362703,15.05290827833593
2021-09-03,BTCUSDT,1,0.03418840215856154,49271.253314999994,49974.14043,0.6738021692758313,0.6834144042197078,22.673370786195726
2021-09-03,ETHUSDT,1,0.4447289071836171,3787.7129099999997,3936.1409450000006,0.6738021692758313,0.700206264396216,64.63622936728999
2021-09-04,BTCUSDT,1,0.03454731339211232,50022.998999999996,49890.68218,0.6912640893065284,0.6894356130474933,-5.951890349941486
2021-09-04,ETHUSDT,1,0.43861054540854155,3940.0790549999997,3883.57724,0.6912640893065284,0.6813511725490394,-26.154907155577916
2021-09-05,BTCUSDT,1,0.03428156112889586,49942.49877,51731.00156,0.6848427298054246,0.7093677968952589,59.91845719788507
2021-09-05,ETHUSDT,1,0.44040734888836097,3887.552805,3948.314855,0.6848427298054245,0.6955467511468334,25.379663872569896
2021-09-06,BTCUSDT,-1,0.03392077926451012,51731.00156,52690.23195,0.7019023540195155,0.7149174909487155,-33.95466216796833
2021-09-06,ETHUSDT,1,0.4439885136182753,3952.2551399999998,3924.8066150000004,0.7019023540195154,0.6970276220932099,-13.585759791876498
2021-09-07,BTCUSDT,-1,0.03288354959858126,52639.8669,46887.161865,0.6923942696275464,0.6167265250897741,187.86024054971327
2021-09-07,ETHUSDT,1,0.44060759212309286,3928.633335,3432.8527150000004,0.6923942696275465,0.6050163875477489,-219.7421158566692
2021-09-08,BTCUSDT,1,0.036574353401311176,46892.004284999995,46025.285845,0.6860178945661551,0.673338027956558,-33.05902244651572
2021-09-08,ETHUSDT,1,0.499058949643678,3436.55742,3497.2505,0.6860178945661553,0.6981336644683311,28.905273196405236
2021-09-09,BTCUSDT,-1,0.03721797334532845,46025.285845,46418.337569999996,0.6851871447161331,0.6910385801658873,-16.004814349267296
2021-09-09,ETHUSDT,-1,0.48980276540433465,3497.2604950000004,3426.6424649999994,0.685187144716133,0.6713515821635703,33.23236765452705
2021-09-10,BTCUSDT,1,0.03708839498714866,46418.337569999996,44828.48454500001,0.6886326553771849,0.6650466165920997,-60.31877623468202
2021-09-10,ETHUSDT,1,0.5024091744100803,3426.65247,3207.2555700000003,0.688632655377185,0.6445418492183327,-111.56018990172632
2021-09-11,BTCUSDT,1,0.03645728226989882,44864.6211,45151.103155000004,0.6542568621499034,0.6584346050076618,9.131665677238393
2021-09-11,ETHUSDT,1,0.5094737189345893,3210.454425,3265.576395,0.6542568621499034,0.6654901401702638,26.76344804858077
2021-09-12,BTCUSDT,1,0.036586864974745954,45196.26684,46002.227380000004,0.6614358848950672,0.6732309126758487,28.15290265438269
2021-09-12,ETHUSDT,1,0.5058808516948919,3268.73355,3402.507895,0.6614358848950671,0.6885054367284776,66.3239382619029
2021-09-13,BTCUSDT,-1,0.03697274238894409,46002.217385,44963.200365000004,0.6803312530783241,0.6649651296310488,37.07001223547897
2021-09-13,ETHUSDT,1,0.49936202556296405,3406.00215,3283.7073250000003,0.6803312530783242,0.655903496467177,-62.40562627741346
2021-09-14,BTCUSDT,1,0.03754538572904868,44963.19036,47087.96424,0.6752641302699374,0.7071743122345803,78.3930164691029
2021-09-14,ETHUSDT,1,0.513628749087901,3286.732545,3432.652815,0.6752641302699374,0.7052436685686049,73.56833794783027
2021-09-15,BTCUSDT,-1,0.037471350501294826,47079.72836,48145.470705,0.7056564011533242,0.721630323134751,-41.362091677854906
2021-09-15,ETHUSDT,-1,0.5139293421036844,3432.652815,3615.356775,0.7056564011533241,0.7432151715383393,-95.34579753522966
2021-09-16,BTCUSDT,-1,0.03525739849557057,48097.33930000001,47761.68891,0.6783148233107071,0.6735811594885375,10.482263572624777
2021-09-16,ETHUSDT,-1,0.4695203818861646,3611.743225,3569.76399,0.6783148233107071,0.6704307807313115,18.36136084444714
2021-09-17,BTCUSDT,1,0.03580713470912489,47761.67890499999,47276.330010000005,0.6840835481941213,0.6771319668884456,-18.740168779272057
2021-09-17,ETHUSDT,1,0.4790831182405146,3569.753985,3398.110095,0.6840835481941212,0.6511908721748685,-83.56696446850079
2021-09-18,BTCUSDT,1,0.03505765099194615,47323.62999,48268.59363,0.6636221215445666,0.6768734037410462,31.787709965913503
2021-09-18,ETHUSDT,1,0.4877293649988775,3401.5899449999997,3433.92218,0.6636221215445666,0.6699298737227845,14.435828450277281
2021-09-19,BTCUSDT,-1,0.0348501292090053,48268.603625,47265.370875,0.6728668292278047,0.6588817128421224,33.63104242213588
2021-09-19,ETHUSDT,1,0.4893779353670873,3437.3578199999997,3326.9556900000002,0.6728668292278048,0.6512554826519934,-55.352488751408316
2021-09-20,BTCUSDT,1,0.03536005999667035,47265.370875,42994.11219000001,0.6685225399619501,0.6081097546167905,-152.30859565747778
2021-09-20,ETHUSDT,1,0.5018584900866443,3330.234285,2975.79136,0.6685225399619502,0.5973704634969927,-179.14608416585256
2021-09-21,BTCUSDT,1,0.03498242997814015,43038.14832,40714.01281,0.602231603997284,0.5697100409019704,-82.47584938318329
2021-09-21,ETHUSDT,1,0.5054299157278568,2978.80866,2764.5170500000004,0.602231603997284,0.5589078478438895,-109.4705298353278
2021-09-22,BTCUSDT,1,0.034587770825348134,40754.457044999996,43521.838195000004,0.5638423281535818,0.6021293461546173,94.55157332828045
2021-09-22,ETHUSDT,1,0.5092316424137987,2768.1033599999996,3075.3815400000003,0.5638423281535818,0.6264326370653112,155.28549731410433
2021-09-23,BTCUSDT,-1,0.035256486400726386,43524.596815000004,44887.69263,0.6138097422820586,0.6330329299078323,-49.30481173662421
2021-09-23,ETHUSDT,-1,0.4989703995248494,3075.3815400000003,3154.0762499999996,0.6138097422820588,0.6295162746377355,-40.50965690611161
2021-09-24,BTCUSDT,-1,0.03321862622739835,44842.827370000006,42831.975285,0.5958468485535116,0.5691277510294317,65.63276921061693
2021-09-24,ETHUSDT,1,0.4722966508294474,3153.9862049999997,2927.0657350000006,0.5958468485535116,0.552977337359254,-108.32260217155643
2021-09-25,BTCUSDT,1,0.034279807367371955,42831.98529,42649.30468,0.5873088819613237,0.5848039795131021,-7.434368982028284
2021-09-25,ETHUSDT,1,0.5011708258551155,2929.6841099999997,2920.269135,0.5873088819613237,0.5854214776428616,-5.891241155759294
2021-09-26,BTCUSDT,-1,0.03427042371109766,42649.294685,43182.480449999995,0.5846437599337662,0.5919527607670765,-19.449098603976406
2021-09-26,ETHUSDT,1,0.4999859541775861,2923.30092,3057.840315,0.5846437599337662,0.6115508830471862,66.0716131405691
2021-09-27,BTCUSDT,-1,0.034421513194746525,43139.31955000001,42168.423675,0.5939682628410848,0.5806003807722697,32.24513652842444
2021-09-27,ETHUSDT,-1,0.485612510082872,3057.8303200000005,2927.052795,0.5939682628410847,0.5685653819700145,62.344668532864645
2021-09-28,BTCUSDT,1,0.03633561385747854,42168.423675,41006.026730000005,0.6128862238533426,0.5959916612362895,-43.44528442772211
2021-09-28,ETHUSDT,1,0.5236155563930025,2926.22238,2803.507545,0.6128862238533425,0.5871840652108622,-65.45546689526482
2021-09-29,BTCUSDT,1,0.03600307886912263,41045.522505,41503.51786,0.5911060735887451,0.5977017707438479,15.30043504342419
2021-09-29,ETHUSDT,1,0.5265410657670871,2806.552575,2849.024775,0.5911060735887451,0.6000514165701343,21.172199963313844
2021-09-30,BTCUSDT,-1,0.03604516480386392,41503.527855,43846.01205,0.5984006005900927,0.6321746921337813,-85.66580415194528
2021-09-30,ETHUSDT,1,0.5245676558220502,2851.875225,2999.109695,0.5984006005900928,0.6292943769037337,76.00674580660832
2021-10-01,BTCUSDT,-1,0.03404649910550448,43798.099995000004,48165.680804999996,0.5964687889210254,0.6559491233773787,-149.95325405318167
2021-10-01,ETHUSDT,-1,0.4972032217569028,2999.11969,3311.564955,0.5964687889210254,0.6586083058733011,-156.60386947548352
2021-10-02,BTCUSDT,-1,0.027804698885873606,48117.529200000004,47658.71745,0.5351573642152924,0.530054515193672,11.691910674641978
2021-10-02,ETHUSDT,-1,0.40441060085747743,3308.255045,3389.45388,0.5351573642152925,0.5482924320758034,-33.92111944756832
2021-10-03,BTCUSDT,1,0.02783916890072862,47658.707445,48175.909995,0.5307115224607071,0.5364709181188422,13.331306704758038
2021-10-03,ETHUSDT,1,0.39144208381254597,3389.4638849999997,3416.0211350000004,0.530711522460707,0.5348697725728394,9.330043985297483
2021-10-04,BTCUSDT,-1,0.027775489485007607,48175.909995,49249.55247,0.5352437925987182,0.5471721707087263,-30.903361238327502
2021-10-04,ETHUSDT,1,0.39132428867003466,3419.4388649999996,3384.616845,0.5352437925987182,0.5297931117160968,-14.691739110868385
2021-10-05,BTCUSDT,-1,0.026733809804916693,49200.317535,51497.72599499999,0.5261247725288791,0.5506921648544176,-62.49529775122963
2021-10-05,ETHUSDT,-1,0.38861472112132023,3384.616845,3517.027635,0.5261247725288791,0.5467074854206007,-52.52961448725314
2021-10-06,BTCUSDT,-1,0.02444880583687808,51446.254005,55342.657499999994,0.5031197900811826,0.5412247550857378,-96.30675705655487
2021-10-06,ETHUSDT,-1,0.3579678136549576,3513.72226,3576.677445,0.5031197900811827,0.51213416205426,-23.551183884828752
2021-10-07,BTCUSDT,-1,0.0216662702630763,55287.342500000006,53812.11261,0.4791482018929059,0.4663631100941425,31.017218184921486
2021-10-07,ETHUSDT,1,0.33491246385832973,3576.6674399999997,3585.676265,0.47914820189290586,0.4803550690037933,2.057664506321933
2021-10-08,BTCUSDT,1,0.022567557510318057,53812.11261,53924.454285,0.48576317843115463,0.48677728931570186,1.5627367436211783
2021-10-08,ETHUSDT,1,0.3383445842209437,3589.2637349999995,3561.3484350000003,0.4857631784311546,0.4819851822023935,-10.41273893253619
2021-10-09,BTCUSDT,1,0.022414294102093463,53982.647834999996,54922.245140000006,0.48399317799337155,0.4924173421260934,20.083999811685178
2021-10-09,ETHUSDT,1,0.33941457534681624,3564.911565,3573.0325900000003,0.4839931779933716,0.485095735694074,1.7873053380685593
2021-10-10,BTCUSDT,-1,0.022229946981339035,54922.245140000006,54686.3295,0.48836743902332225,0.4862696821556147,4.269755048089875
2021-10-10,ETHUSDT,1,0.3413612516781602,3576.6174149999997,3412.51289,0.48836743902332236,0.4659598685993024,-56.97325336767247
2021-10-11,BTCUSDT,1,0.02184397162456439,54686.339504999996,57442.614325,0.4778267393594059,0.5019099349424384,59.22825228327961
2021-10-11,ETHUSDT,1,0.34970501709520224,3415.9271099999996,3540.3489400000003,0.4778267393594059,0.49523111463427255,42.53788033317291
2021-10-12,BTCUSDT,-1,0.02168163704493338,57442.614325,56024.928465,0.49817996588269636,0.48588486577859463,29.75368542859306
2021-10-12,ETHUSDT,-1,0.35178733390803585,3540.3489400000003,3493.2057299999997,0.49817996588269636,0.4915462122195896,15.594657979664593
2021-10-13,BTCUSDT,-1,0.02265765138904435,55968.91154500001,57395.6835,0.5072496345643479,0.5201805551915699,-33.354731757810946
2021-10-13,ETHUSDT,1,0.3630289999341959,3493.175715,3605.6162900000004,0.5072496345643479,0.5235773103620583,39.78836254934974
2021-10-14,BTCUSDT,-1,0.02217114324913488,57342.144585,57376.61397,0.5085363607226556,0.5088420509916733,-1.7816040842588368
2021-10-14,ETHUSDT,-1,0.3526011432722549,3605.606295,3792.71541,0.5085363607226557,0.5349263158689196,-67.0183505422513
2021-10-15,BTCUSDT,1,0.02155827677701811,57376.61397,61641.583790000004,0.4947763697973536,0.5315545297274293,90.91906892566446
2021-10-15,ETHUSDT,-1,0.32646227052341087,3788.9245900000005,3870.9244949999998,0.4947763697973535,0.505484319864955,-27.770135858666045
2021-10-16,BTCUSDT,-1,0.020578890304772994,61641.583790000004,60906.007784999994,0.5074061564107533,0.5013512212436659,14.128580540063936
2021-10-16,ETHUSDT,1,0.3277551456428097,3870.31419,3828.04502,0.5074061564107533,0.501864581222933,-14.86320870718438
2021-10-17,BTCUSDT,1,0.020821395508632302,60906.007784999994,61497.56583500001,0.5072592307773292,0.5121860564274754,11.297618838160773
2021-10-17,ETHUSDT,1,0.33094714299455635,3831.87498,3844.926575,0.5072592307773292,0.5089869860080379,3.3031418599866385
2021-10-18,BTCUSDT,-1,0.020739823556740505,61497.55584,62040.844919999996,0.5101793829169586,0.5146864707807602,-12.292585513201493
2021-10-18,ETHUSDT,-1,0.3317095140480031,3845.0765,3746.83248,0.5101793829169586,0.4971439924640297,31.58115275694134
2021-10-19,BTCUSDT,-1,0.02073579819755999,61974.597200000004,64312.730294999994,0.5140370963657066,0.533430318772489,-49.53052343209435
2021-10-19,ETHUSDT,1,0.3429811041123105,3746.83248,3875.0914850000004,0.5140370963657066,0.5316332624246052,42.944744788456156
2021-10-20,BTCUSDT,-1,0.01995067363458412,64248.449705,66034.410705,0.512719940636979,0.5269723906510172,-36.670817366383545
2021-10-20,ETHUSDT,-1,0.3307835150370937,3875.04151,4163.230575,0.5127199406369789,0.5508512174033603,-96.39176307399367
2021-10-21,BTCUSDT,1,0.018403567663062913,66034.40069999998,62162.053425000006,0.4861074245489035,0.45760142251276775,-72.20871393740106
2021-10-21,ETHUSDT,-1,0.29218178138979944,4159.289315,4055.0164949999994,0.4861074245489035,0.47392077722964826,29.506590096359528
2021-10-22,BTCUSDT,1,0.019187335567216357,62224.246575,60657.87589,0.4775669997806952,0.46554520779839703,-30.997592163324533
2021-10-22,ETHUSDT,1,0.29442902517449343,4055.0265,3970.2139,0.4775669997806952,0.46757848332448954,-25.916436623619354
2021-10-23,BTCUSDT,1,0.019194464001261007,60718.574115,61256.106625,0.4661841940233064,0.47031125338838736,9.381152965290726
2021-10-23,ETHUSDT,1,0.2932583904685446,3974.176095,4165.03644,0.46618419402330635,0.48857275305489484,55.016640631892955
2021-10-24,BTCUSDT,-1,0.019551673259104355,61256.106625,60882.646109999994,0.47906375274274304,0.47614304155696024,6.346571170157258
2021-10-24,ETHUSDT,-1,0.28755006709951786,4165.046435,4084.3711649999996,0.4790637527427431,0.46978448102203435,22.249331068007127
2021-10-25,BTCUSDT,-1,0.019926366117511106,60821.79389000001,63110.31939,0.48478293319037613,0.5030237319832801,-46.5898036474336
2021-10-25,ETHUSDT,1,0.2967304596020818,4084.3711649999996,4218.259815,0.484782933190376,0.5006744694503771,38.74338324736175
2021-10-26,BTCUSDT,-1,0.01916077707902566,63047.24061,60358.97440499999,0.48321364911036163,0.46260994131712824,50.56344589265595
2021-10-26,ETHUSDT,-1,0.28638278298460373,4218.24982,4133.58576,0.4832136491103615,0.4735151174617313,23.289600355003397
2021-10-27,BTCUSDT,1,0.020625941016595605,60358.97440499999,58384.23328000001,0.49798425835989346,0.4816919007729753,-41.71057012642822
2021-10-27,ETHUSDT,1,0.30118176280434394,4133.58576,3920.039,0.4979842583598935,0.4722577025127111,-65.28663157882868
2021-10-28,BTCUSDT,1,0.020386859800436932,58442.64672,60545.602055,0.47658481801884217,0.4937338802513325,41.90233688295583
2021-10-28,ETHUSDT,1,0.3036383600522272,3923.9509949999997,4283.876990000001,0.4765848180188421,0.5202997535636287,108.29045429038396
2021-10-29,BTCUSDT,1,0.020898170359744183,60606.18795,62222.583145000004,0.5066233762535101,0.520135257115023,32.75294352041349
2021-10-29,ETHUSDT,-1,0.2956577415013266,4283.866995,4421.099445,0.50662337625351,0.5228529107445874,-41.60331251469169
2021-10-30,BTCUSDT,1,0.020263896039660202,62284.82684999999,61828.26040500001,0.5048533024546544,0.5011525764639837,-10.257820855595515
2021-10-30,ETHUSDT,1,0.2854794993503333,4421.099445,4320.518660000001,0.5048533024546545,0.4933678015962292,-29.711973250114166
2021-10-31,BTCUSDT,1,0.020070220694550615,61890.119595,61269.150100000006,0.4968593436335126,0.49187414570981924,-13.45172829857678
2021-10-31,ETHUSDT,1,0.28721246895123825,4324.84134,4285.066395,0.4968593436335127,0.4922897995711728,-12.41300929905443
2021-11-01,BTCUSDT,1,0.020042504037781614,61330.459904999996,60880.65444500001,0.4916863961139863,0.4880803050146799,-9.994994449394655
2021-11-01,ETHUSDT,1,0.28655566660141757,4289.623739999999,4317.2702850000005,0.4916863961139863,0.4948553057666669,6.935732429820842
2021-11-02,BTCUSDT,-1,0.020165455987838404,60880.66444000001,63251.599995,0.49107454371007153,0.5101989423438129,-48.81227007040738
2021-11-02,ETHUSDT,-1,0.2843663422094914,4317.2702850000005,4592.184945,0.4910745437100715,0.5223451342236578,-79.18989596189955
2021-11-03,BTCUSDT,-1,0.01841595876095403,63188.959715000005,62927.92824,0.4654741105036102,0.4635512525520458,3.878119515855409
2021-11-03,ETHUSDT,-1,0.2536707155976032,4587.385160000001,4605.651675,0.4654741105036102,0.46732758247621986,-5.566481624504017
2021-11-04,BTCUSDT,-1,0.018497420231367526,62865.041755,61425.707505,0.46513643808188054,0.45448684989162047,25.704347187676703
2021-11-04,ETHUSDT,1,0.2524813375524543,4605.651675,4530.05384,0.4651364380818806,0.45750162108313264,-20.00968055603488
2021-11-05,BTCUSDT,1,0.018977208010597785,61425.707505,60906.65144000001,0.466275371408209,0.46233527744234215,-10.778845563517722
2021-11-05,ETHUSDT,1,0.2570666780477794,4534.576155,4472.00288,0.4662753714082089,0.45984116983268086,-17.011620480060987
2021-11-06,BTCUSDT,1,0.018890944967759865,60970.650089999996,61439.874695000006,0.4607172781994932,0.46426291667572284,7.939115995698841
2021-11-06,ETHUSDT,1,0.2572990243494717,4476.47712,4515.741,0.4607172781994932,0.46475830140596314,9.177082436569389
2021-11-07,BTCUSDT,-1,0.01888596146574029,61439.884690000006,63305.226794999995,0.4641405178859468,0.4782320295321279,-36.17115166287074
2021-11-07,ETHUSDT,1,0.2567001790638251,4520.259,4610.283705000001,0.4641405178859468,0.4733842610434141,22.171833114738853
2021-11-08,BTCUSDT,-1,0.01823713151272097,63241.943210000005,67559.592915,0.4613406541763204,0.49283727237469876,-79.69572342249685
2021-11-08,ETHUSDT,1,0.2499192964943541,4614.896295,4805.57601,0.4613406541763205,0.480402470267738,46.712797104099934
2021-11-09,BTCUSDT,-1,0.016844355044114454,67492.05709000002,66981.13383,0.45474406891264096,0.45130159979594636,7.700127123027991
2021-11-09,ETHUSDT,-1,0.23657105202703943,4805.57601,4734.696164999999,0.454744068912641,0.4480368211129756,15.865338609137964
2021-11-10,BTCUSDT,1,0.017148750221065642,66981.143835,64849.988785,0.45945716205907433,0.4448385038051493,-37.45094130067678
2021-11-10,ETHUSDT,1,0.24260118603570116,4734.696164999999,4626.46561,0.4594571620590743,0.44895441765575345,-27.165272588016816
2021-11-11,BTCUSDT,1,0.01719690649252085,64914.861209999995,64741.87287000001,0.4465339192813355,0.44534397355842503,-3.866742200115975
2021-11-11,ETHUSDT,1,0.24105725817046425,4630.99434,4716.6405,0.4465339192813355,0.4547921706823071,19.744302412465302
2021-11-12,BTCUSDT,1,0.017348124022250958,64806.637124999994,64090.16888500001,0.44970943132380525,0.4447376793695958,-13.323826996217047
2021-11-12,ETHUSDT,1,0.2381249676728733,4721.3595,4663.12727,0.4497094313238053,0.4441628121692976,-14.760420129762336
2021-11-13,BTCUSDT,1,0.01730564875074981,64154.281109999996,64347.810000000005,0.44409258189860945,0.4454322390959945,2.4596181724680437
2021-11-13,ETHUSDT,1,0.2378488376172828,4667.802735,4641.95786,0.44409258189860945,0.44163371250776384,-7.032899771520292
2021-11-14,BTCUSDT,-1,0.017218062927898528,64347.819995000005,65551.85955,0.4431779255787989,0.4514704171090664,-21.62587716835661
2021-11-14,ETHUSDT,1,0.23844245024251465,4646.592135,4624.18675,0.443177925578799,0.4410409676195882,-6.226613791225277
2021-11-15,BTCUSDT,-1,0.01670605494172468,65486.350445000004,63638.54336999999,0.4376074273868826,0.42525960078021946,30.006699488490664
2021-11-15,ETHUSDT,1,0.23634968822023797,4628.81325,4561.4981099999995,0.4376074273868826,0.43124346244628187,-16.77876324133498
2021-11-16,BTCUSDT,1,0.017295064458479677,63638.533365,60028.840565000006,0.4402530146363139,0.4152810667757899,-63.28540373272204
2021-11-16,ETHUSDT,1,0.24104687469857444,4566.051885,4207.65512,0.44025301463631383,0.4056968465941821,-87.2363699665598
2021-11-17,BTCUSDT,1,0.017064244134647858,60088.899435,60314.69756500001,0.4101486598964575,0.41168988966264436,3.0312358659080254
2021-11-17,ETHUSDT,1,0.2434582037992009,4211.694795,4285.6561,0.41014865989645755,0.41735125448283544,17.17898655156552
2021-11-18,BTCUSDT,-1,0.017167903916407212,60314.68757,56920.06581,0.4141907043799522,0.39087928829666213,57.47347021554856
2021-11-18,ETHUSDT,-1,0.24159931118872705,4285.925965,3998.8984499999997,0.41419070437995215,0.38645244441346727,68.54500676741877
2021-11-19,BTCUSDT,1,0.019298747881074593,56920.06581,58023.21388,0.43939439977654554,0.44791015036791515,20.402071928279625
2021-11-19,ETHUSDT,1,0.27469714802119166,3998.8984499999997,4292.612620000001,0.43939439977654554,0.4716673777095103,79.7713830549257
2021-11-20,BTCUSDT,-1,0.019793398233519378,58028.07145,59737.363755,0.45942909077318655,0.4729621720893286,-34.76509455321769
2021-11-20,ETHUSDT,1,0.2673028063494224,4296.897375,4409.963915,0.4594290907731865,0.4715182921516743,29.29205606329455
2021-11-21,BTCUSDT,-1,0.01920041918328214,59677.66624,58651.331009999994,0.4583344830752019,0.4504520564197738,18.79728009907539
2021-11-21,ETHUSDT,1,0.25956923144395044,4414.376085,4256.180845000001,0.45833448307520197,0.44190943632924556,-41.96286078429551
2021-11-22,BTCUSDT,1,0.01934034556214873,58647.00884999999,56219.056410000005,0.4537013669381578,0.43491839125893306,-47.846058956259
2021-11-22,ETHUSDT,1,0.266142351352998,4261.829849999999,4083.927015,0.4537013669381579,0.4347623754104522,-48.23594256161276
2021-11-23,BTCUSDT,1,0.01930290987999148,56271.951915,57512.499365,0.43448496663458364,0.444063436886265,23.067627225682493
2021-11-23,ETHUSDT,1,0.26568653684905613,4088.32314,4337.27028,0.4344849666345835,0.4609417280286144,65.24647679041387
2021-11-24,BTCUSDT,-1,0.019654330406781825,57512.48937,57166.859144999995,0.45214778743780304,0.4494305351815149,5.891552318101184
2021-11-24,ETHUSDT,-1,0.2606171141648224,4337.280275,4271.49468,0.452147787437803,0.4452898466687966,16.247414288409246
2021-11-25,BTCUSDT,-1,0.019986771688060682,57109.72085500001,58989.84018,0.4565755807591051,0.47160658703713937,-38.50569786288185
2021-11-25,ETHUSDT,1,0.2671760655813548,4272.23505,4522.5875750000005,0.45657558075910515,0.4833308618142483,65.94829619528447
2021-11-26,BTCUSDT,-1,0.01960194822596985,58930.889815,53753.393265,0.4620641004255857,0.42146849270029063,100.60548672011173
2021-11-26,ETHUSDT,-1,0.25544109381056523,4522.2177599999995,4043.2205999999996,0.46206410042558566,0.4131218770325639,121.48037250509616
2021-11-27,BTCUSDT,1,0.023557013465910936,53750.58186,54693.669485,0.5064812722706272,0.5153678034232908,21.194478805965048
2021-11-27,ETHUSDT,1,0.31316697898614987,4043.2205999999996,4093.2423550000003,0.5064812722706272,0.5127473370294015,14.645933287635518
2021-11-28,BTCUSDT,-1,0.023480421335809357,54689.111765,57303.517439999996,0.5136493546893475,0.5382042934060398,-62.43920043982632
2021-11-28,ETHUSDT,1,0.3134043366649049,4097.337645,4292.63261,0.5136493546893475,0.5381318702732758,60.154507734858214
2021-11-29,BTCUSDT,-1,0.022411616186373873,57246.252555,57805.138125,0.5131924161483539,0.518202627703131,-13.55692393079424
2021-11-29,ETHUSDT,-1,0.2988804643314504,4292.622615,4446.752264999999,0.513192416148354,0.5316189526920514,-47.11115272808402
2021-11-30,BTCUSDT,-1,0.021691848101267844,57747.361875,56979.03528,0.5010588008165784,0.4943922313002166,15.670972758787672
2021-11-30,ETHUSDT,-1,0.28198050616281467,4442.31773,4632.57513,0.5010588008165783,0.5225183519978668,-54.67245510603566
2021-12-01,BTCUSDT,-1,0.021663757870669598,56922.08472,57212.662034999994,0.49325850434712865,0.4957765029850763,-7.284031602201385
2021-12-01,ETHUSDT,1,0.26619080953941726,4632.565125,4580.658525,0.49325850434712876,0.4877316803973532,-14.798050059183264
2021-12-02,BTCUSDT,1,0.021360747368991562,57212.662034999994,56452.09983,0.48884208801485185,0.4823436171670886,-17.21736282459
2021-12-02,ETHUSDT,1,0.26653017658947387,4585.241475,4508.954395000001,0.48884208801485185,0.4807089644532938,-21.302359956363237
2021-12-03,BTCUSDT,-1,0.021305883837156526,56456.01787,53627.850525,0.4811381434586612,0.45703550148881744,59.318431279661944
2021-12-03,ETHUSDT,1,0.2664932307465368,4513.605675,4213.622135,0.4811381434586612,0.449160710360508,-80.87388159920216
2021-12-04,BTCUSDT,1,0.022228517865566327,53627.850525,49127.893765,0.4768270533947533,0.4368161057011789,-100.94101239303193
2021-12-04,ETHUSDT,1,0.2826735636542058,4217.117505,4115.191375,0.4768270533947533,0.4653023244361206,-29.753951774412684
2021-12-05,BTCUSDT,-1,0.02293443285035603,49127.88377,49421.028164999996,0.45068806056126437,0.4533773007382986,-7.627165803885208
2021-12-05,ETHUSDT,1,0.27352166442813225,4119.308625,4194.34178,0.4506880605612643,0.4588973379384219,19.61360804439437
2021-12-06,BTCUSDT,-1,0.022942600026270785,49371.62184,50467.14096,0.4530853490093661,0.4631389718058829,-26.050281312107334
2021-12-06,ETHUSDT,1,0.26978755775704605,4198.5382199999995,4345.416205,0.45308534900936603,0.4689356901539366,38.70383182226301
2021-12-07,BTCUSDT,-1,0.022592521828671244,50416.68904500001,50614.24447499999,0.45561605911139724,0.45740136925725616,-5.376292793015867
2021-12-07,ETHUSDT,1,0.2618637336080459,4349.743785,4304.2468,0.4556160591113973,0.4508504549673936,-12.82047687408799
2021-12-08,BTCUSDT,-1,0.022346916005435334,50563.655525,50496.425595,0.4519767051779765,0.451375752538472,0.5990291410448783
2021-12-08,ETHUSDT,1,0.26225549749390153,4308.553199999999,4434.691545,0.45197670517797656,0.46520889494638956,32.16328882090809
2021-12-09,BTCUSDT,-1,0.02272378301583484,50445.954405000004,47569.362794999994,0.45852916877036715,0.43238235134204267,64.47613205069882
2021-12-09,ETHUSDT,1,0.25823152755013434,4439.128455,4103.58718,0.45852916877036715,0.42387023437061927,-87.5297354025106
2021-12-10,BTCUSDT,1,0.023860471890658184,47559.667949999995,47116.969730000004,0.4539184481000047,0.44969325272626304,-11.46660013518047
2021-12-10,ETHUSDT,1,0.2762611933211724,4107.69282,3895.99103,0.45391844810000476,0.43052445244655346,-59.36943203417482
2021-12-11,BTCUSDT,1,0.023309633063609878,47164.11027,49365.295005,0.43975124166613366,0.4602747650573615,50.40878247134591
2021-12-11,ETHUSDT,1,0.2818730911139504,3900.2591549999997,4087.325315,0.43975124166613366,0.46084280837094044,51.82832271197984
2021-12-12,BTCUSDT,-1,0.0233057790222963,49365.295005,50078.92695,0.46019866270279897,0.4668513620681676,-17.558798438192497
2021-12-12,ETHUSDT,1,0.28117644801281344,4091.7248399999994,4127.935,0.4601986627027989,0.4642712403711093,9.256974267702027
2021-12-13,BTCUSDT,-1,0.02291368313505818,50028.87305,46726.101375,0.45853829786870076,0.4282668324173426,74.7918584981094
2021-12-13,ETHUSDT,1,0.2774268421894989,4132.065,3780.0390350000002,0.4585382978687007,0.41947371713323633,-98.53946385366282
2021-12-14,BTCUSDT,1,0.024279185844674395,46726.11138,48319.10836,0.4537887767975901,0.46925944468856007,37.753621505938824
2021-12-14,ETHUSDT,1,0.29982257411558827,3783.81096,3857.060505,0.4537887767975901,0.46257352365146837,21.045504834246596
2021-12-15,BTCUSDT,-1,0.024090343557673435,48312.781525,48889.41249,0.46554860206562715,0.4711050972867643,-14.827891752195253
2021-12-15,ETHUSDT,-1,0.3017509068512961,3857.060505,4021.0895399999995,0.46554860206562726,0.48534696609010436,-50.44680562934858
2021-12-16,BTCUSDT,-1,0.02316178286579769,48840.547510000004,47656.196189999995,0.4524936625893185,0.4415209873450541,26.537673460726708
2021-12-16,ETHUSDT,-1,0.2815745225825708,4017.5302300000003,3960.089055,0.45249366258931845,0.44602407401843563,15.275453690599257
2021-12-17,BTCUSDT,1,0.024176094866142923,47656.196189999995,46108.1344,0.4608562880195835,0.44588585254210716,-38.33283083425253
2021-12-17,ETHUSDT,1,0.2908645977454955,3961.089555,3873.4822900000004,0.4608562880195835,0.45066354726206037,-26.39337172908957
2021-12-18,BTCUSDT,1,0.02426024480868826,46156.896915,46811.06276000001,0.4479110475069151,0.4542591369249882,14.968053360750769
2021-12-18,ETHUSDT,1,0.28879840682515406,3877.3677149999994,3957.950035,0.4479110475069152,0.4572198657606251,22.366914721007337
2021-12-19,BTCUSDT,-1,0.024320006399415287,46811.052765,46704.570615000004,0.4553780411232667,0.45434218249549735,1.6799263458046418
2021-12-19,ETHUSDT,-1,0.2876350365065098,3957.950035,3926.1020699999995,0.4553780411232667,0.4517138048930934,8.253498729416796
2021-12-20,BTCUSDT,1,0.02448179172507421,46704.58061999999,46890.70292,0.45736472613831086,0.45918736909190766,3.6400552887618063
2021-12-20,ETHUSDT,1,0.2912333390623686,3926.1020699999995,3942.7576350000004,0.4573647261383108,0.45930498846187906,3.9339860943204013
2021-12-21,BTCUSDT,-1,0.02446537415877798,46890.712915000004,48914.32493999999,0.45887953441492724,0.47868290455245804,-50.445987782794454
2021-12-21,ETHUSDT,-1,0.2909643073268869,3942.74764,4016.157075,0.45887953441492724,0.46742334457734047,-22.285828285025403
2021-12-22,BTCUSDT,-1,0.022733553081969577,48863.146205,48612.45408,0.4443331712013631,0.44205352210899546,4.812736037608761
2021-12-22,ETHUSDT,-1,0.2768498041591579,4012.402795,3981.499755,0.4443331712013631,0.4409109709725941,7.670256429748705
2021-12-23,BTCUSDT,1,0.022979177156785477,48612.46408499999,50813.390595,0.44682976969483457,0.4670599617677768,49.66159045089308
2021-12-23,ETHUSDT,1,0.28056624211372994,3981.499755,4109.354295,0.44682976969483457,0.4611784368248264,34.963659618459985
2021-12-24,BTCUSDT,-1,0.02281656090342295,50813.400590000005,50845.409999999996,0.46375481970870513,0.46404695756980413,-1.6581464300259503
2021-12-24,ETHUSDT,1,0.28185163859820317,4113.465705,4044.3368200000004,0.46375481970870513,0.4559611839040186,-20.40380551532924
2021-12-25,BTCUSDT,1,0.022585250060221995,50845.39999499999,50374.460170000006,0.45934242931963404,0.4550879118352573,-11.550724052096777
2021-12-25,ETHUSDT,1,0.28365865093429415,4048.3731749999997,4092.782585,0.45934242931963404,0.4643812746513893,11.673389625416988
2021-12-26,BTCUSDT,1,0.022774821429258834,50424.869835,50750.102255,0.4593669624342982,0.46232980654970046,6.4854135195217175
2021-12-26,ETHUSDT,1,0.28034747417021794,4096.40718,4061.52822,0.45936696243429814,0.4554556710992245,-10.69305097121759
2021-12-27,BTCUSDT,-1,0.022587418787086505,50750.092260000005,50726.79072,0.4585254349439591,0.4583149062870134,-0.3905186988667517
2021-12-27,ETHUSDT,1,0.28195422178069945,4065.601785,4035.211385,0.45852543494395903,0.4550979543113174,-9.48232497085938
2021-12-28,BTCUSDT,-1,0.02252299223838281,50676.08928000001,47567.511869999995,0.4565508662100138,0.4285450802588768,69.12936893137353
2021-12-28,ETHUSDT,1,0.282572354774811,4039.2386099999994,3790.853625,0.45655086621001373,0.4284761741691514,-71.07175714253505
2021-12-29,BTCUSDT,1,0.023974471789403977,47567.511869999995,46441.427670000005,0.4561623885677815,0.4453634790136242,-27.89879975297472
2021-12-29,ETHUSDT,1,0.3005302362119194,3794.646375,3628.374905,0.4561623885677814,0.43617454690602026,-50.86194108987677
2021-12-30,BTCUSDT,1,0.02368413678947333,46487.89233,47097.309565,0.44041024039921123,0.4461836488614523,13.546927266341967
2021-12-30,ETHUSDT,1,0.3031462250677294,3631.9950899999994,3707.4153650000003,0.44041024039921123,0.44955558906313936,21.973405830357958
2021-12-31,BTCUSDT,-1,0.023754765196798353,47097.31956,46240.038465,0.4475143070185514,0.4393685025707997,19.477628309789967
2021-12-31,ETHUSDT,1,0.30146812020135194,3711.1246349999997,3674.391885,0.4475143070185513,0.4430848057816209,-11.964352205126284
2022-01-01,BTCUSDT,1,0.024276415912767562,46240.038465,47698.788675,0.44901696223948406,0.4631822529638029,34.50102759559387
2022-01-01,ETHUSDT,1,0.30519974726519755,3678.0581099999995,3763.6572300000003,0.44901696223948406,0.45946689415553343,25.216345933728537
2022-01-02,BTCUSDT,-1,0.024159960512552068,47698.798670000004,47309.82309,0.4609604369453485,0.4572013830840896,8.479472833117736
2022-01-02,ETHUSDT,-1,0.3061918293668234,3763.6572300000003,3830.184135,0.46096043694534855,0.46910843484297365,-21.300063615851105
2022-01-03,BTCUSDT,-1,0.02424733989955438,47262.53691,46469.32305,0.4583963187888019,0.4507029883582188,18.324226769310606
2022-01-03,ETHUSDT,-1,0.29951179015532736,3826.1959450000004,3767.7729449999997,0.4583963187888019,0.45139696786230393,16.58858402959379
2022-01-04,BTCUSDT,-1,0.025061936674552796,46422.87695,45854.926005,0.46537888094858265,0.4596853007014457,13.30888643619231
2022-01-04,ETHUSDT,-1,0.3090980397674777,3764.007055,3787.002555,0.46537888094858265,0.4682220265379719,-8.041464880959586
2022-01-05,BTCUSDT,1,0.025429785079620976,45854.926005,43429.404435,0.4664323652596292,0.4417601683671952,-62.58868476471178
2022-01-05,ETHUSDT,1,0.3079174035209214,3786.9925499999995,3538.8596850000004,0.4664323652596292,0.4358705942520264,-77.3067304785187
2022-01-06,BTCUSDT,1,0.025214192603946573,43472.865569999994,43060.768845,0.438453282210983,0.43429700773274077,-11.263436485549223
2022-01-06,ETHUSDT,1,0.3095031421996166,3541.58991,3405.106595,0.438453282210983,0.42155647627085496,-43.1020246088019
2022-01-07,BTCUSDT,1,0.024799424980719655,43103.84115,41545.696760000006,0.4275801899921127,0.4121237560285391,-39.480788854954696
2022-01-07,ETHUSDT,1,0.3136119322318704,3408.5134049999997,3197.64038,0.4275801899921127,0.40112727126178094,-66.96100428708337
2022-01-08,BTCUSDT,1,0.02442405436846107,41587.26324,41658.90013,0.406291831363705,0.406991696682164,0.936379768101635
2022-01-08,ETHUSDT,1,0.3173877872827385,3200.2793399999996,3079.409525,0.406291831363705,0.3909467901108555,-39.15984175359837
2022-01-09,BTCUSDT,-1,0.023923287564157642,41658.90013,41885.55231,0.39864713896660575,0.400816045078279,-6.22172846322804
2022-01-09,ETHUSDT,1,0.3233126432248028,3082.52049,3150.394015,0.39864713896660575,0.40742488647569963,21.13829674729242
2022-01-10,BTCUSDT,-1,0.023995880549469474,41843.687690000006,41843.401244999994,0.4016304526234186,0.4016277032234169,-0.7963846558425436
2022-01-10,ETHUSDT,-1,0.31871446135874737,3150.394015,3084.2213399999996,0.40163045262341857,0.39319437723570155,20.295363639433408
2022-01-11,BTCUSDT,-1,0.024253285431930612,41801.578755,42750.654644999995,0.40553024842013674,0.4147375318028301,-23.838476236956375
2022-01-11,ETHUSDT,-1,0.32902223818846194,3081.3285650000003,3241.3398599999996,0.4055302484201367,0.42658915818667026,-53.479393822940835
2022-01-12,BTCUSDT,-1,0.02283338930455038,42707.92535500001,43924.61133,0.3900666744081573,0.4011791002195818,-28.57231030318903
2022-01-12,ETHUSDT,-1,0.30115303228263823,3238.1101350000004,3372.94563,0.3900666744081573,0.40630912167958944,-41.402493974668204
2022-01-13,BTCUSDT,-1,0.021425804790503707,43880.69867500001,42581.390054999996,0.37607171355258595,0.3649362204106904,27.09772492077571
2022-01-13,ETHUSDT,-1,0.2789920538277992,3369.9142,3242.230305,0.376071713552586,0.36182259670987277,34.88489779652064
2022-01-14,BTCUSDT,1,0.02280833849559032,42579.629174999995,43038.43002,0.38846823809604525,0.39265403208597444,9.683362704640965
2022-01-14,ETHUSDT,1,0.2995378193037132,3242.230305,3305.7662900000005,0.3884682380960452,0.39608081025373065,18.246881345863788
2022-01-15,BTCUSDT,-1,0.022889675966515782,43038.43002,43105.832145,0.39405428690614613,0.39467141202642797,-2.3315384996371784
2022-01-15,ETHUSDT,-1,0.2980052522906467,3305.7662900000005,3327.70302,0.3940542869061462,0.3966691912093788,-7.3279842361971586
2022-01-16,BTCUSDT,-1,0.022764593638991974,43062.747855,43093.195830000004,0.3921223823589793,0.3923996366701814,-1.4776577970344105
2022-01-16,ETHUSDT,1,0.29454775361370067,3328.173255,3345.20656,0.39212238235897934,0.3941292310487261,4.230870110959288
2022-01-17,BTCUSDT,-1,0.022803245774108773,43050.12417,42222.72081,0.39267302482176425,0.38512603195280287,18.08968311562892
2022-01-17,ETHUSDT,1,0.293165286600807,3348.563445,3208.0651650000004,0.39267302482176425,0.37619733741251615,-41.958088885354506
2022-01-18,BTCUSDT,-1,0.022990426576118068,42180.529185,42373.29606,0.3878993436678191,0.3896720607422172,-5.209364090405293
2022-01-18,ETHUSDT,1,0.30198142098461367,3211.28484,3158.270075,0.3878993436678191,0.381495554040673,-16.77886896557382
2022-01-19,BTCUSDT,-1,0.022649016379140963,42330.943940000005,41680.840005,0.38350169705662324,0.37761201118783955,13.963100963714677
2022-01-19,ETHUSDT,1,0.3032660110729982,3161.429925,3082.4779900000003,0.3835016970566232,0.3739243216990454,-24.70086441270018
2022-01-20,BTCUSDT,1,0.02287347351089375,41680.829999999994,40660.569545000006,0.3813541443668262,0.37201938417016434,-24.09027402019164
2022-01-20,ETHUSDT,1,0.3089827259433575,3085.5620099999996,2999.97926,0.3813541443668261,0.3707767078113346,-27.19572224090691
2022-01-21,BTCUSDT,1,0.022793946730428016,40701.26046,36427.087345,0.3710969451146064,0.3321268353946314,-98.12849808044676
2022-01-21,ETHUSDT,1,0.3089404971630008,3002.98074,2566.865925,0.3710969451146064,0.31720353400810636,-135.4218282453728
2022-01-22,BTCUSDT,1,0.02224050004415587,36463.532654999995,35053.88429,0.32438687984944253,0.3118463660398319,-31.98751776991588
2022-01-22,ETHUSDT,1,0.31570453351520145,2568.753735,2410.97391,0.32438687984944253,0.3044621574295486,-50.44065508701399
2022-01-23,BTCUSDT,1,0.02193719070914868,35088.955709999995,36226.427725,0.30790124527805657,0.3178824214858065,24.327156852610912
2022-01-23,ETHUSDT,1,0.3189514998800468,2413.3860899999995,2537.7404950000005,0.30790124527805657,0.323766454874633,39.03135629128841
2022-01-24,BTCUSDT,-1,0.02212286499377965,36226.427725,36678.680174999994,0.3205729479068365,0.32457499586461885,-10.650267838227375
2022-01-24,ETHUSDT,-1,0.31580672958262945,2537.7305,2440.5096449999996,0.32057294790683644,0.30829174780092555,30.07413556906942
2022-01-25,BTCUSDT,-1,0.02213699756472177,36642.019825,36976.799159999995,0.3244577214530048,0.3274221251824504,-8.062889170249452
2022-01-25,ETHUSDT,1,0.3323299833434838,2440.77978,2457.600585,0.3244577214530048,0.32669374459119443,4.938906379429887
2022-01-26,BTCUSDT,-1,0.021916237152826402,36939.840840000004,36827.74466999999,0.3238329248948409,0.3228502343965834,1.8100430863523749
2022-01-26,ETHUSDT,-1,0.3293916755685337,2457.81048,2464.221495,0.3238329248948409,0.3246776188840188,-2.7602455167237574
2022-01-27,BTCUSDT,1,0.021971298570393233,36825.643619999995,37141.51995,0.32364288440876665,0.32641896967186673,6.290151303669569
2022-01-27,ETHUSDT,1,0.32834058448725967,2464.2315,2423.037875,0.32364288440876665,0.31823266884490703,-14.167414462902627
2022-01-28,BTCUSDT,-1,0.021678390218028483,37141.529945,37735.41828,0.32206743177692004,0.3272172490057461,-13.523827752847803
2022-01-28,ETHUSDT,1,0.3319965166723575,2425.2320099999997,2543.717505,0.32206743177692004,0.3378021404234001,38.67690204399983
2022-01-29,BTCUSDT,-1,0.02169216855309797,37697.711715000005,38185.92341999999,0.32709804663515046,0.33133419487293253,-11.248802835963144
2022-01-29,ETHUSDT,-1,0.3214763883884489,2543.717505,2602.7307149999997,0.3270980466351505,0.3346865880823541,-19.63313825272648
2022-01-30,BTCUSDT,-1,0.021031495117433848,38147.746585,37900.70088,0.3209216584174125,0.31884336220201626,4.55597551787116
2022-01-30,ETHUSDT,1,0.308254765435283,2602.7307149999997,2600.37916,0.32092165841741255,0.3206317072034393,-1.366431400553937
2022-01-31,BTCUSDT,-1,0.021231887878371727,37862.809125,38486.13345,0.32155956724087603,0.32685330811298074,-13.882765055615625
2022-01-31,ETHUSDT,1,0.3088390032238644,2602.970835,2685.5965300000003,0.321559567240876,0.3317667821546676,24.864710935083547
2022-02-01,BTCUSDT,-1,0.021051729888193274,38447.66655,38713.937294999996,0.3237559564167695,0.32599814033711666,-6.255213897621756
2022-02-01,ETHUSDT,-1,0.3013817906005128,2685.5965300000003,2788.623615,0.3237559564167695,0.33617615135983,-31.710419465427744
2022-02-02,BTCUSDT,-1,0.020437029455492313,38675.242705,36914.80818,0.31616282974415966,0.30177160884740345,35.360117803299
2022-02-02,ETHUSDT,1,0.28341443466006433,2788.87374,2679.329665,0.3161628297441597,0.30374428090956584,-31.66627919713835
2022-02-03,BTCUSDT,1,0.021461679418088124,36914.818185000004,37292.954195000006,0.3169015974653919,0.32014777099461394,7.478384454595002
2022-02-03,ETHUSDT,1,0.29544186722550664,2681.5901249999997,2694.11227,0.31690159746539187,0.3183814238255793,3.0642828791776786
2022-02-04,BTCUSDT,-1,0.021385203612220613,37293.324010000004,41595.037124999995,0.31901013093214636,0.3558073352704002,-92.66782831183714
2022-02-04,ETHUSDT,1,0.29575682931882546,2696.557605,2993.492505,0.3190101309321463,0.35413834074738737,87.14737606642304
2022-02-05,BTCUSDT,-1,0.019127499778669944,41550.91415,41403.28129499999,0.31790604048306353,0.31677650152252873,2.1891648593313864
2022-02-05,ETHUSDT,1,0.2652322435964843,2996.4874949999994,3011.1436750000003,0.31790604048306353,0.3194609570846452,3.2499245063864404
2022-02-06,BTCUSDT,-1,0.019280653890387744,41361.9087,42402.060435,0.3189938583562071,0.3270157805946156,-20.700815234972126
2022-02-06,ETHUSDT,1,0.2645806013460281,3014.14632,3053.462505,0.3189938583562071,0.32315477830417977,9.76015123327134
2022-02-07,BTCUSDT,-1,0.01869736320064316,42359.679565000006,43861.909994999995,0.3168057255558669,0.32804082474017415,-28.732594511064182
2022-02-07,ETHUSDT,1,0.25912226011042505,3056.5274999999997,3138.200115,0.3168057255558669,0.32527100259103836,20.521115859781805
2022-02-08,BTCUSDT,-1,0.017981361901017526,43818.070005,44065.011495,0.31516342982561035,0.3169395675456369,-5.0724472974377015
2022-02-08,ETHUSDT,1,0.2508192692953459,3141.339885,3115.131655,0.3151634298256104,0.3125340181863607,-7.201226546136267
2022-02-09,BTCUSDT,-1,0.01775907224875156,44020.978500000005,44394.90636,0.31270869505689564,0.31536493980952,-7.2686855164274045
2022-02-09,ETHUSDT,1,0.25070861943878914,3118.248345,3242.3180300000004,0.31270869505689564,0.32515083083311785,30.46747991466553
2022-02-10,BTCUSDT,-1,0.01788865315755525,44350.523645,43517.18772,0.31734845393654326,0.3113855510061211,14.278523321112802
2022-02-10,ETHUSDT,1,0.24447362421926233,3245.2218,3070.953755,0.31734845393654326,0.3003068777178411,-43.221595878409836
2022-02-11,BTCUSDT,1,0.017898665777171446,43517.18772,42352.54313500001,0.3115598394250838,0.30322160575464085,-21.460365621287167
2022-02-11,ETHUSDT,1,0.2533916414062851,3073.8961799999997,2926.07623,0.31155983942508386,0.2965773035198459,-38.06447690603983
2022-02-12,BTCUSDT,1,0.01767044807953172,42394.916865,42196.761065000006,0.29965487091961845,0.2982542702093953,-4.099410916686965
2022-02-12,ETHUSDT,1,0.255765180288261,2929.00377,2917.4205600000005,0.29965487091961845,0.2984698382020318,-3.5607065030882654
2022-02-13,BTCUSDT,-1,0.017662661772572672,42196.761065000006,42074.68683,0.2981228474356634,0.29726038506608315,1.5607726914489357
2022-02-13,ETHUSDT,1,0.2552387295409161,2920.0392899999997,2869.6944350000003,0.2981228474356635,0.29298286470401486,-13.441062541261156
2022-02-14,BTCUSDT,-1,0.017590312424374463,42032.623175,42557.20797,0.29574678946570104,0.2994378336405516,-9.822795060232727
2022-02-14,ETHUSDT,1,0.2573881715718458,2872.5755699999995,2928.2851250000003,0.29574678946570104,0.3014823816659136,13.741751329399776
2022-02-15,BTCUSDT,-1,0.017436955676753834,42514.67203,44567.13243,0.2965305807195344,0.31084604512877134,-36.396037648940684
2022-02-15,ETHUSDT,1,0.25290757703282873,2931.2148749999997,3181.92824,0.29653058071953436,0.3218935045882933,62.78888558658951
2022-02-16,BTCUSDT,-1,0.016946972005307582,44522.577575,43895.496779999994,0.30180915030706407,0.2975583020358916,10.027753225588219
2022-02-16,ETHUSDT,-1,0.23712681392373416,3181.9382350000005,3123.86115,0.3018091503070641,0.29630049665585295,13.173524481065058
2022-02-17,BTCUSDT,1,0.01745335104556908,43895.496779999994,40495.44215,0.3064494058483948,0.2827124670357939,-59.931508904386526
2022-02-17,ETHUSDT,1,0.24524811575366878,3123.871155,2890.424065,0.3064494058483948,0.28354842226812393,-57.842456778793576
2022-02-18,BTCUSDT,1,0.017447135697098232,40535.967854999995,39954.45278000001,0.28289461271175875,0.27883630374238555,-10.7075033398872
2022-02-18,ETHUSDT,1,0.24443721393497644,2893.32594,2778.0902600000004,0.28289461271175875,0.2716274572857178,-28.722410635099905
2022-02-19,BTCUSDT,1,0.017190430032158137,39994.437224999994,40059.130415,0.27500862991676134,0.2754534714192622,0.561641654916182
2022-02-19,ETHUSDT,1,0.24724858266434127,2780.6896500000003,2762.2481850000004,0.27500862991676134,0.27318477948335973,-5.107819492904147
2022-02-20,BTCUSDT,-1,0.01710592513551718,40059.130415,38406.083445,0.2740993943491637,0.26278863526343826,27.74000968470096
2022-02-20,ETHUSDT,1,0.24782841149375315,2765.011815,2620.679005,0.2740993943491637,0.2597914859376718,-36.30366190901649
2022-02-21,BTCUSDT,1,0.01773069781343208,38406.083445,36989.655920000005,0.27238666390430055,0.26234096453613964,-25.648976048842805
2022-02-21,ETHUSDT,1,0.25958388345777744,2623.3009949999996,2566.73599,0.2723866639043006,0.26651331843801723,-15.222263648050781
2022-02-22,BTCUSDT,1,0.017839334337145737,37026.66408,38211.214835000006,0.2642124159649219,0.27266505474802727,20.594719487050522
2022-02-22,ETHUSDT,1,0.25708458991623284,2569.314015,2634.9718550000002,0.2642124159649219,0.2709642635133962,16.34444219170739
2022-02-23,BTCUSDT,-1,0.01776966850396353,38211.214835000006,37268.635005,0.2716002483006735,0.26490051585362445,16.212830353468174
2022-02-23,ETHUSDT,-1,0.2576889749560487,2634.9618600000003,2580.999855,0.2716002483006735,0.26603808279866414,13.367775423923918
2022-02-24,BTCUSDT,1,0.018615941724047663,37268.64500999999,38308.046395000005,0.2775163694561518,0.28525614370057367,18.786663097897925
2022-02-24,ETHUSDT,1,0.26880807905555293,2580.9898499999995,2594.9019,0.2775163694561518,0.2790122380306418,3.1831428287381094
2022-02-25,BTCUSDT,1,0.01837849920206747,38347.844339999996,39199.560415,0.28191033064147897,0.28817163592338924,15.083181238210742
2022-02-25,ETHUSDT,1,0.27132244644076453,2597.55813,2767.105755,0.28191033064147897,0.3003111612027675,45.41985491137712
2022-02-26,BTCUSDT,-1,0.018750912620249673,39199.55042000001,39136.27836,0.2940109378713966,0.2935363743240512,0.5988615561679388
2022-02-26,ETHUSDT,1,0.2654070608085677,2769.434025,2778.080265,0.29401093787139654,0.29492884712957473,1.705833360444508
2022-02-27,BTCUSDT,1,0.018810667104425034,39136.288365,37680.220465,0.2944718768547191,0.2835160334353834,-27.967596458629377
2022-02-27,ETHUSDT,1,0.2647309689414442,2780.8597349999995,2615.481605,0.2944718768547191,0.2769595918160695,-44.35214406529481
2022-02-28,BTCUSDT,1,0.018559338500605184,37717.92954,43138.420000000006,0.28000792874993424,0.3202482156645107,100.00046114202681
2022-02-28,ETHUSDT,1,0.26737720141142196,2618.098395,2919.489525,0.28000792874993424,0.3122419754977847,79.99286696537833
2022-03-01,BTCUSDT,-1,0.01831352390580225,43138.420000000006,44443.410599999996,0.31600659437141526,0.32556618499139406,-24.54054932930985
2022-03-01,ETHUSDT,-1,0.2706120150006763,2919.369585,2977.8181649999997,0.31600659437141526,0.3223333495745065,-16.455227951674086
2022-03-02,BTCUSDT,-1,0.01733189443469734,44398.9894,43914.92649,0.3078074389152185,0.3044515480128695,7.777468268944322
2022-03-02,ETHUSDT,1,0.2584169195865075,2977.8181649999997,2945.8263500000003,0.3078074389152185,0.304500548401506,-8.879534271597995
2022-03-03,BTCUSDT,1,0.017510387709982717,43914.936494999994,42432.773,0.30758702571468777,0.2972057227358746,-26.558050195483478
2022-03-03,ETHUSDT,1,0.2607744935722385,2948.7836549999997,2832.5730049999997,0.30758702571468777,0.2954651163541075,-30.90782554351945
2022-03-04,BTCUSDT,1,0.01742744368187174,42475.227,39129.08567000001,0.2960938505668872,0.2727679747348239,-58.88355140545997
2022-03-04,ETHUSDT,1,0.26106728795701584,2835.417,2620.78895,0.2960938505668872,0.27368090539368606,-56.602137688963325
2022-03-05,BTCUSDT,1,0.017424629112798216,39168.224325,39378.26102,0.2729967127480025,0.2744606373521837,3.11235416035265
2022-03-05,ETHUSDT,1,0.26015335226849673,2623.421055,2663.817425,0.2729967127480025,0.277200413177994,9.959053949052638
2022-03-06,BTCUSDT,-1,0.017497657163826317,39378.271015000006,38440.020404999996,0.2756109943698836,0.2690441193668712,15.872532393794334
2022-03-06,ETHUSDT,-1,0.2586607078039271,2663.82742,2552.5656449999997,0.27561099436988357,0.26409937458067506,28.239339104070822
2022-03-07,BTCUSDT,1,0.018498523134469327,38440.0104,37969.006,0.2844333686694566,0.2809482143535219,-9.278267372859785
2022-03-07,ETHUSDT,1,0.2785748667913687,2552.57565,2489.87444,0.2844333686694566,0.2774465761800935,-18.028861168257237
2022-03-08,BTCUSDT,1,0.018350035096460975,38007.004005,38711.264685,0.2789719429612332,0.28414122623925614,12.360095025856971
2022-03-08,ETHUSDT,1,0.27982647032046254,2492.3655599999997,2574.682015,0.2789719429612332,0.28818567218201047,22.467165436799984
2022-03-09,BTCUSDT,-1,0.01846603290931494,38711.264685,41962.680855,0.28593739505376453,0.309953698252604,-60.63664909040505
2022-03-09,ETHUSDT,-1,0.2776423295904861,2574.69201,2728.3434899999997,0.28593739505376453,0.30300145699465486,-43.24909370427428
2022-03-10,BTCUSDT,-1,0.015813193846535744,41920.72915,39441.710999999996,0.26516024649482867,0.24947976867281646,38.68655453986284
2022-03-10,ETHUSDT,1,0.24296816682604422,2728.3434899999997,2605.39665,0.26516024649482867,0.2532113791620867,-30.390539957511788
2022-03-11,BTCUSDT,1,0.016912259570105625,39441.721005,38710.205215,0.2668194494112989,0.2618708154432546,-12.900275184965391
2022-03-11,ETHUSDT,1,0.25577083039997073,2607.993345,2555.5815700000003,0.2668194494112989,0.2614572881255044,-13.933679952023121
2022-03-12,BTCUSDT,1,0.016868377146015863,38748.934785,38787.956320000005,0.26145265838390125,0.26171595037157985,0.1350613604410973
2022-03-12,ETHUSDT,1,0.25551066286891794,2558.13843,2567.5156,0.2614526583839012,0.262411045152915,1.872103218997768
2022-03-13,BTCUSDT,1,0.016860416241056563,38826.753675,37758.451329999996,0.26185409129978904,0.2546492824165903,-18.528525581713254
2022-03-13,ETHUSDT,1,0.2547135137855677,2570.0844,2514.3921750000004,0.2618540912997891,0.2561798663716745,-14.703596277957846
2022-03-14,BTCUSDT,1,0.016880493659853234,37796.23867499999,39651.534315000004,0.2552076669278548,0.26773498944312424,30.79536363180256
2022-03-14,ETHUSDT,1,0.2534922514016427,2516.91783,2588.115295,0.25520766692785485,0.2624268692066307,17.53037116080522
2022-03-15,BTCUSDT,-1,0.016700035601533846,39651.534315000004,39299.970165,0.2648728138863764,0.2625243603578872,5.343736646978814
2022-03-15,ETHUSDT,-1,0.2558539330667183,2588.1252900000004,2619.038865,0.26487281388637635,0.26803655778593755,-8.442269120575181
2022-03-16,BTCUSDT,-1,0.01682682528645239,39260.689835000005,41134.557,0.26425310739165697,0.2768656015498469,-32.072354104416284
2022-03-16,ETHUSDT,1,0.25224148203051383,2619.0488699999996,2772.423095,0.26425310739165697,0.27972804411936963,38.14336066777058
2022-03-17,BTCUSDT,-1,0.016150219156359787,41093.45299500001,40938.35895,0.26546730870432783,0.2644653875776893,1.9748701203143948
2022-03-17,ETHUSDT,-1,0.23938289418731268,2772.4131,2813.32596,0.26546730870432783,0.26938484423883996,-10.328690989223482
2022-03-18,BTCUSDT,1,0.01610937857343443,40938.348945,41736.631245000004,0.26379654453054596,0.2689404772422148,12.327094757399294
2022-03-18,ETHUSDT,1,0.23441780869094211,2813.3159549999996,2937.4505400000003,0.263796544530546,0.2754362874899299,28.56012456643918
2022-03-19,BTCUSDT,-1,0.016291084131753914,41736.631245000004,42222.230565,0.27197398839531367,0.27513836414589066,-8.458051728983596
2022-03-19,ETHUSDT,1,0.23124606082725954,2940.30942,2949.3645800000004,0.2719739883953137,0.27281157642737797,1.549184515337955
2022-03-20,BTCUSDT,-1,0.0160379342177541,42180.029435,41282.741055,0.2705922149525847,0.26483595414746663,13.855223843695063
2022-03-20,ETHUSDT,1,0.22913481408691985,2952.3254249999995,2859.9493100000004,0.2705922149525846,0.26212558137794595,-21.69930173292726
2022-03-21,BTCUSDT,1,0.016291517502212655,41282.741055,40981.748875000005,0.2690233993747382,0.2670619516273386,-5.439704719501118
2022-03-21,ETHUSDT,1,0.2349286141501941,2862.820695,2888.5849850000004,0.2690233993747382,0.2714445069524437,5.512301037936647
2022-03-22,BTCUSDT,-1,0.01641205295091482,40981.758870000005,42385.312065,0.26903791863842524,0.2782519943807315,-23.582479268784716
2022-03-22,ETHUSDT,1,0.2326130411319024,2891.475015,2968.15518,0.26903791863842524,0.27617264118848367,17.291595815319205
2022-03-23,BTCUSDT,1,0.015794371263391813,42385.312065,42861.318620000005,0.26777974194773213,0.27078703164912343,6.979657479881392
2022-03-23,ETHUSDT,1,0.22531848893151868,2971.1248199999995,3034.482,0.26777974194773213,0.2734899595719571,13.734274359042642
2022-03-24,BTCUSDT,-1,0.01586060211576366,42861.318620000005,44013.455729999994,0.271922528315517,0.27923196362932323,-18.82474277646049
2022-03-24,ETHUSDT,1,0.22380396097979408,3037.5079949999995,3109.2046200000004,0.27192252831551694,0.2783409237810702,15.495725211786553
2022-03-25,BTCUSDT,1,0.015407602078930318,44013.455729999994,44291.00342000001,0.27125672480258217,0.2729672625487608,3.7321203780951793
2022-03-25,ETHUSDT,1,0.21789051211160648,3112.305375,3100.58893,0.27125672480258217,0.2702355639221112,-3.0943944899021694
2022-03-26,BTCUSDT,1,0.015302939671724613,44335.31658,44489.014365,0.2713842699802208,0.27232508115283394,1.8083185803997057
2022-03-26,ETHUSDT,1,0.21859870932020264,3103.6810649999998,3143.4275000000002,0.27138426998022075,0.27485967773665254,8.142275443362559
2022-03-27,BTCUSDT,-1,0.015361904095139938,44489.014365,46851.17388,0.2733743887849732,0.28788929595571416,-36.848531611592946
2022-03-27,ETHUSDT,1,0.21719944443739705,3146.582505,3294.002175,0.2733743887849733,0.28618217695423104,31.45991385740525
2022-03-28,BTCUSDT,-1,0.01454441135316814,46804.34612,47145.771105,0.2722966652341357,0.2742829954053714,-5.5124050887287375
2022-03-28,ETHUSDT,1,0.20645440576340393,3297.297825,3331.25354,0.2722966652341357,0.2751007880191743,6.462909509343202
2022-03-29,BTCUSDT,1,0.014449162657208098,47145.771105,47411.08260000001,0.27248676611825867,0.2740201776966915,3.287022002267233
2022-03-29,ETHUSDT,1,0.20428888780588675,3334.576455,3398.8097450000005,0.2724867661182586,0.27773562506794386,12.571924983026902
2022-03-30,BTCUSDT,1,0.014521029560674692,47458.507395,47044.456005,0.2756585555153174,0.273253574525786,-6.561364603869556
2022-03-30,ETHUSDT,1,0.2025584361741022,3402.210255,3384.0971050000003,0.27565855551531737,0.27419096698004264,-4.218820860682234
2022-03-31,BTCUSDT,1,0.014519731748936737,47091.523994999996,45487.58483,0.273502518422407,0.26418701185544163,-23.82645594769137
2022-03-31,ETHUSDT,1,0.20184730012453092,3387.4929,3279.8692450000003,0.2735025184224071,0.2648131007458935,-22.261859810452247
2022-04-01,BTCUSDT,1,0.0145105881893535,45533.105175,46260.348255,0.2642848552707783,0.26850594520975307,10.019934046956534
2022-04-01,ETHUSDT,1,0.2012433139631889,3283.150755,3453.4823950000005,0.2642848552707783,0.27799609675333226,33.73582275436082
2022-04-02,BTCUSDT,-1,0.014755401598253799,46260.348255,45833.9055,0.2730360066310417,0.27051907298756545,5.748779029072092
2022-04-02,ETHUSDT,1,0.1974556876972501,3456.9275999999995,3442.048115,0.2730360066310417,0.2718607910537394,-3.4829357409405954
2022-04-03,BTCUSDT,1,0.014917408412214428,45833.895495,46384.146325,0.273489175288668,0.276772501832776,7.658054683148594
2022-04-03,ETHUSDT,1,0.19843986317259021,3445.491885,3520.149045,0.273489175288668,0.2794151579347697,14.262052282030778
2022-04-04,BTCUSDT,1,0.014961760888625499,46430.56368,46557.219745,0.27787319668170385,0.27863119578555356,1.338493367156994
2022-04-04,ETHUSDT,1,0.19714808023861083,3523.66095,3517.7402500000003,0.27787319668170385,0.27740629482623635,-1.7225341301766182
2022-04-05,BTCUSDT,-1,0.014916937141464963,46557.20975,45520.298775,0.2777963885290999,0.27160937419495185,14.918130072646079
2022-04-05,ETHUSDT,1,0.19722798675182932,3521.2597499999997,3405.286505,0.27779638852909994,0.2686471206777293,-23.419613137633423
2022-04-06,BTCUSDT,1,0.015163353494478638,45520.28877,43148.884765,0.27609609191610246,0.26171271703368754,-36.49624601498713
2022-04-06,ETHUSDT,1,0.2024934787640686,3408.7034999999996,3166.9257450000005,0.27609609191610246,0.2565127244370159,-49.49102751406963
2022-04-07,BTCUSDT,1,0.014985315922203254,43192.055235,43422.467905000005,0.25889863721029116,0.26027975987126256,2.9336282553468878
2022-04-07,ETHUSDT,1,0.20417202083622574,3170.1042599999996,3225.5764050000002,0.25889863721029116,0.2634289811881993,10.803532326371775
2022-04-08,BTCUSDT,1,0.015048919744799044,43465.922099999996,42230.883995000004,0.26164606932663487,0.2542116735970694,-19.101847066837284
2022-04-08,ETHUSDT,1,0.2025868490260903,3228.8135999999995,3190.7938050000002,0.2616460693266348,0.2585651451387677,-8.222521684133154
2022-04-09,BTCUSDT,1,0.015150350740150696,42273.14601,42732.593015000006,0.25618119557644076,0.25896550888534553,6.445636567800122
2022-04-09,ETHUSDT,1,0.2005183960856481,3193.9861949999995,3256.940715,0.2561811955764408,0.2612306113271376,12.106127569838414
2022-04-10,BTCUSDT,-1,0.01520453071385436,42732.58302,42179.929424999995,0.2598915484039685,0.2565304129802487,7.886416597915362
2022-04-10,ETHUSDT,1,0.19929115192414418,3260.199285,3201.4384800000003,0.25989154840396855,0.2552073449973925,-12.22560740984135
2022-04-11,BTCUSDT,1,0.015352308181439265,42179.929424999995,39510.684775,0.25902371024158327,0.24263208365020014,-41.48072227234967
2022-04-11,ETHUSDT,1,0.2020691773362402,3204.6415199999997,2978.25013,0.25902371024158327,0.24072502146826014,-46.24647066501771
2022-04-12,BTCUSDT,1,0.015264030187974145,39550.21522499999,40054.90253000001,0.24147827165410982,0.2445596965577128,7.217524290795706
2022-04-12,ETHUSDT,1,0.20249819016501466,2981.2398749999998,3026.14617,0.24147827165410982,0.24511564903991634,8.606849543822266
2022-04-13,BTCUSDT,-1,0.015269234845310236,40054.912525,41168.363895,0.2446431464210334,0.2514437666039784,-17.49763737038747
2022-04-13,ETHUSDT,-1,0.20210850757652485,3026.136175,3119.83914,0.24464314642103338,0.25221841298569153,-19.435027971052058
2022-04-14,BTCUSDT,-1,0.014422120768316482,41127.20611,39962.351189999994,0.2372566133527454,0.2305367420192223,16.331884978435742
2022-04-14,ETHUSDT,-1,0.19030948231336425,3116.7208600000004,3023.49099,0.23725661335274542,0.23015960203440847,17.275112080455205
2022-04-15,BTCUSDT,1,0.015262995455838155,39962.341185,40531.624050000006,0.24397801276452358,0.24745359747715623,8.197530171339974
2022-04-15,ETHUSDT,1,0.20173535622519218,3023.49099,3039.03972,0.24397801276452358,0.24523270419868334,2.647517868436213
2022-04-16,BTCUSDT,-1,0.015182405599441975,40531.624050000006,40398.899354999994,0.24614702237247885,0.2453409903114579,1.5235921398684693
2022-04-16,ETHUSDT,1,0.20228444861267392,3042.090285,3057.7703500000002,0.24614702237247885,0.24741575569357319,2.6782705246698377
2022-04-17,BTCUSDT,-1,0.015299585572379546,40358.51065,39697.95906,0.2469873949053865,0.242944928674916,9.616233252595997
2022-04-17,ETHUSDT,1,0.20173239215173772,3060.82965,2986.56597,0.2469873949053865,0.24099483897883,-15.469372050275384
2022-04-18,BTCUSDT,1,0.015480445022819742,39697.949055,40780.729435,0.24581676714585055,0.2525215360036017,16.263583841228474
2022-04-18,ETHUSDT,1,0.2055623865787596,2989.564035,3054.03222,0.24581676714585055,0.25111766073265096,12.755299539122525
2022-04-19,BTCUSDT,-1,0.015425211080577667,40780.729435,41513.926589999995,0.25162054382192073,0.25614443217374233,-11.817485855549597
2022-04-19,ETHUSDT,-1,0.20597404160811433,3054.03222,3103.3208849999996,0.25162054382192073,0.2556814180361281,-10.65948749737637
2022-04-20,BTCUSDT,-1,0.01489694896548714,41472.443405000005,41378.869095,0.24712514915133554,0.24656756046311523,0.9002790109362759
2022-04-20,ETHUSDT,-1,0.19928231697217094,3100.1891299999997,3077.57802,0.24712514915133554,0.24532275139529053,4.013546489565964
2022-04-21,BTCUSDT,-1,0.0150050105110118,41337.510905,40500.250005,0.24810791425143597,0.24308267080945228,12.071918019898328
2022-04-21,ETHUSDT,1,0.20154543542349299,3077.568015,2982.08821,0.248107914251436,0.24041050670228592,-19.732037293828913
2022-04-22,BTCUSDT,1,0.015220640018654735,40500.250005,39689.325410000005,0.24657589039664984,0.24163877385954252,-12.831006007024527
2022-04-22,ETHUSDT,1,0.20650819661061878,2985.061785,2960.908805,0.24657589039664987,0.24458077505962095,-5.478945008028582
2022-04-23,BTCUSDT,1,0.015285662081099386,39729.044595,39421.8792,0.2429139001936392,0.24103580962124826,-5.179176140792247
2022-04-23,ETHUSDT,1,0.20489579692551319,2963.8711949999997,2931.5634850000006,0.24291390019363923,0.24026601459872393,-7.102893902080558
2022-04-24,BTCUSDT,1,0.015233741569265394,39461.330805,39430.404935,0.2404574861850646,0.24026903950051073,-0.9518432370702595
2022-04-24,ETHUSDT,1,0.204853426416194,2934.50652,2919.5395000000003,0.2404574861850646,0.23923106805296876,-3.545733884477654
2022-04-25,BTCUSDT,-1,0.015188661635603885,39430.394940000006,40446.29304,0.23955797076075505,0.24573002375961614,-15.915420491673117
2022-04-25,ETHUSDT,1,0.20492902375131172,2922.4504949999996,3005.11669,0.23955797076075505,0.24633425181618931,16.45481041600867
2022-04-26,BTCUSDT,-1,0.014828654028317258,40405.86696000001,38131.706325,0.23966584874562213,0.22617675224112876,33.25689866024664
2022-04-26,ETHUSDT,-1,0.19938081973541003,3005.126685,2811.074835,0.23966584874562216,0.224189761975953,38.22636131345131
2022-04-27,BTCUSDT,1,0.016650354249199698,38131.696319999995,39216.10214,0.25396250074036175,0.2611847971615194,17.540593754992123
2022-04-27,ETHUSDT,1,0.2258580896658048,2811.0848399999995,2887.5155200000004,0.2539625007403618,0.26086749569102524,16.747657380227242
2022-04-28,BTCUSDT,-1,0.016627108300838234,39216.10214,39761.941034999996,0.26082015096740563,0.26445043993619555,-9.600993012878364
2022-04-28,ETHUSDT,-1,0.2258178804414631,2887.505525,2938.3984649999998,0.26082015096740563,0.26541716530349946,-12.018773156505398
2022-04-29,BTCUSDT,1,0.016126995790270156,39761.93102999999,38576.811945,0.2564961977335289,0.2488512335356234,-19.61775792603283
2022-04-29,ETHUSDT,1,0.21822863214410465,2938.38846,2815.7214350000004,0.2564961977335289,0.24578841490355424,-27.271741687573716
2022-04-30,BTCUSDT,1,0.015998684868151362,38615.408055,37611.9846,0.24711829781080752,0.24069691555246486,-16.541270859219875
2022-04-30,ETHUSDT,1,0.21919009808794965,2818.538565,2725.29667,0.24711829781080752,0.23894321776642505,-20.923761626533462
2022-05-01,BTCUSDT,1,0.015911536463773336,37649.6154,38449.115825,0.23962529131365687,0.24471380337973278,12.236941070496364
2022-05-01,ETHUSDT,1,0.21959527422128886,2728.033335,2823.397595,0.2396252913136569,0.24800190764390098,20.453913626652692
2022-05-02,BTCUSDT,-1,0.016005794734883654,38449.115825,38544.42258,0.24616346225308672,0.24677364639603785,-2.0183974660269355
2022-05-02,ETHUSDT,1,0.21774954955560788,2826.222405,2855.11173,0.24616346225308675,0.24867971725537297,5.795794326207124
2022-05-03,BTCUSDT,-1,0.01603124184666274,38505.89742000001,37747.81447499999,0.24691894162512282,0.2420577372126726,11.664034352287798
2022-05-03,ETHUSDT,1,0.21599167511499595,2857.96827,2780.30915,0.24691894162512282,0.24020945225842025,-17.260851810639984
2022-05-04,BTCUSDT,-1,0.016295347432353266,37710.085525,39709.845,0.24579957813345235,0.2588342883039585,-33.09140929270276
2022-05-04,ETHUSDT,1,0.2207972999996141,2783.0908499999996,2939.16968,0.24579957813345235,0.2595842918338919,33.95640038113151
2022-05-05,BTCUSDT,-1,0.01550111011358149,39670.155,36571.246484999996,0.24597257635113812,0.226757967501966,47.56379157907724
2022-05-05,ETHUSDT,-1,0.20921873069153052,2939.1796750000003,2749.3439849999995,0.24597257635113812,0.23008570351043772,39.24112382188947
2022-05-06,BTCUSDT,1,0.01800140716692141,36571.246484999996,35995.763115,0.26333355943133135,0.25918975524686655,-10.882033775840185
2022-05-06,ETHUSDT,1,0.23945213763310358,2749.33398,2691.503575,0.26333355943133135,0.25779451379235613,-14.368742170661736
2022-05-07,BTCUSDT,-1,0.017938458716437115,35995.763115,35490.126195,0.25828340424203095,0.2546552654360604,8.557408345248406
2022-05-07,ETHUSDT,1,0.23966556660807814,2694.20643,2634.0223300000002,0.258283404242031,0.2525137816711121,-14.934853613210365
2022-05-08,BTCUSDT,-1,0.018122292502773543,35454.6638,34055.4192,0.25700791518843863,0.24686490721878807,24.853647101719236
2022-05-08,ETHUSDT,1,0.2436862992114077,2636.6676749999997,2518.4501450000002,0.25700791518843863,0.24548471823339327,-29.31048502103526
2022-05-09,BTCUSDT,-1,0.018820269550024634,34021.370805,30091.348155,0.2561165476045754,0.2265309133602946,73.48143814973723
2022-05-09,ETHUSDT,1,0.2539861267049695,2520.969855,2227.4357250000003,0.2561165476045755,0.22629510891081028,-75.03600839092826
2022-05-10,BTCUSDT,1,0.02125389367067816,30089.267115,31001.59145,0.2558056335563372,0.2635618113200421,18.871076964385807
2022-05-10,ETHUSDT,1,0.2867628921702644,2230.1144999999997,2340.8789750000005,0.25580563355633723,0.2685108900366257,31.23882467712823
2022-05-11,BTCUSDT,-1,0.021436603392589678,31001.601445000004,29118.491969999995,0.26582761388464005,0.24968062550047887,39.85196272101783
2022-05-11,ETHUSDT,-1,0.2838984327570525,2340.86898,2086.0324949999995,0.26582761388464005,0.23688854240431353,71.84496254452738
2022-05-12,BTCUSDT,1,0.024740893109663775,29118.491969999995,29015.235125000003,0.28816699893774916,0.28714513231175476,-3.1299786962354417
2022-05-12,ETHUSDT,1,0.3453529602588348,2086.0324949999995,1959.23989,0.2881669989377491,0.27065171834747753,-44.34702019296416
2022-05-13,BTCUSDT,-1,0.024010807938879258,29015.225130000003,29301.693525,0.2786715991599092,0.28142293420507075,-7.438432146268888
2022-05-13,ETHUSDT,1,0.3552309600368995,1961.20011,2008.6851550000001,0.2786715991599092,0.2854188624090074,16.304067661176504
2022-05-14,BTCUSDT,1,0.023927347921342608,29301.693525,30071.696630000002,0.2804447262628908,0.28781437914043045,17.855873088445865
2022-05-14,ETHUSDT,1,0.34869130808222015,2010.694845,2055.45176,0.28044472626289074,0.28668726515772064,15.039215245654107
2022-05-15,BTCUSDT,-1,0.02386161873914451,30071.696630000002,31344.554444999998,0.28702374392971075,0.2991727230859789,-30.958644357686126
2022-05-15,ETHUSDT,-1,0.3491022572581991,2055.441765,2146.3626449999997,0.2870237439297107,0.2997200177056714,-32.32742820153712
2022-05-16,BTCUSDT,-1,0.021905003760787592,31313.225555,29888.947004999998,0.2743665294178661,0.2618869986202024,30.662573466121092
2022-05-16,ETHUSDT,-1,0.319891228352018,2144.217355,2024.67183,0.27436652941786605,0.2590699034833713,37.70812840333571
2022-05-17,BTCUSDT,-1,0.02411667886005627,29859.072995,30460.152465,0.28804066979175735,0.2938390860107025,-15.0779203031653
2022-05-17,ETHUSDT,1,0.35566340372276206,2024.67183,2089.6746399999997,0.2880406697917574,0.29728831805421496,22.533791668297926
2022-05-18,BTCUSDT,-1,0.02378693943507071,30429.707535,28729.677659999998,0.28953184406478394,0.2733564409950096,39.875619389376126
2022-05-18,ETHUSDT,-1,0.34638388020154176,2089.6746399999997,1916.0675549999999,0.28953184406478394,0.2654779657716724,59.579685922942375
2022-05-19,BTCUSDT,1,0.026925362775889382,28729.687665,30304.070385000003,0.3094229051272478,0.3263792354808844,41.75502374348338
2022-05-19,ETHUSDT,1,0.4037212888447033,1916.0675549999999,2018.540225,0.3094229051272478,0.325971064488751,40.73500443414201
2022-05-20,BTCUSDT,-1,0.02688756115255788,30304.060390000002,29215.610504999997,0.3259209107627728,0.3142146056249999,28.625627328044466
2022-05-20,ETHUSDT,-1,0.4036591725126172,2018.540225,1960.0595399999997,0.32592091076277285,0.3164784047967444,22.963865599511596
2022-05-21,BTCUSDT,1,0.028772187499790547,29215.610504999997,29430.337470000002,0.33623880934828415,0.33871007514758056,5.50321561374525
2022-05-21,ETHUSDT,1,0.4288630045241944,1960.0595399999997,1974.082465,0.33623880934828415,0.33864437484737114,5.339030563521875
2022-05-22,BTCUSDT,-1,0.028746454572630167,29430.347465000003,30309.086969999997,0.3384072585837376,0.34851151668840075,-25.947564036929986
2022-05-22,ETHUSDT,1,0.42813653700897775,1976.0475299999998,2042.1684050000001,0.33840725858373766,0.34973076356233906,27.62062442435754
2022-05-23,BTCUSDT,-1,0.027968583667122855,30278.783035,29123.704575,0.338741870661223,0.32581950724098246,31.64134717269923
2022-05-23,ETHUSDT,1,0.41426957890484795,2044.211595,1972.3333400000001,0.3387418706612231,0.326831080888717,-30.44254738281516
2022-05-24,BTCUSDT,1,0.029098439915001478,29123.694569999996,29639.752710000004,0.3389816306191999,0.34498822533097495,14.332516923487487
2022-05-24,ETHUSDT,1,0.42923918516789694,1974.3166649999998,1978.4202950000001,0.3389816306191999,0.33968620613817213,1.0827709606732911
2022-05-25,BTCUSDT,-1,0.028851850717417138,29639.752710000004,29556.921075,0.3420646881960321,0.34110874980895217,1.7066725296947707
2022-05-25,ETHUSDT,1,0.43181486981581463,1980.3897,1941.658685,0.3420646881960321,0.33537483691600833,-17.402067725171335
2022-05-26,BTCUSDT,1,0.02866720479977212,29556.91107,29186.749325,0.33892560915693665,0.3346810081357543,-11.285109170248646
2022-05-26,ETHUSDT,1,0.43594828563374577,1943.61132,1791.333885,0.33892560915693665,0.312371574465355,-67.03638391257643
2022-05-27,BTCUSDT,-1,0.027689047086127634,29186.749325,28644.114899999997,0.3232613105403716,0.31725129848262,14.38451753535591
2022-05-27,ETHUSDT,1,0.450692653690412,1793.13612,1726.406365,0.3232613105403716,0.31123146639594723,-30.709103137997285
2022-05-28,BTCUSDT,1,0.027928623625362182,28644.124905,29016.814335000003,0.3199963934198433,0.3241598745476917,9.764546551653291
2022-05-28,ETHUSDT,1,0.46292462510312893,1728.1236299999998,1791.3238900000001,0.3199963934198433,0.3316991760866115,28.60526109741396
2022-05-29,BTCUSDT,-1,0.0282310758829943,29016.814335000003,29482.834049999998,0.32767035494965674,0.33293285012451124,-13.8168411422104
2022-05-29,ETHUSDT,1,0.4568474141546364,1793.1061049999998,1812.7331800000002,0.32767035494965674,0.3312569863341245,8.307651119885481
2022-05-30,BTCUSDT,-1,0.027719116848951505,29453.36595,31750.08711,0.3265685169451918,0.3520337498265916,-64.34168447027126
2022-05-30,ETHUSDT,1,0.44993123537202506,1814.54682,1997.78061,0.32656851694519184,0.35954555914383113,81.75649142050919
2022-05-31,BTCUSDT,-1,0.026014227116000113,31718.362885000002,31816.94052,0.3300514783352395,0.33107724672941874,-3.2255497105127637
2022-05-31,ETHUSDT,-1,0.4130226771187346,1997.78061,1942.87095,0.33005147833523946,0.32097990442608765,22.02790339011818
2022-06-01,BTCUSDT,-1,0.02625533893852804,31785.149475000002,29820.732915,0.33381194907116063,0.31318138003145773,50.92942927015472
2022-06-01,ETHUSDT,1,0.42953438192994836,1942.87095,1817.0410250000002,0.33381194907116063,0.312192637445894,-54.69428364968372
2022-06-02,BTCUSDT,1,0.027921753918803343,29820.742919999997,30437.39369,0.3330589781952548,0.3399461666167671,16.544965908968685
2022-06-02,ETHUSDT,1,0.4577830809386485,1818.86898,1833.16296,0.3330589781952548,0.33567639507656505,5.874806830003671
2022-06-03,BTCUSDT,-1,0.027724353252688516,30437.403685,29715.060104999997,0.3375429327430493,0.3295323293103566,19.35943331967838
2022-06-03,ETHUSDT,1,0.45986599024617003,1835.0070449999998,1774.23244,0.3375429327430493,0.3263636631789914,-28.6120805060668
2022-06-04,BTCUSDT,1,0.028242615202491748,29715.060104999997,29849.107980000004,0.3356924033057716,0.3372067483267064,3.1129634007044467
2022-06-04,ETHUSDT,1,0.4725353086608853,1776.017565,1803.67771,0.3356924033057716,0.3409205613678435,12.393782190506148
2022-06-05,BTCUSDT,-1,0.018917029061440254,29849.097985,29934.169605,0.2258625016160091,0.22650622253914662,-2.061671031998935
2022-06-05,ETHUSDT,1,0.31274538507936445,1805.48229,1805.3268850000002,0.22586250161600907,0.2258430607373818,-0.5003077589215701
2022-06-05,DOGEUSDT,1,6892.697447563747,0.08192093999999998,0.08102946500000001,0.2258625016160091,0.22340463463318241,-6.593934593315911
2022-06-06,BTCUSDT,-1,0.01878008855600103,29904.240400000002,31388.786549999997,0.2246417131647775,0.2357936764297656,-28.340343552064834
2022-06-06,ETHUSDT,1,0.3107725643063376,1807.12311,1858.91008,0.22464171316477752,0.2310793009505997,15.638248450440035
2022-06-06,DOGEUSDT,-1,6930.010181607129,0.08103946000000001,0.08254125,0.2246417131647775,0.22880468116103178,-10.860866384961502
2022-06-07,BTCUSDT,-1,0.017659299715500454,31357.41345,31140.892665,0.22149998496656606,0.21997054279178588,3.382134909192094
2022-06-07,ETHUSDT,1,0.29759184973089803,1860.7699199999997,1812.423335,0.22149998496656603,0.21574496510323724,-14.824794608391827
2022-06-07,DOGEUSDT,-1,6715.478495810511,0.08245875000000001,0.080430195,0.22149998496656606,0.21605089797453844,13.185166597127889
2022-06-08,BTCUSDT,-1,0.01781855100927823,31109.75734,30219.872385,0.22173231921962314,0.2153897350344004,15.419338408802764
2022-06-08,ETHUSDT,1,0.30554492076096246,1814.236665,1790.9840600000002,0.2217323192196231,0.21889043307873876,-7.545338104509223
2022-06-08,DOGEUSDT,1,6892.0732822922755,0.080430195,0.079230365,0.2217323192196231,0.218424592705106,-8.709473198217461
2022-06-09,BTCUSDT,1,0.01833403860962123,30219.872385,30094.875035,0.22162092283376655,0.22070424033736644,-2.7340314041714313
2022-06-09,ETHUSDT,1,0.3090471568267568,1792.77594,1787.915595,0.22162092283376653,0.22102009251238766,-1.9447168187933137
2022-06-09,DOGEUSDT,1,6985.939439570192,0.07930963499999999,0.079330315,0.22162092283376658,0.22167871052481072,-0.2988304057482027
2022-06-10,BTCUSDT,1,0.018336710038194665,30124.984965,29077.33406,0.22095724568327155,0.21327305733677668,-19.64470116925725
2022-06-10,ETHUSDT,1,0.30865220017908024,1789.6943999999999,1662.078545,0.22095724568327155,0.20520167991387778,-39.81507334908156
2022-06-10,DOGEUSDT,1,6956.2436144681715,0.079409685,0.07535230500000001,0.22095724568327157,0.20966759619668326,-28.654748558350725
2022-06-11,BTCUSDT,1,0.01796928923450942,29106.415934999997,28410.487650000003,0.20920864260637959,0.20420650795052317,-12.91875179019791
2022-06-11,ETHUSDT,1,0.31436471390679444,1663.741455,1532.1235550000001,0.20920864260637956,0.19265823321497433,-41.777890354334424
2022-06-11,DOGEUSDT,1,6934.999023650141,0.07541769,0.06989503500000001,0.20920864260637959,0.193888799793197,-38.70270447535606
2022-06-12,BTCUSDT,1,0.017296312597073656,28438.922355,26561.242735,0.19675539639039444,0.18376462292452464,-32.85745368398938
2022-06-12,ETHUSDT,1,0.3207292562683333,1533.656445,1434.12258,0.19675539639039444,0.18398602739240935,-32.30416391874553
2022-06-12,DOGEUSDT,1,7029.49198800637,0.06997497,0.063498235,0.19675539639039444,0.17854413367401825,-45.903456321004825
2022-06-13,BTCUSDT,1,0.017108091090533253,26587.817264999998,22476.166295000003,0.18194671986722907,0.15380972013633334,-70.67825576724289
2022-06-13,ETHUSDT,1,0.3168572662653039,1435.5574199999999,1209.21509,0.1819467198672291,0.15325943509766138,-72.05341807888416
2022-06-13,DOGEUSDT,1,7157.422542948815,0.06355175999999998,0.0541729,0.1819467198672291,0.15509533427076477,-67.4655060452988
2022-06-14,BTCUSDT,1,0.017104921072918885,22496.512635,22125.341795,0.15392042921503898,0.1513808900459314,-6.654149242029955
2022-06-14,ETHUSDT,1,0.3180293286916698,1209.954675,1208.29555,0.15392042921503898,0.15370936905105276,-0.8352802082316277
2022-06-14,DOGEUSDT,1,7098.722197365649,0.05420709,0.05552222500000001,0.15392042921503898,0.157654740421852,9.024202847395644
2022-06-15,BTCUSDT,-1,0.017414984757174585,22125.35179,22595.01186,0.15412506566799017,0.15739671485203158,-8.490644740623537
2022-06-15,ETHUSDT,-1,0.3188894175518361,1208.29555,1238.1387599999998,0.1541250656679902,0.15793173920990103,-9.82874065965495
2022-06-15,DOGEUSDT,1,6931.607345534854,0.055587779999999996,0.062818575,0.1541250656679902,0.17417347836241287,49.792733192026326
2022-06-16,BTCUSDT,-1,0.01753483398621013,22572.428140000004,20411.510655000002,0.1583215120402232,0.1431649802972737,37.58984286503625
2022-06-16,ETHUSDT,-1,0.3199936817621015,1236.911235,1069.03425,0.15832151204022318,0.13683368223491474,53.42441931899599
2022-06-16,DOGEUSDT,-1,6300.744327622172,0.062818575,0.055257614999999996,0.15832151204022318,0.13926564170767192,47.34208867763027
2022-06-17,BTCUSDT,1,0.021651407942152676,20410.8003,20458.575595000002,0.1767690254884449,0.17718278644908558,0.6804505896642237
2022-06-17,ETHUSDT,1,0.41338485059867097,1069.03425,1086.3965300000002,0.17676902548844492,0.17963994689798587,6.820894551465979
2022-06-17,DOGEUSDT,1,7997.496159056309,0.055257614999999996,0.05686155500000001,0.1767690254884449,0.18190002708418765,12.468834936784239
2022-06-18,BTCUSDT,1,0.021904307717806833,20479.044405,18961.304605,0.17943171616550013,0.1661337003195951,-33.590605031247684
2022-06-18,ETHUSDT,1,0.41249676874989344,1087.473465,994.6324350000001,0.17943171616550013,0.16411306621253538,-38.64016966478993
2022-06-18,DOGEUSDT,1,7879.70321366119,0.05692845,0.052873550000000005,0.17943171616550013,0.16665115274107026,-32.29749142998127
2022-06-19,BTCUSDT,1,0.021798236665596632,18980.275395,20563.713,0.16549461401536425,0.17930107307896245,34.171351971901174
2022-06-19,ETHUSDT,1,0.4155576916887752,995.6175599999999,1127.965735,0.16549461401536425,0.1874939348562531,54.645313553350476
2022-06-19,DOGEUSDT,1,7818.675934077028,0.052916445,0.060439765000000006,0.16549461401536428,0.18902357442670845,58.46788283991837
2022-06-20,BTCUSDT,-1,0.022507189460068196,20563.713,20584.176945,0.18513255379738694,0.1853167881522731,-0.8310352291650642
2022-06-20,ETHUSDT,-1,0.4103239753940463,1127.965735,1128.80412,0.18513255379738694,0.18527015758383122,-0.7144121774919625
2022-06-20,DOGEUSDT,-1,7658.996294267997,0.06042977,0.060050009999999994,0.18513255379738694,0.18396912162430243,2.5394787572895767
2022-06-21,BTCUSDT,-1,0.022523411968064216,20563.613050000004,20733.88176,0.18526509131080462,0.18679910423104493,-4.207096496142629
2022-06-21,ETHUSDT,1,0.41031275495079833,1128.80412,1125.287075,0.18526509131080462,0.18468785594151024,-1.813041370488267
2022-06-21,DOGEUSDT,-1,7720.666869206206,0.05998999,0.065842905,0.18526509131080465,0.20334045408231666,-45.57701247417311
2022-06-22,BTCUSDT,1,0.0215089435988175,20733.871754999996,19977.996005000005,0.17838547126536408,0.1718822357155786,-16.60835658144465
2022-06-22,ETHUSDT,1,0.3959113990722918,1126.42293,1049.664905,0.17838547126536408,0.16622972043825374,-30.73399225947951
2022-06-22,DOGEUSDT,-1,6777.8637634693105,0.065797085,0.06173085,0.17838547126536405,0.1673613165212638,27.21464007246406
2022-06-23,BTCUSDT,1,0.021964925177358135,19997.994,21099.574935,0.17570177676290277,0.18538023388853447,23.83506080342782
2022-06-23,ETHUSDT,1,0.41805285181256185,1050.715095,1144.1476400000001,0.17570177676290277,0.191325673518645,38.69271443907402
2022-06-23,DOGEUSDT,1,7113.333189323305,0.06175085999999999,0.06394801,0.17570177676290274,0.18195340076967145,15.271404839389188
2022-06-24,BTCUSDT,-1,0.022047255630975766,21099.56494,21248.308844999996,0.18607500077382155,0.18738675873265537,-3.652856656590957
2022-06-24,ETHUSDT,-1,0.4065835120166454,1144.137645,1225.63251,0.18607500077382155,0.19932878814303048,-33.519872211939195
2022-06-24,DOGEUSDT,1,7267.193254491134,0.06401198999999999,0.06690653,0.18607500077382155,0.1944890733989635,20.654617488682092
2022-06-25,BTCUSDT,-1,0.02165544544028335,21227.06116,21501.935595,0.18387258592317512,0.1862535972552036,-6.322654513249545
2022-06-25,ETHUSDT,1,0.3750565206596371,1225.63251,1241.73882,0.18387258592317515,0.18628889655888137,5.670615106783509
2022-06-25,DOGEUSDT,-1,6870.502248553883,0.06690653,0.06855425999999999,0.18387258592317515,0.188400878991179,-11.693006134923948
2022-06-26,BTCUSDT,-1,0.021208437452055914,21480.43441,21048.589034999997,0.18222657985098983,0.17856307360113094,8.797975971195102
2022-06-26,ETHUSDT,1,0.3665258914742342,1242.931155,1197.191105,0.18222657985098983,0.17552061481005943,-17.12265979698705
2022-06-26,DOGEUSDT,1,6645.341217708055,0.06855425999999999,0.07292352,0.18222657985098986,0.19384066927854313,28.659156319753656
2022-06-27,BTCUSDT,1,0.021965576247941192,21048.59904,20732.188720000002,0.18493784285018475,0.18215778884634656,-7.3172306412919825
2022-06-27,ETHUSDT,1,0.38580514977607655,1198.3888949999998,1191.913745,0.18493784285018472,0.18393858436395574,-2.8670226427866092
2022-06-27,DOGEUSDT,-1,6339.261272755904,0.07293351499999999,0.07219608,0.18493784285018472,0.18306792559551485,4.306787368229016
2022-06-28,BTCUSDT,-1,0.022206301326211198,20732.198715000002,20291.430645,0.18415418072807146,0.18023904929711443,9.423435347367406
2022-06-28,ETHUSDT,1,0.38587129175697654,1193.106255,1143.477975,0.18415418072807144,0.17649412932356068,-19.51077682132852
2022-06-28,DOGEUSDT,-1,6381.487388473659,0.07214390999999999,0.06613305,0.18415418072807146,0.16881088981451917,38.00526221333814
2022-06-29,BTCUSDT,1,0.02314729134706711,20291.420639999997,20112.948495,0.18787657015998838,0.186224111464928,-4.505247419275833
2022-06-29,ETHUSDT,1,0.4103463109579522,1144.622025,1099.659895,0.18787657015998838,0.18049655248866364,-18.81841730096048
2022-06-29,DOGEUSDT,1,7102.219319991606,0.06613305,0.06952522,0.18787657015998838,0.19751334428426676,23.70654539625167
2022-06-30,BTCUSDT,1,0.023335698462550073,20133.0615,19932.238895,0.18792762091679044,0.1860530866148929,-5.060316462275512
2022-06-30,ETHUSDT,1,0.42681329942637775,1100.760105,1070.4744950000002,0.18792762091679044,0.18275710046509425,-13.296985850622345
2022-06-30,DOGEUSDT,-1,6755.591827129086,0.06954521000000001,0.06647322,0.1879276209167904,0.17962637670198148,20.385556539403577
2022-07-01,BTCUSDT,-1,0.023604730984443913,19932.238895,19289.439899999998,0.18819805481365784,0.18212881587203947,14.802770483360236
2022-07-01,ETHUSDT,1,0.4390767745052654,1071.55551,1059.200135,0.18819805481365787,0.18602807153253667,-5.799184329149129
2022-07-01,DOGEUSDT,1,7080.096462370209,0.06645321,0.06640678,0.18819805481365787,0.18806656326215873,-0.704993496823666
2022-07-02,BTCUSDT,1,0.02453473698770316,19289.439899999998,19243.183595000002,0.18930453383464285,0.1888505793237637,-1.5130413903562707
2022-07-02,ETHUSDT,1,0.4463635286115513,1060.259865,1066.476495,0.18930453383464282,0.19041448459579183,2.3951578844420487
2022-07-02,DOGEUSDT,1,7118.507481949125,0.06648322499999999,0.066636665,0.18930453383464282,0.18974143934985493,0.7132178148458093
2022-07-03,BTCUSDT,-1,0.024621334835803848,19243.193590000003,19325.487915,0.18951724507583376,0.19032772352819835,-2.4060410995154693
2022-07-03,ETHUSDT,1,0.44381621027199675,1067.5435049999999,1073.72287,0.18951724507583376,0.19061424601830876,2.362370865093358
2022-07-03,DOGEUSDT,1,7102.989868341432,0.06670333499999999,0.06717639500000001,0.18951724507583376,0.19086130123068087,2.979761840811262
2022-07-04,BTCUSDT,-1,0.024591711282869466,19306.172085000002,20246.828354999998,0.18990872395668565,0.19916166291998996,-23.52141779513748
2022-07-04,ETHUSDT,1,0.4417315571839256,1074.79713,1150.4245,0.18990872395668562,0.20327152232301562,33.01381566954527
2022-07-04,DOGEUSDT,-1,7067.539273158585,0.06717639500000001,0.06941468999999999,0.18990872395668565,0.19623641908365136,-16.205382960454642
2022-07-05,BTCUSDT,-1,0.023362025421281258,20226.591645,20185.917915,0.18901365927854605,0.18863357099285072,0.572573483966901
2022-07-05,ETHUSDT,-1,0.41074407126184537,1150.434495,1133.0662499999999,0.18901365927854605,0.18616009781375675,6.758729904880935
2022-07-05,DOGEUSDT,-1,6815.201577960164,0.06933531500000001,0.06719357999999999,0.18901365927854605,0.183175116977917,14.224166975316184
2022-07-06,BTCUSDT,-1,0.023788812987550114,20165.752080000002,20574.792254999997,0.19188772199376794,0.1957799540847558,-10.118247903548168
2022-07-06,ETHUSDT,1,0.4233777760918834,1133.076255,1185.976715,0.1918877219937679,0.20084647363738298,22.004144913406506
2022-07-06,DOGEUSDT,1,7139.362197763831,0.06719357999999999,0.06840578,0.1918877219937679,0.1953494559362197,8.267097678199404
2022-07-07,BTCUSDT,-1,0.02366602997277624,20554.227745,21635.79249,0.1945747879521756,0.20481332542124284,-25.9957317860415
2022-07-07,ETHUSDT,-1,0.4101572684590515,1185.976715,1238.108745,0.19457478795217562,0.20312772036178575,-21.780033532339278
2022-07-07,DOGEUSDT,1,7104.981337775348,0.068464215,0.070514725,0.19457478795217562,0.2004023220653443,14.173858172904248
2022-07-08,BTCUSDT,-1,0.021987250454260577,21614.177505000003,21605.547375,0.19009453366611204,0.19001863253420687,-0.1903603364373809
2022-07-08,ETHUSDT,1,0.3838405439622996,1238.108745,1213.43298,0.19009453366611204,0.1863059100419977,-9.847959503993968
2022-07-08,DOGEUSDT,-1,6738.578106588443,0.07052472,0.06909452999999999,0.19009453366611204,0.1862395548572073,9.261112933738485
2022-07-09,BTCUSDT,1,0.021984042197698884,21605.547375,21581.034085000003,0.18999090607855293,0.1897753455978472,-0.9186674534407273
2022-07-09,ETHUSDT,1,0.3910446160710674,1214.637015,1216.41149,0.18999090607855296,0.19026846563659403,0.3136395233875362
2022-07-09,DOGEUSDT,1,6874.310675481582,0.06909452999999999,0.06943526500000001,0.18999090607855293,0.1909278333777571,1.9613995085540619
2022-07-10,BTCUSDT,-1,0.022029636820196978,21581.353925000003,20872.901235,0.19017175562235306,0.1839289734363564,15.232854735932927
2022-07-10,ETHUSDT,1,0.3904552046468447,1217.62851,1167.77582,0.19017175562235303,0.18238565871189477,-19.83779969047993
2022-07-10,DOGEUSDT,1,6840.244611476939,0.069504735,0.06724636,0.19017175562235306,0.18399262065257538,-15.822001800719113
2022-07-11,BTCUSDT,1,0.022452602651406306,20871.540555,19953.628195,0.1874481627216509,0.17920435412649308,-20.97617400474273
2022-07-11,ETHUSDT,1,0.4008886000986662,1168.9541849999998,1095.8518000000001,0.1874481627216509,0.17572579760704146,-29.6690867468523
2022-07-11,DOGEUSDT,1,6961.745150078456,0.06731364000000001,0.061719125,0.1874481627216509,0.1718691276543344,-39.30690495866722
2022-07-12,BTCUSDT,-1,0.02198278665317053,19953.628195,19338.414375,0.1754545406269493,0.17004489496649244,13.178614715548632
2022-07-12,ETHUSDT,1,0.3998806452163734,1096.9181849999998,1038.06071,0.17545454062694926,0.16604015459542665,-23.877459774028857
2022-07-12,DOGEUSDT,1,7099.872761066805,0.061780875,0.059790090000000004,0.17545454062694926,0.16980081254909313,-14.479575547816387
2022-07-13,BTCUSDT,-1,0.022267473963733925,19321.61436,20244.987435,0.17209741787944302,0.1803218922419932,-20.913605216496855
2022-07-13,ETHUSDT,1,0.4140543149621511,1039.0992899999999,1114.4425,0.17209741787944305,0.18457589036088287,30.83950789535926
2022-07-13,DOGEUSDT,-1,7197.10372990554,0.059780095000000005,0.06197097,0.17209741787944302,0.1784045997331457,-16.11845665186935
2022-07-14,BTCUSDT,-1,0.021171055550114642,20224.752565,20599.13442,0.17127174401637546,0.17444216763603942,-8.271772960812372
2022-07-14,ETHUSDT,-1,0.3842060222054943,1114.452495,1194.01671,0.17127174401637543,0.18349936423839655,-30.92382166330754
2022-07-14,DOGEUSDT,-1,6916.266658368553,0.061909030000000004,0.062491229999999995,0.17127174401637543,0.17288240419577627,-4.370804596714262
2022-07-15,BTCUSDT,-1,0.020101383033082516,20578.54558,20840.45502,0.16546289078693088,0.16756878757629895,-5.597773651783362
2022-07-15,ETHUSDT,1,0.34644174030640423,1194.01671,1230.634375,0.16546289078693088,0.17053724582235366,12.34988745194762
2022-07-15,DOGEUSDT,1,6618.384852192557,0.06250123499999999,0.06290853,0.1654628907869309,0.16654114481028046,2.3636310227766613
2022-07-16,BTCUSDT,-1,0.020014568416831018,20819.62498,21206.197799999998,0.16667832342998964,0.16977315869158055,-8.073539636098824
2022-07-16,ETHUSDT,1,0.33826401201427647,1231.865625,1355.172075,0.16667832342998967,0.18336237722368479,41.36009378358412
2022-07-16,DOGEUSDT,1,6618.267357263275,0.062961465,0.064357805,0.16667832342998967,0.1703748640066461,8.90429825420443
2022-07-17,BTCUSDT,-1,0.020333225457120987,21185.0022,20808.55908,0.17230377041688166,0.16924204928458483,7.312757011040582
2022-07-17,ETHUSDT,1,0.3175479068070138,1356.5179199999998,1337.9806750000002,0.17230377041688166,0.16994918507779422,-6.228716303213308
2022-07-17,DOGEUSDT,-1,6695.275959281553,0.064337815,0.06309153,0.17230377041688166,0.16896608161731638,8.00295214687901
2022-07-18,BTCUSDT,1,0.02084521119376058,20809.97979,22421.36371,0.1735153694641758,0.18695122471482772,33.229171532450806
2022-07-18,ETHUSDT,1,0.3238872280592528,1339.319325,1580.24948,0.1735153694641758,0.20472904948771029,77.65595563988425
2022-07-18,DOGEUSDT,-1,6882.420335769526,0.06302847,0.06759377999999999,0.17351536946417584,0.18608352241741258,-31.77998127497349
2022-07-19,BTCUSDT,-1,0.02052314085699414,22421.36371,23408.31831,0.1840627222504907,0.19216488556059402,-20.63163588306934
2022-07-19,ETHUSDT,-1,0.29119434743539946,1580.239485,1543.09116,0.1840627222504907,0.17973576934781343,10.453583765094864
2022-07-19,DOGEUSDT,-1,6815.499616962097,0.067516225,0.06904450499999999,0.18406272225049072,0.18822911895233502,-10.788283595813613
2022-07-20,BTCUSDT,-1,0.01937710160733401,23386.78076,23234.91165,0.18126721082198566,0.18009009755179148,2.581425867111672
2022-07-20,ETHUSDT,1,0.29367356938970635,1543.1011649999998,1520.81921,0.18126721082198569,0.17864976231885338,-6.903538230971565
2022-07-20,DOGEUSDT,-1,6569.033967214905,0.06898549,0.07017506999999999,0.18126721082198566,0.18439296739267347,-8.180051604934137
2022-07-21,BTCUSDT,1,0.019324396228782997,23234.91165,23140.613905,0.17960025562614643,0.17887135683100214,-2.1807186003178862
2022-07-21,ETHUSDT,1,0.29493125854504454,1522.390815,1574.6622750000001,0.17960025562614643,0.18576685061966122,15.051120377541194
2022-07-21,DOGEUSDT,1,6400.117668851914,0.07015505999999999,0.06994501,0.17960025562614643,0.17906251773960952,-1.7030074897080325
2022-07-22,BTCUSDT,-1,0.019564005764343667,23140.613905,22696.172415,0.1810892415311485,0.17761121918223913,8.33635541156005
2022-07-22,ETHUSDT,1,0.2872175285792447,1576.237725,1534.502365,0.18108924153114847,0.17629439074972245,-12.34451058584591
2022-07-22,DOGEUSDT,1,6467.012368160226,0.070004985,0.06739628500000001,0.18108924153114847,0.17434104346522067,-17.225925449815893
2022-07-23,BTCUSDT,1,0.019635252535297174,22696.172415,22439.844465000002,0.17825803078126823,0.17624480516922622,-5.387566866055501
2022-07-23,ETHUSDT,1,0.290126404977812,1536.037635,1547.8956650000002,0.17825803078126823,0.1796341618268759,3.0824354214109944
2022-07-23,DOGEUSDT,1,6605.700219046203,0.067463715,0.06800598000000001,0.17825803078126823,0.1796908467929807,3.224091151706933
2022-07-24,BTCUSDT,-1,0.019875398982811984,22437.355710000003,22590.969839999998,0.1783805587422099,0.17960181559146887,-3.411124497481117
2022-07-24,ETHUSDT,1,0.2878156164614764,1549.43433,1596.9011500000001,0.17838055874220987,0.18384523556611626,13.299466265457639
2022-07-24,DOGEUSDT,1,6552.904036889593,0.06805401,0.067516225,0.1783805587422099,0.17697093734321842,-3.8794049935640915
2022-07-25,BTCUSDT,-1,0.01985099368311363,22565.841435000002,21321.55545,0.17918175031213154,0.1693016250208428,24.35182985288889
2022-07-25,ETHUSDT,1,0.2802344060368444,1598.49885,1440.0696050000001,0.17918175031213154,0.16142282016355528,-44.73792994191634
2022-07-25,DOGEUSDT,-1,6634.766321433534,0.067516225,0.06196096499999999,0.17918175031213154,0.16443860953020878,36.514231594964556
2022-07-26,BTCUSDT,1,0.0212616017006227,21321.55545,21244.042665,0.1813321678462565,0.18067294946170612,-2.0100510786839427
2022-07-26,ETHUSDT,1,0.3144829348356113,1441.5103949999998,1448.39544,0.1813321678462565,0.18219825950948662,1.8016987307195769
2022-07-26,DOGEUSDT,1,7315.2061298321005,0.06197097,0.06248874000000001,0.1813321678462565,0.18284720555739378,3.4234149044395723
2022-07-27,BTCUSDT,-1,0.021389625049242782,21244.042665,22963.926225,0.18176084285378658,0.1964759086444893,-37.16590122825509
2022-07-27,ETHUSDT,-1,0.3137279327077047,1448.39544,1636.5578699999999,0.18176084285378655,0.2053735669246498,-59.41894458693659
2022-07-27,DOGEUSDT,1,7263.313923311275,0.062561265,0.06717639500000001,0.18176084285378658,0.19516929804854322,33.14420784598931
2022-07-28,BTCUSDT,-1,0.01888412083801672,22942.832845,23854.851465,0.17330209112455958,0.18019115905520008,-17.57616307678099
2022-07-28,ETHUSDT,-1,0.26500052807493585,1634.9221300000002,1725.3822599999999,0.1733020911245596,0.18289088401245052,-24.32817519486428
2022-07-28,DOGEUSDT,-1,6448.556438460213,0.06718639000000001,0.069124545,0.1733020911245596,0.1783014118861531,-12.849905406994457
2022-07-29,BTCUSDT,-1,0.017412751762356567,23833.327375,23785.636875,0.16600152530074092,0.16566935616557185,0.4987519564563637
2022-07-29,ETHUSDT,1,0.24052861958361177,1725.3822599999999,1720.8191600000002,0.16600152530074094,0.16556250284313218,-1.4291201721657611
2022-07-29,DOGEUSDT,1,6001.105541729313,0.06915456,0.068735615,0.16600152530074094,0.164995872036269,-2.84513055851682
2022-07-30,BTCUSDT,1,0.017392172039369075,23789.168639999996,23631.688245,0.16549812546417744,0.16440255501511036,-3.068826803146999
2022-07-30,ETHUSDT,1,0.24019477741987447,1722.54084,1696.1515000000002,0.16549812546417744,0.16296269280515452,-6.667042465826655
2022-07-30,DOGEUSDT,1,6011.6084371020415,0.068824395,0.069615175,0.16549812546417741,0.16739966935213405,4.42096192507527
2022-07-31,BTCUSDT,1,0.017414847254267906,23656.46232,23281.67334,0.16478947115165765,0.16217871401594453,-6.853861024450429
2022-07-31,ETHUSDT,1,0.24264454565831062,1697.8484999999998,1677.2809399999999,0.16478947115165765,0.16279322865105764,-5.318188951302749
2022-07-31,DOGEUSDT,1,5911.1081536341235,0.06969483,0.068035965,0.16478947115165765,0.16086717898074634,-10.131387077410647
2022-08-01,BTCUSDT,1,0.017356232061414303,23308.00818,23256.375995,0.16181567954456916,0.16145722347069,-1.2194130877131721
2022-08-01,ETHUSDT,1,0.24094643431116353,1678.95906,1629.46486,0.16181567954456913,0.1570454991409357,-12.244312187769061
2022-08-01,DOGEUSDT,1,5938.273319815681,0.068124045,0.068415775,0.16181567954456913,0.16250862853480508,1.408048167510478
2022-08-02,BTCUSDT,-1,0.017222792908621044,23255.266550000004,22999.283895,0.1602082559301729,0.1584447614280673,4.090083237905806
2022-08-02,ETHUSDT,1,0.2455532053301515,1631.09514,1630.0945450000002,0.1602082559301729,0.16010997620637799,-0.566017541623812
2022-08-02,DOGEUSDT,-1,5854.21476005252,0.068415775,0.06655325999999999,0.1602082559301729,0.1558468308086452,10.587507717080456
2022-08-03,BTCUSDT,-1,0.017638059945170977,22974.437035000003,22829.779185,0.1620897990519545,0.16106920552001866,2.2283248252676358
2022-08-03,ETHUSDT,-1,0.24858956731855464,1630.0945450000002,1618.96908,0.1620897990519545,0.1609835292397274,2.4426012022760606
2022-08-03,DOGEUSDT,1,6088.7249945365,0.06655325999999999,0.06617689500000001,0.1620897990519545,0.16117316585892708,-2.6148459474794636
2022-08-04,BTCUSDT,1,0.01778097928924193,22828.318454999997,22611.66851,0.16236394306262975,0.1608230437886056,-4.175435171911592
2022-08-04,ETHUSDT,1,0.2507211920666047,1618.96908,1607.1560200000001,0.16236394306262975,0.16117922926856804,-3.2853276574855106
2022-08-04,DOGEUSDT,1,6127.578978318941,0.066243105,0.06721637500000001,0.16236394306262975,0.16474945857952117,5.636675390586399
2022-08-05,BTCUSDT,1,0.0179069904077801,22633.721204999998,23300.76379,0.1621207314041216,0.16689862147259196,11.61570581829918
2022-08-05,ETHUSDT,1,0.2519321124591059,1608.773985,1735.941595,0.16212073140412162,0.1749357732535919,31.700548119018
2022-08-05,DOGEUSDT,1,6023.781098451577,0.067283625,0.069775095,0.1621207314041216,0.16812395936146524,14.677825202593539
2022-08-06,BTCUSDT,-1,0.01822311182973008,23301.903220000004,22965.687104999997,0.16985327528944302,0.16740251374440202,5.789648073568664
2022-08-06,ETHUSDT,-1,0.24461260070423482,1735.941595,1691.4452999999999,0.16985327528944302,0.16549953351278188,10.549001632850652
2022-08-06,DOGEUSDT,-1,6085.741455796048,0.069775095,0.06866431499999999,0.16985327528944302,0.16714930733173536,6.422917311647991
2022-08-07,BTCUSDT,1,0.01882026761287402,22965.687104999997,23162.802805,0.172888150891852,0.1743720589817316,3.362510014825448
2022-08-07,ETHUSDT,1,0.25553316872241155,1691.4452999999999,1699.339905,0.17288815089185203,0.17369508426443675,1.670750196305552
2022-08-07,DOGEUSDT,-1,6300.984926816169,0.068595685,0.069004485,0.172888150891852,0.17391848794708498,-2.922649276921392
2022-08-08,BTCUSDT,1,0.018671799362463742,23185.977195,23798.095,0.17316956568307995,0.17774130201954064,11.078429973449115
2022-08-08,ETHUSDT,1,0.2545039174376462,1701.0501,1776.161475,0.17316956568307995,0.1808160213557312,18.76215359458932
2022-08-08,DOGEUSDT,-1,6281.039507684524,0.06892552,0.070145055,0.17316956568307995,0.17623354468948157,-8.009350626376568
2022-08-09,BTCUSDT,1,0.018478071937998494,23822.885489999997,23138.375025,0.17608039674196818,0.17102102329613508,-12.995535034620824
2022-08-09,ETHUSDT,-1,0.2478383852205332,1776.161475,1703.6113799999998,0.17608039674196818,0.16888811738500964,17.63572987826937
2022-08-09,DOGEUSDT,-1,6283.6524818968255,0.070054955,0.06907452,0.17608039674196818,0.17361611161353277,5.811016312733025
2022-08-10,BTCUSDT,1,0.019154976796499877,23162.89566,23942.072975,0.1774738915628191,0.18344394091849273,14.56420555670278
2022-08-10,ETHUSDT,1,0.26043775835017474,1703.6113799999998,1852.643215,0.17747389156281906,0.19299929837490434,38.44304384027545
2022-08-10,DOGEUSDT,-1,6431.565955493651,0.06898549,0.07129563,0.17747389156281906,0.18341701867338872,-15.218708686660325
2022-08-11,BTCUSDT,1,0.01903865453660108,23966.027025,23922.422805000002,0.18251236365752815,0.182180297385161,-1.194858341960592
2022-08-11,ETHUSDT,-1,0.24628511514241802,1852.65321,1881.130095,0.18251236365752815,0.1853177368179771,-7.381263001597911
2022-08-11,DOGEUSDT,-1,6406.247035162547,0.07122437000000001,0.07087542,0.18251236365752815,0.18161817969636013,1.8713293595661755
2022-08-12,BTCUSDT,1,0.018961992327276404,23945.056545,24391.478160000002,0.18161839139299588,0.18500440868834003,8.09842043827906
2022-08-12,ETHUSDT,1,0.24136872813280338,1881.130095,1957.30086,0.18161839139299585,0.18897248766057692,18.0146497898991
2022-08-12,DOGEUSDT,-1,6411.7588573042985,0.070814575,0.07233615,0.18161839139299585,0.18552078018631696,-10.123111154882084
2022-08-13,BTCUSDT,1,0.01881616410514156,24413.900849999998,24429.159310000003,0.183750385936102,0.1838652282110427,-0.08050992679532062
2022-08-13,ETHUSDT,-1,0.2346986987173014,1957.30086,1984.541775,0.18375038593610196,0.1863077488570494,-6.763465437161734
2022-08-13,DOGEUSDT,-1,6355.168248397636,0.07228384,0.072966465,0.183750385936102,0.18548566462632693,-4.707432776124816
2022-08-14,BTCUSDT,1,0.01862687595321368,24455.28153,24293.087380000004,0.18221019818409107,0.18100173005913633,-3.38438224063008
2022-08-14,ETHUSDT,1,0.22953686397467127,1984.541775,1934.342345,0.1822101981840911,0.17760115028988468,-11.882431083989983
2022-08-14,DOGEUSDT,-1,6250.046244463807,0.07288354,0.08172084,0.18221019818409107,0.2043036116545711,-55.62004748603871
2022-08-15,BTCUSDT,1,0.017760800712024027,24317.402625,24082.77259,0.17275861674266998,0.1710917298255939,-4.5110676392584566
2022-08-15,ETHUSDT,1,0.22305391434280739,1936.2876599999997,1898.11047,0.17275861674266996,0.16935238807542635,-8.857682672927101
2022-08-15,DOGEUSDT,-1,5290.310947058677,0.08163916,0.07665831,0.17275861674266996,0.16221851863040707,26.015268145284182
2022-08-16,BTCUSDT,1,0.018092117090689495,24105.08652,23842.812630000004,0.1744448191204164,0.17254678314933217,-5.092081529980307
2022-08-16,ETHUSDT,1,0.22953271412056853,1899.999525,1875.7316650000002,0.1744448191204164,0.17221671201173724,-5.916929302830065
2022-08-16,DOGEUSDT,-1,5693.986857725365,0.076591685,0.08681338499999999,0.1744448191204164,0.19772570930586092,-58.574395992037566
2022-08-17,BTCUSDT,1,0.01729999280050641,23868.078075,23330.988670000002,0.16516703154377,0.16145037440787868,-9.6182602456799
2022-08-17,ETHUSDT,-1,0.22013680664682114,1875.7316650000002,1835.167125,0.16516703154377,0.16159513222429106,8.60298613492925
2022-08-17,DOGEUSDT,-1,4761.140266565517,0.086726615,0.080250105,0.16516703154377002,0.1528328025246443,30.517572713745842
2022-08-18,BTCUSDT,1,0.018101639152935518,23354.331329999997,23179.604400000004,0.16910067135750265,0.1678355338226386,-3.4997800423402463
2022-08-18,ETHUSDT,1,0.23036266147813905,1835.1571199999998,1845.4668050000002,0.16910067135750262,0.17005065794774316,2.0358151462960943
2022-08-18,DOGEUSDT,1,5267.926794535117,0.080250105,0.07470263,0.16910067135750265,0.15741119447969718,-29.55020406035087
2022-08-19,BTCUSDT,1,0.017774115819226492,23203.045725,20823.972805,0.16496544882998326,0.14805108178099713,-42.59893415307632
2022-08-19,ETHUSDT,1,0.22325051495935325,1847.313195,1608.2054950000002,0.16496544882998324,0.14361308196768466,-53.68949568654417
2022-08-19,DOGEUSDT,1,5515.219672408352,0.07477737,0.06772612,0.16496544882998326,0.1494097717439555,-39.203567935643306
2022-08-20,BTCUSDT,1,0.01761827870994308,20844.807194999998,21129.499965,0.14689984912661472,0.14890616775404103,4.719990551685092
2022-08-20,ETHUSDT,1,0.22813305765795588,1609.8045,1575.25198,0.14689984912661475,0.14374682031165967,-8.17321870682594
2022-08-20,DOGEUSDT,1,5416.350741798008,0.067803885,0.06929533500000001,0.14689984912661472,0.15013113565215663,7.781185329075971
2022-08-21,BTCUSDT,1,0.017431731361213555,21150.640035,21504.852195000003,0.1474769100831394,0.14994672257033748,5.877107585341764
2022-08-21,ETHUSDT,1,0.23382043564986066,1576.8180149999998,1617.3209350000002,0.1474769100831394,0.15126507424293603,9.171668415165463
2022-08-21,DOGEUSDT,-1,5319.825693173216,0.06930533,0.06935466,0.14747691008313937,0.14758188088371707,-0.5574857924110922
2022-08-22,BTCUSDT,1,0.017350989568966642,21527.45835,21389.130085000004,0.14940908211088555,0.14844902919764227,-2.69799039441672
2022-08-22,ETHUSDT,-1,0.2309515057858407,1617.3209350000002,1625.47233,0.14940908211088555,0.1501621128906876,-2.182148144506715
2022-08-22,DOGEUSDT,-1,5390.300880675644,0.06929533500000001,0.0684342,0.14940908211088555,0.1475523714113333,4.3448152953584716
2022-08-23,BTCUSDT,1,0.0174366639184771,21411.450375,21518.35544,0.1493377056784102,0.15008333275424537,1.5646466511552763
2022-08-23,ETHUSDT,-1,0.2299147691569759,1623.8376750000002,1666.242705,0.1493377056784102,0.15323752275182803,-10.0521179119748
2022-08-23,DOGEUSDT,1,5454.7242413879385,0.068444205,0.06880558,0.1493377056784102,0.15012618606750286,1.671737080985713
2022-08-24,BTCUSDT,-1,0.01724446490327024,21518.345445000003,21378.764040000002,0.14842894112109906,0.14746613846523038,2.1111115600853334
2022-08-24,ETHUSDT,-1,0.2229242114769091,1664.5673000000002,1657.38828,0.14842894112109906,0.14778879017202826,1.3041596413838916
2022-08-24,DOGEUSDT,-1,5393.056098106397,0.06880558,0.067943955,0.14842894112109906,0.14657022433688668,4.3517927950729645
2022-08-25,BTCUSDT,1,0.01747818059282527,21378.734024999998,21548.26048,0.14946454965397132,0.15064975525227192,2.6628996908452742
2022-08-25,ETHUSDT,-1,0.22567748725314526,1655.73172,1695.9575549999997,0.14946454965397132,0.15309577580015515,-9.380625690913693
2022-08-25,DOGEUSDT,1,5499.552890833751,0.067943955,0.06894551,0.14946454965397132,0.15166779153220292,5.206972354392829
2022-08-26,BTCUSDT,1,0.017299995915142908,21569.81952,20230.929475,0.14926311583454793,0.1399979989108177,-23.452053424070872
2022-08-26,ETHUSDT,-1,0.2202479259854985,1694.262445,1508.93409,0.1492631158345479,0.13293584150852622,40.53598685771114
2022-08-26,DOGEUSDT,1,5406.948447874784,0.06901449,0.063478245,0.14926311583454793,0.13728943931062612,-30.22074386494968
2022-08-27,BTCUSDT,1,0.018211967282116936,20249.25957,20027.5812,0.1475115411103733,0.1458966614217361,-4.330607424125082
2022-08-27,ETHUSDT,1,0.24439692576362512,1508.93409,1490.31447,0.1475115411103733,0.14569130995561852,-4.843780737952887
2022-08-27,DOGEUSDT,1,5803.724696869535,0.06354175499999999,0.063478245,0.1475115411103733,0.14736410328817404,-0.6634701998966668
2022-08-28,BTCUSDT,1,0.018231570058349026,20047.618799999997,19545.832195000003,0.14619982666211,0.1425404836047506,-9.43709795366536
2022-08-28,ETHUSDT,-1,0.2452499616777357,1490.31447,1427.47338,0.14619982666211,0.14003511669639512,15.125539970928664
2022-08-28,DOGEUSDT,1,5750.305496634257,0.063561765,0.06174911,0.14619982666210998,0.14203049865810935,-10.711550335321807
2022-08-29,BTCUSDT,1,0.018595348113822997,19565.387805,20275.587135,0.14553007888636887,0.15081264039499045,12.910061052272555
2022-08-29,ETHUSDT,1,0.2548735425216281,1427.47338,1551.0241,0.14553007888636887,0.15812600276136798,31.186153605850073
2022-08-29,DOGEUSDT,-1,5892.944808423674,0.061739115000000004,0.06387191999999998,0.14553007888636887,0.15055747974722083,-12.864589710763529
2022-08-30,BTCUSDT,-1,0.01845611766730805,20277.0564,19821.56583,0.1496942955460167,0.14633166052350902,8.11056160019972
2022-08-30,ETHUSDT,-1,0.24128454903061106,1551.014105,1525.352295,0.14969429554601674,0.14721757624475304,5.894886381368471
2022-08-30,DOGEUSDT,-1,5865.940002196646,0.063798085,0.06157077,0.14969429554601674,0.14446817708361967,12.77113368336303
2022-08-31,BTCUSDT,1,0.01932918797357534,19822.936514999998,20039.994990000003,0.15326450643467415,0.15494273206048725,3.8873568260375446
2022-08-31,ETHUSDT,1,0.2511952598377842,1525.352295,1553.32295,0.15326450643467415,0.15607494481489737,6.716756499308466
2022-08-31,DOGEUSDT,-1,6228.317507034352,0.061519225000000004,0.061380674999999996,0.15326450643467418,0.1529193330784343,0.5567495510865516
2022-09-01,BTCUSDT,1,0.01928769568142755,20058.464219999998,20121.39427,0.1547526214848652,0.15523813174631204,0.903784900385894
2022-09-01,ETHUSDT,-1,0.24906544019264526,1553.3329449999999,1586.95308,0.1547526214848652,0.1581020669741097,-8.686468411570164
2022-09-01,DOGEUSDT,-1,6310.321018222887,0.06130933,0.062421195,0.1547526214848652,0.15755911151643576,-7.328536811927671
2022-09-02,BTCUSDT,1,0.0189569601127524,20142.706319999998,19941.88407,0.15273779210845026,0.151215000355249,-4.110932175466841
2022-09-02,ETHUSDT,-1,0.2408540686182034,1585.376915,1576.1376749999997,0.15273779210845026,0.1518476686904742,1.9207230841412066
2022-09-02,DOGEUSDT,-1,6124.326675539206,0.062348810000000005,0.061680825,0.15273779210845026,0.15110140876670625,3.787119153484918
2022-09-03,BTCUSDT,1,0.019156236474588664,19960.95549,19821.984050000003,0.15295071345007152,0.15188584554292991,-2.967006326847064
2022-09-03,ETHUSDT,1,0.24260366952092485,1576.1376749999997,1556.68127,0.15295071345007152,0.15106263535059744,-5.024208597485861
2022-09-03,DOGEUSDT,1,6200.287001618899,0.061670819999999994,0.062678645,0.15295071345007152,0.15545023514903417,5.940403298807528
2022-09-04,BTCUSDT,1,0.019236273306411245,19842.366224999998,19990.29985,0.1526772719000014,0.1538155485566847,2.5391988212514938
2022-09-04,ETHUSDT,-1,0.24519831892574975,1556.6712750000002,1580.06964,0.15267727190000144,0.15497216780544584,-6.044889203316496
2022-09-04,DOGEUSDT,-1,6088.713676832094,0.06268864,0.063261615,0.1526772719000014,0.15407274418759453,-3.795430735070401
2022-09-05,BTCUSDT,-1,0.018972175282851413,19990.29985,19806.738419999998,0.15170378908438334,0.15031076523433098,3.1805450708121747
2022-09-05,ETHUSDT,-1,0.24026568730860898,1578.5003550000001,1618.6089,0.1517037890843833,0.15555847193693262,-9.943969392394546
2022-09-05,DOGEUSDT,-1,6001.094374657807,0.063198385,0.062781375,0.15170378908438334,0.15070278253831293,2.2001097935533283
2022-09-06,BTCUSDT,1,0.019072650081875128,19805.23767,18781.214695000002,0.15109534714731274,0.14328301439612245,-19.825210239519123
2022-09-06,ETHUSDT,-1,0.23360571858947266,1616.9911,1559.789505,0.15109534714731274,0.14575029926553715,13.065774058026136
2022-09-06,DOGEUSDT,-1,6022.746319267711,0.062718625,0.058919444999999994,0.15109534714731276,0.14194274820281855,22.58845926588541
2022-09-07,BTCUSDT,1,0.020373117064735463,18800.005305,19283.193580000003,0.1532058835585651,0.15714350407491814,9.533701903249192
2022-09-07,ETHUSDT,1,0.2455553827414762,1559.789505,1629.1850000000002,0.15320588355856507,0.1600220584926688,16.727209393208014
2022-09-07,DOGEUSDT,1,6501.754369018152,0.05890944,0.06093951500000001,0.15320588355856507,0.15848550315883891,12.887357613967161
2022-09-08,BTCUSDT,1,0.020518803534323372,19302.496424999998,19310.110115000003,0.1584256527466217,0.15848814227033425,-0.16068998573559873
2022-09-08,ETHUSDT,-1,0.2431056828208915,1629.1850000000002,1636.1876849999999,0.15842565274662168,0.1591066097540235,-2.0199247810051872
2022-09-08,DOGEUSDT,-1,6498.233240374765,0.060949510000000005,0.06099048,0.15842565274662168,0.15853214579296493,-0.583190414397704
2022-09-09,BTCUSDT,1,0.020441736658367352,19330.20027,21349.429945000003,0.15805714538913662,0.17456776989678094,40.943936353824824
2022-09-09,ETHUSDT,1,0.24150216206574218,1636.1876849999999,1717.370885,0.15805714538913662,0.16589951271850284,19.28196166530796
2022-09-09,DOGEUSDT,-1,6482.054988354014,0.060959505000000004,0.063881925,0.15805714538913662,0.16563446024476283,-19.26697874469945
2022-09-10,BTCUSDT,1,0.019127366781822842,21372.300809999997,21637.51583,0.16351833462572773,0.16554748061116317,4.743799148351652
2022-09-10,ETHUSDT,1,0.23779654809218878,1719.0991199999999,1773.23294,0.16351833462572776,0.16866746883814535,12.540649727580075
2022-09-10,DOGEUSDT,-1,6404.64041235023,0.06382807,0.06469232999999999,0.16351833462572773,0.16573244443483884,-5.864525301838323
2022-09-11,BTCUSDT,1,0.019050782046087046,21658.033604999997,21815.956565,0.16504099110227355,0.16624441345868674,2.6772704864720294
2022-09-11,ETHUSDT,-1,0.23268374303698858,1773.23294,1766.993055,0.16504099110227355,0.16446022318310538,1.1224185836350236
2022-09-11,DOGEUSDT,-1,6383.3134714207845,0.06463766500000001,0.063721845,0.16504099110227355,0.16270260464491487,5.518222547649469
2022-09-12,BTCUSDT,1,0.01903620161507184,21837.783434999998,22384.54213,0.16628337931797443,0.17044666281909987,10.071478710676576
2022-09-12,ETHUSDT,-1,0.2354972518844615,1765.23694,1717.2281849999997,0.1662833793179744,0.16176100737041663,10.977885482206077
2022-09-12,DOGEUSDT,-1,6530.325113804132,0.063658155,0.063961965,0.16628337931797443,0.16707697054710438,-2.3173384226899225
2022-09-13,BTCUSDT,-1,0.018850423954801843,22384.24228,20183.656785,0.16878098275400008,0.1521881949421851,41.161000351841274
2022-09-13,ETHUSDT,1,0.24571717408947624,1717.2281849999997,1573.6128,0.1687809827540001,0.15466547613081127,-35.61221301685687
2022-09-13,DOGEUSDT,-1,6601.462684195892,0.06391802500000002,0.05966982,0.1687809827540001,0.15756323604107428,27.718022563519458
2022-09-14,BTCUSDT,1,0.021454998211888655,20183.70681,20216.596645,0.17321655740713396,0.17349881794757968,0.3589359757596372
2022-09-14,ETHUSDT,1,0.27491424099804446,1575.1872,1637.5708050000003,0.17321655740713396,0.1800766139748527,16.796848247914884
2022-09-14,DOGEUSDT,1,7256.07679844629,0.059679825,0.061119425000000005,0.17321655740713396,0.17739489667075128,10.095236704965439
2022-09-15,BTCUSDT,-1,0.021868913954886184,20217.056415,19711.73094,0.17685002686428591,0.17242965913149114,10.701639645991163
2022-09-15,ETHUSDT,-1,0.2699867189214204,1637.5808000000002,1473.486375,0.17685002686428594,0.1591287007046671,43.96733667147821
2022-09-15,DOGEUSDT,-1,7234.972853792201,0.061109430000000006,0.058629299999999995,0.17685002686428591,0.16967255757473562,17.59715063943671
2022-09-16,BTCUSDT,1,0.023651589886522165,19711.73094,19793.39835,0.18648551045854006,0.18725813609390582,1.5578204418619706
2022-09-16,ETHUSDT,1,0.31639967527192037,1473.4963799999998,1433.18305,0.18648551045854006,0.18138346065008817,-13.122993492238308
2022-09-16,DOGEUSDT,1,7949.17751200057,0.058649309999999996,0.06042977,0.18648551045854006,0.19214678749574668,13.774560295062283
2022-09-17,BTCUSDT,-1,0.02359121108484362,19793.39835,20123.676809999997,0.18678009542449817,0.189896762971153,-8.168345725032676
2022-09-17,ETHUSDT,1,0.3254877467893052,1434.61695,1468.095585,0.18678009542449814,0.19113884961319078,10.518966526693863
2022-09-17,DOGEUSDT,1,7720.709348572123,0.06048022499999999,0.0621689,0.18678009542449817,0.19199520296817818,12.658993560807414
2022-09-18,BTCUSDT,-1,0.023477288035605212,20102.553695000002,19425.88809,0.188781377339494,0.18242686801454513,15.51506506701807
2022-09-18,ETHUSDT,-1,0.3214754279746966,1468.08559,1335.1772549999998,0.18878137733949396,0.1716906717892822,42.36629182640059
2022-09-18,DOGEUSDT,-1,7591.471673919515,0.0621689,0.057458715,0.188781377339494,0.17447848293692575,35.393976146144155
2022-09-19,BTCUSDT,1,0.025893916251440375,19427.158725,19527.251490000002,0.2012180884114357,0.20225480588114975,2.188320779992549
2022-09-19,ETHUSDT,1,0.3767628748503428,1335.1772549999998,1375.2920100000001,0.20121808841143568,0.2072635885785226,14.705268740727314
2022-09-19,DOGEUSDT,1,8753.374375287796,0.057468719999999994,0.058500735000000005,0.2012180884114357,0.2048315338738008,8.627564033627497
2022-09-20,BTCUSDT,-1,0.026196839451539815,19527.251490000002,18884.4375,0.20462090888534867,0.19788503092805515,16.437188953420378
2022-09-20,ETHUSDT,-1,0.37195902287934596,1375.2920100000001,1323.591465,0.2046209088853487,0.19692871520513683,18.828934576439224
2022-09-20,DOGEUSDT,1,8737.12617739954,0.05854926,0.058360805,0.2046209088853487,0.203962286839844,-2.0551383094869977
2022-09-21,BTCUSDT,1,0.02767578893799072,18883.747155,18452.12932,0.20904904024806512,0.20427089460673212,-12.358684038187327
2022-09-21,ETHUSDT,-1,0.39524395863870126,1322.27853,1246.4028899999998,0.20904904024806512,0.19705328492092708,29.58328599267608
2022-09-21,DOGEUSDT,-1,8953.49388084732,0.0583708,0.057178574999999995,0.20904904024806512,0.20477920855122783,10.260750993293948
2022-09-22,BTCUSDT,1,0.028790870533009424,18470.59068,19391.929185,0.2127137539744362,0.2233242090202488,26.09009965153676
2022-09-22,ETHUSDT,1,0.42665186397649596,1246.412895,1325.7967700000002,0.21271375397443623,0.22626146526980712,33.43030301918301
2022-09-22,DOGEUSDT,1,9300.413396732789,0.057178574999999995,0.059550210000000006,0.2127137539744362,0.2215366283449004,21.62293554384113
2022-09-23,BTCUSDT,1,0.02878896710724799,19411.330815,19280.265045,0.22353286573637776,0.22202356647981128,-4.21880457363235
2022-09-23,ETHUSDT,-1,0.4215034793105346,1325.806765,1327.913625,0.22353286573637773,0.2238880852645458,-1.3354697714210615
2022-09-23,DOGEUSDT,-1,9382.643399916848,0.059560205,0.06340168499999999,0.22353286573637776,0.23795016052354276,-36.50471999417238
2022-09-24,BTCUSDT,1,0.028231238990058836,19298.214285,18911.03975,0.21792499982448094,0.213552833093101,-11.361894661367431
2022-09-24,ETHUSDT,1,0.4102801523812416,1327.90362,1316.4714350000002,0.21792499982448096,0.21604884038294078,-5.124372444057921
2022-09-24,DOGEUSDT,-1,8601.626038855033,0.063338315,0.06313155,0.21792499982448096,0.21721359374131138,1.3433766143581676
2022-09-25,BTCUSDT,1,0.028511542487687343,18931.450995,18797.976310000002,0.21590594775900535,0.2143837200980421,-4.235858820265158
2022-09-25,ETHUSDT,1,0.40959899314159953,1317.788565,1293.9826850000002,0.21590594775900535,0.21200560196746546,-10.178776028576166
2022-09-25,DOGEUSDT,1,8549.843452243978,0.06313155,0.061139415,0.21590594775900535,0.20909297080471093,-17.457441304299707
2022-09-26,BTCUSDT,1,0.028118068502383037,18818.534565,19218.20609,0.2116563376052532,0.21615153413261395,10.810183446663968
2022-09-26,ETHUSDT,1,0.4085186431618761,1295.2673099999997,1335.501915,0.2116563376052532,0.21823097210235487,16.006698933046565
2022-09-26,DOGEUSDT,1,8646.009576757036,0.061200585,0.061099435,0.21165633760525324,0.21130652005777764,-1.297506726352016
2022-09-27,BTCUSDT,-1,0.027977594711858716,19217.06666,19088.669565,0.21505892102570098,0.21362202427126498,3.1635609407930625
2022-09-27,ETHUSDT,-1,0.4025807050709114,1335.501915,1328.68401,0.21505892102570098,0.21396101822489838,2.3157370627559373
2022-09-27,DOGEUSDT,-1,8800.985940683895,0.06108944,0.06051023999999999,0.21505892102570096,0.21301990860296327,4.669452227215525
2022-09-28,BTCUSDT,1,0.028344533228578658,19087.639049999998,19403.11359,0.21641208772313622,0.2199888791558565,8.505577614921657
2022-09-28,ETHUSDT,-1,0.40760300731373394,1327.3459950000001,1337.8686,0.2164120877231362,0.218127705900246,-4.723585236397868
2022-09-28,DOGEUSDT,-1,8947.121813929121,0.06046975,0.060540255,0.21641208772313622,0.21666441445253265,-1.063893325666728
2022-09-29,BTCUSDT,1,0.027902459282868313,19422.52641,19581.714245,0.21677450093018377,0.21855119376394996,4.006406389721343
2022-09-29,ETHUSDT,-1,0.4054796260869437,1336.5314,1336.3678499999999,0.21677450093018377,0.21674797445304514,-0.3672062825366226
2022-09-29,DOGEUSDT,1,8951.667817148433,0.060540255,0.06082957,0.2167745009301838,0.21781044163999114,2.1552668319481088
2022-09-30,BTCUSDT,-1,0.027775641264139516,19580.744730000002,19432.321305,0.2175470965220682,0.2158980741988702,3.689110637274002
2022-09-30,ETHUSDT,-1,0.40738480576389413,1335.022155,1329.38436,0.21754709652206816,0.2166283957136635,1.8625765287759612
2022-09-30,DOGEUSDT,1,8928.974102061493,0.060910439999999996,0.061639165,0.21754709652206816,0.22014980318307809,6.069069752819672
2022-10-01,BTCUSDT,1,0.028187127947697017,19432.321305,19301.294525,0.21909653077791752,0.21761922333294362,-4.129984366545614
2022-10-01,ETHUSDT,1,0.4120294068293455,1329.374355,1311.134105,0.2190965307779175,0.21609032302274994,-7.950706241719568
2022-10-01,DOGEUSDT,1,8875.933741054145,0.061710839999999996,0.060559705,0.2190965307779175,0.21500957158311415,-10.651504089369373
2022-10-02,BTCUSDT,1,0.027956051795202844,19321.89612,19047.2716,0.21606557148489958,0.21299460456275848,-8.106477481400411
2022-10-02,ETHUSDT,1,0.41157043560431794,1312.4458949999998,1276.08164,0.21606557148489955,0.21007899057658902,-15.392596832837873
2022-10-02,DOGEUSDT,1,8909.141612564163,0.0606303,0.059240365,0.21606557148489958,0.21111232038599587,-12.810305639130219
2022-10-03,BTCUSDT,1,0.027694621902141673,19067.26887,19619.265460000002,0.21122432082445045,0.21733925556497907,14.858773274932155
2022-10-03,ETHUSDT,1,0.4134006701620727,1277.35836,1322.428455,0.21122432082445047,0.21867712381535778,18.202106032628492
2022-10-03,DOGEUSDT,1,8906.461417639579,0.059289629999999996,0.06030983,0.21122432082445045,0.21485886959976083,8.66028874785174
2022-10-04,BTCUSDT,-1,0.027624268563192,19619.265460000002,20347.98891,0.2167871432318387,0.22483932414827698,-20.572078758475868
2022-10-04,ETHUSDT,-1,0.40982463726731233,1322.4384499999999,1362.170745,0.2167871432318387,0.22330045258630785,-16.723360981991
2022-10-04,DOGEUSDT,-1,8987.882936654747,0.060299835,0.06587291999999999,0.2167871432318387,0.23682323746224926,-50.54384595672047
2022-10-05,BTCUSDT,-1,0.025221216849434527,20327.65109,20168.339129999997,0.20507523847221365,0.20346802187626625,3.609498229520029
2022-10-05,ETHUSDT,-1,0.37674959123376167,1360.81925,1352.8761,0.20507523847221368,0.2038782070659703,2.5836250700702923
2022-10-05,DOGEUSDT,-1,7790.774126135578,0.06580708,0.06481239,0.20507523847221365,0.2019754764260033,7.342354400627631
2022-10-06,BTCUSDT,1,0.02564415040558706,20168.339129999997,19950.689664999998,0.20687996883224274,0.20464739458578052,-5.992962979573544
2022-10-06,ETHUSDT,-1,0.3826790795786939,1351.5239000000001,1352.7360299999998,0.20687996883224272,0.20706551154933456,-0.8778022731111697
2022-10-06,DOGEUSDT,1,7978.722817640522,0.06482239499999999,0.06341827500000001,0.20687996883224274,0.20239873511916062,-11.612362986656663
2022-10-07,BTCUSDT,1,0.025589496123645375,19970.650335,19520.324955,0.20441555173366388,0.19980611190730824,-11.927821229530062
2022-10-07,ETHUSDT,1,0.3777788780095443,1352.746035,1330.43445,0.20441555173366388,0.20104401351449805,-8.83430511316271
2022-10-07,DOGEUSDT,1,8050.173169272884,0.063481725,0.06231882500000001,0.20441555173366388,0.2006709331822449,-9.7666328634633
2022-10-08,BTCUSDT,1,0.025632873176999603,19539.855045,19408.25102,0.20034505050617635,0.19899569479321327,-3.7727300277070883
2022-10-08,ETHUSDT,1,0.3760891894714058,1331.7655499999998,1314.8222600000001,0.20034505050617638,0.1977961752249448,-6.770329428809986
2022-10-08,DOGEUSDT,1,8026.492225515283,0.062401185,0.061619175000000005,0.20034505050617638,0.19783433163206632,-6.674976567413391
2022-10-09,BTCUSDT,1,0.02548736040251442,19426.22826,19429.30049,0.19804931236965226,0.19808063358295205,-0.3178269127031471
2022-10-09,ETHUSDT,-1,0.37657050385208,1314.8222600000001,1323.791565,0.19804931236965226,0.19940034265087342,-3.775025358073449
2022-10-09,DOGEUSDT,1,8028.485447803851,0.061670819999999994,0.06208894,0.19804931236965226,0.1993920605038266,2.959428962562331
2022-10-10,BTCUSDT,1,0.025437203782451435,19449.679979999997,19122.304065,0.19789818926189034,0.1945671781165618,-8.719993230699874
2022-10-10,ETHUSDT,-1,0.37410758552791157,1322.4684350000002,1290.6750149999998,0.1978981892618904,0.1931405254251404,11.503120877187941
2022-10-10,DOGEUSDT,1,7962.934364616821,0.06213105,0.05935031,0.1978981892618904,0.18904104921986456,-22.52978934354631
2022-10-11,BTCUSDT,1,0.025502958829563896,19141.435934999998,19050.47,0.19526530103561593,0.19433734083753687,-2.70950313707085
2022-10-11,ETHUSDT,1,0.3782232141442979,1290.6750149999998,1279.469945,0.19526530103561593,0.19357009399957123,-4.62685298514694
2022-10-11,DOGEUSDT,1,8216.896142515468,0.05940969,0.060219875,0.19526530103561593,0.19792818343610546,6.264012516752157
2022-10-12,BTCUSDT,-1,0.025605972173943805,19050.47,19165.107764999997,0.1951223218882205,0.19629648645648973,-3.326830229017713
2022-10-12,ETHUSDT,-1,0.381256165200935,1279.469945,1295.08722,0.19512232188822054,0.19750399483917588,-6.346808694115766
2022-10-12,DOGEUSDT,1,8092.315746202439,0.060280125,0.059780095000000005,0.19512232188822054,0.19350376163119112,-4.435026726092949
2022-10-13,BTCUSDT,-1,0.025233206220016693,19145.52245,19384.817565,0.19324116646832373,0.19565643966201876,-6.427080590367972
2022-10-13,ETHUSDT,-1,0.3734005349533711,1293.7927800000002,1287.72354,0.1932411664683237,0.1923346634832195,1.8806816328089535
2022-10-13,DOGEUSDT,1,8075.957274261502,0.059819895,0.059620175000000004,0.1932411664683237,0.19259599439359754,-1.9987673476773762
2022-10-14,BTCUSDT,1,0.024808591724337678,19385.26779,19167.341535,0.19236847762762554,0.19020590023310197,-5.789017864169683
2022-10-14,ETHUSDT,-1,0.3738398350969187,1286.43646,1296.918135,0.19236847762762552,0.19393586468904134,-4.30477199585616
2022-10-14,DOGEUSDT,1,8059.705795476906,0.05966982,0.05863067,0.19236847762762554,0.18901838031667761,-8.756630135314097
2022-10-15,BTCUSDT,1,0.024738084796526102,19186.518465,19059.855305,0.18985508829491354,0.18860172669784317,-3.5118608076687114
2022-10-15,ETHUSDT,1,0.36597636313474563,1296.90813,1274.2825400000002,0.18985508829491357,0.18654291583812244,-8.65682914611086
2022-10-15,DOGEUSDT,1,8088.670425866077,0.058679325,0.058540715,0.18985508829491357,0.18940662005182185,-1.5004323160760107
2022-10-16,BTCUSDT,1,0.024640054930440632,19077.9342,19253.34851,0.1880325386589328,0.18976142595252693,3.9444242693738842
2022-10-16,ETHUSDT,1,0.36852723164065015,1275.567465,1305.297025,0.1880325386589328,0.19241499963681064,10.575704906398862
2022-10-16,DOGEUSDT,1,8021.963862653478,0.058599284999999994,0.058880545,0.1880325386589328,0.1889350416813368,1.8792899756696908
2022-10-17,BTCUSDT,-1,0.024699486401070336,19253.34851,19559.63493,0.19021912787912512,0.19324517478537415,-7.948581568287025
2022-10-17,ETHUSDT,-1,0.3643187483185471,1305.3070200000002,1332.0657,0.19021912787912515,0.19411860340082773,-10.13302653553646
2022-10-17,DOGEUSDT,1,8069.782081757303,0.058929449999999994,0.059950010000000005,0.19021912787912515,0.19351340659966848,7.851964266879525
2022-10-18,BTCUSDT,-1,0.02416423811373428,19538.70576,19337.10372,0.1888551753675326,0.18690655148802277,4.495797971919066
2022-10-18,ETHUSDT,-1,0.3547977117760929,1330.7243050000002,1311.365355,0.18885517536753263,0.1861077709025775,6.493548216117782
2022-10-18,DOGEUSDT,-1,7876.840511615345,0.059940015000000006,0.05978988,0.18885517536753263,0.18838213958744804,0.8053521352564645
2022-10-19,BTCUSDT,1,0.02461948342523531,19337.10372,19114.408015,0.19042780181063843,0.188234740523391,-5.8613157604525785
2022-10-19,ETHUSDT,-1,0.36339667688182276,1310.0546450000002,1285.7325449999998,0.19042780181063843,0.18689237368472345,8.461250139292133
2022-10-19,DOGEUSDT,-1,7971.676290473204,0.059720125,0.05870934,0.19042780181063843,0.18720474148293204,7.6800182759723885
2022-10-20,BTCUSDT,1,0.025061326971893498,19132.911674999996,19032.39904,0.19179846216461338,0.19079087016039678,-2.901569342866484
2022-10-20,ETHUSDT,-1,0.37330928061322166,1284.447455,1283.2112849999999,0.19179846216461335,0.19161387267124708,0.07806139857983407
2022-10-20,DOGEUSDT,1,8167.289147034073,0.05870934,0.059390290000000005,0.19179846216461335,0.19402306838248254,5.175694014125809
2022-10-21,BTCUSDT,1,0.02520965308835165,19051.440959999996,19154.787815,0.19211208697392523,0.19315422231885412,2.220072053029487
2022-10-21,ETHUSDT,-1,0.37465438742029666,1281.928715,1300.3998749999998,0.19211208697392523,0.1948802074278221,-7.30729342914397
2022-10-21,DOGEUSDT,1,8078.76468085064,0.059449709999999996,0.059300335,0.19211208697392523,0.1916293807842444,-1.5905069419601796
2022-10-22,BTCUSDT,-1,0.024957431667350205,19154.787815,19213.952175,0.19122172319818195,0.19181235938691893,-1.85962455442758
2022-10-22,ETHUSDT,-1,0.3679859779673295,1299.11012,1314.2668049999997,0.19122172319818195,0.193452702219169,-5.962121977884993
2022-10-22,DOGEUSDT,1,8053.520989302329,0.059359665,0.05965016,0.19122172319818195,0.1921575262300969,1.956128330359115
2022-10-23,BTCUSDT,-1,0.024803690767188934,19194.687855,19580.1852,0.19043964077125483,0.19426434354603578,-9.946460921269631
2022-10-23,ETHUSDT,-1,0.36261420392763416,1312.96319,1364.8821,0.19043964077125483,0.19797025445863103,-19.214944113670406
2022-10-23,DOGEUSDT,-1,7980.185467639783,0.059660155000000006,0.06041019,0.19043964077125483,0.1928338081341433,-6.368691856126572
2022-10-24,BTCUSDT,-1,0.023734209841798096,19560.614800000003,19339.38486,0.18570229451911263,0.18360200739141322,4.881413517337989
2022-10-24,ETHUSDT,-1,0.3404862814475443,1363.5079050000002,1344.2818049999998,0.1857022945191126,0.18308380520081713,6.1774371960188095
2022-10-24,DOGEUSDT,-1,7692.74561589807,0.060349810000000004,0.059479725,0.18570229451911263,0.18302495749142916,6.324615317198182
2022-10-25,BTCUSDT,1,0.024304228390012478,19340.2653,20070.029965,0.18802008998985328,0.1951146368255017,17.35323236230565
2022-10-25,ETHUSDT,-1,0.350016275301957,1342.938195,1460.46987,0.18802008998985328,0.20447528963525333,-41.53049449312523
2022-10-25,DOGEUSDT,-1,7911.934179987591,0.05941028,0.06308152499999999,0.1880200899898533,0.19963874950929666,-29.434307638107555
2022-10-26,BTCUSDT,-1,0.0225312741692901,20068.98049,20781.975795,0.18087188068732962,0.18729775776667823,-16.43286233682555
2022-10-26,ETHUSDT,-1,0.30992224962709747,1459.0101300000001,1566.88305,0.1808718806873296,0.19424476790342712,-33.80733468883461
2022-10-26,DOGEUSDT,-1,7176.489604547261,0.06300848,0.072686325,0.1808718806873296,0.20865306230209746,-69.84247897990905
2022-10-27,BTCUSDT,1,0.01983217333489405,20781.995805,20284.962445,0.1648608572199204,0.16091795652042248,-10.183030562485094
2022-10-27,ETHUSDT,-1,0.263300995594758,1565.326945,1514.8070249999998,0.16486085721992041,0.15954007912657336,12.977544297021081
2022-10-27,DOGEUSDT,1,5670.284514312713,0.072686325,0.076851555,0.16486085721992041,0.17430807288694072,23.278870237443915
2022-10-28,BTCUSDT,1,0.02072582777640423,20305.257555,20581.54408,0.16833730841618436,0.17062781518982084,5.387301810485187
2022-10-28,ETHUSDT,1,0.27782155990804686,1514.79702,1553.6327950000002,0.16833730841618436,0.17265307465247956,10.448425207669331
2022-10-28,DOGEUSDT,1,5472.716036471238,0.07689842999999999,0.08382806500000001,0.16833730841618436,0.18350687825274134,37.572080404723536
2022-10-29,BTCUSDT,1,0.02129128140975558,20602.13592,20799.265165,0.17545834940590146,0.17713720309765654,3.844538676884097
2022-10-29,ETHUSDT,1,0.28205523686609707,1555.1772,1618.740225,0.17545834940590146,0.1826296630348217,17.570196059859907
2022-10-29,DOGEUSDT,1,5227.455111299169,0.08391193499999999,0.12169912,0.17545834940590146,0.2544706747538444,197.10088434569755
2022-10-30,BTCUSDT,1,0.024566874589589848,20820.08484,20617.16626,0.20459376528356035,0.2025997351608573,-5.392268807202017
2022-10-30,ETHUSDT,1,0.3156610162140694,1620.359775,1589.64478,0.20459376528356035,0.20071555466967633,-10.100835854663238
2022-10-30,DOGEUSDT,-1,4202.860408595402,0.12169912,0.11778886499999999,0.20459376528356035,0.19802006291275548,16.031642098815905
2022-10-31,BTCUSDT,1,0.024792569018469334,20637.793739999997,20480.49463,0.20466557027515372,0.20310563065866624,-4.307620242152528
2022-10-31,ETHUSDT,1,0.3215493863856744,1591.245225,1571.903655,0.20466557027515372,0.2021778622890595,-6.626113397799723
2022-10-31,DOGEUSDT,-1,4347.884199343465,0.11768113000000001,0.12692343,0.20466557027515372,0.22073935032939054,-40.60985505619663
2022-11-01,BTCUSDT,1,0.02411994938445413,20500.985370000002,20473.37819,0.19779309178233387,0.19752673826863484,-1.0612036142985481
2022-11-01,ETHUSDT,1,0.31426130492977616,1573.476345,1577.6907600000002,0.19779309178233387,0.19832286280530015,0.928311602828034
2022-11-01,DOGEUSDT,1,3896.220824990222,0.126913425,0.142038945,0.19779309178233387,0.22136603818745632,58.51320688283632
2022-11-02,BTCUSDT,1,0.02507888280061417,20493.051405000002,20141.76408,0.20557713376518263,0.20205317630397612,-9.217523963085448
2022-11-02,ETHUSDT,-1,0.32575844607762366,1577.680765,1519.0991699999997,0.20557713376518266,0.19794375402280312,18.679928468160814
2022-11-02,DOGEUSDT,-1,3618.3233718960428,0.142038945,0.127713825,0.20557713376518263,0.18484396716469645,51.44249540028555
2022-11-03,BTCUSDT,1,0.026497703384666414,20161.91592,20197.71609,0.21369778708589748,0.21407723600020975,0.5208472626945855
2022-11-03,ETHUSDT,1,0.3516873663665054,1519.0891649999999,1530.2444950000001,0.2136977870858975,0.21526706253735725,3.4942237790261106
2022-11-03,DOGEUSDT,1,4182.809642607364,0.12772382999999998,0.12255869000000001,0.21369778708589748,0.20505586812693075,-22.02355105262971
2022-11-04,BTCUSDT,1,0.026128297957271073,20217.22356,21137.945740000003,0.21129665641777623,0.22091941779973956,23.624687380690766
2022-11-04,ETHUSDT,1,0.3448557829265201,1531.7755049999998,1643.9576100000002,0.21129665641777626,0.22677131547782434,38.24857967822459
2022-11-04,DOGEUSDT,1,4305.80372058662,0.12268131,0.126066935,0.21129665641777623,0.21712779110638064,14.149412273986874
2022-11-05,BTCUSDT,1,0.02616286535487121,21159.094259999998,21288.720315,0.2214330136621633,0.22278956927154256,2.9471664405144407
2022-11-05,ETHUSDT,1,0.33640114861245934,1645.6023899999998,1626.16651,0.2214330136621633,0.21881771271964576,-6.978503082675657
2022-11-05,DOGEUSDT,-1,4391.527623591435,0.12605694,0.124512225,0.22143301366216325,0.21871955022493283,6.343506029188957
2022-11-06,BTCUSDT,1,0.026013737456780654,21310.019685,20895.127210000002,0.22174130291376704,0.2174241413467895,-11.232069361704408
2022-11-06,ETHUSDT,1,0.3405550278275271,1627.79349,1567.505855,0.221741302913767,0.2135288000277347,-20.96652731802227
2022-11-06,DOGEUSDT,1,4452.557209698089,0.12450221999999998,0.114712615,0.221741302913767,0.20430579238462845,-44.014823418144765
2022-11-07,BTCUSDT,1,0.025289154460082505,20916.03279,20580.834435,0.2115795135673842,0.20818876037763995,-8.896651248305604
2022-11-07,ETHUSDT,1,0.33711745046874647,1569.034125,1567.31595,0.2115795135673842,0.21134782285720052,-1.0021541118837143
2022-11-07,DOGEUSDT,1,4606.468952667175,0.11482738499999999,0.111174385,0.21157951356738416,0.2048485411337469,-17.24385913879427
2022-11-08,BTCUSDT,1,0.025236741125047195,20600.965334999997,18537.956385,0.20796049163418645,0.1871350425102643,-52.458718343949776
2022-11-08,ETHUSDT,1,0.33138493860765356,1568.8740449999998,1334.102615,0.20796049163418645,0.17684060526723405,-78.18451701428238
2022-11-08,DOGEUSDT,1,4671.353904901793,0.11129562,0.088225865,0.20796049163418642,0.16485369559243537,-108.13980429160426
2022-11-09,BTCUSDT,1,0.02373026808380107,18554.65269,15914.848595,0.17612275301420827,0.15106544946898193,-62.97044706554904
2022-11-09,ETHUSDT,1,0.32970739681143163,1335.4473899999998,1102.178635,0.17612275301420827,0.14535857942681082,-77.23191530093459
2022-11-09,DOGEUSDT,1,4985.689805324149,0.088314135,0.07446275,0.17612275301420827,0.1484992694205603,-69.38333100655464
2022-11-10,BTCUSDT,1,0.02325361401580006,15930.64134,17592.349425000004,0.14817799389780315,0.1636342812640129,38.328906140362555
2022-11-10,ETHUSDT,1,0.33576655647084896,1103.281365,1298.63036,0.14817799389780315,0.17441465764227962,65.26906670965103
2022-11-10,DOGEUSDT,1,4968.597085575675,0.07455726,0.08973511,0.14817799389780315,0.17834304240792506,75.08610023899905
2022-11-11,BTCUSDT,-1,0.02444099845006968,17593.648775,17078.845155,0.17200253697633816,0.16696961118493403,12.243342330349048
2022-11-11,ETHUSDT,-1,0.3311229705432463,1298.63036,1289.92464,0.17200253697633816,0.17084947142949103,2.5398118587119725
2022-11-11,DOGEUSDT,-1,4793.019754539094,0.08971512000000001,0.08513254499999999,0.17200253697633816,0.16321678797567532,21.629153176705067
2022-11-12,BTCUSDT,1,0.025888888963023014,17078.51499,16803.673960000004,0.17685751129177366,0.17401137972851255,-7.466197799173059
2022-11-12,ETHUSDT,1,0.34274852974058523,1289.994675,1256.6213750000002,0.17685751129177363,0.17228205148873707,-11.787789070371897
2022-11-12,DOGEUSDT,1,5192.372421819099,0.085152555,0.08810592500000002,0.17685751129177363,0.1829915100675448,14.97514791806861
2022-11-13,BTCUSDT,1,0.026199551420076,16821.56658,16321.685075000001,0.17628699943157677,0.17104833095389982,-13.44400652457789
2022-11-13,ETHUSDT,1,0.350365679024828,1257.8786249999998,1220.879255,0.1762869994315768,0.17110167567416049,-13.310698068646508
2022-11-13,DOGEUSDT,1,4997.699681801282,0.08818406999999999,0.084907525,0.1762869994315768,0.16973692427001377,-16.721211827609135
2022-11-14,BTCUSDT,1,0.02608487991992145,16339.945889999999,16611.15027,0.17049021057546562,0.1733199440498883,6.7305235314313725
2022-11-14,ETHUSDT,-1,0.3491107210901103,1220.8892500000002,1243.9016399999998,0.17049021057546562,0.17370375940222832,-8.378066036884412
2022-11-14,DOGEUSDT,-1,5019.2884394017165,0.08491752,0.085992975,0.17049021057546562,0.17264941811490433,-5.741158477287158
2022-11-15,BTCUSDT,-1,0.025513404571613475,16609.411140000004,16909.020285,0.16950505044443356,0.1725626701763296,-7.986117050360837
2022-11-15,ETHUSDT,-1,0.3410102336685671,1242.668355,1253.856615,0.16950505044443356,0.17103117490721143,-4.155847382296293
2022-11-15,DOGEUSDT,1,4928.448344027706,0.08598296999999999,0.08701647,0.16950505044443356,0.17154247098985465,4.7525038421183785
2022-11-16,BTCUSDT,-1,0.024940592399827446,16892.119715,16671.091379999998,0.16851978903236176,0.16631475798754272,5.177743065027677
2022-11-16,ETHUSDT,-1,0.3363417657671851,1252.59339,1216.778085,0.16851978903236176,0.16370131586228562,11.713961820295674
2022-11-16,DOGEUSDT,-1,4842.162294023569,0.08700647500000001,0.08552274,0.16851978903236178,0.16564599476383252,6.850319887526933
2022-11-17,BTCUSDT,1,0.02574775074844791,16669.940805,16684.213720000003,0.17168539233540844,0.171832390518558,0.023977675019946076
2022-11-17,ETHUSDT,1,0.3527488006083469,1216.76808,1199.8297850000001,0.17168539233540847,0.16929540703716833,-6.31594404497291
2022-11-17,DOGEUSDT,1,5018.118860075415,0.085532745,0.084627665,0.17168539233540847,0.16986867272825767,-4.8833530829406655
2022-11-18,BTCUSDT,-1,0.025502452887196842,16684.213720000003,16708.800225,0.1701953497416893,0.1704461562158586,-0.967657691380767
2022-11-18,ETHUSDT,1,0.3542724517135505,1201.02021,1211.97371,0.17019534974168932,0.17174755906162706,3.538580391041086
2022-11-18,DOGEUSDT,1,5022.744023691748,0.08471233499999999,0.08469763,0.17019534974168932,0.17016580596134198,-0.41422060657136756
2022-11-19,BTCUSDT,1,0.02550951007986279,16707.779715,16692.32966,0.17048291002076782,0.17032526068726503,-0.7349315044649969
2022-11-19,ETHUSDT,1,0.35131230756977944,1213.1862899999999,1217.061165,0.17048291002076785,0.17102742653188566,1.0197809412418666
2022-11-19,DOGEUSDT,1,5027.074320426754,0.08478237,0.084507725,0.17048291002076785,0.16993064569007443,-1.721074382444398
2022-11-20,BTCUSDT,1,0.025478949091630152,16709.03034,16272.089885000001,0.17029141336134546,0.165838299917738,-11.468913322297796
2022-11-20,ETHUSDT,1,0.3494508163259387,1218.278835,1141.638895,0.17029141336134546,0.15957865752287706,-27.111759667055196
2022-11-20,DOGEUSDT,-1,5037.746944475947,0.084507725,0.07706851499999999,0.17029141336134546,0.15530067038261947,37.15126536307102
2022-11-21,BTCUSDT,1,0.026108881994065657,16287.639749999998,15773.399355000001,0.1701008256778412,0.16473032896198656,-13.761072944276462
2022-11-21,ETHUSDT,1,0.37212031449767713,1142.781105,1106.78633,0.17010082567784118,0.16474307088053192,-13.729230889831541
2022-11-21,DOGEUSDT,1,5516.411997694898,0.07708852499999999,0.07462267,0.1701008256778412,0.16465975683521086,-13.937432689088944
2022-11-22,BTCUSDT,1,0.026058528807646735,15789.180645,16218.826530000002,0.1645771274747483,0.16905550334329209,10.86230704054138
2022-11-22,ETHUSDT,1,0.3713739231733952,1107.89367,1139.0302,0.1645771274747483,0.16920244559479075,11.229515727036572
2022-11-22,DOGEUSDT,-1,5513.6437584834575,0.07462267,0.07879937999999999,0.1645771274747483,0.17378868388374644,-23.367256833853858
2022-11-23,BTCUSDT,-1,0.025340417750655816,16219.84602,16611.411555,0.16440706959924486,0.16837604329270844,-10.25521734655094
2022-11-23,ETHUSDT,-1,0.360851960477832,1139.020205,1185.1122599999999,0.16440706959924486,0.17106003296292566,-16.967875511764177
2022-11-23,DOGEUSDT,-1,5220.557136485115,0.07873061500000002,0.082010985,0.16440706959924486,0.1712572132047695,-17.46102329661557
2022-11-24,BTCUSDT,-1,0.023870294732596727,16594.808445000002,16607.249475,0.1584491874452541,0.1585679758664049,-0.6139882161886924
2022-11-24,ETHUSDT,-1,0.3345837378665823,1183.92774,1204.3318649999999,0.1584491874452541,0.16117994280941286,-7.146517540651576
2022-11-24,DOGEUSDT,-1,4834.953387553057,0.08192901500000001,0.08150073,0.1584491874452541,0.15762089224061882,1.7546679319023575
2022-11-25,BTCUSDT,1,0.023731008409334512,16607.849775,16513.87893,0.1576484090685957,0.1567563999034248,-2.5444277218992863
2022-11-25,ETHUSDT,1,0.3272555583035662,1204.32186,1198.70035,0.1576484090685957,0.15691254091117207,-2.1542313435388296
2022-11-25,DOGEUSDT,1,4835.797454470521,0.08150073,0.08945525,0.15764840906859567,0.17303498809560963,38.135764170370685
2022-11-26,BTCUSDT,1,0.024517620671252353,16529.610674999996,16450.340715000002,0.16210668974925338,0.1613292854252913,-2.266946785079749
2022-11-26,ETHUSDT,1,0.33775333095164217,1199.889645,1204.9972,0.16210668974925338,0.16279672723496086,1.4001902972845166
2022-11-26,DOGEUSDT,-1,4530.385017907092,0.08945525,0.08897446499999999,0.16210668974925338,0.16123543328491957,1.85479903780034
2022-11-27,BTCUSDT,1,0.024632578801065338,16465.838805,16420.56561,0.1622384287559208,0.16179235053855542,-1.439226322707923
2022-11-27,ETHUSDT,1,0.33625581672530996,1206.212805,1193.2830600000002,0.16223842875592082,0.16049934796991086,-4.670439741750719
2022-11-27,DOGEUSDT,-1,4563.641153570509,0.08887554,0.09872934,0.1622384287559208,0.18022611163554203,-45.31167173944453
2022-11-28,BTCUSDT,1,0.023633022752620178,16436.984385,16204.803545,0.15538225038206704,0.15318739635229006,-5.795704721176801
2022-11-28,ETHUSDT,1,0.3252098160682513,1194.47694,1167.186115,0.15538225038206704,0.1518321527106267,-9.18245858169354
2022-11-28,DOGEUSDT,-1,3937.689472448155,0.09865065,0.095177565,0.15538225038206704,0.14991187828549998,13.370636112750036
2022-11-29,BTCUSDT,1,0.02391571772569523,16220.28609,16434.308735,0.15516791342338432,0.15721531548927498,4.806121935813997
2022-11-29,ETHUSDT,-1,0.3323546935429923,1167.186115,1217.098245,0.15516791342338432,0.16180332569147549,-16.90550190934283
2022-11-29,DOGEUSDT,-1,4080.2548410292275,0.09507244000000001,0.10151073,0.15516791342338432,0.16567585899956433,-26.590707712872952
2022-11-30,BTCUSDT,-1,0.02281899572578687,16434.688545,17172.22182,0.1500092350651974,0.15674114252513763,-17.136519027440883
2022-11-30,ETHUSDT,-1,0.30843713718115084,1215.881755,1295.10723,0.15000923506519742,0.15978366654552414,-24.74587160242755
2022-11-30,DOGEUSDT,-1,3698.114458993675,0.10140927,0.10682338499999999,0.1500092350651974,0.15801804185085921,-20.330044241070585
2022-12-01,BTCUSDT,-1,0.020649688112926137,17156.947235,16985.858685,0.14171424374907218,0.14030107367019506,3.25090987977351
2022-12-01,ETHUSDT,-1,0.27383066359182745,1293.81277,1277.048205,0.14171424374907216,0.13987798296556084,4.309059732063678
2022-12-01,DOGEUSDT,-1,3320.1839714600687,0.10670662,0.10180087499999999,0.14171424374907218,0.135199053382244,16.011062619939114
2022-12-02,BTCUSDT,1,0.021319451012896545,16986.488999999998,17084.19363,0.1448570480466424,0.1456902516758497,1.7924617732957713
2022-12-02,ETHUSDT,1,0.28358009973124215,1277.0382,1294.942205,0.14485704804664237,0.14688793585603785,4.785474539586006
2022-12-02,DOGEUSDT,1,3557.362548373047,0.10180087499999999,0.10204895,0.14485704804664237,0.14521004513231747,0.5924256210087345
2022-12-03,BTCUSDT,-1,0.021338188880519353,17083.583935000002,16893.6426,0.14581309630449446,0.14419189467151522,3.7629990914720595
2022-12-03,ETHUSDT,-1,0.2815072001037306,1294.93221,1241.130255,0.14581309630449443,0.13975484121963166,14.860069774632755
2022-12-03,DOGEUSDT,1,3568.5657735406157,0.10215105,0.09965015,0.14581309630449443,0.14224324584727535,-9.212682485199446
2022-12-04,BTCUSDT,1,0.021763780904275668,16893.6426,17097.14715,0.1470678144886152,0.1488394258643045,4.133121198870326
2022-12-04,ETHUSDT,1,0.2962400591091298,1241.12025,1278.7702950000003,0.1470678144886152,0.15152919511111979,10.854854546661757
2022-12-04,DOGEUSDT,-1,3689.6034398496936,0.09965015,0.10411203,0.1470678144886152,0.15365284160709378,-16.763288452292215
2022-12-05,BTCUSDT,-1,0.02146892559427434,17098.096675,16974.833174999996,0.14683110612771383,0.14577257216371786,2.353731231698502
2022-12-05,ETHUSDT,-1,0.2870575238528163,1278.7603000000001,1260.039705,0.14683110612771383,0.14468155106941324,5.082374988554353
2022-12-05,DOGEUSDT,-1,3529.662623904788,0.103997975,0.10154074499999999,0.14683110612771383,0.14336182897197877,8.382999954237935
2022-12-06,BTCUSDT,1,0.021935461566666127,16974.833174999996,17080.41552,0.14894032028431264,0.14986671927265904,2.0171904313090674
2022-12-06,ETHUSDT,-1,0.29580285153000546,1258.7802950000003,1271.9556599999999,0.14894032028431264,0.15049924449909202,-4.196750101731917
2022-12-06,DOGEUSDT,-1,3670.677596269625,0.101439255,0.100240095,0.14894032028431264,0.14717962838577556,4.105609797672613
2022-12-07,BTCUSDT,-1,0.021837455709617582,17080.41552,16845.05832,0.1491971269679459,0.14714128599557008,4.84326401797606
2022-12-07,ETHUSDT,-1,0.2935392682535546,1270.674345,1231.79559,0.1491971269679459,0.14463215045062222,11.118612015890644
2022-12-07,DOGEUSDT,-1,3724.3453804733176,0.1001499,0.09579787499999999,0.1491971269679459,0.14271374928616412,15.916533328200314
2022-12-08,BTCUSDT,1,0.022773382352640443,16845.05832,17215.48795,0.15344758154955485,0.15682195578904967,8.125666061398494
2022-12-08,ETHUSDT,1,0.31143069271248736,1231.79559,1279.5399100000002,0.15344758154955482,0.1593952002098295,14.556203868927357
2022-12-08,DOGEUSDT,1,4004.462039203762,0.09579787499999999,0.09842076500000001,0.15344758154955482,0.15764888692475773,10.19216696953291
2022-12-09,BTCUSDT,-1,0.022919882800872923,17215.48795,17137.12428,0.15783078646953602,0.1571123520166375,1.4811429937600809
2022-12-09,ETHUSDT,-1,0.30837409844749586,1279.5399100000002,1263.7315499999997,0.15783078646953602,0.1558808309643626,4.561177145499695
2022-12-09,DOGEUSDT,-1,4009.0824956891975,0.09842076500000001,0.09674834999999998,0.15783078646953602,0.15514884658872477,6.391870068969886
2022-12-10,BTCUSDT,1,0.023266546342817905,17137.12428,17118.926255000002,0.15948867849729997,0.15931931642049588,-0.7422131869280052
2022-12-10,ETHUSDT,1,0.3155088907741504,1263.7415549999998,1265.716825,0.1594886784973,0.15973796459597178,0.3039886035862275
2022-12-10,DOGEUSDT,1,4121.224767587768,0.09674834999999998,0.09627184000000001,0.1594886784973,0.15870315657169876,-2.2819966490721293
2022-12-11,BTCUSDT,1,0.023215085675634083,17136.053745,17076.507475,0.15912598233297814,0.15857303362909234,-1.7000707756765692
2022-12-11,ETHUSDT,1,0.31398598156794416,1266.9831749999998,1262.3784950000002,0.15912598233297814,0.15854766034513568,-1.7634786122842974
2022-12-11,DOGEUSDT,1,4128.074623739266,0.09636816,0.09261367000000001,0.15912598233297814,0.15292645637534505,-15.8108673327911
2022-12-12,BTCUSDT,1,0.022896892486844938,17093.592525,17201.225085000002,0.15655606010354453,0.1575418405653061,2.1503532537350782
2022-12-12,ETHUSDT,-1,0.31004429392753485,1262.3685,1276.0377,0.15655606010354453,0.15825128308856623,-4.552864805746384
2022-12-12,DOGEUSDT,-1,4226.051621308833,0.09261367000000001,0.09033514499999999,0.15655606010354453,0.1527043943953674,9.319903815943869
2022-12-13,BTCUSDT,-1,0.0228888660786717,17200.325535,17783.587349999998,0.15747837907206885,0.16281845970100403,-13.670498411111016
2022-12-13,ETHUSDT,-1,0.30883629117478745,1274.7722950000002,1321.350345,0.15747837907206882,0.16323237595693033,-14.705702967182761
2022-12-13,DOGEUSDT,1,4358.170318763226,0.09033514499999999,0.09100447500000002,0.15747837907206888,0.15864520072785204,2.600930559657971
2022-12-14,BTCUSDT,-1,0.021675334198940296,17766.932090000002,17812.051575,0.15404167629625073,0.15443286826275435,-1.2864544608180626
2022-12-14,ETHUSDT,-1,0.29173904486306923,1320.029655,1308.09372,0.15404167629625073,0.15264880498567165,3.175487795165748
2022-12-14,DOGEUSDT,-1,4231.706086328467,0.09100447500000002,0.08828412,0.15404167629625076,0.14943697917206109,11.208264155005857
2022-12-15,BTCUSDT,1,0.021864474290396146,17812.912005,17347.66183,0.15578798262816454,0.15171900243220865,-10.479957474950124
2022-12-15,ETHUSDT,1,0.29773629501010046,1308.103725,1265.90673,0.1557879826281645,0.15076255184742063,-12.870127486335324
2022-12-15,DOGEUSDT,1,4411.051772362107,0.08829412499999999,0.084807575,0.15578798262816457,0.14963624160539293,-15.68477678116262
2022-12-16,BTCUSDT,1,0.021678346950684376,17365.638479999998,16623.80394,0.1505833343958381,0.1441506357805896,-16.376480508297693
2022-12-16,ETHUSDT,1,0.29708747592962714,1267.163265,1166.246585,0.1505833343958381,0.13859090169967897,-30.270255976493345
2022-12-16,DOGEUSDT,1,4435.579404563842,0.08487241499999999,0.075652155,0.15058333439583813,0.1342244562515486,-41.18200315137118
2022-12-17,BTCUSDT,1,0.020864539286993476,16639.815749999998,16768.13174,0.1388728357776831,0.13994373738348492,2.3984374413433516
2022-12-17,ETHUSDT,1,0.297396843687657,1167.40341,1186.56642,0.1388728357776831,0.14115244325350512,5.418993410523884
2022-12-17,DOGEUSDT,1,4584.602789689946,0.07572784499999999,0.07915040500000001,0.1388728357776831,0.14514926702723563,15.40705602107639
2022-12-18,BTCUSDT,-1,0.021165268307292984,16769.151230000003,16746.579104999997,0.1419694340274089,0.14177833599465253,0.19399731186882238
2022-12-18,ETHUSDT,-1,0.2991181775298531,1186.56642,1183.6515299999999,0.14196943402740891,0.1416206753936089,0.5883064750790479
2022-12-18,DOGEUSDT,-1,4484.732705687552,0.07914041000000001,0.078509235,0.14196943402740891,0.14083717356120395,2.5478445579237796
2022-12-19,BTCUSDT,1,0.02125907800128329,16747.3695,16430.66056,0.1424134538067251,0.1397202777830596,-7.015073790753543
2022-12-19,ETHUSDT,-1,0.30109355433114654,1182.46847,1168.4039099999998,0.1424134538067251,0.1407195544625236,3.951615352234499
2022-12-19,DOGEUSDT,-1,4540.042574394675,0.07842077,0.071365665,0.1424134538067251,0.1296012629799952,31.75846235003805
2022-12-20,BTCUSDT,1,0.022228760588113305,16447.09944,16887.112220000003,0.146239454328261,0.15015182982519307,9.484547458176737
2022-12-20,ETHUSDT,-1,0.313217385028467,1167.23609,1217.54847,0.146239454328261,0.15254293916752437,-16.057494491654282
2022-12-20,DOGEUSDT,1,5122.892581756962,0.071365665,0.074792585,0.14623945432826096,0.1532617515467708,17.256241840399536
2022-12-21,BTCUSDT,-1,0.02185967846478475,16887.701925,16833.082334999996,0.14766389363585058,0.1471863069657392,0.8991164746769073
2022-12-21,ETHUSDT,-1,0.3035000668004214,1216.341525,1214.38689,0.14766389363585058,0.1474266008946224,0.2981413585399848
2022-12-21,DOGEUSDT,-1,4935.77985156719,0.074792585,0.07377687,0.14766389363585058,0.14565855538307673,4.720023182915644
2022-12-22,BTCUSDT,-1,0.02206982956020599,16816.26766,16829.840715,0.1484528644380016,0.1485726864421861,-0.5965805613414257
2022-12-22,ETHUSDT,-1,0.30591855196576523,1213.17311,1218.318855,0.1484528644380016,0.14908253598167565,-1.8717142596047642
2022-12-22,DOGEUSDT,-1,5038.917356561357,0.07365315500000001,0.076888425,0.1484528644380016,0.15497376770046647,-16.605684788300653
2022-12-23,BTCUSDT,-1,0.021695328483407297,16813.489050000004,16786.88925,0.14590966715676873,0.14567883059733153,0.2855029008389153
2022-12-23,ETHUSDT,-1,0.2997048962117968,1217.1111400000002,1220.599995,0.1459096671567687,0.1463279179270379,-1.3378645107567642
2022-12-23,DOGEUSDT,-1,4747.712322297766,0.076831565,0.077248605,0.14590966715676873,0.14670166153552514,-2.2725972755833235
2022-12-24,BTCUSDT,1,0.021663657236175547,16786.90926,16827.70194,0.14546633930536854,0.14581982676027452,0.5924324711993213
2022-12-24,ETHUSDT,-1,0.2982407680039804,1219.37001,1221.020205,0.14546633930536854,0.14566320147503106,-0.7832849649367101
2022-12-24,DOGEUSDT,-1,4712.443623228805,0.077171395,0.07755876,0.14546633930536854,0.14619651359501337,-2.117098577012411
2022-12-25,BTCUSDT,-1,0.02156592379866959,16827.312135,16840.526055,0.14515861249593526,0.14527260065265593,-0.5754016049502712
2022-12-25,ETHUSDT,-1,0.2975025567222559,1219.8097900000002,1219.1192549999998,0.14515861249593526,0.14507643812473273,-0.0847991226143433
2022-12-25,DOGEUSDT,-1,4684.273903689532,0.077471245,0.07601799000000001,0.14515861249593526,0.14243563470717274,6.51985022470316
2022-12-26,BTCUSDT,-1,0.02168666102293887,16823.693945000003,16927.849694999997,0.1459398990955537,0.14684341527308964,-2.5515737582084883
2022-12-26,ETHUSDT,-1,0.29957018667795327,1217.91074,1228.724055,0.1459398990955537,0.14723563781281668,-3.532522330065845
2022-12-26,DOGEUSDT,-1,4803.688167796021,0.075952005,0.07571784,0.14593989909555372,0.1454899568396289,0.8334257838768129
2022-12-27,BTCUSDT,-1,0.02147129210252428,16910.930305,16714.71318,0.14523980972163403,0.143554595639077,3.92424080103187
2022-12-27,ETHUSDT,-1,0.29580266169961267,1227.50594,1212.155775,0.14523980972163403,0.14342356185582272,4.251956292950797
2022-12-27,DOGEUSDT,-1,4799.592613113071,0.075652155,0.07375686,0.14523980972163403,0.14160115216896596,8.809802919779564
2022-12-28,BTCUSDT,1,0.022062487246593578,16714.41303,16539.036345,0.14750460972346902,0.14595691137300407,-4.162707397258815
2022-12-28,ETHUSDT,-1,0.3045239546921928,1210.944225,1190.745075,0.14750460972346902,0.1450441597077007,5.858576269989611
2022-12-28,DOGEUSDT,-1,5004.693398091782,0.07368314,0.0704352,0.147504609723469,0.14100263217330972,15.966436633501397
2022-12-29,BTCUSDT,1,0.022629750836577166,16555.59366,16625.153265,0.14985958379096664,0.15048923040274295,1.2737677152470672
2022-12-29,ETHUSDT,-1,0.31494885322543353,1189.5549250000001,1201.0902449999999,0.14985958379096667,0.151312798113202,-3.9342081874924912
2022-12-29,DOGEUSDT,1,5319.8143005130005,0.070425195,0.07090453000000001,0.14985958379096664,0.15087957306606123,2.249234030879432
2022-12-30,BTCUSDT,-1,0.0225268233437623,16625.153265,16615.78374,0.14980475626545123,0.14972033001165522,-0.08845945178709949
2022-12-30,ETHUSDT,-1,0.31212451709630307,1199.87976,1200.589995,0.14980475626545123,0.1498934289680112,-0.5213799416333588
2022-12-30,DOGEUSDT,-1,5282.662347155927,0.07089453500000001,0.0684342,0.14980475626545123,0.14460590863909528,12.702708400985372
2022-12-31,BTCUSDT,1,0.022782124088928657,16615.78374,16534.128800000002,0.1514171387997932,0.15067302960957166,-2.162363143963314
2022-12-31,ETHUSDT,-1,0.3156154378456608,1199.38001,1196.728065,0.1514171387997932,0.15108234088686617,0.5344953026309733
2022-12-31,DOGEUSDT,1,5531.486405912293,0.0684342,0.07021487500000001,0.15141713879979324,0.1553570506221324,9.543005366425998
2023-01-01,BTCUSDT,1,0.023032041360090835,16550.040885,16608.441625,0.1524724904698057,0.1530105257734617,1.0396052428966658
2023-01-01,ETHUSDT,1,0.31851950106519333,1196.728065,1199.73983,0.1524724904698057,0.15285621282385595,0.6539771818319403
2023-01-01,DOGEUSDT,-1,5429.554557667705,0.07020488,0.07027512,0.1524724904698057,0.15262503923465795,-0.6864694418350389
2023-01-02,BTCUSDT,-1,0.022970685405176862,16608.861415,16681.206434999996,0.15260677220085825,0.15327149807887872,-1.9676929653308965
2023-01-02,ETHUSDT,-1,0.3180023696769578,1199.729835,1214.607,0.15260677220085825,0.15449916169048827,-5.038079657966405
2023-01-02,DOGEUSDT,-1,5435.110129493703,0.070194885,0.0714357,0.15260677220085825,0.15530435867098935,-7.051877306199611
2023-01-03,BTCUSDT,1,0.02259027743600039,16681.11639,16666.84241,0.15073241887692532,0.15060343760959896,-0.6237890248024026
2023-01-03,ETHUSDT,-1,0.31056232503628417,1213.3830050000001,1215.1572749999998,0.15073241887692532,0.15095282744350214,-0.8527066627624499
2023-01-03,DOGEUSDT,-1,5281.865466108135,0.07134431000000001,0.07052524499999999,0.15073241887692532,0.14900194242172612,4.026456776699322
2023-01-04,BTCUSDT,1,0.022637335760704123,16683.987825,16841.934820000002,0.1510724136888099,0.1525026133520936,3.271924131168398
2023-01-04,ETHUSDT,-1,0.3111167576790179,1213.95272,1257.52845,0.1510724136888099,0.1564952696212484,-13.864707514406376
2023-01-04,DOGEUSDT,-1,5360.61809060332,0.07045475500000001,0.07314655499999999,0.1510724136888099,0.15684429839932426,-14.737628488374044
2023-01-05,BTCUSDT,1,0.021901789462042014,16858.78518,16823.434075,0.1476950254392616,0.14738532445567742,-1.0693328088554341
2023-01-05,ETHUSDT,-1,0.2939130683465975,1256.281545,1251.86562,0.14769502543926163,0.14717586621272627,1.003027174686465
2023-01-05,DOGEUSDT,-1,5053.656289131625,0.07306345,0.07155576,0.1476950254392616,0.14464728661903725,7.327004738502591
2023-01-06,BTCUSDT,1,0.022069591910730588,16840.265924999996,16942.174675000002,0.14866311865317275,0.14956275246302586,1.950858653516599
2023-01-06,ETHUSDT,-1,0.2971777969967456,1250.624375,1269.77457,0.14866311865317275,0.150939523758036,-5.990615404569284
2023-01-06,DOGEUSDT,-1,5199.8841909128505,0.071474245,0.072446205,0.14866311865317278,0.1506847504284526,-5.353427307281248
2023-01-07,BTCUSDT,1,0.021730727284524874,16958.785155,16935.098215,0.1474106941120616,0.14720480033872363,-0.8093499277956799
2023-01-07,ETHUSDT,-1,0.29052271305978633,1268.4954350000003,1264.7020349999998,0.1474106941120616,0.14696986656817312,0.8076882990408965
2023-01-07,DOGEUSDT,1,5086.199447640912,0.07245621,0.072153905,0.14741069411206156,0.14679566070245395,-1.8317898788335445
2023-01-08,BTCUSDT,1,0.02170298680511817,16952.301915,17119.266085000003,0.1471662339110498,0.14861568238242484,3.3278392621440958
2023-01-08,ETHUSDT,1,0.29091318364489455,1264.69203,1289.51492,0.14716623391104977,0.1500547562939166,6.924084966962091
2023-01-08,DOGEUSDT,-1,5099.039127232607,0.072153905,0.073666815,0.1471662339110498,0.15025198882544238,-8.011805508717936
2023-01-09,BTCUSDT,1,0.021513411330668163,17136.393915,17169.670869999998,0.14746491640710158,0.14775127673540042,0.4206846276045797
2023-01-09,ETHUSDT,-1,0.28589444202220005,1289.5049250000002,1321.050195,0.1474649164071016,0.15107236335313745,-9.317154644849841
2023-01-09,DOGEUSDT,-1,5010.142819545523,0.07358319,0.07569783000000001,0.1474649164071016,0.1517027757718711,-10.893816104102724
2023-01-10,BTCUSDT,1,0.021065472033592256,17187.62952,17431.93967,0.14482621159092188,0.14688481504386097,4.854797605712971
2023-01-10,ETHUSDT,-1,0.2743461468520572,1319.7398,1336.2878099999998,0.14482621159092185,0.14664216470354954,-4.831351157863714
2023-01-10,DOGEUSDT,-1,4788.455417097904,0.075612175,0.07785890999999999,0.14482621159092188,0.14912956774353525,-11.052346160867849
2023-01-11,BTCUSDT,1,0.020538817612826117,17449.36032,17934.28837,0.14335569162918607,0.14733963113890344,9.669153451525306
2023-01-11,ETHUSDT,-1,0.26846395583329963,1334.962185,1390.084695,0.1433556916291861,0.14927505446521033,-15.091037836154992
2023-01-11,DOGEUSDT,-1,4607.665295934592,0.07778109000000001,0.07817907,0.14335569162918607,0.1440891950829765,-2.1212035211881757
2023-01-12,BTCUSDT,1,0.019823433307477472,17952.23163,18837.19669,0.14234994657507705,0.14936716491362018,17.251328734869148
2023-01-12,ETHUSDT,-1,0.2562637778063442,1388.7053,1416.62796,0.14234994657507705,0.14521217311027787,-7.443128457687437
2023-01-12,DOGEUSDT,-1,4555.436193502234,0.07812092,0.080290125,0.14234994657507705,0.14630261656232746,-10.170327531263451
2023-01-13,BTCUSDT,1,0.018866850881930793,18856.043309999997,19920.044995,0.14230166294119947,0.15033140739280673,19.78172805868415
2023-01-13,ETHUSDT,1,0.2511292166651938,1416.617955,1450.4744,0.1423016629411995,0.1457025999459668,8.21433824903108
2023-01-13,DOGEUSDT,1,4430.858182783981,0.080290125,0.08445775000000001,0.14230166294119947,0.14968812507480952,18.174165546009114
2023-01-14,BTCUSDT,1,0.018613074216216833,19939.975004999997,20944.44254,0.14845769385502944,0.1559361853657236,18.391834897514688
2023-01-14,ETHUSDT,1,0.2556203135727728,1451.935605,1549.12505,0.14845769385502944,0.15839513241777498,24.536743580591008
2023-01-14,DOGEUSDT,-1,4394.956794737451,0.084447755,0.087333645,0.1484576938550294,0.15353103860077535,-12.985350596820675
2023-01-15,BTCUSDT,1,0.01818065224707455,20963.23638,20861.06425,0.1524501242392008,0.15170710185325162,-2.1617131909653278
2023-01-15,ETHUSDT,1,0.24577868597300084,1550.684955,1551.7437400000001,0.1524501242392008,0.15255421495361196,-0.04477755316484708
2023-01-15,DOGEUSDT,1,4364.014700153669,0.087333645,0.08603696000000001,0.1524501242392008,0.1501866232786133,-5.961389148986539
2023-01-16,BTCUSDT,1,0.018119760378286668,20883.426495,21175.057175,0.15136107358678522,0.15347478480300794,4.979442182167042
2023-01-16,ETHUSDT,1,0.24361269238294764,1553.2962599999998,1576.15153,0.15136107358678522,0.1535882071307209,5.262884579121765
2023-01-16,DOGEUSDT,1,4394.255573119251,0.08611303499999999,0.08363816,0.15136107358678522,0.14701098028217585,-11.173605315392411
2023-01-17,BTCUSDT,1,0.01783770175232751,21196.242825,21124.242595000003,0.1512369031129048,0.15072317566136922,-1.586278707613219
2023-01-17,ETHUSDT,1,0.23964342722563783,1577.72847,1564.787215,0.15123690311290477,0.14999638843258442,-3.4025199923464005
2023-01-17,DOGEUSDT,1,4515.513276725981,0.083731845,0.082808575,0.1512369031129048,0.14956928793570368,-4.469844134051422
2023-01-18,BTCUSDT,1,0.01773362001170593,21142.856144999998,20667.131265000004,0.14997575073503666,0.14660122103422293,-8.73290122380356
2023-01-18,ETHUSDT,1,0.2393724934446288,1566.34278,1510.674285,0.14997575073503666,0.14464554815325273,-13.620127753348115
2023-01-18,DOGEUSDT,-1,4527.2379955074275,0.08281857000000001,0.08004,0.14997575073503666,0.1449440516641658,12.284327874777908
2023-01-19,BTCUSDT,1,0.01796145487888959,20687.808735,21061.054205,0.14863325725472018,0.15131486992198218,6.404083540978267
2023-01-19,ETHUSDT,1,0.2457242394104914,1512.19572,1550.314455,0.14863325725472015,0.1523799361207862,9.065683971789575
2023-01-19,DOGEUSDT,1,4642.468055182414,0.08004,0.08156919500000001,0.14863325725472018,0.15147295282977807,6.799132727560225
2023-01-20,BTCUSDT,1,0.017977604040929514,21082.125795,22655.876395,0.15160244395343056,0.16291935001182065,27.977743352009988
2023-01-20,ETHUSDT,1,0.24422612584234957,1551.8655449999999,1657.69074,0.15160244395343053,0.16194055490997503,25.531734392497807
2023-01-20,DOGEUSDT,1,4642.930524976223,0.08163079499999999,0.086126915,0.15160244395343056,0.15995251307021302,20.563617834932483
2023-01-21,BTCUSDT,1,0.01780179096648578,22677.333,22772.158225,0.16147885669735598,0.16215408023087596,1.3644258968717589
2023-01-21,ETHUSDT,1,0.2432849535711544,1659.3592649999998,1625.8466700000001,0.16147885669735595,0.15821761264990641,-8.472806587971087
2023-01-21,DOGEUSDT,-1,4687.779611061216,0.08611692,0.08471233499999999,0.16147885669735595,0.15884510272735497,6.264060965577771
2023-01-22,BTCUSDT,1,0.01769775273554982,22794.741674999997,22696.526060000004,0.1613662807339531,0.16067100246633714,-2.0602329522401366
2023-01-22,ETHUSDT,1,0.24788005704207355,1627.463325,1626.6262800000002,0.1613662807339531,0.1612832860290144,-0.5301363291096909
2023-01-22,DOGEUSDT,1,4761.621336649609,0.08472234000000001,0.08819588,0.16136628073395307,0.1679821536050354,16.210333743366878
2023-01-23,BTCUSDT,1,0.017957872585413363,22717.37301,22904.991775000002,0.16318227599555538,0.16452996954615645,3.0415216309609523
2023-01-23,ETHUSDT,1,0.25054952537549846,1628.243715,1625.4768550000001,0.16318227599555538,0.1629049818116432,-1.019322717587638
2023-01-23,DOGEUSDT,-1,4626.6126714330685,0.08817589,0.088554255,0.16318227599555538,0.16388249531692606,-2.0776130747392156
2023-01-24,BTCUSDT,1,0.017791113196496677,22929.268905,22621.573555,0.16317488744070657,0.16098519031995231,-5.798402879646354
2023-01-24,ETHUSDT,-1,0.2509661861711327,1625.46686,1556.747985,0.1631748874407066,0.1562764418500183,16.926662647430078
2023-01-24,DOGEUSDT,-1,4611.244935559706,0.08846574500000001,0.08396195999999999,0.1631748874407066,0.15486766513186664,20.450013219527307
2023-01-25,BTCUSDT,1,0.018480703930210295,22643.25597,23049.40953,0.1673853238390147,0.17038772531603907,7.168230643405895
2023-01-25,ETHUSDT,1,0.2688060711365152,1556.747985,1611.1340300000002,0.1673853238390147,0.1732330434714562,14.2786807137933
2023-01-25,DOGEUSDT,1,4983.96308992235,0.08396195999999999,0.08649673000000001,0.1673853238390147,0.17243860388759172,12.293376193715966
2023-01-26,BTCUSDT,1,0.01862478326293634,23071.950209999995,22998.145175,0.17188402884580337,0.17133418773356804,-1.7178209971676894
2023-01-26,ETHUSDT,1,0.2664445699012266,1612.755975,1600.289455,0.17188402884580337,0.17055537422197736,-3.664075962632806
2023-01-26,DOGEUSDT,1,4962.3954298357285,0.086593275,0.086286835,0.17188402884580337,0.17127575826359584,-1.863836242628216
2023-01-27,BTCUSDT,1,0.018560964076818367,23021.154825,23062.62292,0.17091793108547956,0.1712258062141312,0.42754408432948376
2023-01-27,ETHUSDT,1,0.26674575103690246,1601.8805399999999,1596.82119,0.17091793108547956,0.17037810703927614,-1.6908561536333067
2023-01-27,DOGEUSDT,1,4946.505525482555,0.08638317,0.087186385,0.17091793108547954,0.17250717405973975,3.6296823305052994
2023-01-28,BTCUSDT,1,0.01854323983881911,23085.697079999998,23011.0887,0.17123344712030641,0.17068005468657613,-1.7253945861325977
2023-01-28,ETHUSDT,1,0.2678186058921053,1598.4088049999998,1571.31395,0.1712334471203064,0.16833084460312692,-7.596070584672126
2023-01-28,DOGEUSDT,1,4905.074893491761,0.087273615,0.08768613500000001,0.1712334471203064,0.1720428237183317,1.6801652242246492
2023-01-29,BTCUSDT,1,0.01847515163676524,23032.9107,23730.42885,0.17021460712742906,0.17536930856368743,12.541169674954842
2023-01-29,ETHUSDT,1,0.2705450390500778,1572.8860499999998,1643.8976400000001,0.17021460712742906,0.17789934048325234,18.86371944194751
2023-01-29,DOGEUSDT,-1,4852.951014645275,0.08768613500000001,0.090135045,0.17021460712742906,0.17496838323513902,-12.229623259637455
2023-01-30,BTCUSDT,1,0.01818244069379704,23755.241684999997,22814.736925,0.1727713092417311,0.16593104043335757,-17.439374370608835
2023-01-30,ETHUSDT,-1,0.262744854946992,1643.907635,1566.9831,0.17277130924173106,0.16468669892555515,19.87406778227255
2023-01-30,DOGEUSDT,-1,4796.8070293813535,0.09004495500000001,0.08841418499999999,0.1727713092417311,0.16964231364200935,7.480075376420573
2023-01-31,BTCUSDT,1,0.019056750629708463,22838.79369,23113.567435,0.1740932784134757,0.17618779630869813,4.886013663333972
2023-01-31,ETHUSDT,1,0.27775054953652084,1566.993105,1584.537335,0.17409327841347566,0.1760424462229537,4.5227837990586774
2023-01-31,DOGEUSDT,-1,4929.819104431522,0.08828583500000001,0.09616805999999999,0.17409327841347566,0.18963645576964672,-39.22167312461077
2023-02-01,BTCUSDT,1,0.018381865498628577,23136.692565,23720.793670000003,0.17011822832517992,0.17441297550506407,10.392336745880113
2023-02-01,ETHUSDT,-1,0.2684053219384336,1584.52734,1642.50084,0.17011822832517995,0.17634238669773905,-15.906856546420652
2023-02-01,DOGEUSDT,-1,4426.384323056668,0.096081935,0.094077015,0.17011822832517992,0.16656840974238682,8.537859818915178
2023-02-02,BTCUSDT,1,0.017954698252916353,23743.275705,23477.19553,0.17052134032762992,0.16861038462634664,-5.116520978162139
2023-02-02,ETHUSDT,-1,0.2598065440214151,1640.849165,1643.9415599999998,0.17052134032762992,0.17084271011070953,-1.1447885081373577
2023-02-02,DOGEUSDT,1,4531.429391324488,0.094077015,0.09094450500000001,0.17052134032762992,0.16484344117458277,-14.530112664120045
2023-02-03,BTCUSDT,1,0.01784483827854495,23501.074665,23420.184050000003,0.16774915070757399,0.16717175873040319,-1.7784008523649588
2023-02-03,ETHUSDT,1,0.2551020589618374,1643.9415599999998,1662.6882400000002,0.16774915070757396,0.16966207737425348,4.444905438616979
2023-02-03,DOGEUSDT,1,4606.696286640007,0.091035495,0.092883535,0.16774915070757399,0.17115449430979887,8.17445536054487
2023-02-04,BTCUSDT,1,0.018042717087102506,23443.61595,23315.176580000003,0.16919461203381353,0.16826765394751128,-2.6548574817369412
2023-02-04,ETHUSDT,1,0.2541449111001234,1664.3517599999998,1665.5468100000003,0.16919461203381353,0.16931609838421766,-0.03479483440770362
2023-02-04,DOGEUSDT,-1,4553.945218434395,0.092883535,0.095717835,0.16919461203381353,0.17435751080685696,-13.250799055449267
2023-02-05,BTCUSDT,1,0.017895678955237436,23339.323829999998,22921.443545000002,0.16706921851760104,0.1640779179487678,-7.809398558549413
2023-02-05,ETHUSDT,1,0.2505201748311824,1667.223195,1628.20549,0.16706921851760098,0.1631593296063564,-10.10495082623545
2023-02-05,DOGEUSDT,-1,4367.952203278419,0.09562216500000001,0.092076015,0.16706921851760104,0.1608734530353387,15.161471034102878
2023-02-06,BTCUSDT,1,0.01816372831026706,22944.376454999998,22751.138740000002,0.16670216807084337,0.1652982011290207,-3.8419177237566027
2023-02-06,ETHUSDT,1,0.25570570260698616,1629.8245049999998,1613.482855,0.16670216807084337,0.1650307068328404,-4.510385969911099
2023-02-06,DOGEUSDT,1,4526.210437942046,0.092076015,0.08950522500000001,0.16670216807084337,0.16204779345814058,-11.96468649328597
2023-02-07,BTCUSDT,1,0.018002321404408796,22773.90126,23228.83977,0.16399323604591617,0.1672692157564213,7.858686824460506
2023-02-07,ETHUSDT,1,0.25384580185239447,1615.0871399999999,1670.194485,0.16399323604591617,0.16958874331770882,13.655186200117948
2023-02-07,DOGEUSDT,1,4575.46003812286,0.08960478,0.09248373500000001,0.1639932360459162,0.16926225346753784,12.839288064540618
2023-02-08,BTCUSDT,1,0.01812304966716637,23254.041209999996,22951.518500000002,0.1685736575244654,0.16638060388495512,-5.817588360185077
2023-02-08,ETHUSDT,-1,0.25232638928942663,1670.194485,1651.255215,0.16857365752446538,0.16666210647851434,4.443641850874599
2023-02-08,DOGEUSDT,-1,4557.338589432669,0.09247374000000001,0.09022509,0.1685736575244654,0.16447451375681427,9.914811247846577
2023-02-09,BTCUSDT,1,0.018468418885756722,22973.330925,21785.451825,0.16971243948960357,0.16093713996782932,-22.2688983838931
2023-02-09,ETHUSDT,1,0.25694614958126594,1651.24521,1544.577325,0.16971243948960357,0.15874927855571264,-27.736364052772608
2023-02-09,DOGEUSDT,1,4702.995055915636,0.090215085,0.08139928,0.16971243948960354,0.15312816455803702,-41.783527932963956
2023-02-10,BTCUSDT,1,0.01805170933170204,21808.728915,21614.377405,0.15747393410698624,0.1560705833203073,-3.8219214841246836
2023-02-10,ETHUSDT,1,0.2546271661577343,1546.1226749999998,1512.30347,0.15747393410698624,0.15402941877464327,-8.922791683739053
2023-02-10,DOGEUSDT,1,4831.631768441242,0.08148071999999999,0.080849555,0.15747393410698626,0.15625411136093498,-3.363284910596085
2023-02-11,BTCUSDT,1,0.01794765464968025,21636.002594999998,21851.618725,0.15532620102985828,0.15687412256511454,3.5576035145456273
2023-02-11,ETHUSDT,1,0.25651593923116806,1513.806525,1537.740745,0.15532620102985828,0.15778200459908445,5.8264007174364885
2023-02-11,DOGEUSDT,1,4799.3253598827605,0.08091043499999999,0.08220887500000001,0.15532620102985825,0.15781885543797278,5.9184909638184635
2023-02-12,BTCUSDT,1,0.017986431466276077,21872.95101,21772.648230000003,0.15736653372263165,0.1566448980912929,-2.1181005101608585
2023-02-12,ETHUSDT,-1,0.25584214551642354,1537.7307500000002,1515.5874149999997,0.15736653372263168,0.15510045438851608,5.352731347177877
2023-02-12,DOGEUSDT,-1,4784.9883403478925,0.08221887,0.082191075,0.15736653372263165,0.15731333422226368,-0.18168111702493941
2023-02-13,BTCUSDT,1,0.018098896758266116,21793.261185,21763.083015000004,0.1577735936852973,0.157555117052024,-0.8615202939206452
2023-02-13,ETHUSDT,1,0.2602532748315662,1515.5774099999999,1504.48738,0.1577735936852973,0.15661910703510518,-3.2006093262006754
2023-02-13,DOGEUSDT,1,4797.819955949289,0.082211085,0.082048955,0.1577735936852973,0.15746244546551408,-1.0931065886088525
2023-02-14,BTCUSDT,1,0.018026451539586336,21785.517315,22188.74008,0.15708622885746662,0.15999369911063882,6.951595704962379
2023-02-14,ETHUSDT,-1,0.2610277549627938,1504.4973750000001,1556.4878549999999,0.15708622885746662,0.1625146121670018,-13.890559114862421
2023-02-14,DOGEUSDT,-1,4786.356781066456,0.082048955,0.08364179999999999,0.15708622885746662,0.1601357986442417,-7.94114649443942
2023-02-15,BTCUSDT,1,0.017457862517548363,22210.93992,24311.887975,0.15510221420355466,0.16977343912383494,36.35318664737326
2023-02-15,ETHUSDT,-1,0.24937295768079878,1554.92215,1675.75746,0.1551022142035547,0.16715543766234517,-30.455316298842085
2023-02-15,DOGEUSDT,-1,4640.544381148549,0.0835582,0.08932464,0.1551022142035547,0.1658059825000468,-27.08032893793383
2023-02-16,BTCUSDT,1,0.015643896618582114,24335.031434999997,23505.961140000003,0.15227788639163437,0.14708993039782745,-13.269257801306743
2023-02-16,ETHUSDT,-1,0.2274049856460995,1674.08254,1638.6589199999999,0.15227788639163434,0.14905568327258115,7.754174227968726
2023-02-16,DOGEUSDT,-1,4266.664708842444,0.089225365,0.084932445,0.15227788639163434,0.14495130628688074,18.019221069205415
2023-02-17,BTCUSDT,1,0.016356620735247414,23529.47886,24557.685015000003,0.15394510472441666,0.1606722959704095,16.503360714287243
2023-02-17,ETHUSDT,1,0.23486590586186779,1638.6489149999998,1693.023065,0.1539451047244167,0.15905335832250436,12.457635532172235
2023-02-17,DOGEUSDT,1,4531.3985934473185,0.084932445,0.087666145,0.1539451047244167,0.1589000984583795,12.074639131724163
2023-02-18,BTCUSDT,1,0.01621370256351974,24580.524120000002,24619.634025000003,0.15941652277484114,0.15967016932162414,0.3150296748610671
2023-02-18,ETHUSDT,1,0.23517521792241652,1694.6569049999998,1690.77419,0.15941652277484114,0.15905127543633893,-1.231586144466753
2023-02-18,DOGEUSDT,1,4541.581756574716,0.08775385499999999,0.08877559,0.15941652277484114,0.16127263998926272,4.319603873289807
2023-02-19,BTCUSDT,1,0.01621772926380906,24644.366025,24259.62412,0.15987026242866573,0.15737440640797287,-6.556884720568768
2023-02-19,ETHUSDT,1,0.23614991434991786,1692.4658099999997,1678.910125,0.15987026242866573,0.15858979288798397,-3.5196339070210176
2023-02-19,DOGEUSDT,-1,4502.089550423312,0.08877559,0.087013485,0.15987026242866573,0.15669700062576625,7.616587244194237
2023-02-20,BTCUSDT,1,0.016424191431725917,24284.646254999996,24829.7789,0.15954227157754633,0.1631236167444116,8.630697028841213
2023-02-20,ETHUSDT,1,0.23733217686575395,1680.57987,1702.418365,0.1595422715775463,0.16161546260067505,4.861819823643653
2023-02-20,DOGEUSDT,1,4583.31053999174,0.08702349,0.088245855,0.15954227157754633,0.16178326293283313,5.2811528537066375
2023-02-21,BTCUSDT,1,0.016298217118546454,24856.311944999998,24439.93392,0.1620454275383719,0.15933093975643528,-7.10759582213634
2023-02-21,ETHUSDT,1,0.23772573537330255,1704.121635,1658.93012,0.1620454275383719,0.15774815308396845,-11.062979716630968
2023-02-21,DOGEUSDT,-1,4590.73764819809,0.088245855,0.08550272999999999,0.16204542753837187,0.1570082406538865,12.273913543021186
2023-02-22,BTCUSDT,1,0.01647997954970393,24462.895334999997,24170.118895,0.16125920593893905,0.15932922604140504,-5.145538175815427
2023-02-22,ETHUSDT,1,0.2427725176238632,1660.5998849999999,1642.3184300000003,0.16125920593893908,0.15948391199646816,-4.758977974112671
2023-02-22,DOGEUSDT,1,4715.030910093136,0.08550272999999999,0.08545725000000001,0.16125920593893905,0.1611734300966227,-0.5368722418264692
2023-02-23,BTCUSDT,1,0.016519078204226403,24194.301105,23928.229900000002,0.1598670208200385,0.15810892040272342,-4.7132269845104595
2023-02-23,ETHUSDT,1,0.2431109869099143,1643.971575,1649.704735,0.1598670208200385,0.16042453849432348,1.0735026263980818
2023-02-23,DOGEUSDT,1,4672.138223871646,0.08554275,0.08420787500000002,0.1598670208200385,0.15737233261540226,-6.553959865026036
2023-02-24,BTCUSDT,1,0.01654420687789997,23952.1701,23173.697355000004,0.15850786292362,0.15335617726678538,-13.191078182277
2023-02-24,ETHUSDT,1,0.23996778075897346,1651.3452599999998,1606.9961,0.15850786292362,0.15425091512213018,-10.955128281770328
2023-02-24,DOGEUSDT,1,4701.704908574322,0.08428211999999999,0.08087954000000001,0.15850786292362,0.1521086920884933,-16.30854364282881
2023-02-25,BTCUSDT,1,0.016502449266168253,23195.63202,23145.491465000003,0.15311389624270313,0.15278291945667713,-1.1333387807643684
2023-02-25,ETHUSDT,1,0.2379608433168401,1608.6038999999998,1593.78271,0.15311389624270316,0.15170315109415952,-3.831679918695953
2023-02-25,DOGEUSDT,1,4728.629883633858,0.08095045499999999,0.08070962500000001,0.15311389624270313,0.15265837786875297,-1.4445682089869205
2023-02-26,BTCUSDT,1,0.016429452544987448,23168.648534999997,23543.072575,0.15225928465491018,0.15471991745366317,5.8446027947739365
2023-02-26,ETHUSDT,1,0.23859447794776834,1595.37729,1640.53932,0.15225928465491015,0.15656944904327477,10.466582237213311
2023-02-26,DOGEUSDT,1,4711.553964655757,0.080790375,0.08211892,0.15225928465491015,0.15476308923969959,5.952489088078975
2023-02-27,BTCUSDT,1,0.016466905906625036,23566.627425,23480.343955,0.15522777453758563,0.1546594458248708,-1.7307090021495357
2023-02-27,ETHUSDT,-1,0.23654847360925818,1640.549315,1634.266725,0.15522777453758563,0.15463331970766053,1.1762759805675496
2023-02-27,DOGEUSDT,-1,4725.125570500523,0.08212891500000001,0.08140068,0.15522777453758563,0.15385137380965222,3.131922671486247
2023-02-28,BTCUSDT,1,0.01654745203361543,23503.836045,23129.999215,0.15557143982423957,0.15309702101911002,-6.494715473667198
2023-02-28,ETHUSDT,1,0.23798355165103108,1634.266725,1604.4273850000002,0.15557143982423957,0.15273093097939053,-7.409574482926252
2023-02-28,DOGEUSDT,-1,4782.733052374257,0.08131932,0.080890425,0.15557143982423957,0.15475092370724036,1.74096792896657
2023-03-01,BTCUSDT,1,0.016622978388058176,23153.140785,23617.155515000002,0.15394966355388934,0.1570349862853016,7.402322178691502
2023-03-01,ETHUSDT,1,0.2396413109415012,1606.04262,1664.38739,0.1539496635538893,0.15954239042164148,13.668325115404876
2023-03-01,DOGEUSDT,-1,4762.729650350509,0.08080957500000001,0.08197096499999999,0.1539496635538893,0.1561622181893375,-5.84149847036373
2023-03-02,BTCUSDT,1,0.016494270952983465,23641.574879999996,23453.587340000002,0.155980216730387,0.1547399297621691,-3.4114375670372845
2023-03-02,ETHUSDT,-1,0.23428932617913686,1664.3973850000002,1648.68393,0.155980216730387,0.1545076188168285,3.3710069483490424
2023-03-02,DOGEUSDT,-1,4761.938418568096,0.08188903500000001,0.08060028,0.155980216730387,0.1535254279517383,5.827466301939679
2023-03-03,BTCUSDT,1,0.016692025161576845,23477.052659999998,22343.16283,0.15675182148815384,0.1491810544590274,-19.232850448763212
2023-03-03,ETHUSDT,1,0.23769234756863591,1648.68393,1568.665275,0.15675182148815384,0.14914389270565995,-19.325717670428546
2023-03-03,DOGEUSDT,1,4861.4088601768935,0.080610285,0.07680158000000001,0.15675182148815384,0.14934555259503382,-18.8217696068832
2023-03-04,BTCUSDT,1,0.016666405325889436,22365.51717,22335.396715000003,0.14910110979134383,0.14890030990669179,-0.8000011313281917
2023-03-04,ETHUSDT,1,0.2373866585318062,1570.234725,1565.946635,0.14910110979134386,0.1486939356487104,-1.31573040202371
2023-03-04,DOGEUSDT,1,4848.600874970631,0.07687842,0.07458269000000001,0.14910110979134386,0.14464867839666534,-11.424828274884314
2023-03-05,BTCUSDT,1,0.01647032304862968,22357.743284999997,22419.024880000004,0.14729570181691234,0.14769943288354653,0.7143325318849565
2023-03-05,ETHUSDT,-1,0.2351529074865125,1565.9566300000001,1565.3622899999998,0.14729570181691237,0.14723979750529811,-0.1547747202865992
2023-03-05,DOGEUSDT,1,4932.39382107768,0.07465731,0.07470263,0.14729570181691234,0.14738511625210085,-0.07114473009776551
2023-03-06,BTCUSDT,1,0.016416139547673913,22441.45512,22398.795000000002,0.1473608235611125,0.1470806977678963,-0.9947560043694715
2023-03-06,ETHUSDT,1,0.2353476993217416,1565.352285,1565.05708,0.14736082356111246,0.14733303323408117,-0.36416967437344394
2023-03-06,DOGEUSDT,-1,4930.921098044422,0.074712625,0.07482739499999999,0.14736082356111246,0.14758719228688147,-0.8608698302704846
2023-03-07,BTCUSDT,1,0.0163983963822567,22420.614705,22186.86102,0.1470648508265774,0.1455315765936001,-4.125782009863345
2023-03-07,ETHUSDT,-1,0.23491930854460807,1565.05708,1562.74098,0.14706485082657736,0.1468472121823693,0.25018454751122143
2023-03-07,DOGEUSDT,-1,4917.727942399586,0.07476260000000001,0.07410703499999999,0.14706485082657736,0.14577529469915362,2.9310501730335745
2023-03-08,BTCUSDT,1,0.016539978094162088,22209.65928,21694.58728,0.1469389111880015,0.143531199349235,-8.809749707453495
2023-03-08,ETHUSDT,-1,0.2353026943831426,1561.1690250000001,1533.14619,0.1469389111880015,0.14430137175609978,6.302608296810181
2023-03-08,DOGEUSDT,-1,4961.941993948287,0.074032965,0.07115555999999999,0.1469389111880015,0.14122790450676279,13.98934988740207
2023-03-09,BTCUSDT,1,0.01709283366448732,21715.222185,20352.038890000003,0.14846987231823597,0.1391496061919789,-23.588284794152887
2023-03-09,ETHUSDT,1,0.2420999923011842,1533.14619,1436.60134,0.14846987231823597,0.13912046934154837,-23.661097783378768
2023-03-09,DOGEUSDT,1,5216.383383049616,0.07115555999999999,0.065917025,0.14846987231823597,0.13753938954802647,-27.612216187390025
2023-03-10,BTCUSDT,1,0.016994608671912007,20372.391105,20140.614655,0.1384883258162464,0.13691274578940044,-4.214351138720585
2023-03-10,ETHUSDT,1,0.2407590450597594,1438.03866,1425.7267800000002,0.1384883258162464,0.1373026472275703,-3.239987444734106
2023-03-10,DOGEUSDT,1,5245.532676145117,0.066002985,0.06568714,0.1384883258162464,0.1378256157090076,-1.9330892096222831
2023-03-11,BTCUSDT,1,0.017017790052698212,20160.765344999996,20445.502135000002,0.1372366687771695,0.13917490514216924,4.569179338579988
2023-03-11,ETHUSDT,-1,0.24064503943041096,1425.716785,1472.705985,0.1372366687771695,0.14175975593189089,-11.586714311512525
2023-03-11,DOGEUSDT,1,5217.8973194918635,0.06575286,0.06600698,0.13723666877716953,0.13776705760390126,1.0509683404482562
2023-03-12,BTCUSDT,1,0.01666683859357014,20465.957864999997,21986.111445000002,0.1364411265595049,0.1465755883016241,25.05313764043678
2023-03-12,ETHUSDT,-1,0.2318544041668591,1471.1940350000002,1581.1201649999998,0.13644112655950494,0.14663586950891236,-25.76993436958702
2023-03-12,DOGEUSDT,1,5162.512874373871,0.06607302,0.070474745,0.1364411265595049,0.14553071135228626,22.441990144041586
2023-03-13,BTCUSDT,-1,0.015843168232662876,21987.050975000002,24125.53674,0.13933781901482373,0.15288997491004364,-34.1726175319746
2023-03-13,ETHUSDT,-1,0.22053546217595665,1579.539835,1674.286725,0.13933781901482373,0.14769583868517755,-21.182082833584502
2023-03-13,DOGEUSDT,-1,4942.828066097427,0.070474745,0.07282639499999999,0.13933781901482375,0.1439873396634789,-11.907126780316231
2023-03-14,BTCUSDT,1,0.01351017792847602,24124.326135,24658.074795,0.13036957539537367,0.13325399114164793,6.9474157991486445
2023-03-14,ETHUSDT,-1,0.19486027702183759,1672.60328,1700.2497,0.1303695753953737,0.1325244510193185,-5.650083086276771
2023-03-14,DOGEUSDT,-1,4479.832146990299,0.072753605,0.07459728,0.13036957539537367,0.13367331720881462,-8.523397426206541
2023-03-15,BTCUSDT,1,0.013106939587300094,24682.745205,24273.517170000003,0.12940610010026243,0.12726060924739266,-5.620393841522137
2023-03-15,ETHUSDT,1,0.19027402066830493,1700.259705,1649.1350200000002,0.12940610010026243,0.12551502035212223,-9.982620490802919
2023-03-15,DOGEUSDT,-1,4341.744987190523,0.07451272500000002,0.06966481499999999,0.1294061001002624,0.12098674452392204,20.797996096226733
2023-03-16,BTCUSDT,1,0.01338585686591578,24297.802829999997,24986.28061,0.13009876433544934,0.13378511034282675,8.951981143765241
2023-03-16,ETHUSDT,1,0.19702679999654302,1650.774975,1672.893135,0.1300987643354493,0.13184191245009394,4.095929609825992
2023-03-16,DOGEUSDT,1,4668.069624559107,0.06967481999999998,0.07252372,0.13009876433544934,0.13541830975681193,13.03334647931425
2023-03-17,BTCUSDT,1,0.013351602612663943,25011.279389999996,27381.432435000002,0.1335762652998367,0.1462344019350509,31.365530920800598
2023-03-17,ETHUSDT,-1,0.1996186464412694,1672.893135,1790.1646349999999,0.1335762652998367,0.14294009653829162,-23.686094457975422
2023-03-17,DOGEUSDT,1,4599.969354484717,0.07259628,0.07638179,0.1335762652998367,0.1405415572962749,17.139112168499356
2023-03-18,BTCUSDT,1,0.01248552175323106,27408.827565,26894.036255000003,0.13688540511734665,0.13431442987759493,-6.698637934374216
2023-03-18,ETHUSDT,1,0.19116421959222962,1790.15463,1757.96058,0.13688540511734662,0.13442366493984134,-6.425659513820419
2023-03-18,DOGEUSDT,-1,4480.302344228468,0.07638179,0.072986475,0.13688540511734665,0.130800590015789,14.94435175876099
2023-03-19,BTCUSDT,1,0.012734330594455,26920.943745,27958.883565,0.1371280790254222,0.14241506654743383,12.937925659456255
2023-03-19,ETHUSDT,1,0.194815260698524,1759.71942,1779.7896600000001,0.13712807902542218,0.13869207464057498,3.634168884215994
2023-03-19,DOGEUSDT,1,4696.393546148465,0.07299647999999999,0.07446275,0.1371280790254222,0.13988255141138667,6.609170334474327
2023-03-20,BTCUSDT,1,0.01252542552145589,27986.856434999998,27703.151495,0.1402189143425084,0.13879750430409277,-3.8325415146857083
2023-03-20,ETHUSDT,1,0.19676419539070567,1781.560335,1731.91361,0.1402189143425084,0.13631143518314498,-10.045228247934253
2023-03-20,DOGEUSDT,-1,4707.054719901502,0.074472745,0.071405685,0.1402189143425084,0.13444418664281996,14.16215614823582
2023-03-21,BTCUSDT,1,0.012644468068316025,27730.868505,28091.417265000004,0.14025683252725724,0.14208041144041364,4.276610038923333
2023-03-21,ETHUSDT,1,0.20225814614414836,1733.6363849999998,1800.3293850000002,0.1402568325272572,0.14565251354357392,13.203293194720944
2023-03-21,DOGEUSDT,-1,4916.164378687984,0.07132432000000001,0.07663829999999999,0.1402568325272572,0.15070659220128133,-26.415362609788822
2023-03-22,BTCUSDT,1,0.012362750777611667,28121.863905,27237.344515000004,0.13906543794377127,0.13469140083315728,-11.20884961531195
2023-03-22,ETHUSDT,-1,0.19311110386582295,1800.3293850000002,1735.1971649999998,0.1390654379437713,0.1340343359831986,12.304655127504741
2023-03-22,DOGEUSDT,-1,4540.366970581338,0.076571695,0.07388692499999999,0.13906543794377127,0.1341895015311282,11.916586092132773
2023-03-23,BTCUSDT,1,0.012910554969399603,27264.595484999998,28281.262295,0.1408004234910147,0.14605071658544236,12.838881595992717
2023-03-23,ETHUSDT,1,0.20285823203896552,1735.20717,1812.8831050000001,0.14080042349101468,0.14710330462944413,15.469299117953186
2023-03-23,DOGEUSDT,1,4764.050726532965,0.07388692499999999,0.07732132,0.14080042349101468,0.14734507628899518,16.073486495171203
2023-03-24,BTCUSDT,1,0.012956571840115975,28309.567709999996,27440.742765000003,0.14671797911889697,0.1422151819923461,-11.545925977488464
2023-03-24,ETHUSDT,1,0.20212574952654366,1814.68689,1748.695215,0.146717979118897,0.14138253241014218,-13.62671728341611
2023-03-24,DOGEUSDT,1,4739.033634646515,0.07739868,0.074492735,0.146717979118897,0.14120943068072386,-14.059298505232453
2023-03-25,BTCUSDT,1,0.012877356299977315,27468.187229999996,27449.218525000004,0.14148705355007876,0.14138934684094512,-0.5271431732250826
2023-03-25,ETHUSDT,1,0.20207300276266463,1750.444785,1741.0090600000003,0.14148705355007873,0.14072437143648167,-2.188916708979222
2023-03-25,DOGEUSDT,1,4743.604769132902,0.074567265,0.07398299000000001,0.14148705355007876,0.14037842567948475,-3.053435155714601
2023-03-26,BTCUSDT,1,0.01280337806022333,27476.691479999998,27954.065975,0.14071778754502293,0.1431625899993402,5.828125758248876
2023-03-26,ETHUSDT,1,0.2018615860637879,1742.75094,1772.9930600000002,0.1407177875450229,0.14315967646867547,5.820844845117772
2023-03-26,DOGEUSDT,1,4750.961485377528,0.074047005,0.07432282,0.1407177875450229,0.14124194212185867,1.028426712422515
2023-03-27,BTCUSDT,1,0.01272317329218244,27982.034024999997,27111.347545,0.14240810718712812,0.13797694919984801,-11.358280024587273
2023-03-27,ETHUSDT,1,0.20060113806707505,1774.76694,1714.3623900000002,0.14240810718712812,0.13756121859735632,-12.397190800213972
2023-03-27,DOGEUSDT,-1,4790.187831514201,0.07432282,0.072906435,0.14240810718712812,0.13969420711043246,6.502647877441644
2023-03-28,BTCUSDT,1,0.012906749143607697,27138.46245,27247.439465,0.14010773079414687,0.14067034639215653,1.1257609178378747
2023-03-28,ETHUSDT,1,0.20411161306513162,1716.067605,1772.103505,0.14010773079414685,0.14468276196956942,11.15278744579271
2023-03-28,DOGEUSDT,1,4803.049524563649,0.07292644499999999,0.07377309500000001,0.14010773079414685,0.1417343315461356,3.784659817631619
2023-03-29,BTCUSDT,1,0.013038598158292447,27274.69053,28334.4257,0.1422494918849818,0.14777647629931767,13.527435067655432
2023-03-29,ETHUSDT,-1,0.20067773859431376,1772.1135000000002,1793.9665349999998,0.1422494918849818,0.1440036589430707,-4.6716707960503685
2023-03-29,DOGEUSDT,-1,4820.5071200070215,0.07377309500000001,0.075607785,0.1422494918849818,0.14578714636818402,-9.132172846258781
2023-03-30,BTCUSDT,-1,0.012547690123851821,28334.4257,28042.544264999997,0.1422126374083613,0.1407476622886472,3.379477499588226
2023-03-30,ETHUSDT,1,0.19818294790058444,1793.95653,1792.713195,0.1422126374083613,0.1421140742901501,-0.5307345072264624
2023-03-30,DOGEUSDT,-1,4707.019296612753,0.075532215,0.07425710999999999,0.1422126374083613,0.13981185987227832,5.719919342926824
2023-03-31,BTCUSDT,1,0.012780146156232972,28042.544264999997,28451.127320000003,0.14335512571973308,0.14544382618367718,4.932952207956847
2023-03-31,ETHUSDT,1,0.19971493640965685,1794.4968,1820.60924,0.14335512571973308,0.14544114343737347,4.926248024943895
2023-03-31,DOGEUSDT,1,4826.960112442534,0.074247105,0.07691152500000001,0.14335512571973308,0.14849954534485074,12.569194391729624
2023-04-01,BTCUSDT,1,0.012846530143593196,28479.592679999998,28438.503635,0.14634557833635045,0.14613443767428488,-0.820331671174554
2023-04-01,ETHUSDT,1,0.20075601985607186,1822.43076,1819.879605,0.14634557833635045,0.1461407144468161,-0.8046460166190595
2023-04-01,DOGEUSDT,-1,4756.945670247418,0.07691152500000001,0.08185090499999999,0.14634557833635045,0.15574412325823309,-23.79845200630118
2023-04-02,BTCUSDT,1,0.012554533020168028,28466.96637,28157.784065,0.14295578771047113,0.14140313192752146,-4.165998377012135
2023-04-02,ETHUSDT,1,0.19618347091622124,1821.7104,1793.6127450000001,0.1429557877104711,0.1407508695174685,-5.796002139734419
2023-04-02,DOGEUSDT,-1,4370.715724274284,0.081769095,0.07906951499999999,0.1429557877104711,0.13823614900849654,11.517904818217433
2023-04-03,BTCUSDT,1,0.01269810060260902,28185.955934999998,27786.100000000002,0.1431632416173339,0.1411322772616618,-5.361706408059237
2023-04-03,ETHUSDT,1,0.19934647308937983,1795.4072549999999,1809.604745,0.14316324161733393,0.14429532944062262,2.542760987163831
2023-04-03,DOGEUSDT,1,4526.499296768607,0.07906951499999999,0.09595200000000001,0.1431632416173339,0.17373066420941657,76.10166257437987
2023-04-04,BTCUSDT,1,0.0137462087815024,27813.899999999998,28151.387265,0.15293427057113182,0.15478993873344715,4.331446196483695
2023-04-04,ETHUSDT,1,0.21107014273644814,1811.415255,1869.434815,0.15293427057113185,0.15783274929541424,11.93542979083941
2023-04-04,DOGEUSDT,-1,3984.2405988728096,0.09596199500000001,0.09516755999999998,0.15293427057113185,0.1516681824990656,2.860617727095418
2023-04-05,BTCUSDT,1,0.013794097845391833,28179.552735,28155.924995,0.15548460306638762,0.15535423372341742,-0.6367621942152821
2023-04-05,ETHUSDT,-1,0.20792884902869588,1869.4448100000002,1909.644345,0.15548460306638764,0.15882806028400312,-8.672955707389113
2023-04-05,DOGEUSDT,-1,4089.4422780892974,0.09505245000000001,0.092716335,0.15548460306638764,0.15166324008739618,9.24625960432485
2023-04-06,BTCUSDT,1,0.01379112420786453,28184.095004999996,28019.80309,0.1554761419600837,0.15456983387763853,-2.575816181950566
2023-04-06,ETHUSDT,1,0.20354177067228965,1909.63434,1871.473795,0.1554761419600837,0.15236923600043586,-8.0751102770801
2023-04-06,DOGEUSDT,1,4191.800893901444,0.09272633999999999,0.08536729500000001,0.1554761419600837,0.14313708139637935,-31.146264632617335
2023-04-07,BTCUSDT,1,0.013361380608122154,28047.846915000002,27892.376835000003,0.14990318314786394,0.14907226518304184,-2.376270360386094
2023-04-07,ETHUSDT,1,0.20004735743421212,1873.346205,1862.78814,0.14990318314786394,0.14905833794671647,-2.411074523963214
2023-04-07,DOGEUSDT,1,4385.559917262536,0.08545270499999999,0.08217889,0.14990318314786397,0.14416017841165085,-14.6515752020923
2023-04-08,BTCUSDT,1,0.01319034566000032,27920.293169999997,27924.41081,0.1473113271363384,0.1473330523742998,-0.24033128460714134
2023-04-08,ETHUSDT,1,0.19750407553964003,1864.6618649999998,1847.89559,0.14731132713633843,0.1459867640786911,-3.604705735333353
2023-04-08,DOGEUSDT,1,4476.943209748155,0.08226111,0.08129933,0.14731132713633843,0.14558899336022982,-4.598734760768128
2023-04-09,BTCUSDT,1,0.013074526393582033,27952.34919,28309.59812,0.14618549089891053,0.1480538351246561,4.376621238340346
2023-04-09,ETHUSDT,1,0.19757525703093023,1849.7444099999998,1857.9905400000002,0.14618549089891053,0.14683718340061477,1.3362085799610282
2023-04-09,DOGEUSDT,1,4490.240770791941,0.081390675,0.08313841000000001,0.14618549089891053,0.1493245912803266,7.552240871360879
2023-04-10,BTCUSDT,1,0.0130526655780718,28337.921879999998,29622.521330000003,0.14795416699086547,0.1546611457999155,16.464831709834254
2023-04-10,ETHUSDT,1,0.1988802939322328,1859.839455,1909.2449000000001,0.14795416699086547,0.15188447476024658,9.52593078170167
2023-04-10,DOGEUSDT,-1,4449.031650679435,0.08313841000000001,0.08477236499999999,0.1479541669908655,0.1508619739951798,-7.568333651771867
2023-04-11,BTCUSDT,-1,0.012693926220041507,29622.531325,30215.520209999995,0.15041049083616734,0.1534214336983652,-7.83118908002915
2023-04-11,ETHUSDT,-1,0.1969492015315317,1909.254895,1890.8049299999998,0.15041049083616737,0.14895700848615345,3.3343383757124343
2023-04-11,DOGEUSDT,-1,4439.631039149719,0.08469763,0.08412204,0.15041049083616737,0.14938832794423768,2.2556084110437857
2023-04-12,BTCUSDT,1,0.012420074830912379,30215.530215,29873.125965000003,0.1501116585303976,0.14841058396742865,-4.551208649920205
2023-04-12,ETHUSDT,1,0.1984758662153446,1890.8049299999998,1916.4313050000003,0.1501116585303976,0.15214614532083134,4.783959172233124
2023-04-12,DOGEUSDT,1,4460.596985678811,0.08413204499999999,0.08341827000000002,0.1501116585303976,0.1488381134850165,-3.4828123854681827
2023-04-13,BTCUSDT,1,0.012513648020016687,29903.014034999997,30358.65308,0.14967831694864356,0.15195899960196618,5.400069316755978
2023-04-13,ETHUSDT,-1,0.19525554598077638,1916.4413000000002,2013.016005,0.14967831694864359,0.15722101564972651,-19.16364608530574
2023-04-13,DOGEUSDT,1,4481.29388902013,0.08350173,0.08724635500000001,0.14967831694864356,0.15639062300031237,16.474696189223117
2023-04-14,BTCUSDT,1,0.012343254683100812,30389.02692,30451.696535000003,0.15003979953806668,0.15034921834560142,0.4731580009532379
2023-04-14,ETHUSDT,-1,0.18652442466022603,2010.9940000000001,2101.0399949999996,0.15003979953806668,0.15675811050219968,-17.10257532037276
2023-04-14,DOGEUSDT,-1,4299.314267572171,0.08724635500000001,0.08870433,0.15003979953806668,0.15254711662577206,-6.570879635427317
2023-04-15,BTCUSDT,1,0.012051837034096964,30482.163464999998,30279.942455,0.14694642661075377,0.1459715727477976,-2.730052656749013
2023-04-15,ETHUSDT,1,0.1748496303740684,2101.0399949999996,2089.5547,0.14694642661075377,0.14614314677655896,-2.30128915887436
2023-04-15,DOGEUSDT,-1,4145.610663744735,0.08861567000000001,0.08892444,0.14694642661075377,0.14745844269261152,-1.5744450739477691
2023-04-16,BTCUSDT,1,0.01204754718552914,30310.247549999996,30289.497675000002,0.14606565502547758,0.14596566098621508,-0.5420164141679525
2023-04-16,ETHUSDT,1,0.17458141247785275,2091.655305,2117.610665,0.14606565502547758,0.14787818438954603,4.237379570756124
2023-04-16,DOGEUSDT,1,4105.992200926132,0.08893444499999999,0.090384785,0.14606565502547758,0.1484476889169541,5.660571384748809
2023-04-17,BTCUSDT,1,0.012146604946047385,30319.812329999997,29415.554865000002,0.1473131129643226,0.1429196496855749,-11.27389095951911
2023-04-17,ETHUSDT,1,0.1737412954623603,2119.71933,2072.963,0.1473131129643226,0.14406371082621636,-8.41488216905611
2023-04-17,DOGEUSDT,-1,4074.6103717656288,0.090384785,0.091415685,0.14731311296432256,0.14899331929722384,-4.496822264514739
2023-04-18,BTCUSDT,1,0.012233693297117584,29444.985135,30364.819995,0.14408836691191057,0.1485895579364054,10.960299636388807
2023-04-18,ETHUSDT,1,0.1735981836129204,2075.0269949999997,2102.44825,0.14408836691191057,0.14599247893606526,4.47019921453877
2023-04-18,DOGEUSDT,-1,3944.414116654216,0.09132431500000002,0.09415705499999999,0.14408836691191057,0.14855776676983495,-11.4661457784927
2023-04-19,BTCUSDT,-1,0.01190661984373543,30364.819995,28811.498549999997,0.14461694732156855,0.13721902414527382,18.212971969270008
2023-04-19,ETHUSDT,-1,0.17196173534657824,2102.4582450000003,1934.696865,0.14461694732156857,0.13307753210999385,28.570843549505245
2023-04-19,DOGEUSDT,-1,3843.2132375571705,0.09407294,0.08792393999999999,0.14461694732156857,0.13516418004247296,23.352137070375004
2023-04-20,BTCUSDT,1,0.013359979124271256,28811.498549999997,28229.528175000003,0.15396840766678863,0.15085836284241094,-8.079938831453427
2023-04-20,ETHUSDT,1,0.198955730780535,1934.70687,1942.0085100000001,0.1539684076667886,0.15454948891562717,1.1441852255139964
2023-04-20,DOGEUSDT,1,4378.3846004273555,0.087913935,0.083848055,0.1539684076667886,0.14684761311511438,-18.10280239996745
2023-04-21,BTCUSDT,1,0.013326416398426322,28257.771825,27249.208580000002,0.15062993353266774,0.1452537200258605,-13.73641742057656
2023-04-21,ETHUSDT,1,0.19371616821141424,1943.95149,1847.85561,0.15062993353266776,0.14318380327086622,-18.90913939130738
2023-04-21,DOGEUSDT,1,4486.1339751062405,0.08394195,0.07838079,0.1506299335326677,0.140650690005867,-25.239389440540332
2023-04-22,BTCUSDT,1,0.013098463003009935,27276.471419999998,27802.941575,0.14291194069901114,0.1456703206379937,6.607367586119437
2023-04-22,ETHUSDT,1,0.19315615306229517,1849.6943849999998,1873.2229200000002,0.14291194069901117,0.14472981322212783,4.257039553870503
2023-04-22,DOGEUSDT,1,4553.701875758472,0.07845921,0.08023986000000001,0.14291194069901117,0.1461553603970389,7.8194819439733125
2023-04-23,BTCUSDT,-1,0.013074437242366344,27802.941575,27604.395299999996,0.14540312591020624,0.14436477358532898,2.30611291269763
2023-04-23,ETHUSDT,-1,0.19405371956936573,1873.2329150000003,1862.9309999999998,0.14540312591020624,0.14460347594043121,1.7091183225868947
2023-04-23,DOGEUSDT,-1,4529.700580462301,0.08024985500000001,0.07881939,0.1454031259102062,0.14281129465387382,6.191363720266952
2023-04-24,BTCUSDT,1,0.013291729164513995,27604.385295,27497.174535000002,0.1467640052376131,0.1461939986834364,-1.7179743893627348
2023-04-24,ETHUSDT,1,0.1969520302088325,1862.941005,1840.9190800000001,0.1467640052376131,0.14502910010247047,-4.6290559431966845
2023-04-24,DOGEUSDT,-1,4660.913660157056,0.07872062,0.078769365,0.14676400523761313,0.14685488373215885,-0.5208151253340761
2023-04-25,BTCUSDT,1,0.01324704442993114,27524.685465,28286.639605000004,0.14584829250989395,0.14988574864835397,9.797906304991795
2023-04-25,ETHUSDT,-1,0.19806450768859152,1840.9190800000001,1867.0330499999998,0.14584829250989395,0.14791719275463178,-5.4660160971091045
2023-04-25,DOGEUSDT,-1,4632.420734490862,0.078710625,0.07979987999999999,0.14584829250989392,0.14786664748875303,-5.339602387146414
2023-04-26,BTCUSDT,-1,0.012878330674233697,28286.6496,28429.497645,0.14571393088599213,0.14644978862986327,-2.1318080791936556
2023-04-26,ETHUSDT,-1,0.19530950149796528,1865.16695,1866.9430049999999,0.14571393088599216,0.14585268305266533,-0.63844703062159
2023-04-26,DOGEUSDT,-1,4569.546900016963,0.07972012,0.07862929499999999,0.14571393088599216,0.1437201004871077,4.695141965837984
2023-04-27,BTCUSDT,1,0.012836190801674925,28429.497645,29458.033615,0.14597058246679517,0.1512515760497175,12.905261798789294
2023-04-27,ETHUSDT,1,0.19546737912708156,1866.9430049999999,1907.72566,0.14597058246679517,0.14915925394147278,7.676548850285741
2023-04-27,DOGEUSDT,1,4641.100446938866,0.07862929499999999,0.08009993000000001,0.14597058246679517,0.1487007283691088,6.530693444948155
2023-04-28,BTCUSDT,1,0.01268211535587472,29487.506385,29297.04415,0.14958558301266495,0.14861939739858185,-2.713669015618954
2023-04-28,ETHUSDT,-1,0.19602606673103215,1907.72566,1891.88547,0.14958558301266495,0.14834354695587607,2.8071610120037107
2023-04-28,DOGEUSDT,-1,4669.3003001146435,0.08008993500000001,0.080370165,0.14958558301266495,0.15010897422190536,-1.6081725803355966
2023-04-29,BTCUSDT,-1,0.012747333468222143,29297.034155,29245.065225,0.1493836256014715,0.14911863948919282,0.36396301560606426
2023-04-29,ETHUSDT,1,0.19740150496834039,1891.8754649999998,1906.8461,0.1493836256014715,0.1505657159532042,2.6552765377770604
2023-04-29,DOGEUSDT,-1,4651.386617044097,0.080289835,0.081610785,0.1493836256014715,0.15184132526218527,-6.445474102648062
2023-04-30,BTCUSDT,-1,0.012743670981435798,29215.834775000003,29247.826605,0.14892679432823616,0.14908987167048174,-0.7057100216126863
2023-04-30,ETHUSDT,-1,0.1952537949351396,1906.836105,1871.0250449999999,0.14892679432823616,0.14612989618197614,6.697188675139812
2023-04-30,DOGEUSDT,-1,4566.669577532304,0.081529215,0.079549755,0.1489267943282362,0.14531097842345933,8.74530198919041
2023-05-01,BTCUSDT,1,0.012897689123051654,29247.8166,28054.22587,0.15089169841393185,0.14473387354365333,-15.69018774765387
2023-05-01,ETHUSDT,1,0.20161743116443875,1871.0150399999998,1829.8146350000002,0.15089169841393185,0.14756901048631807,-8.605180527934667
2023-05-01,DOGEUSDT,-1,4747.395660532525,0.07946025000000001,0.07885940999999999,0.15089169841393185,0.14975072833046207,2.551782781930059
2023-05-02,BTCUSDT,1,0.013174898834506654,28082.29413,28655.525070000003,0.147992553681444,0.15101345753876771,7.253253632089007
2023-05-02,ETHUSDT,1,0.20199400564836417,1831.6453649999999,1869.14496,0.147992553681444,0.1510224310431406,7.275678419516829
2023-05-02,DOGEUSDT,-1,4696.352035490087,0.07878059000000001,0.07879937999999999,0.147992553681444,0.1480278514633427,-0.3842648598915369
2023-05-03,BTCUSDT,-1,0.013075886868088856,28655.515075,29040.673079999997,0.14987850930700589,0.1518930223068934,-5.3380540313326685
2023-05-03,ETHUSDT,-1,0.20046292698483886,1869.154955,1906.0725599999998,0.1498785093070059,0.15283875376923395,-7.703328418646334
2023-05-03,DOGEUSDT,-1,4759.823706514439,0.07872062,0.07965981,0.14987850930700589,0.1516666608377744,-4.7719239970660405
2023-05-04,BTCUSDT,-1,0.012710705651033513,29011.646920000003,28852.57908,0.14750340178073323,0.14669465598361894,1.7276664350213848
2023-05-04,ETHUSDT,-1,0.1936586545413428,1904.16744,1878.008535,0.14750340178073323,0.1454770424421033,4.772917902351968
2023-05-04,DOGEUSDT,-1,4634.379800776321,0.07957019500000001,0.07841919,0.14750340178073323,0.14536972405169618,5.041321196760168
2023-05-05,BTCUSDT,1,0.012914124774198323,28852.57908,29490.857195,0.1490423225186177,0.15233944380571776,7.941421451425783
2023-05-05,ETHUSDT,1,0.19840474595955138,1878.008535,1992.3033500000001,0.1490423225186177,0.15811297601244528,22.369478436037898
2023-05-05,DOGEUSDT,1,4752.068348836227,0.07840918499999999,0.08012991500000001,0.1490423225186177,0.15231313314657494,7.875671114227852
2023-05-06,BTCUSDT,-1,0.013066245967227018,29490.8472,28862.6241,0.1541338653188433,0.15085045830008575,7.903533223274916
2023-05-06,ETHUSDT,-1,0.19341164250770757,1992.3033500000001,1897.2781649999997,0.1541338653188433,0.14678227447466374,18.07806097065535
2023-05-06,DOGEUSDT,-1,4808.873980424267,0.08012991500000001,0.07675836,0.1541338653188433,0.14764851207361554,15.911600735676938
2023-05-07,BTCUSDT,1,0.013834473214820474,28862.614094999997,28415.88495,0.15971962464279094,0.1572475196864781,-6.497229535111385
2023-05-07,ETHUSDT,1,0.21045889262472875,1897.2781649999997,1869.4648000000002,0.15971962464279094,0.15737819664356403,-6.170667819353643
2023-05-07,DOGEUSDT,1,5202.027005357818,0.07675836,0.07648174,0.1597196246427909,0.1591440307587021,-1.7578483656235275
2023-05-08,BTCUSDT,1,0.013868873895009277,28444.305044999997,27654.955605000003,0.15779619188011246,0.15341723674313001,-11.258601271079357
2023-05-08,ETHUSDT,1,0.21080583029055888,1871.345205,1846.63622,0.15779619188011246,0.15571267264068767,-5.5223069630827615
2023-05-08,DOGEUSDT,-1,5157.969466964024,0.07648174,0.072426195,0.15779619188011246,0.14942884096735298,20.611152249051187
2023-05-09,BTCUSDT,1,0.014296588322722787,27682.6344,27614.455865000004,0.15830689108209764,0.15791700290316113,-1.2909443413265407
2023-05-09,ETHUSDT,-1,0.2143190767829825,1846.626225,1847.4432599999998,0.15830689108209767,0.1583769335568574,-0.49179001153829743
2023-05-09,DOGEUSDT,1,5464.42109384932,0.072426195,0.07306345,0.15830689108209764,0.15969978294776205,3.1642229901311065
2023-05-10,BTCUSDT,-1,0.014348556511158466,27614.46586,27612.549375,0.15849108956706648,0.15848009004973637,-0.28947238629149297
2023-05-10,ETHUSDT,-1,0.21468697334249065,1845.606735,1841.7604199999998,0.1584910895670665,0.15816078807671774,0.5091018482280875
2023-05-10,DOGEUSDT,-1,5423.063432094517,0.07306345,0.07315656,0.1584910895670665,0.15869306614153142,-0.8221255918708831
2023-05-11,BTCUSDT,1,0.01434228437188299,27612.53937,26955.13569,0.15841075674974192,0.15463928853946898,-9.74172057097157
2023-05-11,ETHUSDT,-1,0.2152425831698435,1839.909585,1795.19715,0.1584107567497419,0.1545611487460564,9.311048103717953
2023-05-11,DOGEUSDT,-1,5418.832116747032,0.07308344000000001,0.07196596499999999,0.15841075674974192,0.15598859298187712,5.7410100699303825
2023-05-12,BTCUSDT,1,0.014742999557853645,26982.094305,26781.612495,0.15911880176343213,0.15793652046895706,-3.2727585584200507
2023-05-12,ETHUSDT,1,0.22158835725483747,1795.2071549999998,1806.5462750000002,0.15911880176343215,0.16012384855283837,2.1933743231992735
2023-05-12,DOGEUSDT,1,5527.571323591373,0.07196596499999999,0.072313825,0.15911880176343215,0.15988793014768196,1.6038142287134105
2023-05-13,BTCUSDT,-1,0.014859889951761147,26781.612495,26788.667639999996,0.15918872576256451,0.15923066123388196,-0.42325806529008725
2023-05-13,ETHUSDT,-1,0.2202942819200196,1806.5462750000002,1796.007555,0.15918872576256454,0.15826007786066204,2.004170951132975
2023-05-13,DOGEUSDT,1,5497.898105631514,0.072386175,0.071634165,0.15918872576256451,0.15753493602079813,-4.451198016199303
2023-05-14,BTCUSDT,-1,0.014835094455669561,26761.882365,26931.07881,0.15880602107851702,0.15981003917577238,-2.8286613033927557
2023-05-14,ETHUSDT,1,0.22105299053773872,1796.0175599999998,1798.3103950000002,0.15880602107851702,0.1590087562919409,0.18902325618923177
2023-05-14,DOGEUSDT,1,5535.946489594106,0.07171583999999999,0.07192402,0.15880602107851702,0.15926701041459854,0.8344003087106747
2023-05-15,BTCUSDT,-1,0.014734280368493202,26904.151195000002,27175.72107,0.1585653227133846,0.16016587738453925,-4.320117877984538
2023-05-15,ETHUSDT,1,0.22021742951526763,1800.0996,1815.2919000000002,0.15856532271338458,0.15990356641515452,3.027140365296296
2023-05-15,DOGEUSDT,-1,5512.322621122395,0.071914025,0.07194595499999999,0.1585653227133846,0.15863572609790155,-0.4932095101036448
2023-05-16,BTCUSDT,-1,0.014579697081001758,27148.568925000003,27047.35692,0.15832716444367906,0.15773690829413467,1.1595763011230926
2023-05-16,ETHUSDT,-1,0.21804522553489517,1815.301895,1825.122105,0.15832716444367903,0.15918366440537904,-2.458760733099061
2023-05-16,DOGEUSDT,-1,5507.870918897523,0.07186405000000001,0.07278637499999999,0.15832716444367903,0.16035918326178783,-5.39873339297748
2023-05-17,BTCUSDT,-1,0.014566262774842314,27020.333075,27419.312804999998,0.1574341087336852,0.15975876616929147,-6.128836463918601
2023-05-17,ETHUSDT,-1,0.21586449088409274,1823.2978950000002,1823.0310599999998,0.1574341087336852,0.15741106865311516,-0.25724497596166673
2023-05-17,DOGEUSDT,-1,5412.0693089014685,0.07272362,0.07486741499999999,0.15743410873368524,0.16207505558331578,-11.92187628839337
2023-05-18,BTCUSDT,-1,0.014145874367624788,27391.91719,26834.690639999997,0.15499304770324873,0.1518400649950067,7.57562365790678
2023-05-18,ETHUSDT,-1,0.21276121083510705,1821.20894,1801.4602799999998,0.15499304770324873,0.15331234817766037,3.893443418089978
2023-05-18,DOGEUSDT,-1,5180.070249690877,0.07480258000000001,0.07347672,0.15499304770324873,0.15224582852674665,6.5608090650252135
2023-05-19,BTCUSDT,-1,0.014678248863705884,26807.86936,26893.700129999997,0.15739703118871834,0.1579009693496077,-1.5751434027617808
2023-05-19,ETHUSDT,1,0.21842978296018598,1801.4602799999998,1811.41384,0.15739703118871834,0.1582666927689108,1.858490226523593
2023-05-19,DOGEUSDT,1,5355.336737565257,0.07347672,0.07346325,0.15739703118871834,0.15736817663437633,-0.38690159367810695
2023-05-20,BTCUSDT,-1,0.014644757422686257,26866.81987,27115.981215,0.15738322388606285,0.15884278686871695,-3.9651334673900274
2023-05-20,ETHUSDT,1,0.21699456991389818,1813.2161549999998,1818.5102900000002,0.15738322388606285,0.15784274330501932,0.8335725802001035
2023-05-20,DOGEUSDT,1,5349.767773101031,0.073546755,0.073573195,0.15738322388606285,0.15743980303003113,-0.1733751669953632
2023-05-21,BTCUSDT,-1,0.014484045731308001,27088.86879,26761.153889999998,0.15694256574550483,0.1550439107061324,4.43465112197943
2023-05-21,ETHUSDT,-1,0.21575704933941398,1818.5102900000002,1805.812455,0.15694256574550483,0.15584670678046533,2.4268581400728038
2023-05-21,DOGEUSDT,-1,5332.147388061893,0.07358319,0.07215606,0.15694256574550483,0.15389869874473489,7.298826237434597
2023-05-22,BTCUSDT,-1,0.01485264062209326,26734.40611,26862.694635,0.1588306104787697,0.15959277982187509,-2.2238467480640702
2023-05-22,ETHUSDT,1,0.2198880205402749,1805.812455,1816.441325,0.1588306104787697,0.15976547495272167,2.0185650994484217
2023-05-22,DOGEUSDT,1,5503.023948327061,0.07215606,0.07287354500000001,0.1588306104787697,0.1604099453337959,3.629096581752973
2023-05-23,BTCUSDT,-1,0.014839020128080735,26835.85536,27233.219805,0.15928711913652133,0.1616457187355368,-6.217431835410677
2023-05-23,ETHUSDT,-1,0.21922844474648698,1816.45132,1854.977025,0.15928711913652133,0.16266549129248611,-8.76788300034097
2023-05-23,DOGEUSDT,-1,5463.754886786554,0.07288354,0.07292644499999999,0.15928711913652133,0.15938088809788836,-0.5530904106519643
2023-05-24,BTCUSDT,-1,0.014446751694799639,27206.000195,26342.174504999995,0.15721533177033423,0.1522235416699266,12.17003637757878
2023-05-24,ETHUSDT,-1,0.21209397047521936,1853.1329700000001,1800.789945,0.15721533177033423,0.15277467577076076,10.7916499913926
2023-05-24,DOGEUSDT,-1,5395.649655588436,0.07284356,0.07067531999999999,0.15721533177033423,0.15253570640664096,11.38931237105618
2023-05-25,BTCUSDT,1,0.015355179424954924,26342.1645,26460.553105000003,0.1617954649356712,0.1625226162443293,1.4935601904651725
2023-05-25,ETHUSDT,-1,0.2248420780398244,1798.9900550000002,1806.5027999999998,0.1617954649356712,0.16247113741470448,-2.013447799933573
2023-05-25,DOGEUSDT,1,5722.385266520002,0.07068532500000001,0.07084456,0.1617954649356712,0.1621599465428369,0.5872486064357683
2023-05-26,BTCUSDT,-1,0.015287320775302541,26460.5631,26719.27296,0.16180444640193353,0.16338643864895497,-4.280171502604485
2023-05-26,ETHUSDT,-1,0.22414224153676843,1804.707195,1828.7038949999999,0.16180444640193353,0.16395591605292767,-5.704434489940214
2023-05-26,DOGEUSDT,1,5704.938077099926,0.070905435,0.070934515,0.1618044464019335,0.16187080624164635,-0.1577756533615096
2023-05-27,BTCUSDT,-1,0.015027785499949762,26692.577035000002,26867.697135,0.16045212884914603,0.16150479576895793,-2.953624224147803
2023-05-27,ETHUSDT,-1,0.21957051516395304,1826.8861,1830.804945,0.16045212884914603,0.1607963139753451,-1.181711258322205
2023-05-27,DOGEUSDT,1,5649.286419533153,0.07100548500000001,0.072513725,0.16045212884914603,0.1638603207489047,8.1961672997986
2023-05-28,BTCUSDT,-1,0.014995199102948375,26840.85286,28079.032499999998,0.16099357309145654,0.1684202731822633,-18.896164073290638
2023-05-28,ETHUSDT,-1,0.2200598262006593,1828.975055,1909.59432,0.16099357309145654,0.16808999766918648,-18.070145015085497
2023-05-28,DOGEUSDT,-1,5550.451762457953,0.072513725,0.07355676,0.16099357309145654,0.16330929927307866,-6.113618326419853
2023-05-29,BTCUSDT,-1,0.013836379035022623,28050.977495,27750.2682,0.15524958276948375,0.15358529165549398,3.8518929105494637
2023-05-29,ETHUSDT,-1,0.20345278102821915,1907.6856800000003,1893.5462999999997,0.15524958276948375,0.15409890429627782,2.5673476959491275
2023-05-29,DOGEUSDT,-1,5281.084128678093,0.073493235,0.073166565,0.15524958276948378,0.15455951406855767,1.4153626554772374
2023-05-30,BTCUSDT,1,0.014080427237782248,27750.258195,27680.5528,0.1562941965377472,0.15590160384079588,-1.2936775427568745
2023-05-30,ETHUSDT,1,0.2063511683576832,1893.5462999999997,1899.639705,0.1562941965377472,0.15679714903415787,0.944289895454706
2023-05-30,DOGEUSDT,-1,5345.698848937227,0.073093435,0.072346155,0.1562941965377472,0.15469630300341367,3.6837433362926655
2023-05-31,BTCUSDT,-1,0.014156042603684702,27680.542805,27223.955174999996,0.15673877729627922,0.15415338771924103,6.152581777579984
2023-05-31,ETHUSDT,-1,0.20627543419538225,1899.62971,1874.566815,0.15673877729627925,0.15467083347695193,4.858449937545049
2023-05-31,DOGEUSDT,-1,5421.697755816064,0.072273845,0.071685825,0.15673877729627925,0.15546355061052924,2.8758643864682
2023-06-01,BTCUSDT,-1,0.014578059449811075,27196.754820000002,26831.338965,0.15859036344315836,0.15645954181992094,5.012004152830507
2023-06-01,ETHUSDT,-1,0.2117142902978503,1872.6931850000003,1862.7108899999998,0.15859036344315838,0.15774500564257082,1.7970591323831513
2023-06-01,DOGEUSDT,1,5530.743471361262,0.071685825,0.07138429,0.15859036344315838,0.15792327835010364,-1.9842263744301343
2023-06-02,BTCUSDT,-1,0.014851382237285967,26804.521035,27256.211294999997,0.15923367503126284,0.16191696491291047,-7.02937534406319
2023-06-02,ETHUSDT,1,0.2137122780111932,1862.7108899999998,1905.7266600000003,0.15923367503126284,0.1629108743101051,8.870853647764267
2023-06-02,DOGEUSDT,1,5570.282023739036,0.07146571499999999,0.07252372,0.15923367503126284,0.1615910295242733,5.5725615279705645
2023-06-03,BTCUSDT,-1,0.014710639191970609,27228.968705000003,27082.75461,0.1602222136754857,0.15936185255695548,1.8313187300931166
2023-06-03,ETHUSDT,-1,0.21018409502582308,1905.7366550000002,1893.0060299999998,0.16022221367548573,0.15915190371759044,2.356400777345121
2023-06-03,DOGEUSDT,1,5516.816267196625,0.07260628499999999,0.07266365000000001,0.1602222136754857,0.16034880254155284,-0.004098851049207375
2023-06-04,BTCUSDT,-1,0.01485639962963476,27055.685390000002,27128.767604999997,0.16078002976300426,0.1612143251997478,-1.4077329468215642
2023-06-04,ETHUSDT,1,0.21233540329674525,1892.996025,1889.0649950000002,0.16078002976300426,0.16044615102683563,-1.1559230212113885
2023-06-04,DOGEUSDT,-1,5530.891899085434,0.072673645,0.07252624499999999,0.16078002976300423,0.16045392837663416,0.4940195077855869
2023-06-05,BTCUSDT,1,0.01479095362580954,27128.7576,25715.335900000002,0.16050407823497126,0.1521417363076061,-21.218500632955447
2023-06-05,ETHUSDT,1,0.21220088135161422,1890.945,1809.5947500000002,0.16050407823497126,0.15359904033570163,-17.576697866744773
2023-06-05,DOGEUSDT,-1,5538.1559670361885,0.07245375500000001,0.0664332,0.16050407823497126,0.14716696919572342,33.03510155068892
2023-06-06,BTCUSDT,1,0.015513739514408462,25741.0641,27216.464960000005,0.15973606530843645,0.16889165915698617,22.560356896908885
2023-06-06,ETHUSDT,1,0.22045998209026496,1811.395245,1883.6976800000002,0.15973606530843645,0.1661119827185095,15.613945477155664
2023-06-06,DOGEUSDT,1,6011.153508653672,0.0664332,0.07021487500000001,0.15973606530843645,0.16882895688637164,22.40366392264314
2023-06-07,BTCUSDT,-1,0.015414675395559074,27216.454965,26352.50967,0.16781312748133087,0.16248615296855265,12.987137001495663
2023-06-07,ETHUSDT,-1,0.22271652033446596,1883.707675,1833.046065,0.16781312748133087,0.16329985648383413,10.952064509776644
2023-06-07,DOGEUSDT,-1,5974.984911720302,0.07021487500000001,0.06731364000000001,0.16781312748133084,0.16087919334118891,17.006143029532343
2023-06-08,BTCUSDT,1,0.0164379511594197,26352.50967,26485.360695000003,0.17327250675343814,0.1741460262176097,1.8363801274578564
2023-06-08,ETHUSDT,1,0.23631900994004199,1833.0360599999997,1844.71718,0.17327250675343814,0.1743766950387945,2.4128215115986893
2023-06-08,DOGEUSDT,1,6435.267308135398,0.06731364000000001,0.06792602,0.17327250675343814,0.17484883835110052,3.5927076490513885
2023-06-09,BTCUSDT,-1,0.016454186794177657,26485.37069,26491.048905,0.1743180946585192,0.1743554668226262,-0.4421039717486454
2023-06-09,ETHUSDT,-1,0.23623831347651608,1844.7271750000002,1841.2901849999998,0.1743180946585192,0.1739933151701049,0.4636373112071162
2023-06-09,DOGEUSDT,1,6409.32089350113,0.06799398000000001,0.06943526500000001,0.17431809465851922,0.17801315788411512,8.885326811447145
2023-06-10,BTCUSDT,-1,0.016579311040602642,26464.5611,25854.130605,0.17550567601197328,0.17145746919386368,9.773553900068208
2023-06-10,ETHUSDT,-1,0.2385301226768903,1839.449815,1752.405765,0.17550567601197328,0.16720062484205592,20.419921623939338
2023-06-10,DOGEUSDT,1,6312.723730691631,0.069504735,0.061719125,0.17550567601197328,0.15584631401000926,-49.47975699493204
2023-06-11,BTCUSDT,-1,0.016738826781100932,25828.299390000004,25938.512775,0.17293417181585,0.17367210892003948,-2.1914490412096015
2023-06-11,ETHUSDT,1,0.24671106801789167,1752.3957599999999,1751.88362,0.17293417181585,0.17288363157330014,-0.47216840976378815
2023-06-11,DOGEUSDT,1,6997.88453205988,0.061780875,0.06147924500000001,0.17293417181584997,0.17208986305128793,-2.4557959462722914
2023-06-12,BTCUSDT,-1,0.016618530630317,25912.577230000003,25918.142594999998,0.17225158336288396,0.1722885786383725,-0.4370283507225663
2023-06-12,ETHUSDT,-1,0.24580771042265018,1751.8936150000002,1743.4412849999999,0.17225158336288396,0.17142052420886925,1.7339757774649998
2023-06-12,DOGEUSDT,1,6996.322359093695,0.061550759999999996,0.061399285000000005,0.17225158336288393,0.17182767619114647,-1.4038471888976862
2023-06-13,BTCUSDT,-1,0.01663020279781345,25892.247400000004,25947.217125,0.17223733006126324,0.17260299313105923,-1.2589979976822816
2023-06-13,ETHUSDT,-1,0.24722606811658474,1741.698715,1740.9900599999999,0.17223733006126327,0.17216725086554277,-0.16920659162561424
2023-06-13,DOGEUSDT,-1,7011.860831997347,0.061409280000000004,0.061780875,0.17223733006126324,0.17327955903160966,-2.951089314958895
2023-06-14,BTCUSDT,-1,0.016555265727305694,25921.272880000004,25141.164299999997,0.17165342420736104,0.16648746227214056,12.576763951571731
2023-06-14,ETHUSDT,-1,0.2467348427899918,1739.24994,1651.775475,0.17165342420736107,0.1630202248593956,21.248324720846888
2023-06-14,DOGEUSDT,1,6947.183365207624,0.06177087,0.060349810000000004,0.17165342420736107,0.1677044784501763,-10.211722295619447
2023-06-15,BTCUSDT,-1,0.01739942910831276,25116.0357,25611.289245,0.174801873057601,0.17824872463634822,-8.970179544562026
2023-06-15,ETHUSDT,1,0.2645666370872848,1651.775475,1666.12652,0.17480187305760098,0.17632059614333628,3.445685245137385
2023-06-15,DOGEUSDT,1,7233.956434237377,0.06041019,0.061499235000000006,0.174801873057601,0.17795311469157063,7.5253490971749
2023-06-16,BTCUSDT,-1,0.017106109756201204,25585.690755000003,26358.172499999997,0.175068653697301,0.18035431670315372,-13.569580485032176
2023-06-16,ETHUSDT,-1,0.26268811461163977,1666.12652,1718.7789599999999,0.17506865369730104,0.180601121774622,-14.186839968774366
2023-06-16,DOGEUSDT,1,7108.432040776046,0.06157077,0.06215890500000001,0.175068653697301,0.17674094076862176,3.8289080838359713
2023-06-17,BTCUSDT,-1,0.016318488858523002,26331.837495,26530.248495,0.1718783187146383,0.17317342579180164,-3.582819437414848
2023-06-17,ETHUSDT,-1,0.25025219724122744,1717.0510450000002,1728.6238799999999,0.1718783187146383,0.17303676966946235,-3.2410424754442095
2023-06-17,DOGEUSDT,1,6905.950414189846,0.062221095,0.0621689,0.1718783187146383,0.17173413628189085,-0.7040685368651539
2023-06-18,BTCUSDT,-1,0.016117975182328485,26503.731505000003,26353.139984999998,0.17087459465467505,0.16990370250186337,2.086452084872672
2023-06-18,ETHUSDT,1,0.24712660983164195,1728.613875,1720.089525,0.17087459465467508,0.17003195716806774,-2.4475002683410785
2023-06-18,DOGEUSDT,1,6864.517687083913,0.0622311,0.06208894,0.17087459465467508,0.17048425072091675,-1.317218679771409
2023-06-19,BTCUSDT,-1,0.016205042091574733,26326.81001,26857.772175,0.17065082573957643,0.17409253143271988,-8.949007590030899
2023-06-19,ETHUSDT,-1,0.24802608128721734,1720.089525,1737.978555,0.17065082573957643,0.1724256041431482,-4.78002243881215
2023-06-19,DOGEUSDT,-1,6871.224800245278,0.06208894,0.062481224999999994,0.17065082573957643,0.1717290171078821,-3.037858263611624
2023-06-20,BTCUSDT,-1,0.015692267681942883,26830.927825,28322.143995,0.16841524063391583,0.1777754659584285,-23.746754017873986
2023-06-20,ETHUSDT,-1,0.24250113749799285,1736.23145,1792.8859949999999,0.1684152406339158,0.17391075727668828,-14.081117604841797
2023-06-20,DOGEUSDT,-1,6746.456213128818,0.062408780000000004,0.063161565,0.1684152406339158,0.17044669305007587,-5.417492974084161
2023-06-21,BTCUSDT,-1,0.014371428332949956,28293.846,30008.886945,0.16264919202100914,0.17250822723266604,-24.9827454483959
2023-06-21,ETHUSDT,-1,0.2270249238272241,1791.0940050000002,1890.0545549999997,0.1626491920210091,0.17163579655126915,-22.80079631422238
2023-06-21,DOGEUSDT,-1,6443.243478763816,0.06310843000000001,0.065642805,0.16264919202100914,0.16918103009760593,-16.661425413610605
2023-06-22,BTCUSDT,1,0.012834242237407754,30008.886945,29869.97754,0.15405652973084524,0.15334341094971557,-2.0901968935047215
2023-06-22,ETHUSDT,-1,0.20397755085637315,1888.15545,1872.9460049999998,0.15405652973084524,0.15281557559445136,2.7955132356594516
2023-06-22,DOGEUSDT,-1,5872.203464230029,0.06558719,0.065582775,0.15405652973084527,0.1540461594195274,-0.2821769108557524
2023-06-23,BTCUSDT,1,0.012885757294691345,29899.862459999997,30673.15575,0.15411294832168518,0.15809873618270653,9.652257968049042
2023-06-23,ETHUSDT,1,0.2057103770786684,1872.936,1891.6836850000002,0.15411294832168515,0.15565558566196602,3.546824816718501
2023-06-23,DOGEUSDT,1,5873.853354046176,0.06559277999999999,0.068195885,0.15411294832168515,0.16022905113575892,14.975915035726974
2023-06-24,BTCUSDT,1,0.012854218023136514,30703.854255,30512.166285000003,0.1578696146977511,0.15688401511423414,-2.7787525886043776
2023-06-24,ETHUSDT,1,0.20842784820340218,1893.576315,1874.0225200000002,0.15786961469775107,0.1562393925313269,-4.389664423289482
2023-06-24,DOGEUSDT,1,5781.574063391545,0.068264115,0.06665665500000001,0.15786961469775107,0.15415215508017535,-9.605670813717248
2023-06-25,BTCUSDT,1,0.01273897287230211,30542.703719999998,30447.42867,0.1556330696543363,0.1551475871433934,-1.5244869341549128
2023-06-25,ETHUSDT,1,0.20741258701342985,1875.887475,1897.8506,0.1556330696543363,0.157455241084396,4.242340264410602
2023-06-25,DOGEUSDT,1,5831.282501436953,0.06672334499999999,0.06668664,0.1556330696543363,0.15554745476465023,-0.5252177486341373
2023-06-26,BTCUSDT,1,0.01279003919523148,30477.901334999995,30252.856005,0.15592542106521912,0.15477408562865763,-3.189038098097597
2023-06-26,ETHUSDT,1,0.20519209147430068,1899.7494,1858.0405150000001,0.15592542106521914,0.1525020877267347,-8.866760855002997
2023-06-26,DOGEUSDT,1,5839.60946180159,0.06675336,0.06470763000000002,0.15592542106521912,0.15114691535950261,-12.253336600715983
2023-06-27,BTCUSDT,1,0.012604726894803383,30283.123995,30677.09378,0.1526842029913769,0.15467055560926862,4.658526786128729
2023-06-27,ETHUSDT,1,0.20523179373773642,1859.899485,1888.6352100000001,0.1526842029913769,0.15504319674581862,5.589756986367167
2023-06-27,DOGEUSDT,1,5893.107006559158,0.06477237,0.06552722,0.1526842029913769,0.15446356772093736,4.141264053188873
2023-06-28,BTCUSDT,1,0.012586613071072016,30707.786219999998,30062.371295,0.15460280936813484,0.15135337419562686,-8.429544114833693
2023-06-28,ETHUSDT,1,0.20444430322457566,1890.5247899999997,1827.10599,0.1546028093681349,0.14941656441719942,-13.269631751123992
2023-06-28,DOGEUSDT,-1,5897.519804897676,0.06553721500000001,0.06260128499999999,0.15460280936813484,0.1476769272398175,17.012425584185383
2023-06-29,BTCUSDT,1,0.012792076347285639,30092.4387,30432.086345000003,0.15397790933056518,0.15571582877297152,4.035104867912291
2023-06-29,ETHUSDT,1,0.21047378715220708,1828.9440149999998,1851.0640050000002,0.1539779093305652,0.15584018055739282,4.345859977181069
2023-06-29,DOGEUSDT,1,6149.151304584451,0.06260128499999999,0.06338829000000001,0.1539779093305652,0.15591367445955104,4.5295212386745
2023-06-30,BTCUSDT,1,0.012777934793476355,30462.533655,30456.764000000003,0.1556993074750676,0.15566981776491928,-0.38509340061079594
2023-06-30,ETHUSDT,1,0.21007334910920716,1852.9159949999998,1932.8231050000002,0.15569930747506758,0.16241384916120272,16.468241058701615
2023-06-30,DOGEUSDT,1,6134.559158258603,0.06345171,0.06642677000000001,0.15569930747506758,0.16299958010281518,17.93198268179105
2023-07-01,BTCUSDT,1,0.01313949145564529,30487.225995,30570.607050000002,0.16023465818705182,0.1606728920509459,0.7746771094972139
2023-07-01,ETHUSDT,1,0.20704646408186408,1934.7668999999999,1923.5377500000002,0.1602346581870518,0.15930467586619387,-2.64449513619804
2023-07-01,DOGEUSDT,-1,6030.500135226045,0.06642677000000001,0.068544255,0.1602346581870518,0.16534245561858743,-13.095070692644692
2023-07-02,BTCUSDT,-1,0.012940480657803868,30570.607050000002,30632.338514999996,0.15823933969113904,0.1585588736226632,-1.1156330421241143
2023-07-02,ETHUSDT,1,0.20545629976793758,1925.4622499999998,1936.5112600000002,0.158239339691139,0.15914737517541863,1.9527019958324665
2023-07-02,DOGEUSDT,1,5771.429702282819,0.068544255,0.06797599500000001,0.15823933969113904,0.15692747063409138,-3.594839452944391
2023-07-03,BTCUSDT,-1,0.012897288196568407,30601.71149,31171.7781,0.15787163695790754,0.16081256230207183,-7.670997559670719
2023-07-03,ETHUSDT,1,0.20360458710446727,1938.458745,1954.56223,0.1578716369579075,0.15918313432365472,2.961688643086439
2023-07-03,DOGEUSDT,1,5800.3507053232515,0.06804400499999999,0.068415775,0.1578716369579075,0.15873419551059476,1.8397905492495656
2023-07-04,BTCUSDT,-1,0.01264337583034345,31140.621900000002,30781.893254999995,0.1574890345089296,0.1556748180769916,4.222377227259017
2023-07-04,ETHUSDT,1,0.20123536772807837,1956.5277749999998,1935.2319000000002,0.1574890345089296,0.15577484121424315,-4.598747112439278
2023-07-04,DOGEUSDT,-1,5754.850928346919,0.068415775,0.06893445,0.1574890345089296,0.1586829934310337,-3.30106933320028
2023-07-05,BTCUSDT,1,0.012750893597588757,30781.90326,30489.557595000002,0.15699870927981222,0.1555076418925597,-4.040174819303663
2023-07-05,ETHUSDT,1,0.20261473454985637,1937.158095,1909.40482,0.1569987092798122,0.1547494203010065,-5.93497057659499
2023-07-05,DOGEUSDT,-1,5698.637639811496,0.068875545,0.067043505,0.15699870927981222,0.15282265643915613,10.130310735921247
2023-07-06,BTCUSDT,1,0.012861986271672914,30520.052399999997,29880.482285000002,0.15701939799181516,0.1537289411762543,-8.536890378070272
2023-07-06,ETHUSDT,1,0.2053824266862763,1911.3051749999997,1845.2469150000002,0.15701939799181516,0.15159251569522603,-13.87581765515993
2023-07-06,DOGEUSDT,1,5858.628024789127,0.067003485,0.064817575,0.1570193979918152,0.15189682455754847,-13.11534980821616
2023-07-07,BTCUSDT,1,0.01272822229146675,29910.367709999995,30329.527650000004,0.15228232361295568,0.15441638796975488,5.028462180415264
2023-07-07,ETHUSDT,1,0.20611078679469433,1847.093085,1869.9745450000003,0.15228232361295568,0.15416876990240025,4.409664630096031
2023-07-07,DOGEUSDT,1,5868.5310187655905,0.06487241999999999,0.0653673,0.15228232361295568,0.1534440110651824,2.598492295888677
2023-07-08,BTCUSDT,-1,0.01268460293351087,30329.527650000004,30299.772315,0.15388720616047566,0.1537362323166242,0.0698111711515659
2023-07-08,ETHUSDT,-1,0.20573325991304137,1869.9845400000002,1866.1726199999998,0.15388720616047566,0.15357351066922456,0.47677801129808783
2023-07-08,DOGEUSDT,1,5879.598662460652,0.0654327,0.065697135,0.15388720616047563,0.15450911482939877,1.2463753513179512
2023-07-09,BTCUSDT,-1,0.012729507491358068,30269.487685000004,30175.790354999997,0.15412626809831134,0.1536491797526492,0.8849454163043693
2023-07-09,ETHUSDT,1,0.20647375602680226,1866.1726199999998,1861.8686,0.15412626809831134,0.15377080122814557,-1.196564244740895
2023-07-09,DOGEUSDT,-1,5865.030038916892,0.065697135,0.06539268,0.15412626809831137,0.15341201301011195,1.4780994393900722
2023-07-10,BTCUSDT,1,0.012781918636712249,30175.790354999997,30396.364215,0.15428179884643847,0.1554095416992007,2.509665791359971
2023-07-10,ETHUSDT,1,0.2069517241401289,1863.7414049999998,1879.4598,0.1542817988464385,0.15558297842482474,2.9430841686943863
2023-07-10,DOGEUSDT,-1,5903.280493177538,0.065337315,0.065262615,0.1542817988464385,0.15410540882530233,0.13258784516868544
2023-07-11,BTCUSDT,1,0.012737671553604737,30426.775784999998,30606.788950000002,0.1550265105538016,0.15594368998223956,1.9819783705588647
2023-07-11,ETHUSDT,-1,0.2062104309500243,1879.4697950000002,1879.2391499999999,0.15502651055380157,0.15500748599186295,-0.2624725916991297
2023-07-11,DOGEUSDT,-1,5944.506461179447,0.065197385,0.06531264,0.1550265105538016,0.1553005641906749,-0.9954611669277644
2023-07-12,BTCUSDT,-1,0.012670640661521636,30606.788950000002,30395.19,0.15512304983539246,0.15405061213147034,2.371920597838462
2023-07-12,ETHUSDT,-1,0.2065695361261888,1877.3708450000001,1872.7559099999999,0.15512304983539246,0.15474172784251145,0.6434402045246685
2023-07-12,DOGEUSDT,1,5936.802231270352,0.065322645,0.06499748500000001,0.15512304983539246,0.15435088558998453,-2.2398845489451915
2023-07-13,BTCUSDT,1,0.012767352882905283,30395.19,31438.502885,0.15522644666918153,0.16055458417721233,13.004562739230622
2023-07-13,ETHUSDT,1,0.20721660233498013,1872.7559099999999,2003.487755,0.15522644666918153,0.16606237016433487,26.768519921049798
2023-07-13,DOGEUSDT,1,5963.59441240256,0.06507252,0.07038479,0.15522644666918153,0.16789853614485106,31.35709870635976
2023-07-14,BTCUSDT,1,0.013084739061567688,31469.957114999997,30296.853995,0.1647104708514002,0.15857057156439586,-15.673029259926672
2023-07-14,ETHUSDT,-1,0.20552966999715977,2003.487755,1938.7989149999999,0.1647104708514002,0.15939228047632056,12.971373186371402
2023-07-14,DOGEUSDT,-1,5850.357401485469,0.07038479,0.068524245,0.1647104708514002,0.16035652956678148,10.55978621112863
2023-07-15,BTCUSDT,1,0.013664174571497078,30327.156,30274.37524,0.16575822153641,0.1654697393289475,-1.052433479521618
2023-07-15,ETHUSDT,1,0.21373938735858825,1938.7889099999998,1930.4442950000002,0.16575822153641,0.16504479237727274,-2.1143759117568663
2023-07-15,DOGEUSDT,1,6048.3127863787895,0.06851423999999999,0.071934015,0.16575822153641004,0.1740317690800255,20.344078868422173
2023-07-16,BTCUSDT,-1,0.013877125688074355,30274.37524,30247.105995,0.1680485241333625,0.16789715663724894,0.04247305951327479
2023-07-16,ETHUSDT,1,0.21741181554205385,1932.375705,1921.148945,0.16804852413336252,0.16707219202366055,-2.7759509904119346
2023-07-16,DOGEUSDT,-1,5841.182268919427,0.07192402,0.06955476,0.16804852413336252,0.16251281233237846,13.508718165994368
2023-07-17,BTCUSDT,-1,0.014022394138271771,30216.884000000002,30153.069,0.16948522283137527,0.1691272871986017,0.5562265719038688
2023-07-17,ETHUSDT,-1,0.22055075624218687,1921.15894,1912.1556,0.16948522283137524,0.16869094545309304,1.6475172774210582
2023-07-17,DOGEUSDT,-1,6098.763049751578,0.069475245,0.06985490999999999,0.16948522283137527,0.1704114175806888,-2.65538351369592
2023-07-18,BTCUSDT,-1,0.014061127384406243,30122.940995,29874.059565,0.16942500420945916,0.1680251828131219,3.162103303820622
2023-07-18,ETHUSDT,-1,0.22173094412571573,1910.2543950000002,1898.1586049999999,0.1694250042094592,0.1683521998348006,2.344233732602199
2023-07-18,DOGEUSDT,-1,6069.527323438974,0.06978509,0.06869433,0.16942500420945916,0.16677684516013347,6.28419577394468
2023-07-19,BTCUSDT,-1,0.014324141331525377,29844.210430000003,29924.164604999998,0.1709970752508415,0.1714551852119397,-1.4877271632082267
2023-07-19,ETHUSDT,-1,0.225439746468658,1896.2613950000002,1889.574315,0.1709970752508415,0.17039406180291525,1.1661424827619107
2023-07-19,DOGEUSDT,1,6222.208367595784,0.06870433499999999,0.069994985,0.17099707525084154,0.17420935254269654,7.685486801843986
2023-07-20,BTCUSDT,1,0.014367897244347139,29924.164604999998,29785.100000000002,0.17197892886702787,0.1711797024850416,-2.3412245863177343
2023-07-20,ETHUSDT,1,0.22753539898530153,1889.58432,1890.644205,0.17197892886702787,0.1720753934095693,-0.10289296592303307
2023-07-20,DOGEUSDT,1,6135.529068241003,0.07007502,0.07058469,0.17197892886702787,0.17322976690711203,2.7818864044362748
2023-07-21,BTCUSDT,1,0.014424328499675274,29814.899999999998,29886.769140000004,0.17202396471398732,0.17243863034772702,0.6922014892875267
2023-07-21,ETHUSDT,1,0.22724004107143894,1892.5357949999998,1890.784135,0.17202396471398734,0.17186474579785008,-0.7419360008549601
2023-07-21,DOGEUSDT,-1,6093.684312556622,0.070574695,0.07325660999999999,0.17202396471398732,0.1785610620592314,-16.693328389883384
2023-07-22,BTCUSDT,1,0.014188707453587902,29916.67086,29779.103000000003,0.1697915563271272,0.16901079227890475,-2.290712469162106
2023-07-22,ETHUSDT,1,0.22427447756238914,1892.675865,1865.5867400000002,0.16979155632712717,0.1673613965843283,-6.412552309908652
2023-07-22,DOGEUSDT,-1,5800.208091177765,0.07318339,0.070505235,0.1697915563271272,0.1635780138069559,15.200486730294113
2023-07-23,BTCUSDT,-1,0.014326985425532963,29779.093005000002,30098.791875,0.17065785258729027,0.17248998100770999,-4.923468884644308
2023-07-23,ETHUSDT,1,0.22846335199212736,1867.4532599999998,1887.7856350000002,0.1706578525872903,0.1725159336058747,4.302028760267859
2023-07-23,DOGEUSDT,1,6051.247562939485,0.070505235,0.07176410000000001,0.17065785258729027,0.17370493409261822,7.273340976639978
2023-07-24,BTCUSDT,-1,0.014262732205503207,30068.708125,29191.088249999997,0.17154477270092539,0.1665378697987845,12.179174612852545
2023-07-24,ETHUSDT,-1,0.22717603798686273,1887.79563,1850.925,0.17154477270092539,0.16819432324433356,8.036384545534327
2023-07-24,DOGEUSDT,-1,5976.827830997451,0.07175410500000001,0.0742371,0.17154477270092536,0.17748094614901636,-15.189459339077384
2023-07-25,BTCUSDT,1,0.014748929353764328,29191.088249999997,29214.295545,0.17221491934349997,0.17235183244527877,-0.0022839973417546344
2023-07-25,ETHUSDT,1,0.232606560697354,1850.925,1856.7311700000002,0.1722149193435,0.17275514063730968,1.005583174543414
2023-07-25,DOGEUSDT,-1,5805.29211180725,0.0741629,0.081890925,0.17221491934349997,0.19016029637243964,-45.225817788065164
2023-07-26,BTCUSDT,-1,0.014232636832927453,29214.295545,29366.63598,0.16631858352871814,0.16718586596324822,-2.501710535817132
2023-07-26,ETHUSDT,-1,0.2239400434160834,1856.7311700000002,1872.936,0.16631858352871814,0.16777014766221823,-3.962999064941114
2023-07-26,DOGEUSDT,-1,5082.522431915962,0.08180907500000001,0.077968965,0.16631858352871817,0.15851160544230822,19.192615027053822
2023-07-27,BTCUSDT,-1,0.01431759111654185,29337.274025000002,29237.391389999997,0.16801563758555763,0.16744360609452846,1.094619483892783
2023-07-27,ETHUSDT,1,0.22426892204242915,1872.9259949999998,1860.3493600000002,0.1680156375855576,0.1668874182358092,-3.1554514301923784
2023-07-27,DOGEUSDT,1,5386.56889112403,0.07797897,0.07757119500000001,0.1680156375855576,0.1671370343337264,-2.531660801497306
2023-07-28,BTCUSDT,1,0.01431414511183454,29237.391389999997,29299.482930000002,0.1674033052191847,0.16775882014469565,0.5536251884134686
2023-07-28,ETHUSDT,1,0.22473613111939364,1862.2206449999999,1873.252905,0.1674033052191847,0.16839504419114604,2.1435490804929507
2023-07-28,DOGEUSDT,1,5389.757937008327,0.07764880499999999,0.07713141500000001,0.16740330521918473,0.16628786247557328,-3.1222980267233815
2023-07-29,BTCUSDT,1,0.014264702167298587,29328.797069999997,29338.223550000002,0.16734662205147577,0.16740040842335022,-0.20028110078875017
2023-07-29,ETHUSDT,-1,0.2233357395423191,1873.2629000000002,1881.40023,0.16734662205147577,0.1680735646968557,-2.152776800198185
2023-07-29,DOGEUSDT,1,5418.653315932282,0.077208585,0.080189885,0.16734662205147574,0.17380847450379133,15.813476034233679
2023-07-30,BTCUSDT,-1,0.014413052666684209,29338.223550000002,29295.730545,0.169141344469242,0.1688963629016297,0.27441621165985997
2023-07-30,ETHUSDT,-1,0.2249806661277433,1879.5097750000002,1862.720895,0.169141344469242,0.1676304751068665,3.4404015863627038
2023-07-30,DOGEUSDT,-1,5272.493689181391,0.08019988000000002,0.07805901,0.16914134446924198,0.16462625504349884,10.953955964845113
2023-07-31,BTCUSDT,-1,0.014615471312469604,29266.449455,29246.866124999997,0.1710971809709577,0.1709826931318306,-0.05586027628509077
2023-07-31,ETHUSDT,1,0.22963341076785107,1862.720895,1855.2119300000002,0.1710971809709577,0.17040745727324313,-2.0658138825305628
2023-07-31,DOGEUSDT,1,5479.738372641342,0.07805901,0.07782107,0.1710971809709577,0.1705756413916032,-1.6455217707487981
2023-08-01,BTCUSDT,-1,0.014596906661894797,29217.64387,29720.842995,0.17059488818034907,0.17353294844433792,-7.689278496596808
2023-08-01,ETHUSDT,-1,0.22988722273560622,1855.2019350000003,1874.406735,0.1705948881803491,0.17236086343442616,-4.757893886807488
2023-08-01,DOGEUSDT,-1,5480.3566752663855,0.07782107,0.078189075,0.17059488818034907,0.17140160764366164,-2.358795154105366
2023-08-02,BTCUSDT,-1,0.014197903497847861,29691.137005000004,29200.603004999997,0.16862075917534786,0.16583493741758248,6.63009869782047
2023-08-02,ETHUSDT,-1,0.22512264840192242,1872.5432600000001,1840.81995,0.16862075917534786,0.1657641049500378,6.807250699149822
2023-08-02,DOGEUSDT,-1,5396.83658769077,0.078110925,0.07425710999999999,0.16862075917534788,0.16030139525767126,20.46948763975854
2023-08-03,BTCUSDT,1,0.014823472144918859,29200.592999999997,29179.04318,0.17314167078024503,0.17301389351764584,-0.6655987207958549
2023-08-03,ETHUSDT,1,0.2351420501231598,1840.81995,1834.8920950000002,0.173141670780245,0.1725841155892319,-1.7396137639022788
2023-08-03,DOGEUSDT,1,5829.127701719238,0.07425710999999999,0.07354321000000001,0.17314167078024503,0.17147710507374214,-4.506033042111209
2023-08-04,BTCUSDT,-1,0.01475546262106142,29179.053175000005,29128.546995,0.17222017137667045,0.1719220745562214,0.4010998051897663
2023-08-04,ETHUSDT,-1,0.2346461841624949,1834.8920950000002,1831.1451149999998,0.17222017137667042,0.17186848555301712,0.5351259022035794
2023-08-04,DOGEUSDT,1,5848.535754434228,0.07361679,0.073433265,0.17222017137667045,0.17179083036693743,-1.4173635260761719
2023-08-05,BTCUSDT,-1,0.01479031915383335,29099.443000000003,29086.666064999998,0.17215601966751276,0.17208042968892961,-0.15526150289857993
2023-08-05,ETHUSDT,1,0.23503746049039356,1831.15512,1835.56176,0.17215601966751276,0.17257030985747093,0.69099914537044
2023-08-05,DOGEUSDT,1,5855.907455594036,0.07349673,0.07567214500000001,0.17215601966751273,0.1772516312345172,12.38962126660915
2023-08-06,BTCUSDT,-1,0.014959893207636826,29057.593935000004,29102.96421,0.17387940085539025,0.17415089464291067,-1.0267647642993238
2023-08-06,ETHUSDT,-1,0.2368204173846352,1835.56176,1831.1951399999998,0.17387940085539025,0.17346575894700617,0.6867596111577559
2023-08-06,DOGEUSDT,-1,5743.7395683905825,0.07568214,0.074307135,0.17387940085539025,0.1707203326052963,7.553070891774198
2023-08-07,BTCUSDT,-1,0.015034208382637295,29073.885785000002,29225.66553,0.17484114295387457,0.17575389827971194,-2.6324833558270804
2023-08-07,ETHUSDT,-1,0.23893694852359101,1829.3648600000001,1830.0145499999999,0.17484114295387454,0.17490323693230903,-0.5049793259724125
2023-08-07,DOGEUSDT,-1,5888.266031287978,0.07423286500000001,0.07357676999999999,0.17484114295387454,0.17329583819315533,3.515124920650993
2023-08-08,BTCUSDT,-1,0.014975405498188108,29196.454470000004,29785.305209999995,0.17489149791905473,0.17841880936281793,-9.171588916689869
2023-08-08,ETHUSDT,-1,0.23915995217970737,1828.18545,1857.22815,0.17489149791905473,0.17766983821632257,-7.298412079304957
2023-08-08,DOGEUSDT,1,5942.483541988006,0.07357676999999999,0.07492252,0.17489149791905473,0.1780903368097069,7.644115391901719
2023-08-09,BTCUSDT,-1,0.014595164626455574,29755.524795,29596.780995,0.1737147131718423,0.17278795641407066,1.970389224843228
2023-08-09,ETHUSDT,-1,0.23406994286865232,1855.37185,1856.2776749999998,0.1737147131718423,0.1737995237342419,-0.5595406429050396
2023-08-09,DOGEUSDT,-1,5795.705414793641,0.074932515,0.075447705,0.17371471317184228,0.1749090689609013,-3.334513254780272
2023-08-10,BTCUSDT,1,0.014651781267876756,29596.780995,29441.022125000003,0.17345822454879672,0.17254536659128808,-2.6281484849117036
2023-08-10,ETHUSDT,-1,0.23384275430013635,1854.43232,1853.396235,0.17345822454879672,0.17336131216076112,-0.10453856662051106
2023-08-10,DOGEUSDT,-1,5752.6185709135625,0.07538229,0.07591794,0.1734582245487967,0.17469078060380064,-3.4295391426624393
2023-08-11,BTCUSDT,1,0.014644870751081944,29470.487879999997,29411.316985,0.17263659438957074,0.17228997434577045,-1.2114766782361184
2023-08-11,ETHUSDT,-1,0.23309818224789672,1851.5437650000001,1849.7644199999997,0.17263659438957077,0.172470689555534,0.06965480114686662
2023-08-11,DOGEUSDT,1,5685.72292177263,0.075907935,0.07570213,0.17263659438957074,0.1721685343072046,-1.5149553346121314
2023-08-12,BTCUSDT,-1,0.014644228279840426,29411.30699,29444.885084999998,0.17228235742801057,0.17247904754336343,-0.8364866933535001
2023-08-12,ETHUSDT,-1,0.23307660708722763,1847.91558,1850.854965,0.17228235742801057,0.1725563981810998,-1.029940638332178
2023-08-12,DOGEUSDT,1,5683.795197331707,0.07577787,0.07666165000000001,0.17228235742801057,0.17429164723580973,4.676650514834078
2023-08-13,BTCUSDT,-1,0.014674003485980457,29415.464910000002,29318.491919999997,0.17265705385243035,0.17208786105510793,1.0782370783984927
2023-08-13,ETHUSDT,-1,0.2334446327518905,1849.0150300000003,1841.650365,0.17265705385243035,0.17196935724592405,1.3746151051674143
2023-08-13,DOGEUSDT,-1,5630.489751147748,0.07666165000000001,0.07482739499999999,0.17265705385243035,0.1685259522610337,9.986570972378166
2023-08-14,BTCUSDT,1,0.01486396235834927,29318.501924999997,29416.214535000003,0.17431564360655621,0.1748966022293467,1.103184311140248
2023-08-14,ETHUSDT,1,0.23662966505392602,1841.650365,1844.57725,0.17431564360655624,0.1745926787334368,0.343679494861387
2023-08-14,DOGEUSDT,1,5823.924633703881,0.07482739499999999,0.07465265500000001,0.17431564360655624,0.17390857457035894,-1.3658968086702081
2023-08-15,BTCUSDT,-1,0.0148155108665661,29416.20454,29214.6,0.17432643920620042,0.1731316895049528,2.639416124407911
2023-08-15,ETHUSDT,-1,0.23626882420646847,1844.57725,1829.89449,0.17432643920620042,0.1729388078296781,3.1218131942699223
2023-08-15,DOGEUSDT,-1,5837.1367479656965,0.07466265000000001,0.070965465,0.17432643920620045,0.1656940494351894,21.240953938886197
2023-08-16,BTCUSDT,-1,0.015241068254454116,29185.409995,28744.875254999995,0.17792673030720896,0.17524104229088963,6.361052268200197
2023-08-16,ETHUSDT,-1,0.24332652376775182,1828.0655100000001,1808.7139049999998,0.17792673030720896,0.17604322679761827,4.354788816871889
2023-08-16,DOGEUSDT,1,6268.958382737881,0.07095546,0.06713641499999999,0.17792673030720896,0.16835015664048766,-24.287711053750932
2023-08-17,BTCUSDT,-1,0.015332589838281096,28716.144745,26636.721705,0.17611714764471847,0.16336397141568182,31.54345945353121
2023-08-17,ETHUSDT,-1,0.2436722474566649,1806.906095,1682.330745,0.17611714764471845,0.1639749254398382,30.015463439116104
2023-08-17,DOGEUSDT,1,6550.652466440137,0.06721359,0.06098949,0.17611714764471845,0.15980838123817043,-41.10784154525297
2023-08-18,BTCUSDT,1,0.016785470118256596,26636.721705,26040.973,0.17884395849103776,0.17484398965673073,-10.353610033915302
2023-08-18,ETHUSDT,1,0.265768130051974,1682.330745,1660.759205,0.17884395849103774,0.1765507473517812,-6.088422553984156
2023-08-18,DOGEUSDT,1,7323.606243872399,0.061050509999999995,0.06322837,0.17884395849103774,0.18522387412874974,15.585721261660233
2023-08-19,BTCUSDT,-1,0.01715851627813016,26040.973,26113.060004999996,0.17872978364753922,0.17922454606703284,-1.5948603784486184
2023-08-19,ETHUSDT,1,0.26877777957365084,1662.4307999999999,1668.8351650000002,0.17872978364753922,0.17941832404925093,1.3632028965825018
2023-08-19,DOGEUSDT,-1,7066.835015972228,0.06322837,0.06382189499999999,0.1787297836475392,0.18040752094868112,-4.553480557451022
2023-08-20,BTCUSDT,-1,0.017067125230041287,26086.959995,26203.084995,0.17809176524229692,0.1788845332092323,-2.338896215790074
2023-08-20,ETHUSDT,1,0.2665222735200259,1670.51484,1684.39738,0.17809176524229692,0.17957176769151,3.34234259009891
2023-08-20,DOGEUSDT,-1,6983.102981271827,0.06375810500000001,0.06387191999999998,0.1780917652422969,0.1784096779886222,-1.1512833090442007
2023-08-21,BTCUSDT,-1,0.01700659929535203,26176.905000000002,26139.983459999996,0.17807205365099882,0.17782088971653986,0.272016892779886
2023-08-21,ETHUSDT,-1,0.2642979507516895,1684.3873850000002,1668.3837749999998,0.17807205365099885,0.1763801651199471,3.875269108858415
2023-08-21,DOGEUSDT,1,6969.88808427079,0.06387191999999998,0.06248874000000001,0.17807205365099885,0.17421580973083825,-9.99289766378335
2023-08-22,BTCUSDT,-1,0.016973042500553693,26113.85654,26069.028,0.1772926387627128,0.1769882880768497,0.40659578781824685
2023-08-22,ETHUSDT,-1,0.26592945595274914,1666.72622,1635.807495,0.17729263876271284,0.17400375887551178,7.8709033203644365
2023-08-22,DOGEUSDT,1,7084.760784597019,0.062561265,0.062558705,0.17729263876271284,0.1772853839676694,-0.3727150103389412
2023-08-23,BTCUSDT,-1,0.0171204229708508,26042.962005,26445.93636,0.17834660997575863,0.18110624653736093,-7.258544260518877
2023-08-23,ETHUSDT,-1,0.27283765732370563,1634.1825000000001,1680.4498049999997,0.17834660997575866,0.18339599521851116,-12.985205712075539
2023-08-23,DOGEUSDT,-1,7128.308880221458,0.06254871,0.06382189499999999,0.17834660997575866,0.18197687235242455,-9.435979423992912
2023-08-24,BTCUSDT,-1,0.016501954491081272,26419.493645000002,26193.140024999997,0.17438931272288039,0.17289520186842774,3.3879926215402834
2023-08-24,ETHUSDT,-1,0.25969801173840884,1678.770195,1661.99058,0.17438931272288036,0.17264625966158595,4.010597080851554
2023-08-24,DOGEUSDT,-1,6837.927222071623,0.06375810500000001,0.06311154,0.17438931272288039,0.17262084695714486,4.074154254658821
2023-08-25,BTCUSDT,-1,0.01680736051161726,26166.959975,26073.040004999995,0.17591901191715376,0.1752875931991416,1.227340189914088
2023-08-25,ETHUSDT,-1,0.26488570550829865,1660.3294200000003,1654.6268999999998,0.17591901191715376,0.17531480550380363,1.1592822159543592
2023-08-25,DOGEUSDT,1,6968.575474356741,0.06311154,0.06308844,0.17591901191715378,0.17585462227977072,-0.5127477276545522
2023-08-26,BTCUSDT,-1,0.016908767303284118,26046.97,26030.378684999996,0.17616886187424893,0.17605664640041271,-0.07168682368408763
2023-08-26,ETHUSDT,1,0.2661777212698063,1654.6168949999999,1646.21648,0.17616886187424896,0.1752744605452807,-2.5874466448401865
2023-08-26,DOGEUSDT,1,6974.050279765415,0.06315156,0.06285855500000001,0.17616886187424896,0.17535148923335994,-2.3949519533301706
2023-08-27,BTCUSDT,-1,0.016871681084490872,26004.371310000002,26114.820884999997,0.1754949838180017,0.17624037182012867,-2.2152053609556037
2023-08-27,ETHUSDT,-1,0.2665142335075932,1646.2064850000002,1659.1591649999998,0.1754949838180017,0.17687581325082932,-3.8044443791378684
2023-08-27,DOGEUSDT,1,6972.781053343645,0.06292144499999999,0.06314841,0.17549498381800166,0.17612801471871056,1.2309542532354945
2023-08-28,BTCUSDT,-1,0.01675594184265925,26088.72911,26133.059999999998,0.17485649108642057,0.17515361341228988,-1.0928159191719924
2023-08-28,ETHUSDT,-1,0.2637351478112839,1657.500835,1653.9065399999997,0.1748564910864206,0.1744773143171796,0.5986081176988451
2023-08-28,DOGEUSDT,-1,6923.538193286155,0.063138415,0.063481725,0.1748564910864206,0.17580725904527542,-2.727583647268762
2023-08-29,BTCUSDT,-1,0.016703117915509724,26106.940000000002,27730.19817,0.174426918893255,0.1852723079415848,-27.473171847659323
2023-08-29,ETHUSDT,-1,0.2639227623303857,1652.2534600000001,1730.28471,0.17442691889325498,0.18266460811249213,-20.951314575098596
2023-08-29,DOGEUSDT,-1,6876.051063090843,0.06341827500000001,0.0664332,0.174426918893255,0.18271923019381064,-21.08792440047614
2023-08-30,BTCUSDT,-1,0.014904675189724428,27702.48183,27313.639995,0.16515859745015712,0.16284037294981654,5.467562280451435
2023-08-30,ETHUSDT,-1,0.23886935148285643,1728.5452950000001,1706.082615,0.16515859745015712,0.16301233912849036,5.037474867588304
2023-08-30,DOGEUSDT,-1,6221.4314028308245,0.0663668,0.06591293999999999,0.16515859745015712,0.16402913390756158,2.4944711251311675
2023-08-31,BTCUSDT,-1,0.015290788833289076,27286.340005000002,25953.750389999997,0.1668918652199132,0.15874132665815358,20.050713212520993
2023-08-31,ETHUSDT,-1,0.24479887302059164,1704.377385,1646.58288,0.16689186521991323,0.16123265334360004,13.819905172219453
2023-08-31,DOGEUSDT,-1,6336.344599892282,0.06584706,0.06379188,0.16689186521991323,0.16168293374199058,12.693753895844738
2023-09-01,BTCUSDT,1,0.016673940405397363,25953.740384999997,25792.147475,0.17310044819065792,0.17202269197014805,-3.0395136914354746
2023-09-01,ETHUSDT,1,0.26281610009303835,1646.5928849999998,1628.30544,0.1731004481906579,0.17117795420043155,-5.150513377956946
2023-09-01,DOGEUSDT,1,6780.60594215582,0.06382189499999999,0.06384806000000001,0.17310044819065792,0.1731714140124486,-0.16885730772644747
2023-09-02,BTCUSDT,-1,0.016670383601114076,25792.13748,25882.444754999997,0.1719859302737087,0.1725881130401972,-1.8500309595351312
2023-09-02,ETHUSDT,1,0.26379107297079873,1629.944565,1636.211485,0.17198593027370873,0.1726471932941176,1.3085244274543388
2023-09-02,DOGEUSDT,1,6729.563900859965,0.06389193,0.06344825999999999,0.17198593027370873,0.1707916480273509,-3.328483194195648
2023-09-03,BTCUSDT,-1,0.01657894208109463,25856.58524,25984.195604999997,0.17146993164353852,0.17231618958365144,-2.4594309715094824
2023-09-03,ETHUSDT,-1,0.261993911953256,1636.2014900000001,1636.6579199999999,0.17146993164353855,0.17151776439603164,-0.4625695772723234
2023-09-03,DOGEUSDT,1,6749.536843248922,0.06351174,0.063138415,0.17146993164353852,0.17046202330673618,-2.861702796956137
2023-09-04,BTCUSDT,-1,0.016439758031978453,25958.224395,25838.93301,0.17069877119744012,0.16991432259556027,1.620508410906591
2023-09-04,ETHUSDT,-1,0.2610037706607609,1635.02208,1631.325255,0.17069877119744012,0.17031281709165094,0.6238736761838738
2023-09-04,DOGEUSDT,1,6752.155471949007,0.063201585,0.06322837,0.17069877119744015,0.1707711137911666,-0.1606134006724432
2023-09-05,BTCUSDT,-1,0.016559081873147124,25813.116985,25804.996049999998,0.17097660702229586,0.17092281693127523,-0.20742419640202123
2023-09-05,ETHUSDT,-1,0.2622815698233409,1629.7047400000001,1635.267225,0.17097660702229586,0.17156018194146339,-1.8014740868825256
2023-09-05,DOGEUSDT,-1,6760.280512620198,0.06322837,0.06405200999999999,0.17097660702229583,0.1732038219988616,-5.912217870435567
2023-09-06,BTCUSDT,-1,0.01647843671303607,25779.213945000003,25772.829975,0.1699204582017998,0.1698783790635506,-0.23460099164238682
2023-09-06,ETHUSDT,-1,0.2600330704518097,1633.6427700000002,1633.966575,0.16992045820179982,0.16995413820515087,-0.424074604784538
2023-09-06,DOGEUSDT,-1,6637.726883190142,0.06399798500000001,0.063681825,0.16992045820179982,0.16908102470924402,1.7595822484784163
2023-09-07,BTCUSDT,-1,0.016513262051786284,25747.070025,26268.1275,0.17006724575540666,0.17350898920689348,-8.947934863679345
2023-09-07,ETHUSDT,-1,0.26046646345461966,1632.3334250000003,1648.9340549999997,0.1700672457554067,0.1717968087102941,-4.665771441684221
2023-09-07,DOGEUSDT,-1,6684.173551082843,0.06360818,0.063681825,0.1700672457554067,0.17026414813987448,-0.8325873550647583
2023-09-08,BTCUSDT,-1,0.016018395149521965,26241.8725,25923.45525,0.16814107326734956,0.1661008599341799,4.766291399722629
2023-09-08,ETHUSDT,-1,0.2551789411208592,1647.285945,1637.25822,0.16814107326734956,0.16711752756840909,2.2236056465154466
2023-09-08,DOGEUSDT,-1,6606.392784333951,0.06362817,0.063741855,0.1681410732673496,0.16844149237282438,-1.087630329327194
2023-09-09,BTCUSDT,1,0.016291042275598817,25923.45525,25888.659195000004,0.16892804216293764,0.16870129656172606,-0.9044933417536479
2023-09-09,ETHUSDT,1,0.2579450699888801,1637.248215,1634.72223,0.16892804216293764,0.16866741601189128,-0.9891608357906881
2023-09-09,DOGEUSDT,1,6626.51571243176,0.06373185,0.063358305,0.16892804216293766,0.16793792143821754,-2.8121677754014964
2023-09-10,BTCUSDT,-1,0.016252354259166813,25888.6492,25854.530805,0.16830059923587823,0.16807879753896054,0.21812484551936845
2023-09-10,ETHUSDT,-1,0.2573856664685057,1634.712235,1618.22871,0.1683005992358782,0.1666035500087281,3.907718918630636
2023-09-10,DOGEUSDT,1,6635.235523445212,0.06341169,0.06126935000000001,0.16830059923587823,0.16261462704735918,-14.54584569758085
2023-09-11,BTCUSDT,-1,0.01615561372227989,25828.6792,25175.10126,0.1669112656447541,0.16268768455033672,10.22935378584832
2023-09-11,ETHUSDT,1,0.25786105606288817,1618.22871,1551.074075,0.1669112656447541,0.15998463960450696,-17.643461005867078
2023-09-11,DOGEUSDT,1,6803.745991798313,0.061330649999999994,0.060459755000000004,0.1669112656447541,0.16454112629854323,-6.256800757470418
2023-09-12,BTCUSDT,1,0.01639401671125268,25175.111264999996,25827.17995,0.16508847791442222,0.1693644878819321,10.355571952978298
2023-09-12,ETHUSDT,1,0.26582311147888754,1552.6159199999997,1592.1735150000002,0.1650884779144222,0.16929460710863092,10.180939900498752
2023-09-12,DOGEUSDT,-1,6828.6366564472155,0.060439765000000006,0.06093045,0.1650884779144222,0.1664287617455297,-3.68222681742869
2023-09-13,BTCUSDT,-1,0.016197637163947183,25827.17995,26235.110999999997,0.16733571591922863,0.16997872357355182,-6.944833575300705
2023-09-13,ETHUSDT,-1,0.2627472984928226,1592.1735150000002,1608.4238099999998,0.16733571591922863,0.16904360436361318,-4.606100431244157
2023-09-13,DOGEUSDT,-1,6872.718622005116,0.06086955000000001,0.06129063,0.16733571591922863,0.16849330166217016,-3.2297933749352468
2023-09-14,BTCUSDT,-1,0.015773746863932746,26208.889000000003,26535.991364999998,0.1653649522683646,0.16742880423000606,-5.49242366060203
2023-09-14,ETHUSDT,-1,0.25728826659826987,1606.806195,1627.2832349999999,0.16536495226836465,0.16747235311903,-5.601339432050828
2023-09-14,DOGEUSDT,-1,6752.966371690523,0.061219375,0.06211104,0.16536495226836462,0.16777350577229,-6.354522217854084
2023-09-15,BTCUSDT,-1,0.015375498135381967,26509.468635,26613.3,0.16303851422696372,0.16367709781054438,-1.9231745709891446
2023-09-15,ETHUSDT,-1,0.25072560723786297,1625.66676,1642.110645,0.16303851422696372,0.16468767544775353,-4.45062924164928
2023-09-15,DOGEUSDT,-1,6570.004602227153,0.062038965,0.06253125,0.16303851422696372,0.16433224011320666,-3.561685469947532
2023-09-16,BTCUSDT,-1,0.015206272602212453,26586.690005000004,26572.949834999996,0.1617137823226189,0.16163020761437055,-0.11440721931612297
2023-09-16,ETHUSDT,-1,0.24644288012924223,1640.47935,1635.2172,0.16171378232261888,0.16119505456195005,0.9739105647875279
2023-09-16,DOGEUSDT,1,6465.318633587962,0.06253125,0.06210893000000001,0.1617137823226189,0.16062160897648417,-3.052768756635906
2023-09-17,BTCUSDT,-1,0.01520181707674223,26546.390165,26540.773755,0.1614213469344636,0.1613871950794844,-0.2374289045659263
2023-09-17,ETHUSDT,-1,0.24703575927474197,1633.5828000000001,1623.29124,0.1614213469344636,0.160404393598975,2.220557598188154
2023-09-17,DOGEUSDT,1,6492.060059398259,0.062161064999999995,0.061439265,0.1614213469344636,0.15954695935411414,-5.006937257162206
2023-09-18,BTCUSDT,-1,0.015182237472456415,26514.23625,26775.891255,0.16101817245932493,0.1626071758280316,-4.29613377005408
2023-09-18,ETHUSDT,-1,0.2482291335181867,1621.66876,1637.47833,0.16101817245932493,0.16258793080428297,-4.248001965658701
2023-09-18,DOGEUSDT,1,6546.440921230115,0.06149073,0.061949010000000006,0.16101817245932493,0.16221821363747746,2.67686655928457
2023-09-19,BTCUSDT,-1,0.01497580830606502,26749.11875,27223.86513,0.16023586990246785,0.16307975421481913,-7.43302640499554
2023-09-19,ETHUSDT,1,0.24463815332210814,1637.47833,1642.29844,0.16023586990246785,0.16070754302615162,0.8582393962808349
2023-09-19,DOGEUSDT,-1,6468.5292090230005,0.06192902,0.06271133999999999,0.16023586990246783,0.16226005381078895,-5.38295569451606
2023-09-20,BTCUSDT,-1,0.014582819400871383,27196.644875,27138.5625,0.1586415042087037,0.15830270229470422,0.530060578495305
2023-09-20,ETHUSDT,-1,0.2414916419288556,1642.3084350000001,1623.0711299999998,0.1586415042087037,0.1567832448604092,4.330223621667152
2023-09-20,DOGEUSDT,-1,6329.5926240638155,0.062658655,0.06265130999999999,0.1586415042087037,0.1586229078655742,-0.2707735542504923
2023-09-21,BTCUSDT,-1,0.014685073435387589,27111.447495,26581.36404,0.15925343896149197,0.15613971317606837,7.468921311421412
2023-09-21,ETHUSDT,1,0.24529494479259653,1623.081135,1583.14803,0.15925343896149197,0.1553352834469432,-10.109977508780357
2023-09-21,DOGEUSDT,-1,6360.095222507147,0.06259868500000002,0.061340655,0.15925343896149197,0.15605296272438365,7.685884191084881
2023-09-22,BTCUSDT,1,0.015041184723753244,26581.36404,26566.84993,0.15992608269398875,0.1598387589301444,-0.5380742512350085
2023-09-22,ETHUSDT,1,0.2522920054013751,1584.73197,1592.28346,0.15992608269398872,0.16068815491633612,1.5845663182581196
2023-09-22,DOGEUSDT,1,6519.011403514749,0.061330649999999994,0.06148924,0.15992608269398872,0.1603396227013821,0.7135843130880791
2023-09-23,BTCUSDT,-1,0.015071485701793008,26566.84993,26589.247979999996,0.16016075954467024,0.16029578830079944,-0.6580284381684565
2023-09-23,ETHUSDT,-1,0.2514655350748281,1592.273465,1594.6569299999999,0.16016075954467024,0.16040050326529307,-0.9199205643670602
2023-09-23,DOGEUSDT,1,6504.173540755636,0.061560764999999996,0.06148924,0.16016075954467027,0.15997467513966926,-0.7853464471868596
2023-09-24,BTCUSDT,-1,0.015044193710789642,26562.682015000002,26261.50419,0.15984565348470728,0.15803326246842953,4.213098624741204
2023-09-24,ETHUSDT,-1,0.25084797235130923,1593.053075,1581.500355,0.15984565348470728,0.15868646292985028,2.5794442707278935
2023-09-24,DOGEUSDT,1,6492.432160249007,0.061550759999999996,0.06065965500000001,0.15984565348470728,0.15753147798064382,-6.1028158916239725
2023-09-25,BTCUSDT,1,0.015225475566415635,26261.514195,26291.657595000004,0.15993761708521997,0.16012119612529546,0.1388887869782458
2023-09-25,ETHUSDT,1,0.2528257685487841,1581.500355,1587.535835,0.15993761708521995,0.16054798703304426,1.2054392654425528
2023-09-25,DOGEUSDT,1,6586.094604527827,0.060710339999999995,0.06090953,0.15993761708521995,0.16046237075893033,0.9914841964318055
2023-09-26,BTCUSDT,-1,0.01523763945459244,26291.6476,26234.780834999998,0.16024905871840028,0.15990245261359265,0.5463637506870815
2023-09-26,ETHUSDT,-1,0.25235343712628483,1587.54583,1594.807005,0.16024905871840026,0.16098201170593043,-2.1536135392497484
2023-09-26,DOGEUSDT,-1,6576.260185810717,0.060919525,0.06065031,0.16024905871840026,0.15954088756403104,1.4506379396406222
2023-09-27,BTCUSDT,-1,0.015283949322106364,26208.569160000003,26386.176495,0.16022817713854393,0.16131399374149366,-3.036083678254359
2023-09-27,ETHUSDT,-1,0.2514214553521851,1593.22299,1599.43932,0.16022817713854393,0.16085334463276368,-1.884000257320749
2023-09-27,DOGEUSDT,-1,6611.198090737216,0.06058969,0.060560264999999995,0.16022817713854395,0.16015036333701596,-0.12584403665557417
2023-09-28,BTCUSDT,-1,0.01513244647408511,26359.8135,27034.900694999997,0.15955538674224645,0.16364167507971752,-10.538917905499666
2023-09-28,ETHUSDT,-1,0.24964376426130286,1597.8306850000001,1653.816495,0.15955538674224645,0.16514599008369368,-14.301209730444008
2023-09-28,DOGEUSDT,1,6587.725087482963,0.060550259999999995,0.06146925,0.15955538674224648,0.16197700813350488,5.732521083270273
2023-09-29,BTCUSDT,-1,0.014533509285889177,27007.879305000002,26920.41348,0.15700770586855667,0.15649923171662247,0.9576784422503215
2023-09-29,ETHUSDT,-1,0.2375775090639038,1652.1735,1668.283725,0.1570077058685567,0.15853867671894029,-4.142973508546502
2023-09-29,DOGEUSDT,-1,6384.581734394943,0.06147924500000001,0.062161064999999995,0.15700770586855667,0.1587489600758147,-4.66889218408944
2023-09-30,BTCUSDT,1,0.014483477474975118,26920.41348,26949.07872,0.15596048090183862,0.15612654984498053,0.1030853271079668
2023-09-30,ETHUSDT,1,0.23371396388500792,1668.283725,1670.0545550000002,0.1559604809018386,0.1561260279813052,0.10178118978338219
2023-09-30,DOGEUSDT,1,6272.434396910615,0.062161064999999995,0.062038965,0.15596048090183862,0.15565413520589352,-1.0774788559704747
2023-10-01,BTCUSDT,-1,0.014457272956248211,26949.088715,28006.566284999997,0.15584413258996138,0.16195942933980137,-15.606045436529772
2023-10-01,ETHUSDT,1,0.23305880319055822,1671.725445,1732.923105,0.15584413258996135,0.16154919394902642,13.945260071123718
2023-10-01,DOGEUSDT,-1,6280.090769968573,0.062038965,0.06322159499999999,0.15584413258996135,0.1588149420888765,-7.74168282196671
2023-10-02,BTCUSDT,-1,0.01381328588388528,27978.583710000003,27508.257254999997,0.1545904701649783,0.1519917686523105,6.190171542852097
2023-10-02,ETHUSDT,1,0.22279561304389084,1734.6669,1661.5688000000002,0.1545904701649783,0.14807609576424086,-16.588602567772792
2023-10-02,DOGEUSDT,-1,6118.18845201787,0.06316840000000001,0.062030999999999996,0.15459047016497832,0.1518069391468482,6.652430136013407
2023-10-03,BTCUSDT,1,0.014004068119562766,27508.257254999997,27412.74677,0.15409100337979065,0.1535559892445617,-1.6451823306967635
2023-10-03,ETHUSDT,1,0.23161253298163484,1663.241205,1656.05156,0.15409100337979065,0.15342491862391514,-1.9727278116924352
2023-10-03,DOGEUSDT,1,6209.240299209799,0.062041004999999996,0.061339315000000005,0.15409100337979065,0.15234821864956968,-4.663401047581828
2023-10-04,BTCUSDT,-1,0.013952166634268971,27412.736775,27792.459284999997,0.15298682855446122,0.15510600924818232,-5.606044572105453
2023-10-04,ETHUSDT,-1,0.23095118571438258,1656.05156,1647.4032899999997,0.15298682855446122,0.15218789727010992,1.692153485053637
2023-10-04,DOGEUSDT,1,6228.021072327197,0.06141069,0.061439265,0.15298682855446122,0.15305801483531792,-0.1280791412480114
2023-10-05,BTCUSDT,-1,0.013726783026567201,27764.680715000002,27424.095194999998,0.1524478991906879,0.15057784177667566,4.372117794063257
2023-10-05,ETHUSDT,-1,0.23157721044729612,1645.75671,1612.595895,0.15244789919068788,0.14937618357714433,7.377464951091065
2023-10-05,DOGEUSDT,1,6198.0033084128245,0.06149073,0.06082957,0.1524478991906879,0.15080875044373182,-4.401128517024648
2023-10-06,BTCUSDT,1,0.01398657749661555,27424.095194999998,27917.124455,0.15342769308777185,0.1561860098690075,6.58617825013228
2023-10-06,ETHUSDT,1,0.23785824700950864,1612.595895,1644.2074850000001,0.15342769308777185,0.1564353240408052,7.209214365454786
2023-10-06,DOGEUSDT,1,6298.300376991226,0.060900434999999996,0.061339315000000005,0.15342769308777185,0.15453337231555345,2.456237004050644
2023-10-07,BTCUSDT,-1,0.013933609242356973,27917.13445,27970.648334999998,0.1555945770370569,0.15589283366210907,-1.0571289733295477
2023-10-07,ETHUSDT,1,0.23634343845969838,1645.8525149999998,1632.753215,0.1555945770370569,0.15435620359569088,-3.4058843840478414
2023-10-07,DOGEUSDT,1,6336.245869774407,0.061390679999999996,0.061399285000000005,0.15559457703705692,0.1556163863953407,-0.25668756772293344
2023-10-08,BTCUSDT,-1,0.013864562998997045,27942.691665,27931.008524999997,0.15496528358037687,0.15490049092815442,-0.14788414395241503
2023-10-08,ETHUSDT,1,0.23704032857768706,1634.3767799999998,1632.02358,0.15496528358037684,0.15474216225989326,-0.867510747049233
2023-10-08,DOGEUSDT,-1,6309.734860119986,0.061399285000000005,0.06099048,0.15496528358037687,0.1539335031165803,2.270552372794426
2023-10-09,BTCUSDT,-1,0.013899228915293993,27903.10147,27603.915059999996,0.15513263791128254,0.1534692537509085,3.8498585092728916
2023-10-09,ETHUSDT,1,0.23739950141792648,1633.666425,1579.3399350000002,0.15513263791128257,0.14997380525536821,-13.202188082952548
2023-10-09,DOGEUSDT,-1,6366.2938077440085,0.060919525,0.058759364999999994,0.15513263791128254,0.149631752618588,13.44744884120648
2023-10-10,BTCUSDT,1,0.014099327348605771,27603.915059999996,27376.42494,0.15567865381361948,0.15439567074543806,-3.517531995012595
2023-10-10,ETHUSDT,1,0.24618362632651428,1580.920065,1566.846185,0.15567865381361948,0.15429275028766581,-3.774730218985468
2023-10-10,DOGEUSDT,1,6624.695733435201,0.05874936,0.05910043500000001,0.15567865381361945,0.15660895983546577,2.013477440966719
2023-10-11,BTCUSDT,1,0.014138069417029006,27403.815059999997,26862.082240000003,0.15497481584388195,0.15191119335802483,-7.965942223844699
2023-10-11,ETHUSDT,1,0.2470263315731839,1568.4038099999998,1566.086565,0.15497481584388195,0.15474584763119947,-0.8821411951813172
2023-10-11,DOGEUSDT,-1,6554.461532587478,0.05911043,0.058539255,0.15497481584388195,0.1534773180175317,3.4352924320142404
2023-10-12,BTCUSDT,1,0.014341678074299884,26888.957759999998,26746.250185,0.15425311037894707,0.1534344439391815,-2.3543536537320877
2023-10-12,ETHUSDT,-1,0.2462413290222251,1566.07657,1540.3798049999998,0.1542531103789471,0.15172206815287836,6.021630386640007
2023-10-12,DOGEUSDT,1,6587.592820362468,0.058539255,0.05785106,0.15425311037894707,0.15243969100254334,-4.84024124239081
2023-10-13,BTCUSDT,1,0.01438918487086582,26773.009815,26848.569000000003,0.15409671511101605,0.15453160914367883,0.7786067574022838
2023-10-13,ETHUSDT,1,0.25009532488485214,1540.3798049999998,1551.3839200000002,0.15409671511101605,0.15519754619741422,2.442783454686947
2023-10-13,DOGEUSDT,1,6651.395113939665,0.05791894499999999,0.058360805,0.15409671511101605,0.15527230928903424,2.629616420645391
2023-10-14,BTCUSDT,1,0.014406917728009089,26875.430999999997,26839.053760000003,0.15487684932871398,0.1546672157671732,-0.8336279689478471
2023-10-14,ETHUSDT,1,0.24932907948264363,1552.93608,1554.16253,0.154876849328714,0.15499916518852663,-0.004086364985724039
2023-10-14,DOGEUSDT,1,6627.823668603874,0.05841919499999999,0.05981008,0.154876849328714,0.1585642655380365,8.905099408439405
2023-10-15,BTCUSDT,1,0.014512119866608815,26865.906239999997,27140.572925000004,0.1559525006719815,0.15754689901441515,3.672496456397796
2023-10-15,ETHUSDT,-1,0.2508625990873385,1554.16253,1558.548885,0.1559525006719815,0.15639264963830937,-1.4127175661300002
2023-10-15,DOGEUSDT,-1,6518.654575950302,0.05981008,0.059339655,0.15595250067198146,0.1547258854404249,2.7558596927790373
2023-10-16,BTCUSDT,1,0.014412441435501005,27167.71707,28486.52961,0.15662125248305436,0.16422417588191612,18.686463068789397
2023-10-16,ETHUSDT,-1,0.25147903151310913,1557.0011100000002,1600.21971,0.1566212524830544,0.16096868115159535,-11.18616160498709
2023-10-16,DOGEUSDT,-1,6606.222693262921,0.05927035,0.06002999999999999,0.1566212524830544,0.15862861931062924,-5.33366694073082
2023-10-17,BTCUSDT,1,0.01375679685369183,28515.020385,28381.712045,0.15691013708613058,0.15617657878521743,-2.1469824681542233
2023-10-17,ETHUSDT,1,0.24513995977503863,1600.209705,1564.227495,0.15691013708613058,0.1533818660813238,-9.130969515184422
2023-10-17,DOGEUSDT,-1,6541.192975076311,0.05997,0.05906952,0.15691013708613055,0.15455405170605185,5.578749261404548
2023-10-18,BTCUSDT,1,0.013740729499972846,28410.107955,28305.84,0.15615024338987268,0.15557715628380456,-1.7444451648440096
2023-10-18,ETHUSDT,-1,0.24956447174244414,1564.227495,1564.22172,0.1561502433898727,0.15614966689594298,-0.3108586754614818
2023-10-18,DOGEUSDT,1,6609.868172379704,0.05905951499999999,0.058550710000000006,0.15615024338987268,0.15480498979969365,-3.674089208637137
2023-10-19,BTCUSDT,1,0.013710158013920325,28334.16,28699.353145,0.15538632431668029,0.1573890666061005,4.694080332627752
2023-10-19,ETHUSDT,1,0.24834287949996717,1564.2317249999999,1565.786715,0.1553863243166803,0.15554079259435777,0.07524357728263792
2023-10-19,DOGEUSDT,1,6626.927375904141,0.058619295,0.058840565000000004,0.1553863243166803,0.15597286040486683,1.1549810357447792
2023-10-20,BTCUSDT,1,0.01359091027870414,28728.066854999997,29654.205480000004,0.1561762316427677,0.1612110584259747,12.26967966794877
2023-10-20,ETHUSDT,-1,0.24935744783536448,1565.786715,1604.691945,0.1561762316427677,0.16005675518686685,-10.01754184707751
2023-10-20,DOGEUSDT,1,6628.935899078136,0.05889943499999999,0.05987005000000001,0.15617623164276767,0.1587498894898412,6.119218496551215
2023-10-21,BTCUSDT,1,0.013247290154411716,29683.884524999998,29894.845100000002,0.1572924124850907,0.15841027486435735,2.4789532608171476
2023-10-21,ETHUSDT,1,0.24505231934792435,1604.68194,1628.1255300000003,0.1572924124850907,0.15959037492642747,5.428023315930364
2023-10-21,DOGEUSDT,1,6561.511084403153,0.059929949999999996,0.06115940500000001,0.15729241248509068,0.16051924552920066,7.749270952260662
2023-10-22,BTCUSDT,1,0.013315055769732067,29924.754899999996,29977.463770000002,0.15937991215562516,0.15966064077306902,0.3827809906809411
2023-10-22,ETHUSDT,1,0.24448454520211435,1629.7544699999999,1662.8681500000002,0.15937991215562516,0.16261822535353254,7.773784857259286
2023-10-22,DOGEUSDT,-1,6514.938796233594,0.06115940500000001,0.06173085,0.15937991215562516,0.16086908383579063,-4.043178196405056
2023-10-23,BTCUSDT,1,0.013324052080313283,30007.456229999996,33053.455004999996,0.1599283638424965,0.17616238236836468,40.2489555684596
2023-10-23,ETHUSDT,-1,0.24044198141857817,1662.8581550000001,1766.3427299999998,0.1599283638424965,0.16988117834620026,-25.211845801448092
2023-10-23,DOGEUSDT,-1,6484.372184572448,0.06165915500000001,0.06745370999999999,0.15992836384249648,0.17495798434808651,-37.908937612165644
2023-10-24,BTCUSDT,1,0.011853676596453035,33086.524995,33905.76863500001,0.15687878679647596,0.1607632064613804,9.393407169003233
2023-10-24,ETHUSDT,1,0.2220377386803151,1766.352735,1784.08751,0.15687878679647593,0.1584539025312776,3.62245664767646
2023-10-24,DOGEUSDT,-1,5820.129984766781,0.06738629,0.0666333,0.15687878679647596,0.15512578692558415,4.070495103507449
2023-10-25,BTCUSDT,1,0.011723513207162176,33939.691365,34478.801975,0.15915696798583423,0.16168507612841673,5.9994283123420455
2023-10-25,ETHUSDT,1,0.2228000163463997,1785.87249,1786.2564250000003,0.1591569679858342,0.15919118427554463,-0.23280742798535872
2023-10-25,DOGEUSDT,1,5971.37497264259,0.0666333,0.06828584000000001,0.15915696798583423,0.16310414238475054,9.54567488692025
2023-10-26,BTCUSDT,1,0.011676557779644742,34513.298025000004,34134.58417,0.16119860742200454,0.15942977773806072,-4.742702595019587
2023-10-26,ETHUSDT,1,0.22538405897351316,1788.043575,1802.4783100000002,0.1611986074220045,0.16249995108780735,2.9296606059972845
2023-10-26,DOGEUSDT,1,5895.713129310802,0.06835416,0.071814075,0.1611986074220045,0.16935807393872426,20.0681096104387
2023-10-27,BTCUSDT,1,0.011972393217319778,34168.735830000005,33875.07399,0.16363261643819335,0.16222628242963266,-3.8416939202695666
2023-10-27,ETHUSDT,1,0.22672694344773522,1804.291695,1778.5103000000001,0.16363261643819332,0.16129448168372587,-6.170263984290585
2023-10-27,DOGEUSDT,-1,5697.190759849347,0.07180408,0.06779388,0.16363261643819335,0.1544938666841342,22.528747902025554
2023-10-28,BTCUSDT,1,0.012187157999409831,33908.956005,34063.959500000004,0.16530152177118873,0.16605714260479904,1.5576934196497985
2023-10-28,ETHUSDT,1,0.23212597478241553,1780.299705,1775.3119000000002,0.16530152177118873,0.16483840213212891,-1.4879390215528665
2023-10-28,DOGEUSDT,1,6095.739090725767,0.06779388,0.06896550000000001,0.1653015217711887,0.1681582777045792,6.808430034000429
2023-10-29,BTCUSDT,1,0.012186812044021993,34098.050505,34508.627055000004,0.16621861302880167,0.1682200607266149,4.6691805707776455
2023-10-29,ETHUSDT,1,0.23383432316023103,1777.098105,1794.2424300000002,0.1662186130288017,0.16782218568176732,3.674890833703507
2023-10-29,DOGEUSDT,1,6019.4038136294785,0.0690345,0.069315325,0.1662186130288017,0.1668947726591867,1.3572856902745005
2023-10-30,BTCUSDT,1,0.012123399396449247,34543.14294,34457.492635,0.16751212730810242,0.16709677816572535,-1.3729817614164679
2023-10-30,ETHUSDT,1,0.23316901899232323,1796.03757,1808.1354800000001,0.16751212730810244,0.16864047043072541,2.484705208818632
2023-10-30,DOGEUSDT,-1,6040.798921234781,0.06932532000000001,0.06962479499999999,0.16751212730810242,0.1682357546108771,-2.1448161388556426
2023-10-31,BTCUSDT,1,0.012131399413584031,34491.97736999999,34622.450115,0.16737438161590865,0.16800750840878134,1.2474350921570865
2023-10-31,ETHUSDT,1,0.23118844940076275,1809.934515,1813.7626650000002,0.16737438161590865,0.16772839124093808,0.5499212897167474
2023-10-31,DOGEUSDT,-1,6016.747293447981,0.06954521000000001,0.06830413499999999,0.16737438161590862,0.1643874877570222,7.135472777843155
2023-11-01,BTCUSDT,-1,0.012171681689307816,34622.46011,35439.140715,0.1685654255038709,0.17254157605022744,-10.281483367445444
2023-11-01,ETHUSDT,-1,0.23234217568354085,1813.7626650000002,1847.913495,0.1685654255038709,0.1717392967613104,-8.274982865863876
2023-11-01,DOGEUSDT,-1,6175.836765016128,0.068235865,0.06897447,0.1685654255038709,0.1703900270694008,-4.9004593663979445
2023-11-02,BTCUSDT,-1,0.011682235564866441,35403.719285,34959.060795,0.16543783542390997,0.16335999333347082,4.865807397340447
2023-11-02,ETHUSDT,1,0.22381707243269788,1847.913495,1799.8996,0.16543783542390997,0.16113930365791357,-11.072906554072786
2023-11-02,DOGEUSDT,-1,6003.213249737807,0.06889553500000001,0.06793394999999999,0.16543783542390997,0.1631287954988103,5.444033181826497
2023-11-03,BTCUSDT,1,0.011823554241153535,34959.05079,34699.42161,0.16533609329392254,0.16410819741699606,-3.3991839830271755
2023-11-03,ETHUSDT,1,0.22941801453895547,1801.6903949999999,1831.7936450000002,0.16533609329392257,0.1680985844323905,6.572793168443577
2023-11-03,DOGEUSDT,1,6084.4428041473575,0.06793394999999999,0.068035965,0.16533609329392254,0.1655843750669886,0.2897839643042475
2023-11-04,BTCUSDT,1,0.011933351936473541,34734.13839,35044.538965,0.1657978790472186,0.16727952676832208,3.371041896943206
2023-11-04,ETHUSDT,1,0.22605312044585907,1833.61635,1854.61223,0.1657978790472186,0.16769635272342132,4.41268995873615
2023-11-04,DOGEUSDT,1,6085.304844904905,0.06811404,0.06904546,0.1657978790472186,0.16806506890267514,5.334111690691446
2023-11-05,BTCUSDT,1,0.01194048447643785,35079.591029999996,34994.37406,0.16754692485340136,0.16713991209043577,-1.352218744357836
2023-11-05,ETHUSDT,1,0.22562595424616685,1856.46777,1890.764145,0.1675469248534014,0.17064218578802515,7.399963225917983
2023-11-05,DOGEUSDT,-1,6066.543870277689,0.06904546,0.07111554,0.16754692485340136,0.17257021730739516,-12.898348277145246
2023-11-06,BTCUSDT,1,0.011892405401139585,35029.395945,35028.566955,0.16663351101399004,0.16662956753992866,-0.34312176370734426
2023-11-06,ETHUSDT,1,0.2201054018534051,1892.655855,1899.9995250000002,0.16663351101399002,0.16728006358856154,1.2824678618262881
2023-11-06,DOGEUSDT,-1,5863.70531263064,0.07104446,0.07640818499999999,0.16663351101399002,0.1792140321251859,-31.79715032112887
2023-11-07,BTCUSDT,-1,0.011599042670398952,35028.566955,35416.81956,0.1625191371175887,0.16432048053050413,-4.83019814993666
2023-11-07,ETHUSDT,1,0.21362728919554622,1901.900475,1884.327365,0.16251913711758867,0.16101749877677463,-4.077632487929469
2023-11-07,DOGEUSDT,-1,5322.785037850492,0.076331815,0.07341668999999999,0.16251913711758867,0.1563125036242031,15.197752092722148
2023-11-08,BTCUSDT,-1,0.01154262216812274,35381.430435,35642.53236,0.16335779331156947,0.16456331365862725,-3.3417219746146647
2023-11-08,ETHUSDT,-1,0.2167333856710792,1884.31737,1889.0640599999997,0.16335779331156947,0.16376929978934185,-1.355893287531905
2023-11-08,DOGEUSDT,-1,5568.258144865886,0.07334331000000001,0.07537767,0.16335779331156947,0.16788892996740518,-11.659088362868255
2023-11-09,BTCUSDT,1,0.011305095964209767,35642.53236,36682.739454999995,0.1611768994949008,0.16588075590755155,11.43258337622439
2023-11-09,ETHUSDT,1,0.21330371551345154,1889.0540549999998,2120.25934,0.1611768994949008,0.18090367802963941,48.974865759322
2023-11-09,DOGEUSDT,-1,5350.282954845066,0.075312325,0.073606785,0.1611768994949008,0.1575268508585782,8.806417840453003
2023-11-10,BTCUSDT,1,0.011601849465289776,36719.450549999994,37282.979185,0.17040541509170073,0.17302060484876083,6.194548372709794
2023-11-10,ETHUSDT,-1,0.20092425556362245,2120.269335,2078.7588599999995,0.17040541509170073,0.16706923057671377,8.002986641799048
2023-11-10,DOGEUSDT,-1,5793.484450928085,0.073533215,0.07542769499999999,0.1704054150917007,0.1747956712607384,-11.32084150894662
2023-11-11,BTCUSDT,1,0.011440761597721628,37320.280815,37111.435000000005,0.17078897422577569,0.16983323215373697,-2.7299773864763113
2023-11-11,ETHUSDT,1,0.20539777065072343,2078.7588599999995,2052.143415,0.17078897422577569,0.16860227299862496,-5.806144315101232
2023-11-11,DOGEUSDT,-1,5666.3487011371335,0.07535230500000001,0.078529245,0.17078897422577569,0.1779896341628119,-18.350428450979134
2023-11-12,BTCUSDT,1,0.011252396014771385,37148.554995,37045.597935,0.16720410087210144,0.16674069542744682,-1.4924584079361338
2023-11-12,ETHUSDT,1,0.2034918620587297,2054.1865799999996,2043.65766,0.16720410087210147,0.16634708105759455,-2.4761007181969976
2023-11-12,DOGEUSDT,-1,5327.635182945021,0.07846075000000001,0.077988975,0.16720410087210147,0.1661987228367279,2.180042264725099
2023-11-13,BTCUSDT,1,0.011256313777081521,37082.662065,36444.698535,0.16696563195724712,0.16409318488844132,-7.512176488860177
2023-11-13,ETHUSDT,1,0.20404338904897099,2045.712345,2052.623175,0.1669656319572471,0.16752967562698365,1.0756138667571224
2023-11-13,DOGEUSDT,-1,5357.5739748401165,0.07791102500000001,0.07459728,0.1669656319572471,0.15986417836874445,17.426804160930608
2023-11-14,BTCUSDT,1,0.011542326966299442,36481.161465,35533.414405,0.1684309974957574,0.16405531491660985,-11.271692760281315
2023-11-14,ETHUSDT,1,0.20493611871998094,2054.676825,1978.4003050000001,0.1684309974957574,0.16217827191245063,-15.962423227675187
2023-11-14,DOGEUSDT,-1,5650.323736699271,0.07452272,0.07247622,0.1684309974957574,0.16380564248489535,11.231150887174442
2023-11-15,BTCUSDT,1,0.011688365071698405,35568.9756,37839.270899999996,0.16629726881565313,0.17691168493043755,26.192831333214937
2023-11-15,ETHUSDT,1,0.2099299809724989,1980.3897,2057.45076,0.16629726881565313,0.17276823955946138,15.838361351145528
2023-11-15,DOGEUSDT,-1,5742.009216081436,0.07240378000000001,0.076268115,0.16629726881565315,0.17517288768926353,-22.530517340530874
2023-11-16,BTCUSDT,1,0.011147713862868839,37877.1291,36145.428245,0.1688973588614971,0.16117555661044697,-19.634578543097216
2023-11-16,ETHUSDT,-1,0.20522549269900542,2057.460755,1962.750885,0.1688973588614971,0.16112260696781358,19.10685976837947
2023-11-16,DOGEUSDT,-1,5541.842115518505,0.07619188500000001,0.079509735,0.1688973588614971,0.17625215920668627,-18.732150381041162
2023-11-17,BTCUSDT,1,0.011492679580937075,36181.591755,36595.613040000004,0.16632937630739592,0.16823266189467306,4.42365192999079
2023-11-17,ETHUSDT,1,0.21185747205432529,1962.750885,1959.83959,0.1663293763073959,0.16608266446775413,-0.9491916398795218
2023-11-17,DOGEUSDT,-1,5235.734413500353,0.07942027,0.08645320499999999,0.1663293763073959,0.18105840823036032,-37.16996759194881
2023-11-18,BTCUSDT,1,0.011044693404666765,36632.216955,36549.815950000004,0.16183664200048423,0.16147260446589967,-1.2334030829277938
2023-11-18,ETHUSDT,1,0.20623484577679876,1961.8004099999998,1961.6187,0.16183664200048423,0.1618216520269538,-0.36113322785350693
2023-11-18,DOGEUSDT,-1,4684.031497364172,0.08637679,0.08032014,0.16183664200048423,0.15048882625307997,28.05721390025713
2023-11-19,BTCUSDT,1,0.011299624032626897,36586.394055,37341.18007,0.16536499901241433,0.16877651829024823,8.194656677282081
2023-11-19,ETHUSDT,1,0.21054111892129482,1963.5712949999997,2010.464265,0.16536499901241433,0.16931415836175143,9.538219215968613
2023-11-19,DOGEUSDT,1,5147.700194141572,0.08031013499999999,0.08041977,0.16536499901241433,0.16559074625672823,0.2334123655156238
2023-11-20,BTCUSDT,1,0.011220378680635286,37378.529924999995,37430.05561,0.1677605041135832,0.1679917591925749,0.24238543417305872
2023-11-20,ETHUSDT,1,0.20840065447246647,2012.475735,2020.3893000000003,0.1677605041135832,0.1684201809636674,1.3130114401332138
2023-11-20,DOGEUSDT,-1,5215.799450800079,0.080409775,0.07771884,0.16776050411358318,0.1621463531955277,13.705470437829629
2023-11-21,BTCUSDT,1,0.011329500312711361,37467.514395,35723.779175,0.16979528642186797,0.16189302693375768,-20.087337033631382
2023-11-21,ETHUSDT,1,0.20989115420209759,2022.420705,1932.0434950000001,0.16979528642186797,0.16220753565368182,-19.301379742540878
2023-11-21,DOGEUSDT,-1,5467.30904142429,0.07764116,0.07179588,0.16979528642186797,0.15701210554440534,31.63114480169027
2023-11-22,BTCUSDT,1,0.011798322488563232,35759.520825,37389.63583,0.1687609434919371,0.17645399250091143,18.887407586443015
2023-11-22,ETHUSDT,1,0.21815278398629911,1933.9765049999999,2062.1783950000004,0.16876094349193707,0.17994798317825925,27.618890289135194
2023-11-22,DOGEUSDT,1,5877.233630290678,0.07178587499999999,0.075712125,0.1687609434919371,0.17799113890830864,22.728736458528648
2023-11-23,BTCUSDT,-1,0.01190117460835505,37389.645825,37312.92714,0.17799228140315138,0.17762706441678802,0.5574231200884481
2023-11-23,ETHUSDT,-1,0.21578082083367683,2062.18839,2063.2310999999995,0.17799228140315138,0.17808228013102795,-0.581071381225601
2023-11-23,DOGEUSDT,-1,5876.495580259486,0.07572212,0.0762381,0.1779922814031514,0.1792051430789523,-3.3893516139843887
2023-11-24,BTCUSDT,1,0.011895157788842717,37312.917134999996,37694.713215,0.17753721475313525,0.17935382459903992,4.18463357540953
2023-11-24,ETHUSDT,1,0.21511932648454968,2063.241105,2079.7995800000003,0.17753721475313522,0.17896203394897975,3.205548740909197
2023-11-24,DOGEUSDT,-1,5826.860902998908,0.076171895,0.07821908999999999,0.17753721475313522,0.18230870295566112,-12.288566424023575
2023-11-25,BTCUSDT,1,0.011719634273724064,37732.426784999996,37761.779665,0.17688409687210796,0.17702169887950017,-0.009900777271030281
2023-11-25,ETHUSDT,1,0.21240904997812982,2081.88042,2082.048455,0.17688409687210796,0.17689837373399322,-0.3180903158929953
2023-11-25,DOGEUSDT,-1,5659.138627644211,0.07814091000000001,0.07897947,0.17688409687210796,0.17878230778714685,-5.101193692256517
2023-11-26,BTCUSDT,-1,0.011662599533852321,37761.779665,37466.153715,0.17616020556738524,0.17478109874071937,3.096825762356562
2023-11-26,ETHUSDT,1,0.21131027012942719,2084.14155,2061.298835,0.17616020556738524,0.17422944545652944,-5.177289928163385
2023-11-26,DOGEUSDT,-1,5581.718068541023,0.07890053,0.07871934,0.1761602055673852,0.17575566496864964,0.6594356263029006
2023-11-27,BTCUSDT,1,0.01174198340624014,37466.14371,37224.078649999996,0.17597073509545136,0.17483380552835115,-3.1931284583743356
2023-11-27,ETHUSDT,1,0.2132078048461966,2063.37117,2026.4862500000002,0.17597073509545133,0.17282507396540034,-8.21294863418837
2023-11-27,DOGEUSDT,-1,5594.8507842153995,0.078630665,0.07887941999999999,0.17597073509545136,0.17652743393818232,-1.744245275861076
2023-11-28,BTCUSDT,1,0.011688887596283642,37261.32135,37799.960565,0.17421735877966155,0.17673579607529574,5.945140084230535
2023-11-28,ETHUSDT,1,0.2147105963413627,2028.5137499999998,2047.11593,0.17421735877966157,0.1758149928440813,3.644052809425647
2023-11-28,DOGEUSDT,-1,5527.860936038917,0.078790585,0.080870415,0.17421735877966155,0.17881616318390228,-11.850044532565411
2023-11-29,BTCUSDT,1,0.011490887448000559,37837.78943999999,37835.712680000004,0.1739159118944736,0.17390636636830706,-0.371686093679164
2023-11-29,ETHUSDT,-1,0.2123913811447816,2047.11593,2029.8244049999998,0.17391591189447364,0.1724468835437338,3.3262080814113317
2023-11-29,DOGEUSDT,-1,5381.755330667735,0.080789585,0.080510235,0.1739159118944736,0.1733145545538248,1.1561628851737207
2023-11-30,BTCUSDT,1,0.01151620836564724,37873.577325,37705.09802,0.17446400321086103,0.17368790609818927,-2.2883946909884916
2023-11-30,ETHUSDT,1,0.214876792689594,2029.8143999999998,2050.93402,0.17446400321086106,0.17627924969423028,4.187372955517996
2023-11-30,DOGEUSDT,-1,5424.216247678252,0.080409775,0.083471715,0.17446400321086103,0.18110745308982742,-16.96419615371663
2023-12-01,BTCUSDT,1,0.011423050313291347,37742.831985,38663.178739999996,0.17245530749230276,0.17666057440751853,10.164051406139587
2023-12-01,ETHUSDT,-1,0.21021659675119214,2050.924025,2088.2836199999997,0.17245530749230276,0.17559675025906388,-8.2016589746542
2023-12-01,DOGEUSDT,-1,5169.630221759451,0.08339828,0.08389192499999999,0.17245530749230273,0.1734760923366309,-2.8978935106493102
2023-12-02,BTCUSDT,1,0.011131933513956712,38701.851255,39430.624825,0.17233057401508087,0.1755756375862684,7.764752716367503
2023-12-02,ETHUSDT,1,0.20630647624277312,2088.2836199999997,2163.6576299999997,0.1723305740150809,0.1785506325764359,15.199265196796027
2023-12-02,DOGEUSDT,-1,5141.244704385855,0.08379808,0.086213085,0.17233057401508087,0.177297026682007,-12.765759268012438
2023-12-03,BTCUSDT,1,0.0110013941615475,39470.075175,39952.273870000005,0.17369034183443438,0.17581228499758592,4.955355281046874
2023-12-03,ETHUSDT,1,0.2004891327686825,2165.832375,2191.853525,0.17369034183443438,0.1757771249532919,4.867490330356083
2023-12-03,DOGEUSDT,-1,5041.697529582778,0.086126915,0.08575285499999999,0.17369034183443435,0.17293598288326806,1.5392710531980787
2023-12-04,BTCUSDT,1,0.010952453767757895,39992.24613,41970.10445,0.17520529072304786,0.18387025144663796,21.303326266805605
2023-12-04,ETHUSDT,1,0.19963625859240397,2194.0564799999997,2242.248315,0.17520529072304783,0.17905362577668882,9.266578717602744
2023-12-04,DOGEUSDT,-1,5112.966316405426,0.085667145,0.09192594,0.1752052907230478,0.18800569392956248,-32.3642190009393
2023-12-05,BTCUSDT,1,0.010411647322254141,42012.09555,44051.28334,0.17496604885417705,0.1834585704915078,20.872879473981193
2023-12-05,ETHUSDT,1,0.19488469254756519,2244.48168,2292.183335,0.17496604885417702,0.17868457780165106,8.942671742029257
2023-12-05,DOGEUSDT,-1,4763.103385992545,0.09183406000000001,0.094397175,0.17496604885417702,0.17984940154825232,-12.563197185590665
2023-12-06,BTCUSDT,1,0.010050057712150928,44095.856909999995,43740.80865500001,0.17726636272489968,0.17583906054356035,-3.9213608766168084
2023-12-06,ETHUSDT,-1,0.1933378975605584,2292.183335,2233.8163499999996,0.17726636272489968,0.17275254265816017,10.9345312614657
2023-12-06,DOGEUSDT,-1,4698.893605474305,0.09431282,0.094977465,0.1772663627248997,0.17851560118106388,-3.4788781043163937
2023-12-07,BTCUSDT,1,0.010148415082972723,43784.571345,43251.503430000004,0.17773760169563732,0.1755736839081034,-5.7631057544384845
2023-12-07,ETHUSDT,1,0.19891698090538792,2233.8163499999996,2354.5521350000004,0.1777376016956373,0.18734416083141417,23.651316076915123
2023-12-07,DOGEUSDT,-1,4683.095832537498,0.094882535,0.095977965,0.17773760169563732,0.17978960316277193,-5.487530872694934
2023-12-08,BTCUSDT,1,0.010358696728502979,43294.786575,44148.904505,0.1793910256222749,0.1829300450651736,8.485227536559291
2023-12-08,ETHUSDT,-1,0.1904717477366746,2354.56213,2359.89936,0.17939102562227488,0.17979766223274393,-1.3757802140276478
2023-12-08,DOGEUSDT,-1,4676.90134472789,0.09589203,0.10169081999999999,0.1793910256222749,0.19023917312179273,-27.489998947538638
2023-12-09,BTCUSDT,1,0.00999441523148121,44193.0855,43691.743200000004,0.17667361873894058,0.17466936949121828,-5.361966107535947
2023-12-09,ETHUSDT,1,0.18716303199196027,2359.889355,2339.319755,0.17667361873894058,0.17513367125779586,-4.201675992858527
2023-12-09,DOGEUSDT,-1,4347.319226237333,0.10159917500000001,0.09850923,0.17667361873894058,0.1713004278163342,13.085003259960688
2023-12-10,BTCUSDT,1,0.010125833079431792,43735.446794999996,43767.615245,0.17714313356021605,0.17727342650226569,-0.02868420493838686
2023-12-10,ETHUSDT,1,0.18912210984187808,2341.65024,2351.213805,0.17714313356021605,0.17786660619638003,1.4536718506533306
2023-12-10,DOGEUSDT,-1,4500.09520198389,0.09841077000000001,0.10191093,0.17714313356021605,0.18344355484908642,-16.111639910585183
2023-12-11,BTCUSDT,1,0.009996538244096496,43811.39475,41232.7733,0.17518491325823338,0.16487399808144437,-26.117346853312224
2023-12-11,ETHUSDT,1,0.18608454016547574,2353.566195,2224.00744,0.17518491325823338,0.16554136071879874,-24.449607622563565
2023-12-11,DOGEUSDT,-1,4301.800253607889,0.10180907000000002,0.094177065,0.17518491325823338,0.16205236884041868,32.49412376243807
2023-12-12,BTCUSDT,1,0.010465126280918837,41274.036705,41471.643805,0.17277520249644168,0.17360239579864414,1.7216056572110823
2023-12-12,ETHUSDT,1,0.19402283265479905,2226.222555,2202.35827,0.17277520249644168,0.17092311602644913,-4.973914493504255
2023-12-12,DOGEUSDT,-1,4591.522346820501,0.09407294,0.093856905,0.17277520249644168,0.17237843068436354,0.6467758970145133
2023-12-13,BTCUSDT,1,0.010383932380529414,41513.126189999995,42847.595485,0.17242779810453784,0.17797061367380695,13.50664051139444
2023-12-13,ETHUSDT,-1,0.19572997945524997,2202.368265,2261.2900799999998,0.17242779810453782,0.17704090436030423,-11.882234341880823
2023-12-13,DOGEUSDT,-1,4597.432446756846,0.093763095,0.09646821,0.17242779810453784,0.1774024314938213,-12.786413702806977
2023-12-14,BTCUSDT,-1,0.009973694468647265,42847.595485,43043.77113,0.170939530433432,0.17172216881159993,-2.299257644664871
2023-12-14,ETHUSDT,-1,0.1891736015977956,2259.02992,2316.47766,0.17093953043343202,0.1752865687852135,-11.213821978672403
2023-12-14,DOGEUSDT,-1,4433.916907469394,0.09638178500000001,0.09834915,0.17093953043343205,0.1744287836080974,-9.068501250704987
2023-12-15,BTCUSDT,1,0.009753365503012314,43043.77113,41919.32985,0.16792865298355975,0.16354181826735376,-11.298557261765914
2023-12-15,ETHUSDT,-1,0.1814140802494,2314.1623400000003,2221.6102499999997,0.16792865298355975,0.16121255207055582,16.461111077455683
2023-12-15,DOGEUSDT,-1,4272.956747538565,0.09825085,0.093076515,0.16792865298355977,0.15908476912264977,21.78269623016876
2023-12-16,BTCUSDT,1,0.0102190301481039,41961.260145,42256.890985,0.17152135298967425,0.17272977717634194,2.6768093365032435
2023-12-16,ETHUSDT,1,0.19301380670666668,2221.6202550000003,2227.8455200000003,0.17152135298967422,0.17200197782783735,0.8580387645902728
2023-12-16,DOGEUSDT,1,4607.493957538383,0.09306651,0.097081435,0.17152135298967422,0.1789208500606621,18.148300474419404
2023-12-17,BTCUSDT,1,0.010308268742717569,42299.159009999996,41353.962675,0.1744124394664093,0.17051510433208464,-10.088265379610128
2023-12-17,ETHUSDT,1,0.19552311036088052,2230.0744799999998,2195.42174,0.17441243946640927,0.17170227486347855,-7.121526221656697
2023-12-17,DOGEUSDT,-1,4491.395277233214,0.097081435,0.092996475,0.1744124394664093,0.16707357144573468,18.00568404077444
2023-12-18,BTCUSDT,1,0.010539749879814674,41395.32732,42636.4711,0.17451855845834363,0.17975109646077875,12.727075351168669
2023-12-18,ETHUSDT,1,0.1985305718416663,2197.6282650000003,2218.320285,0.1745185584583436,0.17616175788360725,3.7573182468171464
2023-12-18,DOGEUSDT,-1,4696.230806590589,0.09290352500000001,0.092176065,0.17451855845834363,0.17315203043331864,3.0686494736707894
2023-12-19,BTCUSDT,-1,0.010385805057157851,42636.4711,42297.127994999995,0.17712563086789784,0.17571589033348955,3.1715098148193355
2023-12-19,ETHUSDT,-1,0.19961593688823676,2218.33028,2178.9989549999996,0.17712563086789784,0.1739851671523255,7.500048490910617
2023-12-19,DOGEUSDT,-1,4809.331252358101,0.09207393999999999,0.090275115,0.17712563086789784,0.17366517275188864,8.300354486403226
2023-12-20,BTCUSDT,1,0.010618641723228793,42297.127994999995,43647.095535,0.1796552192401822,0.18538914789828165,13.969777278110126
2023-12-20,ETHUSDT,1,0.20612222384168383,2178.98895,2201.0689150000003,0.17965521924018224,0.1814756878354409,4.1900405810709955
2023-12-20,DOGEUSDT,-1,4980.192058796278,0.090184885,0.09154575,0.17965521924018224,0.18236616686661972,-7.139390452200543
2023-12-21,BTCUSDT,-1,0.010374381663760968,43647.08554,43883.7309,0.18112460956111298,0.18210662927455223,-2.818280522433802
2023-12-21,ETHUSDT,1,0.20551784434768386,2203.271085,2238.4901950000003,0.181124609561113,0.18401987178793064,6.873011085695006
2023-12-21,DOGEUSDT,-1,4950.69438229969,0.091464245,0.095037495,0.181124609561113,0.18820063704173395,-18.059393948155215
2023-12-22,BTCUSDT,-1,0.010222279722686725,43839.859105,43991.02452,0.17925732110979384,0.17987542317240424,-1.9043879008081794
2023-12-22,ETHUSDT,1,0.19999970669000405,2240.7198,2323.37773,0.17925732110979384,0.185869945812035,16.16643448868112
2023-12-22,DOGEUSDT,-1,4719.657752818352,0.09495250000000001,0.095037495,0.17925732110979384,0.17941778003407413,-0.759822411844619
2023-12-23,BTCUSDT,1,0.01028946356911294,43991.02452,43680.30892,0.18105761766659761,0.1797787789279756,-3.5579332431495994
2023-12-23,ETHUSDT,1,0.194626823048375,2325.7022699999998,2307.0459,0.18105761766659761,0.17960520565751165,-3.991692846039062
2023-12-23,DOGEUSDT,1,4763.295801735835,0.09502748999999999,0.09341327,0.18105761766659761,0.17798201472696643,-8.048046981471517
2023-12-24,BTCUSDT,1,0.010233391473989375,43724.001075,42970.004250000005,0.1789779279238429,0.1758915500516949,-8.070814158345543
2023-12-24,ETHUSDT,1,0.1937532316112143,2309.3540999999996,2262.9179750000003,0.17897792792384293,0.17537906821094207,-9.35150627838694
2023-12-24,DOGEUSDT,1,4785.1616649369225,0.09350673,0.091664145,0.1789779279238429,0.1754511010812878,-9.1714961353929
2023-12-25,BTCUSDT,1,0.01019645822473469,43012.995749999995,43554.341935,0.17543208571422628,0.17764001121841508,5.166741663539377
2023-12-25,ETHUSDT,1,0.19361894390941914,2265.17202,2270.214325,0.17543208571422628,0.17582260002181394,0.6250310832331322
2023-12-25,DOGEUSDT,-1,4784.121392200304,0.09167414,0.094397175,0.17543208571422625,0.1806430177123103,-13.383405098636684
2023-12-26,BTCUSDT,-1,0.010011625726896123,43554.331940000004,42530.184465,0.17441986806731102,0.17031851558377273,9.908642825194672
2023-12-26,ETHUSDT,1,0.19188140774299625,2272.49568,2229.76456,0.17441986806731102,0.17114014508329708,-8.544867473185494
2023-12-26,DOGEUSDT,-1,4623.4400600923345,0.09431282,0.091395675,0.17441986806731102,0.1690249700456718,13.143800215985115
2023-12-27,BTCUSDT,1,0.010366414682583067,42530.184465,43407.135575,0.1763542114763769,0.17999054702142153,8.734494104113738
2023-12-27,ETHUSDT,1,0.19752976228792932,2231.99544,2377.160825,0.1763542114763769,0.18782400507297117,28.31030577493635
2023-12-27,DOGEUSDT,1,4823.921139495302,0.091395675,0.093603175,0.1763542114763769,0.18061373384255125,10.291837970116957
2023-12-28,BTCUSDT,-1,0.010520489241513562,43407.14557,42585.04188,0.18266576318959923,0.17920618997917778,8.28706107288486
2023-12-28,ETHUSDT,-1,0.19210496958025466,2377.160825,2345.322075,0.18266576318959926,0.18021921034950994,5.753497126684202
2023-12-28,DOGEUSDT,-1,4878.7277565531085,0.093603175,0.09178586999999999,0.1826657631895992,0.17911930865135012,8.504351273781824
2023-12-29,BTCUSDT,1,0.010900056858144115,42585.04188,42045.916525,0.18567175111937934,0.1833211523101125,-6.2454899265965835
2023-12-29,ETHUSDT,1,0.19791711456024577,2345.322075,2298.0504,0.18567175111937934,0.18192940171280744,-9.723474669261885
2023-12-29,DOGEUSDT,1,5057.1986494048415,0.09178586999999999,0.090924515,0.18567175111937934,0.1839293337823161,-4.725644427559773
2023-12-30,BTCUSDT,1,0.010864889351742936,42087.97347,42119.20986,0.18291246991625687,0.18304822188469605,-0.026580770703003798
2023-12-30,ETHUSDT,1,0.19878768635456204,2300.3495999999996,2290.53416,0.18291246991625687,0.1821319944729961,-2.3162330725411557
2023-12-30,DOGEUSDT,1,5024.765264582332,0.09100548,0.08995500000000001,0.18291246991625684,0.18080110375020148,-5.642128988804869
2023-12-31,BTCUSDT,1,0.010782847745339481,42161.360145,42262.43821000001,0.18184781087198365,0.1822837746260991,0.7257777997905396
2023-12-31,ETHUSDT,1,0.19827913627314983,2292.8258399999995,2280.729065,0.18184781087198368,0.18088839563250747,-2.761274305195029
2023-12-31,DOGEUSDT,1,5048.803677938355,0.09004499999999999,0.08950522500000001,0.18184781087198365,0.18075772366988002,-3.0878235398009304
2024-01-01,BTCUSDT,1,0.010705938596637142,42304.721789999996,44157.460225,0.18116470153262293,0.1890988231009188,19.465040396106122
2024-01-01,ETHUSDT,1,0.19838352365647224,2283.010935,2350.86398,0.18116470153262293,0.1865490719957914,13.09321238439282
2024-01-01,DOGEUSDT,-1,5059.606107559779,0.08951522,0.092035995,0.18116470153262296,0.18626635296693653,-13.121559640283506
2024-01-02,BTCUSDT,-1,0.010403466349834942,44157.460225,44969.383455,0.183756260617985,0.1871349870187667,-8.817707249591052
2024-01-02,ETHUSDT,-1,0.19541270881820125,2350.8739750000004,2356.51767,0.18375626061798497,0.18419740050906244,-1.4708033888207375
2024-01-02,DOGEUSDT,-1,4995.874584520112,0.09195400000000001,0.09114554999999999,0.18375626061798497,0.18214069469484284,3.673017852542537
2024-01-03,BTCUSDT,1,0.010166594517367638,44969.383455,42823.80738500001,0.1828741949132024,0.17414891414925954,-22.17022501891962
2024-01-03,ETHUSDT,1,0.19400811292530484,2356.527675,2208.61514,0.18287419491320242,0.17139570219586317,-29.05050169045716
2024-01-03,DOGEUSDT,-1,5021.563227359711,0.09104445500000001,0.082051005,0.18287419491320242,0.1648097237903631,44.813493888394696
2024-01-04,BTCUSDT,1,0.01061547182366447,42866.652615,44129.024450000004,0.18201989720373815,0.1873801662619102,13.031272581964522
2024-01-04,ETHUSDT,1,0.20582803787060064,2210.8248599999997,2265.9764450000002,0.18201989720373812,0.18656059421413962,10.983162034585881
2024-01-04,DOGEUSDT,1,5546.613802968581,0.082041,0.083967995,0.18201989720373815,0.18629521602983873,10.31998195201787
2024-01-05,BTCUSDT,-1,0.010571150265530089,44129.024450000004,44167.182555,0.18659781941288053,0.18675916943760165,-0.7767320506533041
2024-01-05,ETHUSDT,-1,0.20586910758121377,2265.9764450000002,2269.91439,0.18659781941288056,0.1869220999020221,-1.184221142168738
2024-01-05,DOGEUSDT,1,5550.070441891319,0.084052005,0.082628665,0.18659781941288056,0.1834379645077759,-8.26967304668222
2024-01-06,BTCUSDT,-1,0.010495293653853295,44123.04744,43990.30416,0.18523373591428,0.1846764640326097,1.0232695042288067
2024-01-06,ETHUSDT,-1,0.20421371740961755,2267.6456100000005,2241.9003900000002,0.18523373591428,0.1831307250815886,4.889162620732615
2024-01-06,DOGEUSDT,1,5598.801419245621,0.08271133499999998,0.08053971,0.18523373591427997,0.1803703370614523,-12.524101205044907
2024-01-07,BTCUSDT,1,0.010476864365748424,43990.30416,43907.05549,0.18435218003693546,0.18400330602724788,-1.2405405102831422
2024-01-07,ETHUSDT,1,0.20557671025130816,2241.8903849999997,2220.30929,0.1843521800369355,0.18257755183144714,-4.8035002455892455
2024-01-07,DOGEUSDT,1,5716.680628317496,0.08062029,0.07820088000000001,0.18435218003693546,0.17881978232535245,-14.194166241319822
2024-01-08,BTCUSDT,1,0.01033274884591264,43950.974505,46927.56448,0.18165375243730983,0.1939562950888844,30.380746581410214
2024-01-08,ETHUSDT,-1,0.20453654053452822,2220.30929,2331.60522,0.18165375243730983,0.19075938623641903,-23.136497636446695
2024-01-08,DOGEUSDT,1,5802.958672712668,0.07825910999999999,0.08125935000000001,0.18165375243730986,0.18861785992859767,17.039997115853634
2024-01-09,BTCUSDT,-1,0.009849842728940484,46927.56448,46133.055,0.18489165191208548,0.18176133454222457,7.459140438197981
2024-01-09,ETHUSDT,-1,0.19844421843187474,2329.264785,2345.462145,0.1848916519120855,0.18617736089042938,-3.5853414586622487
2024-01-09,DOGEUSDT,-1,5688.31931070349,0.08125935000000001,0.07926961499999999,0.18489165191208548,0.1803643527026124,10.952992019068025
2024-01-10,BTCUSDT,1,0.010126608642033678,46133.055,46630.663005,0.186868557378566,0.18888418998807727,4.663328776411514
2024-01-10,ETHUSDT,-1,0.19937938659489493,2343.1278500000003,2585.67219,0.18686855737856603,0.20621189407107143,-48.75142218271317
2024-01-10,DOGEUSDT,1,5894.192432266764,0.07925961,0.08302846500000001,0.18686855737856603,0.19575430002629038,21.831733761905987
2024-01-11,BTCUSDT,1,0.00984959157790426,46677.327,46315.99042000001,0.18390104275931324,0.1824774356652506,-3.9253962135811777
2024-01-11,ETHUSDT,-1,0.17798635574526164,2583.077815,2619.3190050000003,0.1839010427593133,0.18648121769370193,-6.820819596424667
2024-01-11,DOGEUSDT,-1,5537.289011645381,0.08302846500000001,0.08460227999999999,0.18390104275931327,0.1873869101616583,-9.085956458783526
2024-01-12,BTCUSDT,1,0.009773923935956944,46362.32958,42761.33863500001,0.18125675312347467,0.16717842848727482,-35.54424677211038
2024-01-12,ETHUSDT,1,0.17299988353602108,2619.3190050000003,2521.27873,0.18125675312347467,0.17447237066073884,-17.31668528062374
2024-01-12,DOGEUSDT,1,5356.142680890949,0.08460227999999999,0.08002996500000001,0.18125675312347467,0.17146076451468356,-24.842689039615948
2024-01-13,BTCUSDT,1,0.009981295312006777,42804.131369999996,42826.566005,0.1708962703111613,0.17098584099802216,-0.11795539415704967
2024-01-13,ETHUSDT,1,0.16928392388527672,2523.811275,2576.9009050000004,0.1708962703111613,0.17449115866476833,8.641833455041642
2024-01-13,DOGEUSDT,1,5333.173001084111,0.080110035,0.08087954000000001,0.17089627031116128,0.172537831627241,3.76046918826092
2024-01-14,BTCUSDT,1,0.010061613117561933,42869.413994999995,41711.483825,0.17253418327771403,0.16787392512263696,-11.991053496092992
2024-01-14,ETHUSDT,-1,0.16738599857697703,2576.89091,2474.1064349999997,0.17253418327771405,0.16565231048327989,16.866495492324397
2024-01-14,DOGEUSDT,1,5326.413370955801,0.08098047,0.07998998500000001,0.17253418327771405,0.17042389025862162,-5.618690621267414
2024-01-15,BTCUSDT,1,0.010324658748341473,41753.216174999994,42489.844450000004,0.17243508346104258,0.17547725768654437,7.257523222606955
2024-01-15,ETHUSDT,1,0.1742397588697943,2474.1064349999997,2510.5241100000003,0.17243508346104255,0.17497324622528201,5.997998580912315
2024-01-15,DOGEUSDT,-1,5389.944518030152,0.07997999,0.08112053999999999,0.17243508346104255,0.17489408394905825,-6.494830387449338
2024-01-16,BTCUSDT,1,0.010188508650750312,42532.35554999999,43116.381025,0.1733365089831852,0.17571664842490367,5.601295446888067
2024-01-16,ETHUSDT,1,0.17243667269274565,2513.0458949999997,2586.1063000000004,0.1733365089831852,0.178375826240699,12.246580808560662
2024-01-16,DOGEUSDT,-1,5347.287265462565,0.08103946000000001,0.08138066999999999,0.1733365089831852,0.17406632813832457,-2.1719507249698884
2024-01-17,BTCUSDT,1,0.010161528512128544,43159.50897,42754.711950000004,0.17542663238724907,0.1737812898031072,-4.462564382545006
2024-01-17,ETHUSDT,-1,0.16958501897847664,2586.116295,2531.455095,0.17542663238724907,0.17171874413149454,8.922575262867566
2024-01-17,DOGEUSDT,-1,5394.467346386774,0.08129933,0.08063029499999999,0.17542663238724907,0.1739829974028131,3.2596778312998795
2024-01-18,BTCUSDT,1,0.010307612286752525,42797.478044999996,41306.83625,0.17645592421546538,0.17030994114294987,-15.711723546647212
2024-01-18,ETHUSDT,1,0.17426264756273488,2531.4651,2469.574595,0.17645592421546538,0.17214184291134751,-11.133801027421468
2024-01-18,DOGEUSDT,1,5470.463410213793,0.0806403,0.07804096,0.17645592421546535,0.17076808647118333,-14.566818371391724
2024-01-19,BTCUSDT,1,0.010335056120146893,41348.173754999996,41638.200485,0.17093427848940396,0.17213325550176106,2.6543749969015775
2024-01-19,ETHUSDT,1,0.17286725209786746,2472.045405,2490.7540000000004,0.17093427848940396,0.17222791985270874,2.890941209919879
2024-01-19,DOGEUSDT,1,5470.314230992981,0.07811903999999999,0.078530715,0.17093427848940393,0.17183507513382157,1.909222257420887
2024-01-20,BTCUSDT,1,0.010312427809973084,41679.859515,41675.19198,0.1719282169513029,0.1719089635042077,-0.3919707981934634
2024-01-20,ETHUSDT,1,0.1723946482564148,2493.2359949999995,2470.7739950000005,0.17192821695130292,0.17037928551564874,-4.214636091602382
2024-01-20,DOGEUSDT,1,5468.5048308108835,0.07859928,0.08772611500000001,0.17192821695130292,0.1918922734663085,49.546320797096314
2024-01-21,BTCUSDT,-1,0.010673024387040755,41675.201975,41601.120165,0.17792017880560962,0.17760390801970316,0.43515287794084223
2024-01-21,ETHUSDT,1,0.1798440780960739,2473.25601,2455.821475,0.17792017880560965,0.17666597965596617,-3.4900840325702855
2024-01-21,DOGEUSDT,-1,5070.331075461669,0.08772611500000001,0.08550272999999999,0.17792017880560965,0.17341085958232347,10.921967019827521
2024-01-22,BTCUSDT,1,0.010755068568641859,41601.11016,39548.23599,0.1789691169209694,0.17013759593651193,-22.42790917400118
2024-01-22,ETHUSDT,1,0.1820058088553273,2458.28853,2313.0429,0.1789691169209694,0.16839489757262877,-26.782912385345174
2024-01-22,DOGEUSDT,1,5232.235786896811,0.085512735,0.080529715,0.17896911692096942,0.1685401826926404,-26.419844870436183
2024-01-23,BTCUSDT,1,0.01066521825894941,39587.80400999999,39877.6512,0.16888502806366504,0.17012154148090236,2.7522769735486934
2024-01-23,ETHUSDT,1,0.18235389893417364,2315.347095,2241.4787,0.168885028063665,0.16349695212916118,-13.802571816452437
2024-01-23,DOGEUSDT,1,5237.700997573232,0.080610285,0.078170895,0.16888502806366504,0.16377430988907699,-13.109454774422904
2024-01-24,BTCUSDT,-1,0.010385752711842734,39877.641205,40104.922439999995,0.1656637281146881,0.16660792279578898,-2.69275835366264
2024-01-24,ETHUSDT,1,0.18458590212907475,2243.7212999999997,2233.90249,0.16566372811468813,0.16493876255401457,-2.143016392352638
2024-01-24,DOGEUSDT,1,5292.831404100025,0.078249105,0.07900048,0.1656637281146881,0.16725448859319036,3.6439829795477703
2024-01-25,BTCUSDT,1,0.010316986743014683,40104.932445,39941.109455,0.1655048225458258,0.16482875869941338,-2.020493197276272
2024-01-25,ETHUSDT,-1,0.18521938993163684,2233.90249,2219.74932,0.1655048225458258,0.1644562459406263,2.2914804445123007
2024-01-25,DOGEUSDT,1,5231.565828275799,0.079089525,0.07791102500000001,0.1655048225458258,0.16303866241437662,-6.4939438135831535
2024-01-26,BTCUSDT,1,0.01029706638409663,39981.070544999995,41802.598245,0.16467509500364616,0.17217765166259452,18.419538900704673
2024-01-26,ETHUSDT,1,0.18546586941137813,2219.74932,2266.54616,0.16467509500364616,0.16814678165016822,8.346394739651336
2024-01-26,DOGEUSDT,1,5278.7940540200125,0.077988975,0.07981007500000001,0.1646750950036462,0.16852037974435652,9.280016377027874
2024-01-27,BTCUSDT,-1,0.01013580667159261,41802.598245,42141.69031499999,0.16948122167263063,0.17085601033878664,-3.77730889740148
2024-01-27,ETHUSDT,-1,0.1869385808726227,2266.536165,2269.07397,0.16948122167263063,0.1696709871387232,-0.8135658740427878
2024-01-27,DOGEUSDT,1,5303.585579553073,0.079889925,0.08009993000000001,0.16948122167263063,0.1699267334684843,0.7743715344929977
2024-01-28,BTCUSDT,-1,0.010034090362363905,42099.569685,42052.075529999995,0.16897235457437046,0.1687817303171888,0.13880655806263442
2024-01-28,ETHUSDT,-1,0.18635510972058164,2266.80603,2258.02845,0.16897235457437043,0.16831805582077794,1.2984564735861088
2024-01-28,DOGEUSDT,1,5268.527284098482,0.08018006999999999,0.07878059000000001,0.16897235457437046,0.16602307514895043,-7.708193993273363
2024-01-29,BTCUSDT,-1,0.01000571842818952,42010.03447500001,43324.35135,0.16813623044615386,0.173396504276821,-13.492217311390833
2024-01-29,ETHUSDT,1,0.1861537998404691,2258.02845,2316.4412,0.16813623044615386,0.17248573259480643,10.533133408590478
2024-01-29,DOGEUSDT,1,5329.576441202013,0.078869415,0.08130932500000002,0.16813623044615386,0.17333770518801517,12.662212919019128
2024-01-30,BTCUSDT,-1,0.00978661256713639,43281.058645000005,42962.57055,0.16942998098164969,0.1681832131444455,2.77930639888431
2024-01-30,ETHUSDT,-1,0.1828551162089664,2316.451195,2344.181505,0.16942998098164966,0.1714582326046739,-5.4115172711469715
2024-01-30,DOGEUSDT,-1,5208.1460719806155,0.081329315,0.07975985999999999,0.16942998098164969,0.16616040062428952,7.838360511794456
2024-01-31,BTCUSDT,1,0.009899555129559198,42962.57055,42558.71,0.17012413426692055,0.16852491835516892,-4.336688832001164
2024-01-31,ETHUSDT,-1,0.18161463816300014,2341.8285,2284.2815699999996,0.17012413426692055,0.16594358831918393,10.11529714675547
2024-01-31,DOGEUSDT,1,5333.054657808487,0.079749855,0.078710625,0.17012413426692058,0.16790722611010686,-5.880301752411278
2024-02-01,BTCUSDT,1,0.009982712679704044,42601.29,43061.398530000006,0.17011057514189964,0.17194782764448807,4.251072853684651
2024-02-01,ETHUSDT,1,0.18617432315082155,2284.2915749999997,2303.1278600000005,0.17011057514189962,0.17151330818612007,3.1652087272230967
2024-02-01,DOGEUSDT,1,5398.32240159764,0.07877937,0.079330315,0.17011057514189964,0.17130024663611892,2.6327679137701776
2024-02-02,BTCUSDT,-1,0.009953834203328394,43061.408525,43221.6,0.17145044840785678,0.1720882561610314,-1.9380580875055098
2024-02-02,ETHUSDT,-1,0.1861060900976821,2303.1278600000005,2310.2145299999997,0.17145044840785675,0.1719779973860617,-1.662300891306316
2024-02-02,DOGEUSDT,1,5397.655475143138,0.079409685,0.07924036000000001,0.17145044840785675,0.17108486520252536,-1.256493326938908
2024-02-03,BTCUSDT,-1,0.00988937221146067,43178.390005,43032.595545,0.17080286810042325,0.1702261418278997,1.1007866713806371
2024-02-03,ETHUSDT,-1,0.18501854887092153,2307.9154650000005,2297.6382449999996,0.17080286810042328,0.17004227756809234,1.5606311851588544
2024-02-03,DOGEUSDT,1,5383.372519732291,0.07931964,0.07870063000000001,0.17080286810042328,0.1694699235310475,-3.6726342150708984
2024-02-04,BTCUSDT,-1,0.00992496215864041,42989.594450000004,42604.17144,0.17066803925261914,0.1691379157368914,3.4855028343298327
2024-02-04,ETHUSDT,1,0.18569861515205727,2297.6482499999997,2288.645105,0.1706680392526191,0.16999929062921387,-2.0125388883949418
2024-02-04,DOGEUSDT,1,5416.013077174238,0.07877937,0.078270845,0.17066803925261914,0.16956636803259112,-3.0944124573552165
2024-02-05,BTCUSDT,1,0.01000206319924638,42604.17144,42687.34565,0.17045184611776307,0.17078461159975003,0.4906772472499239
2024-02-05,ETHUSDT,-1,0.1861929638472312,2288.645105,2302.9809149999996,0.17045184611776307,0.17151953689898333,-3.011198336067444
2024-02-05,DOGEUSDT,1,5438.854002885004,0.078349155,0.078310825,0.17045184611776307,0.17036845760819083,-0.5492915776565529
2024-02-06,BTCUSDT,1,0.009948649747167545,42730.05434999999,43077.400525,0.17004253776223316,0.17142478793667054,3.1141581103945204
2024-02-06,ETHUSDT,-1,0.1847734872569495,2300.68908,2373.8263199999997,0.17004253776223316,0.1754480669154925,-13.859313487826103
2024-02-06,DOGEUSDT,-1,5428.449315986429,0.078310825,0.078529245,0.1700425377622332,0.17051681052207227,-1.5262412478820446
2024-02-07,BTCUSDT,-1,0.009773472309073503,43077.410520000005,44371.7748,0.16840635154552466,0.1734665249248982,-12.992306324904229
2024-02-07,ETHUSDT,-1,0.17753568491921057,2371.443685,2426.3125499999996,0.16840635154552466,0.17230282415693052,-10.08189070421706
2024-02-07,DOGEUSDT,-1,5367.310042174651,0.07844076,0.080170065,0.16840635154552466,0.17211903798251782,-9.622241482010878
2024-02-08,BTCUSDT,-1,0.009251993865566722,44327.4252,45311.294325,0.16404682641070711,0.16768792685431533,-9.434485862285566
2024-02-08,ETHUSDT,-1,0.16919876257802302,2423.8774550000003,2420.759775,0.1640468264107071,0.16383582337146138,0.19962494833213165
2024-02-08,DOGEUSDT,-1,5120.70669088154,0.08008993500000001,0.07990993499999999,0.1640468264107071,0.16367813552896357,0.5940022424191467
2024-02-09,BTCUSDT,-1,0.008996523634237561,45266.01567000001,47156.336384999995,0.16289471192116914,0.16969723791668365,-17.33890693862408
2024-02-09,ETHUSDT,1,0.16822614986664403,2420.7697799999996,2485.3167200000003,0.16289471192116914,0.16723810520191848,10.5283503847503
2024-02-09,DOGEUSDT,1,5096.835251331546,0.07989993,0.081509225,0.16289471192116917,0.16617563651548584,7.8732411373549995
2024-02-10,BTCUSDT,1,0.008643396683587228,47156.34639,47727.214455,0.16303640319896662,0.16501009885488138,4.606192637733031
2024-02-10,ETHUSDT,1,0.16383570649421145,2487.8032799999996,2498.98988,0.1630364031989666,0.16376950900467388,1.5059586020645797
2024-02-10,DOGEUSDT,1,4996.165248224754,0.08158077,0.08137929,0.16303640319896662,0.1626337522492817,-1.3322975296605217
2024-02-11,BTCUSDT,1,0.008564828327780842,47774.95554,48275.840005,0.16367371702698494,0.16538971280889586,3.9609260249414335
2024-02-11,ETHUSDT,-1,0.16373987579632068,2498.98988,2508.463605,0.16367371702698494,0.16429420764891633,-1.8791944795043718
2024-02-11,DOGEUSDT,1,5023.704737331154,0.081450705,0.081189385,0.16367371702698497,0.1631485992182012,-1.6396168382045404
2024-02-12,BTCUSDT,-1,0.008479015162582114,48275.850000000006,49942.22863499999,0.16373266565461592,0.16938436553972303,-14.462366743962109
2024-02-12,ETHUSDT,1,0.16317957761434845,2508.4736099999996,2658.6600049999997,0.16373266565461592,0.17353560665442458,24.17008422721268
2024-02-12,DOGEUSDT,-1,5041.6894294314425,0.081189385,0.08227111499999999,0.16373266565461592,0.16591416433721543,-5.783393536490651
2024-02-13,BTCUSDT,1,0.008222294060120513,49942.238639999996,49674.740205,0.16425590884751726,0.16337612853024044,-2.527082830569742
2024-02-13,ETHUSDT,-1,0.15445366137321992,2658.6600049999997,2641.3099949999996,0.16425590884751728,0.16318399981977247,2.352332660694707
2024-02-13,DOGEUSDT,-1,4996.293259347576,0.082188885,0.081090525,0.16425590884751726,0.16206081738178243,5.1614119381077375
2024-02-14,BTCUSDT,1,0.008291735642456605,49724.449799999995,51769.272415,0.1649207970832817,0.17170284850700043,16.618504913706577
2024-02-14,ETHUSDT,-1,0.15625371566999116,2638.670005,2776.197405,0.16492079708328167,0.1735164639858549,-21.827604517502273
2024-02-14,DOGEUSDT,1,5084.465696925801,0.081090525,0.08545725000000001,0.16492079708328164,0.173801782471445,21.863740890853673
2024-02-15,BTCUSDT,-1,0.008071458614566472,51769.272415,51905.939999999995,0.1671414159215561,0.16758265862406818,-1.4378308308258343
2024-02-15,ETHUSDT,-1,0.1506640374403326,2773.4126,2824.001295,0.1671414159215561,0.1701901747365711,-7.959228628195681
2024-02-15,DOGEUSDT,-1,4890.192666855011,0.085447255,0.08532263999999999,0.1671414159215561,0.166897659377884,0.2753522838807385
2024-02-16,BTCUSDT,1,0.007991626599754977,51905.950005,52098.047945000006,0.165925188298204,0.16653925830102886,1.202710560462958
2024-02-16,ETHUSDT,1,0.14688889877755607,2823.99129,2800.3991000000005,0.165925188298204,0.1645390159746637,-3.7958950131236486
2024-02-16,DOGEUSDT,1,4862.268886027375,0.085312635,0.085867045,0.16592518829820402,0.167003464495445,2.3627618403088126
2024-02-17,BTCUSDT,-1,0.007960686803715982,52098.03795,51668.461319999995,0.1658944652832238,0.16452657527937348,3.0893039690632116
2024-02-17,ETHUSDT,1,0.14795039590788814,2803.210905,2784.537035,0.16589446528322377,0.1647893426993708,-3.0934902676150413
2024-02-17,DOGEUSDT,1,4825.153052714237,0.085952955,0.08351822,0.16589446528322377,0.1611952776761037,-12.075058760759493
2024-02-18,BTCUSDT,-1,0.007956897745568093,51616.818680000004,52163.738835,0.16428389927531561,0.1660246143746457,-4.682096261975153
2024-02-18,ETHUSDT,-1,0.1474971304959168,2784.5270400000004,2882.6405999999997,0.16428389927531561,0.17007248670041117,-14.80582494871459
2024-02-18,DOGEUSDT,1,4913.279424779401,0.083591775,0.085127415,0.16428389927531564,0.16730191064166294,7.213442605951284
2024-02-19,BTCUSDT,-1,0.0078028340761061785,52111.61116,51800.617365,0.16264730212801723,0.16167664893558378,2.102309030019995
2024-02-19,ETHUSDT,-1,0.14119869018225725,2879.7594,2946.2724,0.1626473021280172,0.1664039215200542,-9.720599703740536
2024-02-19,DOGEUSDT,-1,4777.144975964297,0.08511742,0.08946470999999999,0.1626473021280172,0.1709543559610411,-21.10123624064884
2024-02-20,BTCUSDT,1,0.0076648700959916554,51800.627369999995,52232.690590000006,0.15881803187276794,0.1601427152545903,2.992747707428589
2024-02-20,ETHUSDT,1,0.134761836577609,2946.2724,3013.302595,0.15881803187276797,0.1624312767465101,8.711862875736024
2024-02-20,DOGEUSDT,-1,4442.448015350997,0.08937529000000001,0.086193075,0.15881803187276794,0.15316330198829986,13.824843377309175
2024-02-21,BTCUSDT,-1,0.007764388414377188,52232.690590000006,51875.314694999994,0.16222195906749778,0.16111203696401147,2.451471262684262
2024-02-21,ETHUSDT,-1,0.13458817522730218,3013.302595,2969.38395,0.16222195906749776,0.15985758695189548,5.5888507429863115
2024-02-21,DOGEUSDT,1,4705.1911962619315,0.086193075,0.08452771500000002,0.16222195906749776,0.1590876241832551,-8.157146793857414
2024-02-22,BTCUSDT,-1,0.00782495018224755,51823.45531,51314.06421,0.1622063824290729,0.16061199843676077,3.663141599914452
2024-02-22,ETHUSDT,1,0.13656522584005942,2969.3939549999996,2969.9143000000004,0.16220638242907287,0.16223480684204883,-0.2533801568312645
2024-02-22,DOGEUSDT,1,4792.636862042931,0.084612285,0.08405794999999999,0.16220638242907287,0.16114369188710465,-2.98007642923676
2024-02-23,BTCUSDT,1,0.007905419121558819,51314.06421,50718.777925,0.1622636737642524,0.16038127873215613,-5.028632532737079
2024-02-23,ETHUSDT,1,0.13645300403262425,2972.8857,2920.77888,0.16226367376425238,0.1594196209164175,-7.431815414267892
2024-02-23,DOGEUSDT,1,4821.696470240692,0.08413204499999999,0.08446774500000001,0.1622636737642524,0.16291113116627637,1.293468700129378
2024-02-24,BTCUSDT,1,0.007916892686152114,50769.522075,51542.43589,0.16077474319800233,0.1632223734896021,5.795078612311823
2024-02-24,ETHUSDT,1,0.13747488750107137,2923.711125,2991.12369,0.1607747431980023,0.1644817571138158,8.942278289221855
2024-02-24,DOGEUSDT,1,4753.7095018341715,0.08455225499999999,0.08610692500000001,0.16077474319800233,0.163730923018489,7.065943885000143
2024-02-25,BTCUSDT,1,0.007931245332374727,51593.994105,51702.985575,0.16368184996954016,0.16402762520462263,0.5367286125320039
2024-02-25,ETHUSDT,1,0.1366695821258361,2994.11631,3111.0337050000003,0.16368184996954013,0.1700734705766967,15.645296197345138
2024-02-25,DOGEUSDT,-1,4751.73316607062,0.08611692,0.08616306,0.16368184996954013,0.16376954795685314,-0.5466963662088921
2024-02-26,BTCUSDT,1,0.00800731693094913,51754.714425,54449.231765000004,0.1657665604286959,0.17439690215562312,21.23569085473374
2024-02-26,ETHUSDT,-1,0.13320815810839934,3111.0437,3177.52797,0.1657665604286959,0.1693090592886485,-9.191322769598845
2024-02-26,DOGEUSDT,-1,4813.929094719654,0.086086935,0.089274615,0.1657665604286959,0.1719046666273583,-15.682936723711993
2024-02-27,BTCUSDT,-1,0.007588784186934849,54449.241760000004,57065.858669999994,0.16528141794355228,0.17322419435550196,-20.195446642173305
2024-02-27,ETHUSDT,-1,0.13016900454474176,3174.362025,3243.9811799999998,0.16528141794355228,0.1689063203849907,-9.396443841924606
2024-02-27,DOGEUSDT,-1,4633.085845386894,0.089185385,0.09762879,0.16528141794355228,0.18092902602049982,-39.465230636332926
2024-02-28,BTCUSDT,-1,0.0068442817615574705,57008.831325,62463.316049999994,0.1560738017941615,0.171006613922966,-37.65911073772841
2024-02-28,ETHUSDT,1,0.12027989258733279,3243.9711749999997,3381.40845,0.1560738017941615,0.1626861780639598,16.212180694637624
2024-02-28,DOGEUSDT,-1,4000.201806871298,0.097541205,0.115907925,0.15607380179416147,0.18546203640628114,-73.8121223684996
2024-02-29,BTCUSDT,1,0.005738270912747564,62463.326055,61100.41451000001,0.14337259480594944,0.1402442925358209,-8.104372562663045
2024-02-29,ETHUSDT,1,0.10589438736383278,3384.801555,3338.4199550000003,0.1433725948059494,0.1414079743591677,-5.196331686119432
2024-02-29,DOGEUSDT,-1,3095.4751179204063,0.115792075,0.11737865999999998,0.1433725948059494,0.1453370885619357,-5.1999440733335955
2024-03-01,BTCUSDT,1,0.0057595756254046355,61161.55549499999,62356.70605000001,0.14090584169633397,0.14365926569844073,6.5989948978721324
2024-03-01,ETHUSDT,1,0.10541258044994296,3341.7700499999996,3431.713285,0.14090584169633397,0.14469830109448023,9.19554435257483
2024-03-01,DOGEUSDT,1,3001.0958060079656,0.11737865999999998,0.13927033,0.14090584169633397,0.16718544130573815,65.39090774050838
2024-03-02,BTCUSDT,-1,0.006083169620927831,62356.70605000001,62018.27363999999,0.1517305679617947,0.1509070712596949,1.756104116027999
2024-03-02,ETHUSDT,1,0.1104254217307371,3435.1367099999998,3419.6893000000005,0.1517305679617947,0.1510482532562357,-2.0085655851155595
2024-03-02,DOGEUSDT,-1,2723.670001388571,0.13927033,0.14203098,0.1517305679617947,0.15473820779752806,-7.82556836509269
2024-03-03,BTCUSDT,-1,0.006079023863771381,61956.286360000006,63145.526985,0.15065349731723734,0.15354526617289388,-7.53362090263147
2024-03-03,ETHUSDT,1,0.11002707102459146,3423.1006949999996,3486.066095,0.15065349731723734,0.15342465673239408,6.623820383842235
2024-03-03,DOGEUSDT,-1,2654.611865940673,0.141879025,0.153546735,0.15065349731723734,0.1630427938829792,-31.28693770555486
2024-03-04,BTCUSDT,-1,0.005800372555997602,63082.413015000006,68279.832855,0.14636059888732478,0.15841938744809816,-30.45175138826884
2024-03-04,ETHUSDT,-1,0.10496144833076897,3486.0561000000002,3629.57388,0.1463605988873248,0.15238613250733146,-15.36258078141129
2024-03-04,DOGEUSDT,-1,2385.5372050570572,0.15338327000000002,0.18205098,0.1463605988873248,0.1737157544028393,-68.70796514207638
2024-03-05,BTCUSDT,-1,0.004804570775017011,68211.58714500001,63755.872005,0.13109095924575725,0.12252783974837929,21.154179944450764
2024-03-05,ETHUSDT,-1,0.09038421715561606,3625.936125,3555.426825,0.13109095924575723,0.12854178809268102,6.113295135352057
2024-03-05,DOGEUSDT,-1,1801.8978061564335,0.181879015,0.15311652,0.13109095924575723,0.11036012858972308,51.5856255522499
2024-03-06,BTCUSDT,1,0.005552614274713095,63755.872005,66041.00297999999,0.14160470599669758,0.1466800863452472,12.400166079032068
2024-03-06,ETHUSDT,1,0.0995691336728781,3555.4368299999996,3816.680705,0.14160470599669758,0.15200943652113588,25.718212168577878
2024-03-06,DOGEUSDT,1,2312.041607213539,0.15311652,0.15776108000000003,0.1416047059966976,0.14590007238357752,10.450911188819484
2024-03-07,BTCUSDT,-1,0.005605631523333058,66041.00297999999,66856.58158499999,0.14808061125488814,0.14990934451006577,-4.869823093708968
2024-03-07,ETHUSDT,1,0.09689898335959486,3820.4892899999995,3866.8256200000005,0.14808061125488817,0.14987658856273406,4.191986069797171
2024-03-07,DOGEUSDT,-1,2346.596056119927,0.15776108000000003,0.15771881999999998,0.14808061125488817,0.14804094439515547,-0.19695440631831243
2024-03-08,BTCUSDT,-1,0.005538422123626143,66789.76840999999,68158.252095,0.14796397239752418,0.15099566852425436,-7.8781999577472845
2024-03-08,ETHUSDT,1,0.09556681429180942,3870.69438,3881.41832,0.14796397239752418,0.1483739135105068,0.7285148965485057
2024-03-08,DOGEUSDT,-1,2348.0204192554997,0.15754119000000003,0.16465228499999998,0.14796397239752418,0.1546427709028304,-16.99960300656594
2024-03-09,BTCUSDT,-1,0.005314428483549238,68090.1379,68347.426635,0.1447440673218222,0.14529100435453435,-1.6573776534566798
2024-03-09,ETHUSDT,1,0.09313542841404127,3885.3116849999997,3903.257395,0.1447440673218222,0.1454126198774399,1.3812247018449213
2024-03-09,DOGEUSDT,-1,2200.0558392015373,0.16447772000000002,0.178839375,0.1447440673218222,0.15738264449916137,-31.89856965516888
2024-03-10,BTCUSDT,-1,0.005142644537446826,68279.12336,68990.35794,0.1404541043075848,0.1419171549586569,-3.9399978869465495
2024-03-10,ETHUSDT,1,0.08986986092351806,3907.1525999999994,3876.530765,0.1404541043075848,0.13935331228651562,-3.03178746926697
2024-03-10,DOGEUSDT,-1,1965.3757551165063,0.178660625,0.170054985,0.1404541043075848,0.13368877782228045,16.639173331130944
2024-03-11,BTCUSDT,-1,0.005141475838213203,68921.40206000001,72114.13905,0.1417430893709071,0.1483092414076489,-16.705432422633056
2024-03-11,ETHUSDT,1,0.09131967840687498,3880.4092349999996,4062.7676000000006,0.1417430893709071,0.14840425226954854,16.36275990496316
2024-03-11,DOGEUSDT,-1,2085.7453284076305,0.16989501,0.18209099999999998,0.14174308937090707,0.1519181810380295,-25.731390438215033
2024-03-12,BTCUSDT,-1,0.004798118828784553,72042.06095000001,71487.73600499998,0.13826654764345578,0.13720266086110794,2.384247747365039
2024-03-12,ETHUSDT,-1,0.08508150185815191,4062.7676000000006,3981.94998,0.13826654764345578,0.1355161138489752,6.602301824709045
2024-03-12,DOGEUSDT,-1,1900.2158722693184,0.18190900000000002,0.16824408,0.1382665476434558,0.1278800284925396,25.700151301154502
2024-03-13,BTCUSDT,-1,0.005002061613198261,71416.274,73108.946205,0.1428914410932196,0.14627818135736287,-8.756020282808716
2024-03-13,ETHUSDT,1,0.08971175101676696,3981.9599849999995,4002.787605,0.14289144109321963,0.14363883399710436,1.5819519846215548
2024-03-13,DOGEUSDT,-1,2125.273868027842,0.168085915,0.169054485,0.14289144109321963,0.14371483169736193,-2.345082783146313
2024-03-14,BTCUSDT,-1,0.004847694460657624,73035.86379999999,71424.63447,0.14162222094904187,0.13849792194988583,7.530627354991106
2024-03-14,ETHUSDT,1,0.08836383757102659,4006.792395,3879.75915,0.14162222094904184,0.13713216293812167,-11.503899411187595
2024-03-14,DOGEUSDT,1,2094.575987369468,0.169034475,0.177101405,0.14162222094904187,0.14838094009695801,16.60679470874438
2024-03-15,BTCUSDT,1,0.005016010641826958,71424.63447,69465.10007500001,0.14330669063604826,0.13937507248470987,-10.111727141466684
2024-03-15,ETHUSDT,1,0.09225045862723358,3883.6308449999997,3740.318905,0.14330669063604828,0.13801845375934485,-13.501917336153937
2024-03-15,DOGEUSDT,-1,2022.8326724881665,0.1771114,0.163651785,0.14330669063604826,0.13241607104360353,26.950826219432177
2024-03-16,BTCUSDT,1,0.005168350326327168,69534.58992,65267.979685,0.14375164820162312,0.13493111364147387,-22.330019162216182
2024-03-16,ETHUSDT,1,0.09598644663784733,3744.061095,3521.3284550000003,0.14375164820162312,0.13519992233607636,-21.658266234404532
2024-03-16,DOGEUSDT,1,2195.8645356625866,0.16366179,0.142458735,0.14375164820162312,0.1251280335927418,-46.827916203997646
2024-03-17,BTCUSDT,1,0.005037356173122427,65333.29031999999,68359.28326,0.13164282132154065,0.13774002300799423,14.973621371804365
2024-03-17,ETHUSDT,1,0.09336763523294757,3524.851545,3642.8876450000002,0.13164282132154068,0.13605112193318855,10.753057585865017
2024-03-17,DOGEUSDT,1,2307.8831264494866,0.14260126499999998,0.15420286,0.13164282132154068,0.142352871457701,26.501129647621536
2024-03-18,BTCUSDT,-1,0.0050690463237613925,68359.27326500001,67643.794995,0.13860652913557953,0.13715581213786965,3.3510301530012465
2024-03-18,ETHUSDT,1,0.09502651830419982,3646.5223499999997,3518.69977,0.1386065291355795,0.13374791524035548,-12.41888918243594
2024-03-18,DOGEUSDT,-1,2247.1458884676244,0.15420286,0.143601765,0.1386065291355795,0.1290776463185776,23.554522867050544
2024-03-19,BTCUSDT,1,0.005194048601861186,67643.805,61906.431300000004,0.14053808431392825,0.12861800517599223,-30.06935393433
2024-03-19,ETHUSDT,1,0.09975077929135451,3522.2302349999995,3157.06068,0.14053808431392828,0.12596770524003745,-36.69245347428106
2024-03-19,DOGEUSDT,-1,2449.282129810869,0.14344824,0.128874405,0.14053808431392828,0.12625991086260338,35.42863563313567
2024-03-20,BTCUSDT,1,0.005501206055686099,61968.378705,67806.589745,0.1363603280771982,0.1492072088482468,31.831634390696
2024-03-20,ETHUSDT,1,0.107872177976513,3160.229325,3514.7717350000003,0.1363603280771982,0.15165843285789496,37.9572431908068
2024-03-20,DOGEUSDT,1,2645.6281929149222,0.12885439499999998,0.152013955,0.13636032807719822,0.16086896202580012,60.97435558140178
2024-03-21,BTCUSDT,-1,0.005670371656008289,67806.589745,65534.02063499999,0.15379542583225214,0.14864090124518653,12.583875140586608
2024-03-21,ETHUSDT,-1,0.10939218634083796,3514.7717350000003,3494.5964249999997,0.15379542583225217,0.15291261732385047,1.9003132278481276
2024-03-21,DOGEUSDT,-1,2529.2978172999337,0.152013955,0.155447685,0.15379542583225214,0.15726939614993105,-8.995990616179474
2024-03-22,BTCUSDT,1,0.005894921463835389,65534.03064,63764.74168000001,0.15452718553255282,0.15035525774614045,-10.734701909309631
2024-03-22,ETHUSDT,1,0.11054754909491751,3494.58642,3334.681825,0.15452718553255282,0.14745636110604665,-17.979044612904
2024-03-22,DOGEUSDT,-1,2487.842555619867,0.15528232,0.15299646,0.15452718553255282,0.15225244161887713,5.380080157037801
2024-03-23,BTCUSDT,1,0.00593057721524509,63828.53831999999,63958.014995000005,0.15141603001719606,0.15172317858466036,0.4647322100589121
2024-03-23,ETHUSDT,1,0.11340264048831614,3338.0181749999997,3327.865235,0.15141603001719606,0.1509554819353083,-1.453741716671891
2024-03-23,DOGEUSDT,1,2473.8518346619167,0.15301647,0.16181905,0.15141603001719606,0.16012654149029937,21.46473611125081
2024-03-24,BTCUSDT,1,0.006019262548739577,64022.015009999996,67176.385005,0.15414612689781443,0.161740919368123,18.67109412950546
2024-03-24,ETHUSDT,1,0.11568381449606896,3331.194765,3453.2525100000003,0.15414612689781443,0.15979416910996982,13.806165234380712
2024-03-24,DOGEUSDT,-1,2381.3111993865878,0.161829045,0.17659825499999998,0.15414612689781446,0.16821416096945138,-35.492445466959595
2024-03-25,BTCUSDT,-1,0.005721656471892818,67176.395,69914.95000499999,0.15374410208407135,0.1600117304712684,-15.982826800547985
2024-03-25,ETHUSDT,-1,0.11130351505385437,3453.262505,3592.21521,0.15374410208407135,0.15993047188116785,-15.77959906670649
2024-03-25,DOGEUSDT,-1,2178.6444477701903,0.17642174500000002,0.17534762999999998,0.15374410208407135,0.15280805621166463,2.0335625227210334
2024-03-26,BTCUSDT,-1,0.0053611613204331676,69845.06,70022.99399999999,0.14978025363813352,0.1501618267894895,-1.253874958817545
2024-03-26,ETHUSDT,-1,0.10434347782072613,3588.634785,3589.1236649999996,0.14978025363813352,0.14980065821390828,-0.35059235128897853
2024-03-26,DOGEUSDT,-1,2137.6124219552075,0.17517237000000002,0.18239114999999997,0.14978025363813352,0.1559526351578782,-15.736686688157723
2024-03-27,BTCUSDT,1,0.005264989127792251,70022.983995,69435.25500500001,0.14746809977169834,0.14623034507472302,-3.3880851872846827
2024-03-27,ETHUSDT,-1,0.10282179364194707,3585.5263400000003,3502.940595,0.14746809977169834,0.14407145399963572,8.20007487638516
2024-03-27,DOGEUSDT,-1,2023.2278907774098,0.18221884500000002,0.190565235,0.14746809977169834,0.15422275938582058,-17.188339894463144
2024-03-28,BTCUSDT,1,0.005244892334830707,69504.724995,70745.2097,0.14581791974431668,0.14842040323260838,6.211970397752358
2024-03-28,ETHUSDT,1,0.10406792472631266,3502.9505999999997,3558.709755,0.14581791974431668,0.14813901556245382,5.508782610036049
2024-03-28,DOGEUSDT,-1,1914.7793098606826,0.19038476000000001,0.220120005,0.1458179197443167,0.16859249250417202,-57.25084231188679
2024-03-29,BTCUSDT,-1,0.004938399425312498,70745.2097,69885.46526999999,0.13974724117043688,0.1380489366108258,3.9679652212464607
2024-03-29,ETHUSDT,-1,0.09817268813092407,3558.709755,3511.4948699999995,0.13974724117043688,0.1378931562983399,4.357571782773699
2024-03-29,DOGEUSDT,-1,1588.686821031151,0.21990999,0.21310649999999998,0.13974724117043688,0.13542379521043,10.533443863636396
2024-03-30,BTCUSDT,1,0.005089105144029825,69885.455265,69547.38891,0.14226177195279108,0.14157358986228952,-2.004290588069007
2024-03-30,ETHUSDT,1,0.10128291313208661,3511.4948699999995,3503.88718,0.1422617719527911,0.14195356035062878,-1.0547443377091996
2024-03-30,DOGEUSDT,-1,1670.5743946244374,0.2128935,0.19921956,0.14226177195279108,0.1331244383377387,22.567947827340387
2024-03-31,BTCUSDT,1,0.005202143201955958,69616.96108499999,71244.369995,0.14486296033966609,0.14824936601884972,8.172901871600608
2024-03-31,ETHUSDT,1,0.10325514887191926,3507.402825,3643.467355,0.14486296033966609,0.1504827056602012,13.754017635337869
2024-03-31,DOGEUSDT,1,1817.7894473100175,0.199229565,0.21989,0.14486296033966609,0.1598854886275999,37.251572270867285
2024-04-01,BTCUSDT,-1,0.005360193631820125,71244.36,69684.6249,0.15275342591004018,0.14940923304990164,8.058319491386413
2024-04-01,ETHUSDT,-1,0.10481322530611788,3643.467355,3505.5519,0.15275342591004015,0.14697128044679586,14.155638951753957
2024-04-01,DOGEUSDT,-1,1736.7027367097203,0.21989,0.205132515,0.15275342591004018,0.1425016800754591,25.334109480467173
2024-04-02,BTCUSDT,1,0.005707612894748744,69684.634905,65431.258005,0.15909316829985456,0.149382516763588,-24.585104525729854
2024-04-02,ETHUSDT,1,0.11345800378811575,3505.5519,3277.32052,0.15909316829985456,0.1487352975892118,-26.20250524249592
2024-04-02,DOGEUSDT,-1,1940.9417944248505,0.20491749,0.18257124,0.15909316829985456,0.141744060070388,43.071933345296095
2024-04-03,BTCUSDT,1,0.006033294744717548,65496.72199499999,65930.29836,0.15806441144346386,0.15911076904521917,2.2987188238996032
2024-04-03,ETHUSDT,1,0.12045390820114979,3280.59948,3309.174585,0.1580644114434639,0.1594412046732672,3.124477458391527
2024-04-03,DOGEUSDT,1,2164.302410188186,0.182581245,0.17513239,0.1580644114434639,0.15161578151160696,-16.4312550225974
2024-04-04,BTCUSDT,1,0.005932028956135492,65996.251635,68453.546105,0.1565966702780897,0.16242736705800637,14.257717912455568
2024-04-04,ETHUSDT,-1,0.11830493243535661,3309.174585,3329.0636999999997,0.15659667027808974,0.15753786244059934,-2.667114938992667
2024-04-04,DOGEUSDT,-1,2235.5317587749087,0.17512239500000001,0.18006998999999999,0.15659667027808974,0.1610208725789121,-11.378123294912882
2024-04-05,BTCUSDT,1,0.005714401964223091,68522.0439,67786.70969,0.15662500090189635,0.15494420280030258,-4.5135644576866385
2024-04-05,ETHUSDT,1,0.1176197616886864,3329.0536949999996,3316.191075,0.15662500090189635,0.1560198415822595,-1.8255431415762198
2024-04-05,DOGEUSDT,-1,2176.798252183495,0.179880015,0.1772886,0.15662500090189638,0.1543686058448235,5.329994035935401
2024-04-06,BTCUSDT,1,0.005765658852757421,67854.540315,68861.55200000001,0.15649045242678603,0.1588128867613662,5.490782497262295
2024-04-06,ETHUSDT,1,0.11785662876835468,3319.5089249999996,3349.9142050000005,0.15649045242678603,0.15792383794580922,3.269049507185385
2024-04-06,DOGEUSDT,1,2206.8435902651704,0.17727859499999998,0.185677115,0.15649045242678603,0.1639041404386716,18.213825436848424
2024-04-07,BTCUSDT,1,0.005806104005214994,68930.44799999999,69325.709805,0.16008694008562552,0.16100491254527316,1.9738392964882046
2024-04-07,ETHUSDT,1,0.11935151421960687,3353.265795,3452.4729,0.16008694008562552,0.16482314736686296,11.515608115641092
2024-04-07,DOGEUSDT,-1,2155.5639480704162,0.18566712000000002,0.19896943499999997,0.16008694008562552,0.171556536341576,-29.005634116303423
2024-04-08,BTCUSDT,1,0.005692700415529953,69395.06019,71584.19,0.15801811519173564,0.16300293926335005,12.141039124580912
2024-04-08,ETHUSDT,-1,0.11442386353831743,3452.4729,3696.457305,0.15801811519173561,0.16918517049701465,-28.244841548886292
2024-04-08,DOGEUSDT,-1,1987.4436035302263,0.198770565,0.2027013,0.15801811519173564,0.1611429608449046,-8.131275208959005
2024-04-09,BTCUSDT,-1,0.0054057596903485374,71584.19,69180.57299999999,0.15478677150730036,0.14958942115144575,12.688999696977804
2024-04-09,ETHUSDT,-1,0.1047906298696648,3692.7626950000003,3508.1431949999997,0.15478677150730039,0.1470482140308113,19.04455870568454
2024-04-09,DOGEUSDT,-1,1910.8657471139738,0.20250869500000002,0.18921456,0.15478677150730036,0.14462544862369675,25.103894988878057
2024-04-10,BTCUSDT,1,0.005867438342342598,69180.57299999999,70595.76446,0.1623650986261724,0.16568651807983636,7.97549701745389
2024-04-10,ETHUSDT,1,0.11570553605396453,3508.1531999999997,3543.86718,0.1623650986261724,0.16401802070638066,3.8059220811880663
2024-04-10,DOGEUSDT,1,2144.910872955967,0.189244575,0.19961014500000002,0.1623650986261724,0.1712583881451269,21.899600310614925
2024-04-11,BTCUSDT,-1,0.005908849577959273,70595.76446,70041.233115,0.16685590121407332,0.16554524429252593,2.9442411583619
2024-04-11,ETHUSDT,-1,0.11770750195981759,3543.86718,3504.27126,0.16685590121407332,0.164991606481673,4.328889323305059
2024-04-11,DOGEUSDT,-1,2089.7723060878657,0.19961014500000002,0.19389689999999998,0.16685590121407334,0.1620801487425153,11.61044512893845
2024-04-12,BTCUSDT,1,0.006045500912708411,70041.22310999999,67082.96174000001,0.16937371129548737,0.1622200425705414,-18.215765566230935
2024-04-12,ETHUSDT,1,0.1208337616645346,3504.27126,3235.811285,0.16937371129548737,0.1563980998412406,-32.76480044675362
2024-04-12,DOGEUSDT,1,2183.586146451686,0.19391690999999997,0.173942985,0.16937371129548737,0.15192779692738137,-43.93608742848781
2024-04-13,BTCUSDT,1,0.005834623040068928,67150.07826,63892.547745,0.15671815750329104,0.1491155724646724,-19.312296326514513
2024-04-13,ETHUSDT,1,0.1209603925228259,3239.03871,3005.5064950000005,0.15671815750329104,0.1454188981460411,-28.55028544877421
2024-04-13,DOGEUSDT,1,2250.1844162572374,0.17411701499999999,0.15246373000000002,0.15671815750329107,0.13722860371618045,-49.017831228995995
2024-04-14,BTCUSDT,1,0.005621039651545078,63956.48225999999,65629.00908,0.14380076910271972,0.14756130493211678,9.109977499457838
2024-04-14,ETHUSDT,1,0.11949486753485565,3008.513505,3153.5324450000003,0.14380076910271972,0.1507323767128578,17.03448587952965
2024-04-14,DOGEUSDT,1,2355.593691005548,0.15261627,0.16203894,0.14380076910271972,0.1526791619044906,21.899502073420024
2024-04-15,BTCUSDT,-1,0.005721806956743726,65629.019075,63451.699994999995,0.1502066311630407,0.14522335137944273,12.162769476452414
2024-04-15,ETHUSDT,-1,0.11907807655601961,3153.5324450000003,3103.5409949999994,0.1502066311630407,0.1478254768789421,5.65485360220455
2024-04-15,DOGEUSDT,-1,2317.732449862203,0.16201895,0.161310615,0.1502066311630407,0.14954993875709144,1.3419744449530215
2024-04-16,BTCUSDT,1,0.006018800291332869,63451.699994999995,63761.493305,0.1527612441661887,0.1535070777919811,1.5583157425228533
2024-04-16,ETHUSDT,1,0.12305359583762979,3103.551,3082.67789,0.15276124416618872,0.15173383966946297,-2.87300632565004
2024-04-16,DOGEUSDT,-1,2369.870107884505,0.16114938500000003,0.156078,0.1527612441661887,0.14795383467935913,11.717808638228405
2024-04-17,BTCUSDT,-1,0.006043941822084344,63761.503300000004,61308.008685,0.15414832657353558,0.14821681508799267,14.526413572195716
2024-04-17,ETHUSDT,-1,0.1250121094973933,3082.667895,2986.9027049999995,0.15414832657353558,0.14935960320620809,11.668300488538998
2024-04-17,DOGEUSDT,1,2469.0912007703773,0.156078,0.14748622,0.15414832657353558,0.14566277121475363,-21.513699494743186
2024-04-18,BTCUSDT,1,0.006311265033355506,61308.01869,63438.34496,0.15477246184900112,0.160150483327997,13.130130752312693
2024-04-18,ETHUSDT,1,0.12954260410785723,2986.9027049999995,3062.8678000000004,0.15477246184900115,0.15870874834004148,9.527235017411842
2024-04-18,DOGEUSDT,1,2621.062593897919,0.14762377499999998,0.15213389500000002,0.15477246184900112,0.1595009845793975,11.507033379562575
2024-04-19,BTCUSDT,-1,0.0062788401110781145,63438.354955,63849.919004999996,0.15932771506890603,0.16036137301507314,-2.9038339535016977
2024-04-19,ETHUSDT,-1,0.1300478223945105,3062.8678000000004,3057.98823,0.15932771506890606,0.1590738840878174,0.3161758535649247
2024-04-19,DOGEUSDT,1,2615.4265376329386,0.15229610999999998,0.156251835,0.15932771506890606,0.16346607832513732,10.023114347184066
2024-04-20,BTCUSDT,1,0.006277185301623142,63849.919004999996,64908.119705,0.16031910923520565,0.16297611798728856,6.319226652984832
2024-04-20,ETHUSDT,1,0.13106626130014842,3057.978225,3154.212105,0.16031910923520562,0.1653643151800085,12.287331437591943
2024-04-20,DOGEUSDT,-1,2565.2397148421583,0.15624184,0.16268129999999997,0.16031910923520565,0.16692661264886063,-16.8460042560215
2024-04-21,BTCUSDT,-1,0.00618389021278739,64908.109710000004,64973.620575,0.16055384974647968,0.16071589454524157,-0.726381741196436
2024-04-21,ETHUSDT,-1,0.12725352988466804,3154.212105,3149.2438349999998,0.16055384974647968,0.16030095778851164,0.31137508738514685
2024-04-21,DOGEUSDT,-1,2469.9269147840364,0.16250870500000003,0.158329125,0.16055384974647968,0.15642454689268243,10.006278737854009
2024-04-22,BTCUSDT,-1,0.006233091146590987,64908.679425,66852.72966,0.16183268602435202,0.16667966294767467,-12.445954657278625
2024-04-22,ETHUSDT,-1,0.12859842140334002,3146.08617,3201.8000999999995,0.16183268602435202,0.16469857540362248,-7.49125470960409
2024-04-22,DOGEUSDT,-1,2558.2007654328336,0.15815088500000002,0.1612806,0.16183268602435205,0.16503526174778665,-8.333307256358703
2024-04-23,BTCUSDT,-1,0.005916790046105396,66785.91034000002,66447.207,0.15806328380791984,0.15726166918764192,1.6887115976992193
2024-04-23,ETHUSDT,-1,0.12354137956294199,3198.5899050000003,3221.0697299999997,0.15806328380791984,0.1591741592450532,-3.094426035886416
2024-04-23,DOGEUSDT,-1,2452.4278113239334,0.161129395,0.15986989499999998,0.1580632838079198,0.1568277506765748,2.7739417938780595
2024-04-24,BTCUSDT,-1,0.005959770400830099,66380.793,64321.73479499999,0.15824571412201194,0.15333710846451376,11.95993132115892
2024-04-24,ETHUSDT,-1,0.12294365868832978,3217.8502700000004,3142.3704,0.15824571412201194,0.1545338055719641,8.966991855425597
2024-04-24,DOGEUSDT,-1,2477.0773602899444,0.159710105,0.15146569499999998,0.15824571412201194,0.15007689757803272,20.113718748247997
2024-04-25,BTCUSDT,1,0.0063632388686132735,64321.72479,64466.09083,0.16371779971198958,0.1640852539508039,0.5908325433729903
2024-04-25,ETHUSDT,1,0.13025065486798626,3142.3603949999997,3154.2221000000004,0.16371779971198958,0.16433579764962997,1.21694124673934
2024-04-25,DOGEUSDT,1,2702.225736857273,0.15146569499999998,0.151194365,0.16371779971198958,0.163424521748317,-1.0603372306417536
2024-04-26,BTCUSDT,-1,0.006352854702739234,64466.08083500001,63801.895005,0.16381745791991895,0.1621296674904756,3.893528948197927
2024-04-26,ETHUSDT,1,0.12970963882874487,3157.3879049999996,3129.73435,0.16381745791991895,0.16238268486736665,-3.9131327741680413
2024-04-26,DOGEUSDT,1,2706.1944685451626,0.15133563,0.147926,0.16381745791991895,0.1601266091816047,-9.551065912887157
2024-04-27,BTCUSDT,1,0.006368987711781739,63801.884999999995,63430.24901000001,0.16254136862140464,0.16159459059997835,-2.6910810127871474
2024-04-27,ETHUSDT,1,0.12970662229116386,3132.86565,3253.93222,0.16254136862140464,0.16882262296823533,15.371771875487104
2024-04-27,DOGEUSDT,-1,2746.633562379836,0.14794599000000003,0.14783388,0.16254136862140467,0.1624181985859333,-0.017034478528862168
2024-04-28,BTCUSDT,-1,0.0064728524127897836,63430.24901000001,63150.17931,0.16422985613929414,0.1635047162059364,1.4851152610491276
2024-04-28,ETHUSDT,-1,0.12617838164470427,3253.9222250000003,3265.0817249999996,0.16422985613929414,0.16479309119927973,-1.7371105973025625
2024-04-28,DOGEUSDT,-1,2780.048933157939,0.14768612,0.14677335,0.16422985613929414,0.1632148380334067,2.2101005705458907
2024-04-29,BTCUSDT,1,0.006511895082265912,63150.17931,63834.067,0.1644909368371998,0.1662722987913331,4.122641649704683
2024-04-29,ETHUSDT,1,0.1259474147456092,3265.07172,3215.121635,0.16449093683719984,0.16197450320837048,-6.6175495121189964
2024-04-29,DOGEUSDT,-1,2804.3968279075093,0.146636645,0.14349171,0.1644909368371998,0.1609630785420097,8.494191722596137
2024-04-30,BTCUSDT,-1,0.006473457243132053,63834.067,60702.335999999996,0.16529084135189073,0.15718159066169424,19.950654293477648
2024-04-30,ETHUSDT,-1,0.12852571867476753,3215.13163,3015.557025,0.1652908413518907,0.15503065353714757,25.33014804196879
2024-04-30,DOGEUSDT,-1,2882.478005228137,0.143358285,0.13345669500000001,0.16529084135189073,0.15387439519517598,28.22195015523977
2024-05-01,BTCUSDT,1,0.0072110560741847915,60702.346005,58335.787515,0.17509120835064887,0.16826505396095764,-17.408742236539666
2024-05-01,ETHUSDT,1,0.14515708691440737,3015.54702,2970.97377,0.17509120835064887,0.1725031591009258,-6.817717491759171
2024-05-01,DOGEUSDT,1,3280.417382046191,0.13343668499999997,0.130144895,0.17509120835064887,0.17077183029703058,-11.144308172693384
2024-05-02,BTCUSDT,1,0.007294185235739787,58394.152485,59031.079695,0.17037510596384992,0.1722334519844191,4.303256493474677
2024-05-02,ETHUSDT,-1,0.1433663835105568,2970.97377,2987.683095,0.17037510596384992,0.17133332816231092,-2.737263930278668
2024-05-02,DOGEUSDT,1,3269.5254009553464,0.13027510499999997,0.13182405500000002,0.17037510596384992,0.1724008385117739,4.721555425334319
2024-05-03,BTCUSDT,-1,0.007250988613528969,59031.0697,62913.451004999995,0.171213445695654,0.18247388675002707,-28.504789968378386
2024-05-03,ETHUSDT,-1,0.14340940734119026,2984.6969050000002,3104.161305,0.17121344569565397,0.17806637321660232,-17.481598621283123
2024-05-03,DOGEUSDT,-1,3247.00688534528,0.13182405500000002,0.14611301999999998,0.17121344569565397,0.18977199279143703,-46.75735317794467
2024-05-04,BTCUSDT,-1,0.006318463619343288,62850.56899500001,63923.98602,0.15884761345997314,0.1615605520283116,-7.102754586334414
2024-05-04,ETHUSDT,-1,0.1280591800117259,3101.058695,3118.788615,0.15884761345997314,0.15975580506672252,-2.589082435400165
2024-05-04,DOGEUSDT,-1,2720.6086859502934,0.14596698000000002,0.16020006,0.15884761345997314,0.17433666989030328,-39.05582535917563
2024-05-05,BTCUSDT,-1,0.005964129532710259,63860.083985000005,64044.005999999994,0.1523479251425184,0.1527866990310692,-1.4020693455506024
2024-05-05,ETHUSDT,1,0.12212068147455318,3118.7986199999996,3134.841795,0.1523479251425184,0.15313160652812463,1.653723932344902
2024-05-05,DOGEUSDT,-1,2379.8422622271414,0.16003994000000002,0.16106049,0.1523479251425184,0.15331942435080476,-2.7344153702091876
2024-05-06,BTCUSDT,-1,0.005940016592194288,63979.994000000006,63196.772595,0.1520168903713964,0.1501559511149717,4.350175299575377
2024-05-06,ETHUSDT,-1,0.1212320947900589,3134.8318000000004,3064.1312999999996,0.1520168903713964,0.14858842248431456,8.27056440484895
2024-05-06,DOGEUSDT,1,2359.3310545254767,0.1610805,0.15640176000000003,0.1520168903713964,0.14760141174017624,-11.338314880162004
2024-05-07,BTCUSDT,-1,0.006026422007906167,63133.59741,62343.236039999996,0.15218788034796474,0.15028265988621797,4.460580614132722
2024-05-07,ETHUSDT,1,0.12416926885066794,3064.121295,3004.187155,0.1521878803479647,0.1492110890107673,-7.743377312352283
2024-05-07,DOGEUSDT,-1,2432.487896257617,0.15641175499999999,0.150064995,0.15218788034796474,0.14601251359578396,15.140216486508196
2024-05-08,BTCUSDT,-1,0.00617239134205237,62280.913965,61223.626514999996,0.15376886965306982,0.15115847289209355,6.221064559895487
2024-05-08,ETHUSDT,-1,0.12796212562618275,3004.187155,2975.6971049999997,0.15376886965306985,0.15231061071019134,3.33956787683301
2024-05-08,DOGEUSDT,1,2561.7045076546638,0.150064995,0.14316838,0.15376886965306985,0.14670203375984636,-17.967560636471674
2024-05-09,BTCUSDT,-1,0.006239448677697755,61162.433485,63105.547005,0.15264794589310407,0.15749752872629633,-12.434102557600024
2024-05-09,ETHUSDT,-1,0.12837427547502492,2972.7129,3037.748115,0.1526479458931041,0.15598748533549908,-8.657484037216062
2024-05-09,DOGEUSDT,1,2663.05348151701,0.143301615,0.1521239,0.15264794589310404,0.16204563260677818,23.17952320568545
2024-05-10,BTCUSDT,-1,0.006064417940064459,63042.463,60830.389995,0.15292633744121997,0.14756036335471823,13.114448515458395
2024-05-10,ETHUSDT,-1,0.12598052102324775,3034.72188,2911.444995,0.15292633744122,0.1467141429602508,15.23084572202155
2024-05-10,DOGEUSDT,-1,2513.1872348989864,0.1521239,0.14396194499999998,0.15292633744121997,0.14472132899409196,20.21487345138471
2024-05-11,BTCUSDT,1,0.006551044078441058,60830.389995,60795.577005,0.15940102646640197,0.15930980189360502,-0.5467722603523252
2024-05-11,ETHUSDT,1,0.13687496630862603,2911.4349899999997,2910.993775,0.15940102646640197,0.15937686995109804,-0.37916918467733707
2024-05-11,DOGEUSDT,1,2768.110462567069,0.14396194499999998,0.14298847,0.15940102646640197,0.158323151933383,-3.0124105109471895
2024-05-12,BTCUSDT,-1,0.006533201949017002,60795.577005,61514.731994999995,0.15887591287227168,0.160755266785197,-5.018015961970741
2024-05-12,ETHUSDT,-1,0.13644473773588858,2910.993775,2930.754645,0.1588759128722717,0.1599544195621049,-3.0150970570173747
2024-05-12,DOGEUSDT,1,2775.1924958924187,0.143121525,0.141159385,0.1588759128722717,0.15669778639071555,-5.760889903153341
2024-05-13,BTCUSDT,-1,0.006388461637080854,61453.258,62971.55004,0.15703671248265286,0.16091653266322295,-10.017503696571106
2024-05-13,ETHUSDT,-1,0.1340894327294163,2927.8353500000003,2952.4654949999995,0.15703671248265283,0.1583577693510901,-3.618036652926902
2024-05-13,DOGEUSDT,-1,2781.3919791409094,0.14114939,0.14871431999999998,0.15703671248265286,0.1654531267325578,-21.363525463977567
2024-05-14,BTCUSDT,-1,0.006055218286587093,62908.619955,61608.278744999996,0.15237017037418948,0.14922063042475156,7.572259072795882
2024-05-14,ETHUSDT,-1,0.1291485175915328,2949.514505,2883.3709649999996,0.15237017037418948,0.14895323431848698,8.24101673456364
2024-05-14,DOGEUSDT,-1,2564.1928542517485,0.14855568500000002,0.14559276000000002,0.15237017037418948,0.14933116592911594,7.29580977638057
2024-05-15,BTCUSDT,-1,0.006314366920384955,61546.701255,66239.60325,0.1554513817853549,0.1673044638324895,-29.955460963454406
2024-05-15,ETHUSDT,1,0.13478267596531313,2883.3709649999996,3031.0337250000002,0.15545138178535486,0.16341233455864443,19.583518216879884
2024-05-15,DOGEUSDT,1,2669.2842038531803,0.14559276000000002,0.15526233,0.1554513817853549,0.16577571396897592,25.489603363298237
2024-05-16,BTCUSDT,-1,0.00594903140148073,66173.406745,65267.827605,0.1574670698675847,0.15531214237143035,5.074539528146908
2024-05-16,ETHUSDT,-1,0.12987901501127697,3031.0337250000002,2946.17235,0.1574670698675847,0.15305838514858366,10.71118634248649
2024-05-16,DOGEUSDT,-1,2535.6634711417496,0.155252335,0.14979485999999997,0.15746706986758469,0.15193174186671696,13.528921190435062
2024-05-17,BTCUSDT,-1,0.006187472136771285,65202.592395,67057.512,0.1613756894757271,0.16596659482448242,-11.804605656188524
2024-05-17,ETHUSDT,1,0.13693673545246524,2946.17235,3090.4639950000005,0.16137568947572714,0.16927922020347358,19.428171909686924
2024-05-17,DOGEUSDT,1,2693.4580514786876,0.149784855,0.155472225,0.1613756894757271,0.16750316648302244,14.989813662279586
2024-05-18,BTCUSDT,-1,0.006134856294741085,66990.488,66948.65759999999,0.16439080679783083,0.16428815740073022,-0.07205547144698557
2024-05-18,ETHUSDT,-1,0.1329827323087731,3090.454,3124.5014699999997,0.16439080679783086,0.16620189703335123,-4.858318292632102
2024-05-18,DOGEUSDT,1,2640.769085046529,0.155627775,0.15294349,0.16439080679783086,0.1615553760604492,-7.414523026312426
2024-05-19,BTCUSDT,-1,0.006083305201058575,66881.7424,66307.14700499999,0.16274482055911194,0.1613466448971488,3.1713476894516135
2024-05-19,ETHUSDT,-1,0.13034691162490306,3121.3785300000004,3072.725595,0.16274482055911194,0.16020811663161705,6.0188068815464915
2024-05-19,DOGEUSDT,1,2657.552751514583,0.15309651,0.14900546,0.16274482055911194,0.15839594808547847,-11.193321952728287
2024-05-20,BTCUSDT,-1,0.006132080871851009,66240.863,71482.34331,0.16247773157488127,0.17533420403453515,-32.478993084744104
2024-05-20,ETHUSDT,-1,0.13232532160102037,3069.6644,3663.61089,0.1624777315748813,0.1939153956961002,-78.95055343031818
2024-05-20,DOGEUSDT,1,2723.311867927073,0.14915453999999997,0.165647135,0.1624777315748813,0.18044352345344722,44.57155844138644
2024-05-21,BTCUSDT,-1,0.005376046943916966,71410.89669,70183.41416999999,0.15356333316505788,0.15092373170491485,6.294516585487551
2024-05-21,ETHUSDT,-1,0.10489415916920324,3659.9591050000004,3791.4947999999995,0.15356333316505785,0.15908226361616254,-14.1099717245429
2024-05-21,DOGEUSDT,-1,2317.6273644131825,0.165647135,0.17032512,0.15356333316505785,0.1579000635835836,-11.153289443063034
2024-05-22,BTCUSDT,-1,0.005385363434181634,70113.26583,69201.20331,0.15103416722077548,0.14906945196281723,4.611684525712
2024-05-22,ETHUSDT,-1,0.09968738180239574,3787.6952050000004,3739.598865,0.15103416722077545,0.1491163279372243,4.4944477137198895
2024-05-22,DOGEUSDT,-1,2219.1993491425774,0.170144885,0.16636314,0.15103416722077548,0.14767718880372618,8.093734686598701
2024-05-23,BTCUSDT,-1,0.005544733315845294,69132.03669,68003.63482499999,0.1533274828109129,0.15082480784510188,5.952535123871488
2024-05-23,ETHUSDT,-1,0.10260545526642215,3735.85114,3785.501805,0.1533274828109129,0.15536525444555513,-5.403121823862045
2024-05-23,DOGEUSDT,1,2304.108392203238,0.16636314,0.15965013500000003,0.15332748281091288,0.147140486347952,-15.767959126561085
2024-05-24,BTCUSDT,-1,0.005567705884602186,67935.67517,68584.264995,0.15129834336737263,0.15274280632151088,-3.9151985350345004
2024-05-24,ETHUSDT,-1,0.1000198424665424,3781.7082,3730.14414,0.15129834336737266,0.14923537170411852,4.856895443063865
2024-05-24,DOGEUSDT,1,2366.8492456234267,0.159809865,0.16377807000000003,0.15129834336737266,0.15505520057166436,9.085789466790144
2024-05-25,BTCUSDT,-1,0.005569355203384478,68515.715005,69325.215285,0.15263534155068192,0.15443869938930557,-4.81546863749914
2024-05-25,ETHUSDT,-1,0.10240090430398306,3726.4158600000005,3751.13463,0.15263534155068192,0.15364783131119475,-2.8375075741439924
2024-05-25,DOGEUSDT,1,2327.5824182178703,0.16394192999999999,0.17393299,0.15263534155068192,0.16193734778882587,22.940442906020383
2024-05-26,BTCUSDT,-1,0.0055834101343043225,69255.91472,68541.923835,0.15467367044326558,0.1530790688660216,3.6787512038006613
2024-05-26,ETHUSDT,-1,0.10318800157781469,3747.375375,3828.383235,0.15467367044326558,0.1580172861174637,-8.67173014205609
2024-05-26,DOGEUSDT,-1,2223.1790306609682,0.17393299,0.166293105,0.15467367044326558,0.14787973759180104,16.682278720626233
2024-05-27,BTCUSDT,1,0.0056984191209630075,68541.923835,69401.71178499999,0.15623224374758166,0.15819201658528306,4.585007833920711
2024-05-27,ETHUSDT,-1,0.10212441162942291,3824.556765,3896.1671099999994,0.15623224374758166,0.15915750948746363,-7.628554102939991
2024-05-27,DOGEUSDT,1,2348.748069674651,0.166293105,0.16899546000000001,0.15623224374758163,0.1587711041835119,6.032147741894589
2024-05-28,BTCUSDT,-1,0.005642177977871508,69401.71178499999,68432.589195,0.156630723943965,0.15444353908990266,5.156887872121925
2024-05-28,ETHUSDT,-1,0.10060389558036582,3892.2628950000003,3846.612345,0.15663072394396496,0.15479367467781044,4.281198766764524
2024-05-28,DOGEUSDT,-1,2317.0847894961935,0.16899546000000001,0.165052485,0.15663072394396496,0.15297624098481946,8.826600432935004
2024-05-29,BTCUSDT,-1,0.005816860787230223,68364.20079999999,67686.24621,0.1590660155535412,0.1574885885655037,3.6270128659746628
2024-05-29,ETHUSDT,-1,0.10348401844343436,3842.767655,3769.313715,0.15906601555354122,0.15602549200086002,7.286217374148554
2024-05-29,DOGEUSDT,-1,2411.881491690638,0.16487752,0.16394192999999999,0.15906601555354122,0.15816340267161685,1.9393027865857195
2024-05-30,BTCUSDT,1,0.005938418784906977,67686.236205,68317.993915,0.1607796866237691,0.16228034336479863,3.428581822585278
2024-05-30,ETHUSDT,1,0.10663695835586728,3769.32372,3746.0360450000003,0.1607796866237691,0.15978635589209714,-2.803892871695793
2024-05-30,DOGEUSDT,1,2451.777995778278,0.16394192999999999,0.15938027,0.16077968662376912,0.15630601557888035,-11.501263314424579
2024-05-31,BTCUSDT,1,0.005824608486560842,68386.346085,67506.239995,0.15932947670863115,0.15727896734827598,-5.442881844944794
2024-05-31,ETHUSDT,1,0.10622605444564939,3749.77395,3760.408855,0.15932947670863112,0.15978135830765286,0.8105931625380616
2024-05-31,DOGEUSDT,1,2496.8618968758187,0.159529725,0.15890051000000002,0.1593294767086311,0.15870105152525402,-1.8890934866765747
2024-06-01,BTCUSDT,1,0.005862479465939368,67573.780005,67732.96657500001,0.15845995908608668,0.15883325028523806,0.6159347885071115
2024-06-01,ETHUSDT,1,0.1052422651508362,3764.171145,3813.9120900000003,0.15845995908608668,0.16055389897510397,4.915835864482019
2024-06-01,DOGEUSDT,1,2490.576938950431,0.15905949,0.160229845,0.15845995908608668,0.15962590275544083,2.596773311543834
2024-06-02,BTCUSDT,-1,0.005888705181486721,67732.95658,67799.512815,0.15954376494802444,0.15970053696638634,-0.7111743478191372
2024-06-02,ETHUSDT,1,0.10447559956415571,3817.72791,3779.019545,0.15954376494802444,0.15792613309141518,-4.361549539562615
2024-06-02,DOGEUSDT,1,2486.8073253627135,0.160390155,0.15702145,0.15954376494802444,0.15619283683963003,-8.693056872773653
2024-06-03,BTCUSDT,1,0.00581524646114647,67799.50280999999,68775.49505,0.15770832751333702,0.15997858168124363,5.357948510571876
2024-06-03,ETHUSDT,1,0.1042269558447141,3782.8104599999997,3765.1764700000003,0.15770832751333705,0.15697315267449863,-2.152618577283899
2024-06-03,DOGEUSDT,1,2508.4263646874374,0.15717854999999997,0.158270825,0.15770832751333705,0.15880428407633265,2.42337879589938
2024-06-04,BTCUSDT,1,0.00575424667131661,68844.294945,70502.57108,0.15845882201056208,0.16227567398254109,9.221395433954378
2024-06-04,ETHUSDT,1,0.10510796998361117,3768.953535,3808.3248850000004,0.1584588220105621,0.16011411908016782,3.819669732923556
2024-06-04,DOGEUSDT,-1,2503.127621827872,0.15826083000000002,0.16144068,0.1584588220105621,0.16164265015786983,-8.27967184043775
2024-06-05,BTCUSDT,-1,0.005641414723299175,70502.56108500001,71143.55399999999,0.15909367445408742,0.16054011720137196,-3.935740659866807
2024-06-05,ETHUSDT,-1,0.10443809237541415,3808.3248850000004,3867.9229949999994,0.15909367445408742,0.16158339962111942,-6.544989991655196
2024-06-05,DOGEUSDT,-1,2466.120182892751,0.16127932,0.16334163,0.15909367445408742,0.16112803617984003,-5.406126025015437
2024-06-06,BTCUSDT,-1,0.005521669638934886,71072.44600000001,70834.45953,0.1569754268972157,0.15644979383086513,1.0006574451483068
2024-06-06,ETHUSDT,-1,0.10156101517987116,3864.067,3815.3667299999997,0.15697542689721572,0.15499700735292216,4.634076426483714
2024-06-06,DOGEUSDT,-1,2404.819530136473,0.163188365,0.16024007999999998,0.15697542689721572,0.15413938955785234,6.778978531953398
2024-06-07,BTCUSDT,-1,0.005604239078978891,70763.66047,69390.2778,0.1586305885510271,0.15555188261918454,7.382582358436193
2024-06-07,ETHUSDT,1,0.1039416285525911,3815.3767349999994,3676.48084,0.15863058855102713,0.15285576234079928,-14.74855187646144
2024-06-07,DOGEUSDT,1,2475.043910311893,0.16023007499999997,0.1481259,0.15863058855102713,0.14664724270178736,-30.26364245435219
2024-06-08,BTCUSDT,1,0.0055343958773829156,69390.2778,69275.80477000002,0.1536133069547101,0.15335989132858874,-0.9405122635867145
2024-06-08,ETHUSDT,1,0.10435263659490868,3680.1491549999996,3679.7292150000003,0.1536133069547101,0.15359577821622544,-0.35103093138252994
2024-06-08,DOGEUSDT,1,2590.022582411731,0.1482741,0.14580706000000002,0.1536133069547101,0.1510574312300249,-6.69436004989771
2024-06-09,BTCUSDT,1,0.005499613035086543,69345.11523,69613.31593,0.15254851985539453,0.15313851988169025,1.169313026002257
2024-06-09,ETHUSDT,1,0.10353726098138419,3683.4207899999997,3704.5468,0.15254851985539453,0.15342345153974069,1.8813572394702387
2024-06-09,DOGEUSDT,1,2612.616239094204,0.14597295,0.146716605,0.15254851985539453,0.15332567390710797,1.6370109355211233
2024-06-10,BTCUSDT,-1,0.005500870055417015,69613.325925,69574.76999999999,0.153173544015527,0.1530887075622104,-0.09417111828628996
2024-06-10,ETHUSDT,-1,0.10336861179316657,3704.5468,3669.683925,0.153173544015527,0.1517320532187795,3.298821394634412
2024-06-10,DOGEUSDT,-1,2610.0239985706967,0.146716605,0.14485239,0.153173544015527,0.1512272856601288,4.561245058819822
2024-06-11,BTCUSDT,1,0.005541124919524804,69574.76999999999,67280.58288,0.15420899672688268,0.14912404575860877,-13.015710463170265
2024-06-11,ETHUSDT,1,0.10505604833996887,3669.683925,3495.5813350000003,0.15420899672688268,0.14689278468242117,-18.591631892563033
2024-06-11,DOGEUSDT,-1,2664.1480141729016,0.14470761,0.13812902999999999,0.15420899672688268,0.14719847238965167,17.224903373961034
2024-06-12,BTCUSDT,1,0.005653159464970831,67347.88711499999,68229.858005,0.1522913381959797,0.15428570702983263,4.6793450394065
2024-06-12,ETHUSDT,1,0.10880816979001795,3499.0786649999995,3558.3399400000003,0.1522913381959797,0.15487058254484892,6.1409489514321995
2024-06-12,DOGEUSDT,1,2756.323891436502,0.13812902999999999,0.14613689500000002,0.15229133819597973,0.16112024604353903,21.75885803465873
2024-06-13,BTCUSDT,1,0.005733512265889822,68298.11198999999,66739.62349499999,0.15663522513271266,0.15306097997178042,-9.245309107435148
2024-06-13,ETHUSDT,-1,0.11004765410509904,3558.349935,3471.1347,0.15663522513271266,0.15279609232712268,9.288400696515106
2024-06-13,DOGEUSDT,-1,2679.597529643569,0.14613689500000002,0.14117055,0.1566352251327127,0.15131210281536958,12.999858465409638
2024-06-14,BTCUSDT,1,0.005926613820883331,66806.396505,66010.968005,0.15837428513997792,0.15648860612332816,-5.0290604328877695
2024-06-14,ETHUSDT,1,0.11406521125496652,3471.1347,3480.0591000000004,0.15837428513997795,0.1587814705685075,0.7008078156153756
2024-06-14,DOGEUSDT,1,2804.662253210353,0.14117055,0.134922505,0.15837428513997795,0.15136482275283406,-17.833395075752513
2024-06-15,BTCUSDT,1,0.005880237093373275,66077.01199500001,66195.135875,0.15541939878090796,0.15569723734922364,0.38347978465903726
2024-06-15,ETHUSDT,1,0.11153837664207412,3483.5409,3566.95563,0.15541939878090794,0.15914097620980272,8.989383197246205
2024-06-15,DOGEUSDT,1,2876.911769704228,0.135057495,0.136701615,0.15541939878090796,0.15731139405243041,4.417257385972773
2024-06-16,BTCUSDT,-1,0.005939185690077905,66195.135875,66710.208435,0.15725808149662504,0.15848172612770653,-3.3748513853280415
2024-06-16,ETHUSDT,-1,0.11021838870161879,3566.9656250000003,3626.2222049999996,0.15725808149662504,0.15987054740365245,-6.8482933964687716
2024-06-16,DOGEUSDT,1,2872.8522399245076,0.13684839000000001,0.137061435,0.15725808149662507,0.15750290021880695,0.2972858237392705
2024-06-17,BTCUSDT,-1,0.005849579597611843,66643.52157,66537.582165,0.1559346336355507,0.15568675324272227,0.30807959519284955
2024-06-17,ETHUSDT,-1,0.1076124389593951,3622.597795,3513.21573,0.1559346336355507,0.1512262853183247,11.463709874111236
2024-06-17,DOGEUSDT,1,2841.404238367047,0.137198565,0.128725605,0.15593463363555074,0.14630459185334493,-24.377343681003353
2024-06-18,BTCUSDT,-1,0.005801541741841941,66471.077835,65207.90766,0.15425389307399084,0.1513225592750659,7.022758044963271
2024-06-18,ETHUSDT,1,0.10976656832584006,3513.2257349999995,3481.6782900000003,0.15425389307399084,0.1528687511631516,-3.769977421335241
2024-06-18,DOGEUSDT,1,2992.7945623040423,0.12885439499999998,0.122188875,0.15425389307399087,0.14627448026961934,-20.24906038427239
2024-06-19,BTCUSDT,-1,0.005832873329827782,65142.73234,65006.857185,0.1519877224392383,0.15167070541212402,0.48888413993436264
2024-06-19,ETHUSDT,-1,0.10913395048285628,3481.6782900000003,3562.290255,0.1519877224392383,0.1555067233178926,-9.10499664239283
2024-06-19,DOGEUSDT,1,3106.8342309383243,0.12230112,0.122408765,0.1519877224392383,0.15212149650755405,0.030325951842574222
2024-06-20,BTCUSDT,1,0.005801039976055109,65006.857185,64837.555005,0.15084295089915614,0.15045009941347084,-1.2834217645258976
2024-06-20,ETHUSDT,-1,0.10596684892347459,3558.7297450000005,3514.83654,0.15084295089915611,0.14898246104995524,4.35139921105307
2024-06-20,DOGEUSDT,1,3077.6428332570904,0.12253123499999999,0.12448772500000001,0.15084295089915614,0.1532515018698918,5.7172829740701765
2024-06-21,BTCUSDT,1,0.005855494573852469,64902.424994999994,64111.48822,0.15201431895523576,0.15016178855752663,-4.933502101785603
2024-06-21,ETHUSDT,1,0.1081233204057021,3514.83654,3516.7407500000004,0.15201431895523573,0.15209667475841568,-0.09822148576384421
2024-06-21,DOGEUSDT,1,3049.746081500313,0.12461227499999998,0.12411791000000001,0.15201431895523573,0.15141124386660343,-1.811113284402646
2024-06-22,BTCUSDT,1,0.005886266193047914,64175.631779999996,64229.87899500001,0.15110194070564212,0.15122966612473077,0.016981940891189623
2024-06-22,ETHUSDT,1,0.10730881589590464,3520.2592499999996,3494.002125,0.15110194070564215,0.14997489230860986,-3.1186978255949676
2024-06-22,DOGEUSDT,1,3040.4740596693546,0.12424208999999999,0.12368812500000001,0.15110194070564212,0.15042821422065625,-1.9858463673909588
2024-06-23,BTCUSDT,1,0.005849039924972767,64294.141005,63178.404995000004,0.15042359907202948,0.14781320528474157,-6.824221272576546
2024-06-23,ETHUSDT,1,0.1075219872499826,3497.50788,3419.199545,0.15042359907202948,0.14705565195305453,-8.71734704846247
2024-06-23,DOGEUSDT,1,3037.0964944166067,0.12382187999999998,0.12215889,0.15042359907202948,0.14840333463232955,-5.349488032954157
2024-06-24,BTCUSDT,1,0.005836272716937435,63241.615005,60263.15335000001,0.14763812489149705,0.14068487909328875,-17.671437499505558
2024-06-24,ETHUSDT,1,0.10783997731607743,3422.6204549999998,3351.053635,0.14763812489149705,0.14455101919334357,-8.009953389468588
2024-06-24,DOGEUSDT,1,3018.416435938001,0.12228110999999998,0.11896049,0.14763812489149705,0.1436289192972953,-10.314281029693184
2024-06-25,BTCUSDT,1,0.005919700792204654,60323.44665,61775.106995,0.14283870196900808,0.1462760599267315,8.304280132412863
2024-06-25,ETHUSDT,1,0.10645570362588,3354.4163699999995,3393.212545,0.14283870196900808,0.1444907316120552,3.842744674036755
2024-06-25,DOGEUSDT,1,2999.0613879054945,0.11906950499999999,0.12608692500000002,0.14283870196900808,0.1512569713148944,20.751577691431947
2024-06-26,BTCUSDT,-1,0.005958111181983674,61775.106995,60895.42249499999,0.14722518230205897,0.14512867907963187,4.948904194686087
2024-06-26,ETHUSDT,-1,0.10847035099451674,3393.212545,3373.12572,0.14722518230205897,0.1463536523188128,1.885246123494547
2024-06-26,DOGEUSDT,-1,2918.88934127136,0.12609692,0.12282138,0.14722518230205897,0.14340080678489575,9.270312803821056
2024-06-27,BTCUSDT,1,0.006132335669628174,60895.41249,61675.616765000006,0.14937244405165923,0.1512862338537308,4.483815827273522
2024-06-27,ETHUSDT,1,0.11069690040696889,3373.455885,3448.7147800000002,0.14937244405165925,0.15270481461348068,8.028849145888433
2024-06-27,DOGEUSDT,1,3040.1929452244476,0.122831385,0.127046445,0.1493724440516592,0.15449828232193832,12.510724949324183
2024-06-28,BTCUSDT,-1,0.00619000379723885,61675.606770000006,60458.05391999999,0.1527088960413241,0.14969423333538845,7.234253635462362
2024-06-28,ETHUSDT,-1,0.11069985906555894,3448.7147800000002,3381.840075,0.15270889604132407,0.14974768787390372,7.100563834635621
2024-06-28,DOGEUSDT,1,3001.9782029629523,0.127173555,0.12299847000000001,0.1527088960413241,0.14769549037511706,-12.833918551933962
2024-06-29,BTCUSDT,1,0.006322938218430473,60458.05391999999,60956.18666000001,0.1529090158970793,0.15416888091291833,2.84258464278759
2024-06-29,ETHUSDT,1,0.11303684717932683,3381.840075,3377.1106000000004,0.15290901589707928,0.1526951739199539,-0.8402091326304391
2024-06-29,DOGEUSDT,1,3104.8390946952836,0.12312152999999999,0.12183905,0.15290901589707928,0.15131625828021336,-4.286119316342065
2024-06-30,BTCUSDT,-1,0.006258778849393713,60956.18666000001,62803.396004999995,0.1526045167229213,0.15722902663447663,-11.871108322245739
2024-06-30,ETHUSDT,1,0.11285682239006672,3380.4894,3436.44092,0.1526045167229213,0.15513032102495902,6.006775917346394
2024-06-30,DOGEUSDT,1,3128.142998290053,0.12196094999999998,0.12441776,0.1526045167229213,0.1556786179227729,7.376969864983346
2024-07-01,BTCUSDT,-1,0.0060888062625013405,62740.62399500001,62931.43999499999,0.15280620171759918,0.15327093837991332,-1.467918795882873
2024-07-01,ETHUSDT,-1,0.11116603287741025,3436.44092,3443.9210999999996,0.15280620171759918,0.15313881849192273,-1.13748695601842
2024-07-01,DOGEUSDT,-1,3070.1791918852664,0.12442775500000001,0.12358176,0.1528062017175992,0.15176725921942358,2.2927827845020023
2024-07-02,BTCUSDT,-1,0.006074759106710718,62868.55,62166.537735,0.15276451865527926,0.1510586964953467,3.960732184680772
2024-07-02,ETHUSDT,-1,0.11100527215504742,3440.4789,3423.0606749999997,0.15276451865527926,0.15199111273264612,1.6287591751949642
2024-07-02,DOGEUSDT,-1,3093.4451733492892,0.12345824000000001,0.12536265,0.1527645186552793,0.15512099382431052,-6.1990734350576515
2024-07-03,BTCUSDT,-1,0.006146233602184761,62104.392270000004,60238.68429,0.15268324104525505,0.14809641021383893,11.1662974272812
2024-07-03,ETHUSDT,-1,0.11162232806909762,3419.639325,3297.12774,0.15268324104525502,0.14721322971200096,13.375131862377906
2024-07-03,DOGEUSDT,-1,3047.8775110870483,0.12523735,0.118549245,0.15268324104525505,0.1445294311167395,20.087312149126845
2024-07-04,BTCUSDT,-1,0.006590137269992702,60178.465715000006,57078.535005,0.15863373990375984,0.15046215234121343,20.11987301412102
2024-07-04,ETHUSDT,-1,0.1204017433310265,3293.842255,3061.2298499999997,0.15863373990375984,0.1474309642707907,27.700874378248272
2024-07-04,DOGEUSDT,1,3345.313162976277,0.118549245,0.10496749000000001,0.15863373990375984,0.1404596503926323,-45.73431716811522
2024-07-05,BTCUSDT,1,0.00696023044089886,57078.545009999994,56600.47560500001,0.1589119306003271,0.15758094131010977,-3.6439660974537555
2024-07-05,ETHUSDT,1,0.12977784941591947,3061.2298499999997,2980.28911,0.1589119306003271,0.15471020453339387,-10.817937302466753
2024-07-05,DOGEUSDT,1,3780.6463473092335,0.10508251499999999,0.105417265,0.1589119306003271,0.1594181591462318,0.9472412750152397
2024-07-06,BTCUSDT,-1,0.00693942824556676,56600.47560500001,58259.245064999996,0.15710997565033977,0.16171434030778276,-11.829735959565564
2024-07-06,ETHUSDT,1,0.13165871835405876,2983.280895,3065.296585,0.15710997565033974,0.16142920790246926,10.479541446771009
2024-07-06,DOGEUSDT,1,3721.830202891059,0.10553274,0.113373285,0.15710997565033974,0.16878244652559035,28.855284765950564
2024-07-07,BTCUSDT,-1,0.006906121877641927,58201.014935,55885.73890499999,0.16077732101742723,0.15438148964000203,15.674419632905574
2024-07-07,ETHUSDT,-1,0.13112705129757224,3065.296585,2932.4655,0.1607773210174272,0.15381022161874433,17.10316095407104
2024-07-07,DOGEUSDT,-1,3545.3087783737415,0.113373285,0.104202075,0.1607773210174272,0.1477714124889036,32.20622258780271
2024-07-08,BTCUSDT,1,0.007579833040922637,55885.73890499999,56686.26269,0.16944182810739786,0.17186896276163288,5.726525844718511
2024-07-08,ETHUSDT,1,0.144453878666109,2932.4554949999997,3017.5004950000002,0.16944182810739783,0.17435586015186155,11.941282422900057
2024-07-08,DOGEUSDT,1,4065.2220243070456,0.104202075,0.10752621,0.16944182810739786,0.1748471668329058,13.169057818829563
2024-07-09,BTCUSDT,-1,0.007654122560634786,56686.252695,58079.024999999994,0.1735534102522576,0.1778175902208687,-11.011820922000872
2024-07-09,ETHUSDT,-1,0.14378904870093284,3017.5004950000002,3068.183325,0.1735534102522576,0.17646846461672602,-7.637657786040047
2024-07-09,DOGEUSDT,1,4031.483613316926,0.107623785,0.10750622000000001,0.1735534102522576,0.17336382570385778,-0.820878606955664
2024-07-10,BTCUSDT,-1,0.007366187943681488,58020.975000000006,57754.71292499999,0.17095736261025804,0.17017282801556816,1.6202062960988877
2024-07-10,ETHUSDT,-1,0.13943789155290312,3065.116675,3102.600525,0.170957362610258,0.1730480302147721,-5.570674404110264
2024-07-10,DOGEUSDT,-1,3975.5225932568833,0.10750622000000001,0.108054,0.170957362610258,0.1718284473167117,-2.5204975760611608
2024-07-11,BTCUSDT,-1,0.007370166788978511,57696.987075000005,57368.55994499999,0.17009456718571497,0.16912634209526475,2.081341816844629
2024-07-11,ETHUSDT,-1,0.13719474713019267,3099.50947,3101.119785,0.170094567185715,0.17018293788940497,-0.5612042643000625
2024-07-11,DOGEUSDT,1,3935.4065371414986,0.108054,0.10658668,0.170094567185715,0.16778476689768362,-6.112380054161839
2024-07-12,BTCUSDT,1,0.007385677292056147,57368.55994499999,57860.15545,0.16948226818549933,0.17093457448876148,3.2903489154811485
2024-07-12,ETHUSDT,1,0.1366298949538153,3101.119785,3132.3130600000004,0.16948226818549933,0.17118704174010554,3.9212645765899428
2024-07-12,DOGEUSDT,1,3971.2483449174542,0.10669332,0.107636155,0.16948226818549933,0.17097996095881143,3.4037697041359487
2024-07-13,BTCUSDT,-1,0.007384083260928448,57860.145455,59233.62200999999,0.1708976526116603,0.17495439870728152,-10.487717290372068
2024-07-13,ETHUSDT,-1,0.13639848892570589,3132.323055,3177.5179649999995,0.1708976526116603,0.1733634595841136,-6.508778543329008
2024-07-13,DOGEUSDT,1,3965.369265679638,0.10774384499999999,0.112253845,0.1708976526116603,0.17805117876694637,17.534866556836615
2024-07-14,BTCUSDT,-1,0.007223115581874145,59174.40799500001,60828.308955,0.17096943537474504,0.17574796249276606,-12.293035192920058
2024-07-14,ETHUSDT,-1,0.13464950648799964,3174.342035,3246.7025399999998,0.17096943537474502,0.17486675788973396,-10.089142480736863
2024-07-14,DOGEUSDT,-1,3807.6520981251247,0.112253845,0.11540767499999999,0.17096943537474504,0.175772910341397,-12.355429762346038
2024-07-15,BTCUSDT,-1,0.006843202540420829,60767.51104500001,64756.502069999995,0.16633775438327794,0.17725674378967626,-27.641068014168763
2024-07-15,ETHUSDT,-1,0.12820547644652933,3243.5774,3485.1316949999996,0.16633775438327794,0.1787251877745501,-31.313646420338255
2024-07-15,DOGEUSDT,-1,3606.8696329802947,0.115292325,0.12496244999999999,0.16633775438327794,0.18028930646712735,-35.225507270473926
2024-07-16,BTCUSDT,-1,0.0059428178697904285,64691.69797,65076.51199499999,0.1537803914892805,0.15469514335500686,-2.5953551991602226
2024-07-16,ETHUSDT,-1,0.1104281408972749,3481.4584,3445.852065,0.15378039148928052,0.15220761493799428,3.62595337178829
2024-07-16,DOGEUSDT,-1,3079.610091059951,0.12483755,0.12484239,0.1537803914892805,0.15378635361441675,-0.32247205794440303
2024-07-17,BTCUSDT,-1,0.005917216968385632,65011.478,64120.033995,0.1538748083045717,0.15176486126747105,4.969227923179632
2024-07-17,ETHUSDT,-1,0.11174907538360086,3442.41793,3388.743525,0.1538748083045717,0.15147558225236574,5.692714739958008
2024-07-17,DOGEUSDT,1,3081.1344929460847,0.12485239499999999,0.12171911,0.1538748083045717,0.1500131793086795,-9.95796047734378
2024-07-18,BTCUSDT,-1,0.006009148338235164,64055.946005,64019.91396,0.15396867259601085,0.15388206383467687,-0.09132883309572354
2024-07-18,ETHUSDT,1,0.11358831928421821,3388.743525,3424.78675,0.15396867259601082,0.15560630833574401,3.784514368401201
2024-07-18,DOGEUSDT,1,3158.956538563193,0.12185089499999999,0.11950022,0.15396867259601085,0.15099840053149605,-7.730647234414486
2024-07-19,BTCUSDT,-1,0.005997503041137381,63955.92604,66693.33,0.15343034436946296,0.15999737979943157,-16.731016299090427
2024-07-19,ETHUSDT,-1,0.11200025238540182,3424.776755,3505.281765,0.15343034436946296,0.1570369769447787,-9.327048759603574
2024-07-19,DOGEUSDT,1,3206.893925882374,0.119609775,0.12536728500000002,0.15343034436946298,0.16081583390834583,18.149477668929286
2024-07-20,BTCUSDT,-1,0.005717524348439046,66626.679995,67173.52998,0.15237586605082767,0.1536265172925001,-3.4326304875244005
2024-07-20,ETHUSDT,-1,0.10878463442362139,3501.778235,3519.25875,0.15237586605082767,0.15313651062435232,-2.2071238104867823
2024-07-20,DOGEUSDT,-1,3038.5890954491765,0.12536728500000002,0.13430712,0.15237586605082767,0.16324166010927363,-27.48010267227493
2024-07-21,BTCUSDT,-1,0.005512137631000298,67106.400015,68199.42267,0.14795988512145622,0.15036984164472075,-6.323221034927497
2024-07-21,ETHUSDT,-1,0.10521243928393209,3515.74125,3537.6879599999997,0.14795988512145622,0.14888351187879903,-2.6059102903572904
2024-07-21,DOGEUSDT,-1,2757.0942053284,0.13416288499999998,0.14033013,0.1479598851214562,0.15476135530239243,-17.306396692764437
2024-07-22,BTCUSDT,-1,0.005300863333054463,68131.26732500001,67565.77600499999,0.14446181471904967,0.14326277783771021,2.7098676107918904
2024-07-22,ETHUSDT,-1,0.1021895807891627,3534.162035,3441.3197999999998,0.14446181471904967,0.1406668110893781,9.202380448370509
2024-07-22,DOGEUSDT,-1,2575.9977500522136,0.140199865,0.13782888,0.14446181471904965,0.1420187539088866,5.821171456779663
2024-07-23,BTCUSDT,-1,0.005438152302418334,67498.234,65968.978005,0.1468262706545086,0.1434997398504301,8.026000999691348
2024-07-23,ETHUSDT,1,0.1066639053609311,3441.329805,3480.7687450000003,0.14682627065450857,0.14850895519998678,3.911376137840993
2024-07-23,DOGEUSDT,1,2663.0052661574523,0.137838885,0.13024484500000003,0.1468262706545086,0.1387370832499445,-20.508531865314705
2024-07-24,BTCUSDT,-1,0.0055264320017983995,65903.032,65408.687999999995,0.1456834500241376,0.14459066662353875,2.4416843848494176
2024-07-24,ETHUSDT,-1,0.10463453671937173,3480.7687450000003,3337.4779049999997,0.1456834500241376,0.13968618176032574,14.707801027745218
2024-07-24,DOGEUSDT,1,2793.757572942953,0.13036514999999999,0.12788602500000001,0.1456834500241376,0.14291302032692874,-7.214670713373184
2024-07-25,BTCUSDT,1,0.005618828094269516,65408.698005,65767.050025,0.14700809198403378,0.14781349934307947,1.7186968062871504
2024-07-25,ETHUSDT,1,0.11011881986415478,3337.48791,3173.89226,0.14700809198403375,0.13980210801887005,-18.30177011291219
2024-07-25,DOGEUSDT,1,2871.3871779820593,0.127993965,0.12519737000000003,0.14700809198403378,0.14379604917403033,-8.32091116616668
2024-07-26,BTCUSDT,-1,0.005461988969642661,65767.050025,67941.94399500001,0.14368756072099487,0.14843925947070782,-12.171373694474065
2024-07-26,ETHUSDT,1,0.11306653254838858,3177.0577349999994,3272.9726950000004,0.14368756072099487,0.14802546949968187,10.553058916496822
2024-07-26,DOGEUSDT,1,2866.5818931052413,0.12531262499999998,0.13412290500000001,0.14368756072099487,0.1537897163694698,24.95791184409687
2024-07-27,BTCUSDT,-1,0.005407055997386595,67874.046,67930.44825,0.14679950699647748,0.14692149504612892,-0.5986911261712001
2024-07-27,ETHUSDT,-1,0.11213044606074907,3272.9627,3250.634505,0.14679950699647748,0.1457980388104449,2.2110729192744705
2024-07-27,DOGEUSDT,-1,2736.287045759959,0.13412290500000001,0.13150572,0.14679950699647748,0.14393495923173455,6.870634945629125
2024-07-28,BTCUSDT,1,0.005444193343838155,67930.438245,68215.75506000001,0.14793057589497513,0.14855190385701839,1.2568374253561787
2024-07-28,ETHUSDT,1,0.1137708891745072,3250.6245,3268.52492,0.14793057589497516,0.148745194574974,1.7398709295271764
2024-07-28,DOGEUSDT,1,2812.4600085823167,0.13149571499999999,0.12997498,0.14793057589497516,0.1462197733465146,-4.5711567203929055
2024-07-29,BTCUSDT,-1,0.005413729178703329,68215.75506000001,66818.082345,0.14772064944624053,0.14469400082245132,7.274206909204352
2024-07-29,ETHUSDT,-1,0.11298724429355164,3268.52492,3319.3188299999997,0.14772064944624053,0.1500162750133584,-6.03680084225426
2024-07-29,DOGEUSDT,1,2838.2703966402137,0.130115025,0.12836578499999998,0.14772064944624053,0.14573472300279294,-5.258271481067998
2024-07-30,BTCUSDT,1,0.005506913358288432,66818.07233999998,66154.906,0.1471845340576915,0.14572373422708623,-3.9449078447979247
2024-07-30,ETHUSDT,-1,0.11096538157862855,3316.00117,3280.849605,0.1471845340576915,0.1456242913283671,3.607797997924919
2024-07-30,DOGEUSDT,-1,2866.2831504839055,0.12837578,0.125572755,0.1471845340576915,0.14397082872653744,7.743107965100883
2024-07-31,BTCUSDT,-1,0.005599433565571658,66154.906,64660.314,0.14817200047345516,0.1448244530288012,8.075872158132642
2024-07-31,ETHUSDT,-1,0.1130200380696685,3277.5604,3234.3563699999995,0.14817200047345516,0.1462188320273099,4.588530282862372
2024-07-31,DOGEUSDT,1,2949.923342715845,0.125572755,0.12185904,0.14817200047345516,0.1437899306467776,-11.247136497814225
2024-08-01,BTCUSDT,1,0.0057361670989464495,64660.324004999995,65321.34299,0.1483609692658793,0.1498776554072937,3.4934767288628175
2024-08-01,ETHUSDT,1,0.1146758058589253,3234.3563699999995,3201.7983000000004,0.14836096926587933,0.14686752010009485,-4.028851403827175
2024-08-01,DOGEUSDT,1,3040.6583385201943,0.12198096,0.118930505,0.14836096926587933,0.1446508126930671,-9.568403213989546
2024-08-02,BTCUSDT,-1,0.005626560636666324,65321.34299,61529.079164999996,0.14701379888068547,0.138478837936046,21.051909724781947
2024-08-02,ETHUSDT,1,0.11467528931473382,3205.0017,2988.1151950000003,0.14701379888068547,0.13706518979695093,-25.15560169801404
2024-08-02,DOGEUSDT,1,3087.241127748704,0.11904949499999999,0.11148423,0.1470137988806855,0.13767147998055837,-23.640482529179003
2024-08-03,BTCUSDT,1,0.005823041489275526,61529.08916999999,60667.641005,0.14331457561369734,0.14130807625143527,-5.300871057520368
2024-08-03,ETHUSDT,1,0.11978398029895959,2991.104805,2902.18818,0.14331457561369734,0.13905426071079738,-10.933156093574453
2024-08-03,DOGEUSDT,1,3210.573653770599,0.11159577,0.108055945,0.14331457561369737,0.13876862806011397,-11.646952087632311
2024-08-04,BTCUSDT,1,0.005746786180282898,60728.338995,58131.9195,0.13959711171520042,0.13362868464636718,-15.19429346844464
2024-08-04,ETHUSDT,1,0.12013099722864312,2905.1018249999997,2687.5755400000003,0.13959711171520042,0.12914445189900364,-26.400391104106173
2024-08-04,DOGEUSDT,1,3226.215039797906,0.10817405999999999,0.103698125,0.13959711171520042,0.1338209801895373,-14.713746906062534
2024-08-05,BTCUSDT,1,0.005674907119753225,58190.0805,53991.800595,0.13208932085138533,0.12255938144194478,-24.079497225894702
2024-08-05,ETHUSDT,1,0.12274798077732887,2690.254455,2418.3802050000004,0.13208932085138536,0.1187405147662451,-33.62284504846826
2024-08-05,DOGEUSDT,1,3181.284558958722,0.10380187499999999,0.09431282,0.13208932085138533,0.12001436719114134,-30.439487838652525
2024-08-06,BTCUSDT,1,0.005566436769959666,54045.82941,55993.998995,0.1203370768363166,0.12467482196114103,10.599350913263622
2024-08-06,ETHUSDT,1,0.12426535934052657,2420.96988,2460.099335,0.12033707683631661,0.12228205115086618,4.619816658386754
2024-08-06,DOGEUSDT,1,3186.312873983603,0.09441718499999999,0.096401775,0.1203370768363166,0.12286648670294827,6.080321103039879
2024-08-07,BTCUSDT,-1,0.005499563920138313,55993.989,55161.72708,0.12317700865960864,0.12134617760867382,4.3325544410687815
2024-08-07,ETHUSDT,1,0.1250497200031503,2462.560665,2341.6286000000005,0.12317700865960864,0.11712800031254755,-15.362825876624866
2024-08-07,DOGEUSDT,-1,3194.0345213973515,0.09641177000000001,0.09562778999999999,0.12317700865960862,0.12217538498597456,2.258706790439568
2024-08-08,BTCUSDT,1,0.005529574504813219,55161.32688,61655.147005,0.12200746670692644,0.13637069158774362,35.64968404374831
2024-08-08,ETHUSDT,1,0.13012956075896298,2343.961395,2681.15875,0.12200746670692644,0.1395592041850201,43.617777024342196
2024-08-08,DOGEUSDT,1,3188.6437992939113,0.095657805,0.10742626000000001,0.12200746670692644,0.13701763113213422,37.266385965180405
2024-08-09,BTCUSDT,1,0.005571627868993122,61716.84299999999,60807.571005,0.13754531297802924,0.13551886290289447,-5.339189363717874
2024-08-09,ETHUSDT,-1,0.12825174281271973,2681.15875,2600.07939,0.13754531297802924,0.13338588528757328,10.127638027874337
2024-08-09,DOGEUSDT,-1,3201.2217371835923,0.107416265,0.10391192999999999,0.13754531297802924,0.1330580516274799,10.947550011767792
2024-08-10,BTCUSDT,1,0.005735464769018774,60868.408995,60893.048245000005,0.13964344613481916,0.1396999731549432,-0.1380258689796738
2024-08-10,ETHUSDT,1,0.1342679278675524,2600.089395,2608.61504,0.1396434461348192,0.14010133440997294,0.8649759073395892
2024-08-10,DOGEUSDT,1,3359.6586584143706,0.10391192999999999,0.10512741,0.1396434461348192,0.141276885297271,3.8026775746974724
2024-08-11,BTCUSDT,-1,0.005757939556538078,60893.048245000005,58741.946294999994,0.14024739648322687,0.13529303048000635,12.110374581088024
2024-08-11,ETHUSDT,-1,0.13440790834667082,2608.61504,2556.65769,0.14024739648322682,0.13745400498853247,6.705777335264155
2024-08-11,DOGEUSDT,1,3331.5264718440962,0.105242595,0.10053970500000001,0.14024739648322684,0.1339802754715585,-15.942030201125625
2024-08-12,BTCUSDT,1,0.005985101855737029,58741.946294999994,59316.966680000005,0.14063061271192373,0.14200723494126383,3.1589177256969974
2024-08-12,ETHUSDT,1,0.13751411976462494,2556.65769,2720.9388500000005,0.14063061271192373,0.14966700435644836,22.300681494243204
2024-08-12,DOGEUSDT,1,3493.3972697497493,0.10064029499999999,0.10785604500000001,0.14063061271192373,0.15071360525160246,24.9161371312333
2024-08-13,BTCUSDT,-1,0.006210169948239624,59316.966680000005,60617.443575,0.14734737755874686,0.15057785057143042,-8.374107759839108
2024-08-13,ETHUSDT,-1,0.1353828454824948,2720.9388500000005,2703.79122,0.14734737755874686,0.14641877958167446,2.027728785540624
2024-08-13,DOGEUSDT,-1,3415.3713303400573,0.10785604500000001,0.10641318,0.14734737755874686,0.14537620965692638,4.6351961673354865
2024-08-14,BTCUSDT,-1,0.006073597782899933,60556.866420000006,58712.731694999995,0.14711921985115178,0.14263900682030026,10.910774350457391
2024-08-14,ETHUSDT,-1,0.13616659043242535,2701.08878,2662.7807249999996,0.14711921985115178,0.14503270895697265,4.924125306639757
2024-08-14,DOGEUSDT,-1,3459.4532353878303,0.10631681500000001,0.1024512,0.14711921985115178,0.1417700541237463,13.084025044538839
2024-08-15,BTCUSDT,1,0.0064285493162845675,58712.731694999995,57512.28947,0.1509750764780366,0.14788823566013146,-8.015965356900988
2024-08-15,ETHUSDT,1,0.141745690004231,2662.7807249999996,2568.605055,0.1509750764780366,0.1456354783477323,-13.645605880586475
2024-08-15,DOGEUSDT,1,3684.0729166187557,0.1024512,0.100159895,0.1509750764780366,0.14759854260035132,-8.739908313291552
2024-08-16,BTCUSDT,1,0.006380146078771627,57569.820525,58845.1627,0.14692154587126605,0.15017629362203339,7.8397715374250145
2024-08-16,ETHUSDT,1,0.1428539260383292,2571.18495,2591.4336350000003,0.14692154587126607,0.14807858753101147,2.5976040159612164
2024-08-16,DOGEUSDT,1,3663.5096749416443,0.10026010499999999,0.100299825,0.14692154587126605,0.14697975171298153,-0.1483866932955399
2024-08-17,BTCUSDT,-1,0.006300154058399237,58845.152705,59521.735994999995,0.14829341105261146,0.1499984426367469,-4.560870814027935
2024-08-17,ETHUSDT,1,0.14291873148846626,2594.0163599999996,2613.2027450000005,0.14829341105261143,0.14939024857503122,2.4444101464218204
2024-08-17,DOGEUSDT,1,3692.9265846599187,0.10039016999999999,0.102698625,0.14829341105261146,0.15170339298820792,8.224958034950347
2024-08-18,BTCUSDT,-1,0.0062690148960624185,59462.244005,58456.563675,0.1491078773682573,0.14658602738047852,6.008931064698252
2024-08-18,ETHUSDT,1,0.14250601516910755,2615.817255,2610.843925,0.1491078773682573,0.1488243855920889,-1.0066617033812961
2024-08-18,DOGEUSDT,-1,3629.74376161943,0.102698625,0.10009002,0.1491078773682573,0.1453204502781456,9.174139397632851
2024-08-19,BTCUSDT,1,0.0064577036225686064,58456.563675,59408.780750000005,0.15099806520278397,0.15345771946466366,5.8446798700317855
2024-08-19,ETHUSDT,1,0.14444289560403648,2613.456075,2635.0418200000004,0.15099806520278397,0.15224522820741215,2.8146642181602015
2024-08-19,DOGEUSDT,1,3771.1795077669553,0.100100025,0.10127933500000001,0.15099806520278397,0.15277702108490587,4.143614619017021
2024-08-20,BTCUSDT,-1,0.006426033510363919,59408.780750000005,59043.3069,0.15270512636374517,0.15176570748084048,2.0440763734171443
2024-08-20,ETHUSDT,-1,0.1448792246907728,2635.0418200000004,2574.10641,0.1527051263637452,0.1491738163809394,8.526396014269752
2024-08-20,DOGEUSDT,-1,3769.776873329706,0.10126934,0.10294144499999999,0.1527051263637452,0.15522651146725677,-6.611394396609945
2024-08-21,BTCUSDT,1,0.006488161464632586,59043.3069,61125.451985,0.15323300342922214,0.15863672083093058,13.197423780010965
2024-08-21,ETHUSDT,1,0.14882212951657314,2574.096405,2629.3946450000003,0.1532330034292221,0.15652484416334955,7.919843987726054
2024-08-21,DOGEUSDT,-1,3725.086457827566,0.102838555,0.106203075,0.15323300342922214,0.15824625458485814,-12.844607147104066
2024-08-22,BTCUSDT,-1,0.006312265178962606,61125.451985,60406.02791999999,0.15433602484530648,0.15251954665554357,4.234339902906422
2024-08-22,ETHUSDT,-1,0.1467410237740353,2629.3946450000003,2624.19144,0.15433602484530648,0.154030615393864,0.455156988367046
2024-08-22,DOGEUSDT,-1,3636.6752581497176,0.106096925,0.105302625,0.1543360248453065,0.15318058038228718,2.581094552320719
2024-08-23,BTCUSDT,-1,0.006433995549298731,60345.64208500001,64069.25861999999,0.1553054370377857,0.16488852992317973,-24.27792618044604
2024-08-23,ETHUSDT,-1,0.1481029785866799,2621.578555,2763.8612399999997,0.15530543703778568,0.1637344328177098,-21.391529319665768
2024-08-23,DOGEUSDT,1,3686.771402389858,0.10531263,0.11287353500000001,0.15530543703778568,0.1664555683698603,27.553567324778868
2024-08-24,BTCUSDT,-1,0.005971777848144779,64005.22138,64189.088505,0.15288998528107467,0.15332919073070547,-1.4042328000888296
2024-08-24,ETHUSDT,-1,0.13843169433675084,2761.1087549999997,2769.384,0.15288998528107467,0.15334820775563537,-1.451794379438473
2024-08-24,DOGEUSDT,1,3383.2265872261055,0.11297646,0.11252371,0.15288998528107467,0.15227728294612802,-1.836923105593828
2024-08-25,BTCUSDT,-1,0.005936233820974979,64124.94149,64252.10999999999,0.15226425857639186,0.15256621938040185,-1.059732487981764
2024-08-25,ETHUSDT,1,0.13745268667214422,2769.394005,2744.7569350000003,0.15226425857639186,0.1509096859911,-3.689605407797144
2024-08-25,DOGEUSDT,1,3379.5559711792675,0.11263629,0.10953520500000001,0.15226425857639186,0.1480721424448381,-10.780626729905652
2024-08-26,BTCUSDT,-1,0.005849764652400151,64187.880005,62865.416999999994,0.15019359662630058,0.1470991576899982,7.438804586439615
2024-08-26,ETHUSDT,1,0.1366642183859607,2747.49306,2679.149755,0.15019359662630058,0.14645756288240525,-9.63673551924701
2024-08-26,DOGEUSDT,1,3424.2367097997662,0.1096548,0.1051474,0.15019359662630055,0.14401983480799999,-15.728617977185749
2024-08-27,BTCUSDT,-1,0.005883650920256263,62802.583000000006,59444.7075,0.14780339010496818,0.13990076319469577,19.46886312238135
2024-08-27,ETHUSDT,1,0.1377822015212676,2681.8302449999996,2456.101335,0.14780339010496818,0.13536281963824975,-31.38459237653927
2024-08-27,DOGEUSDT,1,3510.682636461431,0.1052526,0.09886054500000001,0.14780339010496815,0.13882719950504557,-22.72710708941646
2024-08-28,BTCUSDT,-1,0.006027769639223306,59385.2925,59064.41745,0.1431843452591582,0.1424106809054085,1.648565858209708
2024-08-28,ETHUSDT,1,0.14559785302007244,2458.558665,2527.065835,0.1431843452591582,0.14717414400655066,9.684138379215387
2024-08-28,DOGEUSDT,1,3617.61346978579,0.09894945,0.09959018000000001,0.1431843452591582,0.14411151065055658,2.0306176225862065
2024-08-29,BTCUSDT,-1,0.006142071928112588,59005.38255,59388.689505,0.14496612150715976,0.14590784106242208,-2.645172850725397
2024-08-29,ETHUSDT,-1,0.1434134792803684,2527.065835,2528.873805,0.14496612150715973,0.14506983641441357,-0.5493232260561434
2024-08-29,DOGEUSDT,1,3635.064592820493,0.09969982499999999,0.100319815,0.14496612150715976,0.14586760298592089,1.9628699724097503
2024-08-30,BTCUSDT,1,0.006095517946869131,59388.6795,59094.428005,0.14480190469324353,0.14408445858577731,-2.0825016319445737
2024-08-30,ETHUSDT,-1,0.1432923938362237,2526.3362,2527.263,0.14480190469324353,0.1448550260494865,-0.4224603213501035
2024-08-30,DOGEUSDT,1,3604.900366725164,0.100420185,0.101719115,0.14480190469324353,0.14667490998658367,4.391036418670503
2024-08-31,BTCUSDT,1,0.006130374947766779,59153.551994999994,58944.503005,0.14505338128862702,0.14454076181216624,-1.5711428342527145
2024-08-31,ETHUSDT,-1,0.14363273831325285,2524.7270049999997,2514.266505,0.14505338128862702,0.14445239318497674,1.2129644846521321
2024-08-31,DOGEUSDT,1,3561.4840042056944,0.101820885,0.10122936,0.14505338128862702,0.14421069855839191,-2.395970905434776
2024-09-01,BTCUSDT,1,0.006130407232879121,59003.486999999994,57273.209070000004,0.14468616138795568,0.14044323805317044,-10.892437736404176
2024-09-01,ETHUSDT,-1,0.1440096902688866,2511.7435,2426.93286,0.14468616138795568,0.13980073978879326,11.929067096729318
2024-09-01,DOGEUSDT,1,3569.6547803299104,0.10133063999999999,0.095042455,0.14468616138795568,0.13570750153001615,-22.727043307766767
2024-09-02,BTCUSDT,1,0.006183196634793182,57330.42088499999,59102.563935,0.1417941061949635,0.14617710977221635,10.669537727164984
2024-09-02,ETHUSDT,1,0.1460636726697309,2426.922855,2536.7409950000006,0.1417941061949635,0.14821028253662702,15.750436465427201
2024-09-02,DOGEUSDT,1,3726.421028940817,0.09512754,0.09907044000000001,0.1417941061949635,0.1476712683849678,14.403440100430865
2024-09-03,BTCUSDT,-1,0.006228040003574669,59102.553940000005,57516.473865,0.1472372281006999,0.1432859600383108,9.587646967833734
2024-09-03,ETHUSDT,-1,0.14510528323726468,2536.731,2426.502645,0.1472372281006999,0.14083934143147878,15.706640103520611
2024-09-03,DOGEUSDT,-1,3715.4682087992105,0.09907044000000001,0.09681838499999999,0.1472372281006999,0.14389025259791294,8.076311276268756
2024-09-04,BTCUSDT,1,0.006593181250289991,57516.48387,57941.91455,0.15168664121371628,0.15280861784678593,2.5004463236136516
2024-09-04,ETHUSDT,-1,0.15643814577590395,2424.0673600000005,2451.935355,0.1516866412137163,0.15343048819943314,-4.664734593705251
2024-09-04,DOGEUSDT,1,3916.3782753621194,0.09682839,0.09795100000000001,0.15168664121371628,0.153445267379998,4.091433507110594
2024-09-05,BTCUSDT,-1,0.0065558583579797105,57941.91455,56208.09,0.1519435939119855,0.14739691064503033,11.067367662830927
2024-09-05,ETHUSDT,-1,0.15507710389422086,2449.484645,2369.994405,0.1519435939119855,0.14701274742916287,12.028159865715416
2024-09-05,DOGEUSDT,1,3874.570366413525,0.09803899499999999,0.09837079,0.15194359391198548,0.15245781914187517,0.9811616616703523
2024-09-06,BTCUSDT,1,0.0069008669008921875,56208.09,53935.988515000005,0.15515381913734766,0.1488820311640259,-15.983505783605807
2024-09-06,ETHUSDT,1,0.16366475255175514,2369.994405,2224.117385,0.15515381913734766,0.1456038485848327,-24.1756840490096
2024-09-06,DOGEUSDT,1,3939.145524203649,0.09846920999999999,0.09249373,0.1551538191373477,0.1457385050185603,-23.839177621124293
2024-09-07,BTCUSDT,1,0.006789258901148697,53989.951485,54133.779570000006,0.14662070347684902,0.14701129791937761,0.682854104925251
2024-09-07,ETHUSDT,1,0.1646422742737503,2226.3526199999997,2272.44321,0.14662070347684902,0.14965608730093663,7.2921827694412285
2024-09-07,DOGEUSDT,1,3958.6015602908706,0.09259627499999999,0.095342305,0.14662070347684902,0.15096887893389124,10.57284906019484
2024-09-08,BTCUSDT,1,0.006878548702519422,54187.940429999995,54842.515025,0.1490937549347905,0.15089476422724626,4.202534711977427
2024-09-08,ETHUSDT,-1,0.16402363134829503,2272.44321,2298.4486500000003,0.1490937549347905,0.15079995761623458,-4.565400416161291
2024-09-08,DOGEUSDT,1,3905.116491408134,0.0954477,0.09611192,0.14909375493479046,0.15013129752515972,2.2946314234631884
2024-09-09,BTCUSDT,-1,0.0068081908547264446,54842.515025,57070.52099999999,0.14935132369736107,0.1554187996586694,-15.473460026626856
2024-09-09,ETHUSDT,-1,0.16261049570769914,2296.15135,2360.67975,0.14935132369736107,0.1535485217418509,-10.795894956663854
2024-09-09,DOGEUSDT,-1,3884.828325595853,0.09611192,0.10381188,0.14935132369736104,0.16131653278294306,-30.223690570435316
2024-09-10,BTCUSDT,-1,0.006218656326925027,57013.48899500001,57664.807994999996,0.14181891762353088,0.14343904923160947,-4.335586987051552
2024-09-10,ETHUSDT,-1,0.15033827209336711,2358.3302450000006,2389.7142599999997,0.14181891762353088,0.14370620505811177,-5.003743709133834
2024-09-10,DOGEUSDT,-1,3419.032832645983,0.103698125,0.1028514,0.1418189176235309,0.14066092539344205,2.61250073220522
2024-09-11,BTCUSDT,-1,0.006115645068874217,57607.172005,57366.668999999994,0.14092200696166687,0.1403336745550358,1.189575335061015
2024-09-11,ETHUSDT,-1,0.14757308208982287,2387.32574,2341.720275,0.14092200696166687,0.13822995134959104,6.4509870718783
2024-09-11,DOGEUSDT,-1,3429.1395858856276,0.10273860500000001,0.101360655,0.14092200696166685,0.13903193380471837,4.445228951604773
2024-09-12,BTCUSDT,-1,0.006217724204871313,57309.331000000006,58161.386159999995,0.14253344580947278,0.14465258340635975,-5.585030021433263
2024-09-12,ETHUSDT,-1,0.15232034934626681,2339.36973,2362.94088,0.14253344580947275,0.14396959213047006,-3.8768688404332328
2024-09-12,DOGEUSDT,1,3515.15531736384,0.10137065999999999,0.10263865500000001,0.14253344580947275,0.14431632555612908,4.170349595275236
2024-09-13,BTCUSDT,-1,0.00610240911357763,58103.243845,60528.248999999996,0.14182790590726055,0.14774725533059843,-15.087948719582588
2024-09-13,ETHUSDT,-1,0.1502052030643887,2360.569125,2440.409595,0.14182790590726055,0.14662488751090305,-12.280906802524413
2024-09-13,DOGEUSDT,1,3451.0913281128583,0.102741345,0.10690652,0.14182790590726055,0.14757766563628955,14.084993751028948
2024-09-14,BTCUSDT,-1,0.0057905555098462505,60467.741005,60023.026515,0.14005672433778354,0.13902666676163233,2.296060549278583
2024-09-14,ETHUSDT,-1,0.14362020561297945,2437.970405,2418.9988949999997,0.14005672433778352,0.13896684747098803,2.4456685951799684
2024-09-14,DOGEUSDT,-1,3275.520984844538,0.106896525,0.10545269999999998,0.14005672433778352,0.13816501270340623,4.451057348902052
2024-09-15,BTCUSDT,-1,0.005890397989484574,59963.02349,59161.566,0.1412824292035649,0.13939406776846355,4.440227090781328
2024-09-15,ETHUSDT,-1,0.14615880734184292,2416.5911,2317.25805,0.14128242920356493,0.13547506915651386,14.241642619267598
2024-09-15,DOGEUSDT,1,3349.4265486698046,0.10545269999999998,0.10275859500000001,0.1412824292035649,0.13767294647880332,-9.302662187586346
2024-09-16,BTCUSDT,1,0.006023039949895847,59161.566,58184.883005,0.14253299020655993,0.14017994992765237,-6.165313637403111
2024-09-16,ETHUSDT,1,0.15377398905795597,2317.248045,2294.5321599999997,0.14253299020655993,0.14113574530598721,-3.7767809869443445
2024-09-16,DOGEUSDT,1,3464.536948611296,0.1028514,0.09959018000000001,0.14253299020655993,0.1380135433315399,-11.579163721088166
2024-09-17,BTCUSDT,-1,0.006000849442364327,58184.883005,60344.146994999996,0.13966348909383516,0.1448464563379587,-13.241928055740619
2024-09-17,ETHUSDT,-1,0.15217055998000692,2294.5221650000003,2342.9709000000003,0.13966348909383516,0.14261247754794434,-7.654747101914731
2024-09-17,DOGEUSDT,1,3502.099654985231,0.09969982499999999,0.10106944000000001,0.13966348909383516,0.14158210038142022,4.515282629487406
2024-09-18,BTCUSDT,-1,0.0057013338639237705,60283.833005,61790.869994999994,0.1374793034234128,0.14091615183352188,-8.870516480529647
2024-09-18,ETHUSDT,-1,0.1468407473152416,2340.619105,2375.937375,0.1374793034234128,0.1395537678876854,-5.46319423199254
2024-09-18,DOGEUSDT,-1,3400.951376276922,0.10105944500000001,0.10390192499999999,0.13747930342341277,0.1413461579306286,-9.945961729393602
2024-09-19,BTCUSDT,-1,0.005436739469016385,61729.10001000001,62979.46399499999,0.13424201376449071,0.13696117505564512,-7.0691064167061475
2024-09-19,ETHUSDT,-1,0.14139355081889493,2373.55263,2466.4426049999997,0.13424201376449071,0.13949563112478203,-13.407781045617595
2024-09-19,DOGEUSDT,1,3230.3285415384253,0.10389192,0.104937505,0.13424201376449071,0.1355930469917325,3.1077480073482366
2024-09-20,BTCUSDT,-1,0.00524210954145129,62916.526000000005,63232.650525,0.1319261285038273,0.13258899225934298,-1.9216745095523853
2024-09-20,ETHUSDT,1,0.1337210606851191,2466.4426049999997,2560.1193000000003,0.1319261285038273,0.13693674731057787,12.257684141062063
2024-09-20,DOGEUSDT,1,3140.126652805891,0.10503248999999999,0.10549722500000001,0.1319261285038273,0.13250985920782402,1.1948907722801625
2024-09-21,BTCUSDT,1,0.005276687786408401,63232.650525,63317.285520000005,0.1334635818909993,0.133642218868767,0.17948664365950998
2024-09-21,ETHUSDT,1,0.13019919131068425,2562.6807,2611.0938,0.1334635818909993,0.1359849204785366,6.03389796647378
2024-09-21,DOGEUSDT,1,3159.5661641230377,0.105602775,0.10987503500000001,0.13346358189099927,0.1388629771471338,13.2261615812982
2024-09-22,BTCUSDT,-1,0.005371973023980403,63317.295515000005,63610.54938,0.13605552138319016,0.13668566212397334,-1.8480930354651088
2024-09-22,ETHUSDT,-1,0.13026678836967687,2611.0938,2582.2905,0.13605552138319016,0.13455467602901083,3.4815031880361174
2024-09-22,DOGEUSDT,-1,3095.406202810113,0.10988503000000001,0.10638316499999999,0.13605552138319016,0.13171964352622867,10.571919477494282
2024-09-23,BTCUSDT,-1,0.005416579945664091,63546.97062000001,63371.659994999995,0.1376828986671989,0.13730306506094414,0.6745980519087642
2024-09-23,ETHUSDT,1,0.13329583960165306,2582.2804949999995,2645.646515,0.1376828986671989,0.14106146940244496,8.167682470045548
2024-09-23,DOGEUSDT,1,3235.8467743930632,0.10637316,0.108015965,0.1376828986671989,0.13980924477128162,5.0383731167683505
2024-09-24,BTCUSDT,1,0.005504576197653036,63371.659994999995,64230.56865,0.13953365248569524,0.14142482374100374,4.446969662044521
2024-09-24,ETHUSDT,-1,0.13185163300516212,2645.6565100000003,2654.5265999999997,0.13953365248569524,0.1400014668262563,-1.4490709707146356
2024-09-24,DOGEUSDT,-1,3229.4682662348855,0.108015965,0.109844895,0.13953365248569524,0.1418962410441612,-6.187901289694802
2024-09-25,BTCUSDT,-1,0.0054144125503516475,64230.56865,63183.586005,0.13910831880591323,0.13684080041667787,5.392846853865792
2024-09-25,ETHUSDT,-1,0.13114155336932112,2651.8734,2581.2399749999995,0.13910831880591323,0.13540312797619503,8.98846562751339
2024-09-25,DOGEUSDT,-1,3169.7619513481163,0.10971511500000002,0.108544245,0.1391083188059132,0.1376237671355232,3.434647090033591
2024-09-26,BTCUSDT,1,0.005598122432893622,63183.586005,65141.403005,0.1414837800821016,0.1458678197889818,10.672747667329423
2024-09-26,ETHUSDT,1,0.1370233921542746,2581.380045,2630.9438700000005,0.14148378008210158,0.14420034145395796,6.505719308104866
2024-09-26,DOGEUSDT,1,3258.065467360818,0.10856425499999998,0.11812091,0.14148378008210158,0.15393826313769404,30.84078559576134
2024-09-27,BTCUSDT,-1,0.00567558957397046,65141.403005,65802.83497499999,0.1478863470915944,0.14938795364872348,-4.051290693563006
2024-09-27,ETHUSDT,1,0.1403860203924008,2633.566125,2693.082785,0.14788634709159437,0.15122846990937341,8.05619222744665
2024-09-27,DOGEUSDT,-1,3130.2430239320897,0.118110915,0.12357175499999999,0.14788634709159443,0.15472384961751814,-17.396366511518412
2024-09-28,BTCUSDT,1,0.0055507037988339275,65802.83497499999,65825.07100000001,0.1461008184279098,0.14615018866328525,-0.16882541865261697
2024-09-28,ETHUSDT,1,0.13549044187977324,2695.7772149999996,2673.8723950000003,0.14610081842790978,0.14491366093147107,-3.2589082204561794
2024-09-28,DOGEUSDT,1,2955.549800146676,0.12358176,0.12799597000000001,0.14610081842790978,0.15131938542123197,12.748997279456363
2024-09-29,BTCUSDT,1,0.0055904377057711604,65890.92899999999,65569.208995,0.14734365357995616,0.146624231321295,-2.0925235315541126
2024-09-29,ETHUSDT,1,0.13762472719026808,2676.5476049999997,2656.29119,0.14734365357995616,0.14622854014466502,-3.0813557819524524
2024-09-29,DOGEUSDT,1,2874.7953964759668,0.12813403499999998,0.12431781000000001,0.14734365357995616,0.1429553071551896,-11.26116502265154
2024-09-30,BTCUSDT,1,0.005528785415565435,65634.811005,63295.926205,0.1451523143351351,0.13997983746676404,-13.216324322729537
2024-09-30,ETHUSDT,1,0.13647528093549033,2658.94881,2600.9288850000003,0.1451523143351351,0.14198500010944268,-8.205422878675602
2024-09-30,DOGEUSDT,1,2916.0591423040505,0.12444219,0.11415289500000002,0.14515231433513506,0.13315063723408976,-30.28249570418251
2024-10-01,BTCUSDT,1,0.00545533545487064,63359.26379999999,60775.37711,0.13825841528105673,0.1326200278125266,-14.366847114418881
2024-10-01,ETHUSDT,1,0.13275996893133066,2603.54112,2446.566105,0.13825841528105673,0.12992241603529867,-21.10817894571152
2024-10-01,DOGEUSDT,1,3024.8953817692486,0.114267105,0.106796575,0.13825841528105673,0.12921938660250928,-22.865049498252162
2024-10-02,BTCUSDT,1,0.005362005709172134,60835.322459999996,60618.95536,0.1304797385399391,0.1300156738897483,-1.420657037906683
2024-10-02,ETHUSDT,1,0.13319674488138428,2449.00389,2362.91795,0.13047973853993908,0.12589319174471741,-11.722739918338803
2024-10-02,DOGEUSDT,1,3051.0605295316755,0.10691342999999999,0.10456769,0.13047973853993908,0.12761694064932164,-7.415091405732848
2024-10-03,BTCUSDT,1,0.0052628320742218,60679.594634999994,60722.333645000006,0.127738606758342,0.12782857805140144,-0.030638952161193722
2024-10-03,ETHUSDT,1,0.13501470901452056,2365.272045,2348.6251,0.127738606758342,0.1268395737842797,-2.5021606156983442
2024-10-03,DOGEUSDT,1,3050.916874728904,0.10467231,0.105017465,0.12773860675834203,0.12815982244390084,0.7971407846948113
2024-10-04,BTCUSDT,1,0.005244352181076244,60783.096359999996,62054.957,0.1275071855872534,0.13017521963581702,6.412402716185991
2024-10-04,ETHUSDT,1,0.13558969258588574,2350.9749,2413.202795,0.1275071855872534,0.1308821700485801,8.179071797680942
2024-10-04,DOGEUSDT,1,3032.635252601507,0.10511253,0.10918538000000001,0.12750718558725338,0.13244777298267663,12.09151352998817
2024-10-05,BTCUSDT,1,0.005274917759946899,62117.043,62026.971000000005,0.1310649173264341,0.13087486836944454,-0.7370621781697779
2024-10-05,ETHUSDT,1,0.135643301694436,2415.6172049999996,2413.45267,0.1310649173264341,0.13094747545682087,-0.555617066816344
2024-10-05,DOGEUSDT,1,2997.9727576351443,0.10929462,0.1093453,0.13106491732643408,0.13112569223017687,-0.11025335019962804
2024-10-06,BTCUSDT,1,0.005269765072243122,62089.039005,62788.50004500001,0.13087785964707593,0.1323522577902707,3.422765240549551
2024-10-06,ETHUSDT,-1,0.13557118943529553,2413.45267,2441.250015,0.13087785964707593,0.13238526729699324,-4.031782251737328
2024-10-06,DOGEUSDT,-1,2992.032979451885,0.109355295,0.11164579499999999,0.13087785964707593,0.13361916026284976,-7.117748559344429
2024-10-07,BTCUSDT,1,0.005164872604530795,62851.319955,62192.888000000006,0.12984762423767168,0.12848733737114082,-3.6590521279359285
2024-10-07,ETHUSDT,-1,0.13310606114697385,2438.79999,2423.921355,0.12984762423767168,0.1290554496376343,1.7215334262182034
2024-10-07,DOGEUSDT,-1,2910.488854913873,0.111534205,0.108464205,0.12984762423767168,0.12627354392383744,8.679079616424092
2024-10-08,BTCUSDT,1,0.005250431402889159,62255.122005,62129.409755,0.13074649902629917,0.13048248160824805,-0.9212725257623835
2024-10-08,ETHUSDT,1,0.13485074343405667,2423.91135,2439.669555,0.13074649902629917,0.1315965012900737,1.862662659119908
2024-10-08,DOGEUSDT,1,3013.5863492084595,0.108464205,0.10703645500000002,0.13074649902629917,0.12902543986226625,-4.562419848970875
2024-10-09,BTCUSDT,1,0.005236387889670057,62191.58025,60605.70199,0.1302636950642174,0.1269419855781554,-8.561479395797381
2024-10-09,ETHUSDT,-1,0.13348552519374607,2439.65956,2371.6552349999997,0.1302636950642174,0.1266326578489889,8.820696685158035
2024-10-09,DOGEUSDT,1,3039.466704788828,0.10714354499999999,0.10788603,0.1302636950642174,0.13116639843873945,1.995328342802179
2024-10-10,BTCUSDT,1,0.005380427060697696,60666.328004999996,60296.226805000006,0.13056430114850578,0.12976778014383514,-2.2516345929689776
2024-10-10,ETHUSDT,1,0.1376299337501576,2371.6552349999997,2385.296755,0.13056430114850578,0.13131529374604636,1.6156018989569154
2024-10-10,DOGEUSDT,1,3022.21055170668,0.108003975,0.10597698500000001,0.13056430114850578,0.12811390492202424,-6.38466877227443
2024-10-11,BTCUSDT,1,0.005369267265521986,60356.5632,62508.73,0.12962820761966756,0.13425043111934087,11.29168011044423
2024-10-11,ETHUSDT,-1,0.1358617196664777,2385.296755,2440.7197499999997,0.12962820761966756,0.1326401529835742,-7.792131770369823
2024-10-11,DOGEUSDT,1,3054.876589331185,0.10608301499999999,0.110714615,0.12962820761966756,0.13528779418412612,13.884050409342565
2024-10-12,BTCUSDT,1,0.005271830102062838,62571.25999499999,63174.616890000005,0.1319460207862565,0.1332183388027958,2.915630681759177
2024-10-12,ETHUSDT,1,0.1351512823847234,2440.7097449999997,2475.1618000000003,0.1319460207862565,0.13380851655187215,4.390484876700982
2024-10-12,DOGEUSDT,-1,2979.4174144546428,0.110714615,0.11143569,0.1319460207862565,0.13280537415110766,-2.4131348070652505
2024-10-13,BTCUSDT,1,0.005242052569173322,63237.833115,62838.58499,0.13259841821977583,0.1317612663560183,-2.3572393439696664
2024-10-13,ETHUSDT,1,0.1337951786299709,2477.6382,2467.675545,0.13259841821977583,0.13206523613763432,-1.597618859711158
2024-10-13,DOGEUSDT,-1,2977.750731618633,0.11132431000000001,0.11145569999999999,0.1325984182197758,0.13275491688722674,-0.6566000037343188
2024-10-14,BTCUSDT,1,0.005245648018176656,62901.45500999999,66050.94800500001,0.13198355712545382,0.13859200980044706,16.250556120557224
2024-10-14,ETHUSDT,-1,0.13371188810938792,2467.6855400000004,2631.104895,0.13198355712545382,0.14072400132972113,-22.12381806912346
2024-10-14,DOGEUSDT,-1,2963.4107252336626,0.11134430000000001,0.11674834499999999,0.13198355712545382,0.13838931909051194,-16.284777788861263
2024-10-15,BTCUSDT,1,0.004878815957432357,66117.042,67040.60293000001,0.12902915182713018,0.1308315053483082,4.246023145769664
2024-10-15,ETHUSDT,-1,0.1227224404576681,2628.475105,2608.7137049999997,0.12902915182713018,0.1280590849331861,2.168078998099886
2024-10-15,DOGEUSDT,-1,2765.740394988182,0.11663165500000001,0.11753873999999999,0.12902915182713018,0.13003265647760529,-2.7678234344925188
2024-10-16,BTCUSDT,1,0.004824907073844039,67107.67706999999,67586.199995,0.12951532232171378,0.1304388537800454,2.0488744697273393
2024-10-16,ETHUSDT,-1,0.12424217171244904,2606.106295,2612.40555,0.12951532232171376,0.12982837557026197,-1.041976819262467
2024-10-16,DOGEUSDT,-1,2757.4930281303773,0.11742126000000001,0.125792865,0.12951532232171376,0.1387491792904183,-23.35290692337351
2024-10-17,BTCUSDT,1,0.004675858403933912,67653.81,67388.06911,0.12653585441865925,0.1260388277091491,-1.4951414559031901
2024-10-17,ETHUSDT,-1,0.12121247175104083,2609.79445,2607.1029,0.12653585441865925,0.12640535464732267,0.0733082192755328
2024-10-17,DOGEUSDT,1,2514.566130698355,0.12580286999999998,0.12960516500000002,0.12653585441865925,0.13036030330902879,9.304226068196112
2024-10-18,BTCUSDT,1,0.004728556506155723,67455.49089,68393.78600000001,0.12758684012953506,0.1293615527083689,4.179833054246727
2024-10-18,ETHUSDT,1,0.12234588991269438,2607.0928949999998,2640.848915,0.12758684012953506,0.12923880425225936,3.8730846624289477
2024-10-18,DOGEUSDT,1,2458.6079777558407,0.129734835,0.13709142000000002,0.12758684012953506,0.13482162355755067,17.824550106351932
2024-10-19,BTCUSDT,1,0.0047850186499318464,68462.203995,68343.811,0.13103716917260544,0.13081056409696692,-0.8283604223658696
2024-10-19,ETHUSDT,1,0.12392435321245411,2643.491085,2646.8759,0.13103716917260544,0.13120495357645295,0.15721888686974078
2024-10-19,DOGEUSDT,1,2386.8582032902023,0.13724858999999998,0.143997965,0.13103716917260544,0.1374810896069382,15.841282827052336
2024-10-20,BTCUSDT,1,0.004862432999242398,68412.178995,68997.47400500001,0.13305985467814624,0.13419823778651266,2.5786996784513287
2024-10-20,ETHUSDT,1,0.12555071180343882,2649.5240999999996,2745.536545,0.13305985467814624,0.13788162700284168,11.783489330057572
2024-10-20,DOGEUSDT,-1,2309.9392331879817,0.14400796000000002,0.14221106999999997,0.13305985467814624,0.13139957199465693,3.8862472820504665
2024-10-21,BTCUSDT,1,0.004904438046248325,69066.516,67343.81125,0.1354929795168875,0.1321134200295464,-8.716505117899166
2024-10-21,ETHUSDT,-1,0.1233756838564386,2745.536545,2668.0333499999997,0.1354929795168875,0.13166817564321392,9.29484852902384
2024-10-21,DOGEUSDT,-1,2384.2823958216527,0.14206893,0.14374183499999998,0.1354929795168875,0.13708845069344028,-4.261259371592289
2024-10-22,BTCUSDT,1,0.005006658633337473,67411.18875,67392.287,0.1350019240554918,0.1349640702115627,-0.3646006040897638
2024-10-22,ETHUSDT,1,0.12649899766667377,2668.043355,2621.498595,0.13500192405549177,0.13264677786083742,-6.155514188552191
2024-10-22,DOGEUSDT,-1,2350.8329640922484,0.14356818,0.13976984999999997,0.13500192405549177,0.13143022830649156,8.662807220138564
2024-10-23,BTCUSDT,1,0.0050136440809700165,67459.72300499999,66635.31567499999,0.13528761637915804,0.13363430240701293,-4.402206849148976
2024-10-23,ETHUSDT,-1,0.12901744124257106,2621.498595,2525.872305,0.13528761637915804,0.13035263267863,12.071819002262293
2024-10-23,DOGEUSDT,-1,2422.2493562306927,0.13963015,0.140039985,0.13528761637915804,0.13568470540512237,-1.26369488669508
2024-10-24,BTCUSDT,1,0.005102612015933723,66701.984325,68164.18086000001,0.13614173868134716,0.13912614732500625,7.185753723141352
2024-10-24,ETHUSDT,-1,0.13488259883065506,2523.3377,2537.08791,0.13614173868134716,0.13688360430505406,-2.1276894022536834
2024-10-24,DOGEUSDT,1,2430.234709073295,0.14004998999999999,0.14180906000000001,0.13614173868134713,0.13785171986922298,4.000959511139062
2024-10-25,BTCUSDT,1,0.005032421205171207,68232.369135,66664.98083500001,0.13734960852561737,0.13419450527855448,-8.159302231461378
2024-10-25,ETHUSDT,1,0.13534179086212403,2537.08791,2439.39969,0.13734960852561737,0.1320610890692441,-13.490709338528024
2024-10-25,DOGEUSDT,1,2418.7921636760266,0.14196094499999998,0.131544195,0.13734960852561734,0.12727122721722847,-25.460574106715036
2024-10-26,BTCUSDT,1,0.0049102696947306785,66731.66916,67059.21362,0.13106819710205675,0.13171152975630268,1.3455519087565169
2024-10-26,ETHUSDT,1,0.13418942624873462,2441.850315,2481.2687450000003,0.13106819710205678,0.13318401170418714,5.025284296519688
2024-10-26,DOGEUSDT,1,2488.4639418391394,0.131675805,0.13740126500000002,0.13106819710205675,0.1367672374062337,13.979765325934068
2024-10-27,BTCUSDT,1,0.0049824583629783595,67126.30638,67987.68915,0.13378161063955143,0.13549833215399623,4.0225238433184725
2024-10-27,ETHUSDT,1,0.13465681232192414,2483.751255,2506.5461000000005,0.13378161063955143,0.13500940310558038,2.8006901513272666
2024-10-27,DOGEUSDT,-1,2434.140810849729,0.13740126500000002,0.14433213,0.1337816106395514,0.1405298911799474,-17.145012852809458
2024-10-28,BTCUSDT,1,0.004863860380093491,68055.700845,69927.22889500001,0.13240537079179623,0.1360465112448477,8.834399250592025
2024-10-28,ETHUSDT,-1,0.13205958070329946,2506.5461000000005,2568.76374,0.13240537079179623,0.13569194497209572,-8.484532766512645
2024-10-28,DOGEUSDT,-1,2295.5501246810454,0.144197865,0.16154073,0.13240537079179623,0.14832993715702683,-40.092151221025325
2024-10-29,BTCUSDT,1,0.004539696432349318,69997.191105,72700.05179,0.12710639949353678,0.13201446629706945,12.011046143041092
2024-10-29,ETHUSDT,-1,0.12382714682995813,2566.206255,2640.1194,0.1271063994935368,0.1307673810369684,-9.410327639109488
2024-10-29,DOGEUSDT,-1,1969.18526611613,0.161369275,0.17594792999999997,0.12710639949353678,0.13858962854385287,-28.973768653827573
2024-10-30,BTCUSDT,1,0.004245749435961223,72772.778205,72308.56763,0.12358999280688396,0.12280162409209458,-2.217313403872421
2024-10-30,ETHUSDT,-1,0.11714777428778429,2637.4806000000003,2660.5195949999998,0.12358999280688397,0.1246695796013149,-2.947226558485523
2024-10-30,DOGEUSDT,-1,1757.8161423325669,0.17577207,0.16836414,0.12358999280688397,0.11838128123277608,12.779807661230043
2024-10-31,BTCUSDT,1,0.0043038054001242705,72380.922375,70256.86399499999,0.12460536183340025,0.12094874826299096,-9.38708803611961
2024-10-31,ETHUSDT,-1,0.11720457703402244,2657.8604050000004,2519.869305,0.12460536183340025,0.11813608642941645,15.9304470616967
2024-10-31,DOGEUSDT,1,1850.2360691742354,0.16836414,0.16155918000000002,0.12460536183340025,0.11956904885688512,-12.834956851978136
2024-11-01,BTCUSDT,1,0.004399668959825921,70327.156005,69461.261995,0.12376648212321345,0.12224262332389496,-4.05565610374332
2024-11-01,ETHUSDT,1,0.12279057675494548,2519.869305,2510.234255,0.12376648212321346,0.12329324478458835,-1.4301530734705783
2024-11-01,DOGEUSDT,1,1913.273784464076,0.16172082,0.15908042,0.12376648212321344,0.12174575888301387,-5.297320341505149
2024-11-02,BTCUSDT,1,0.004398368169457835,69530.74799999999,69340.05263,0.12232873152071759,0.12199323214252922,-1.083070409134173
2024-11-02,ETHUSDT,1,0.12170822671188883,2512.7457449999997,2492.9828850000004,0.12232873152071758,0.12136661046257549,-2.6489979873385354
2024-11-02,DOGEUSDT,1,1920.3932544112688,0.159249585,0.159470225,0.1223287315207176,0.12249821774777891,0.17888861838479464
2024-11-03,BTCUSDT,1,0.00438899220301162,69409.42737,68741.60200500001,0.12185497421697254,0.1206825420889892,-3.1736178362643375
2024-11-03,ETHUSDT,1,0.12207582818984554,2495.4771149999997,2456.501135,0.12185497421697256,0.11995176420176823,-4.999831776429561
2024-11-03,DOGEUSDT,-1,1910.3091849430286,0.159470225,0.15146569499999998,0.12185497421697256,0.11573852334491173,15.053533682590157
2024-11-04,BTCUSDT,1,0.004460530603702921,68810.377995,67816.084995,0.12277231875962541,0.12099828901740638,-4.678844963324643
2024-11-04,ETHUSDT,1,0.12482144425749209,2458.958865,2397.0108950000003,0.12277231875962541,0.11967934472593751,-7.974886747705319
2024-11-04,DOGEUSDT,1,2026.4047043725877,0.15146569499999998,0.15814089,0.12277231875962541,0.12818297737986717,13.27569125446493
2024-11-05,BTCUSDT,1,0.004524459531172623,67883.93500499999,69337.323995,0.12285524669875003,0.1254855665660728,6.32745885504206
2024-11-05,ETHUSDT,1,0.1280057311222361,2399.4091049999997,2421.3387250000005,0.12285524669875006,0.12397809351528322,2.5602837011188795
2024-11-05,DOGEUSDT,-1,1942.1802719516443,0.15814089,0.170074995,0.12285524669875003,0.13212652001650982,-23.43316506111474
2024-11-06,BTCUSDT,1,0.004355338317167274,69406.69600499999,75534.204005,0.12091585703142288,0.1315908051838825,26.43486371893377
2024-11-06,ETHUSDT,-1,0.12484143606458441,2421.3887,2723.2309349999996,0.12091585703142287,0.13598882426436035,-37.939322763639495
2024-11-06,DOGEUSDT,-1,1779.1685570331326,0.169905005,0.19655822999999997,0.12091585703142288,0.13988408897683463,-47.681379809537624
2024-11-07,BTCUSDT,1,0.0037370965051639377,75609.775995,75819.961055,0.11302441185085708,0.11333860459212255,0.5591188367207057
2024-11-07,ETHUSDT,-1,0.10386291122957349,2720.51906,2896.9177349999995,0.11302441185085708,0.12035292381987281,-18.55465725821006
2024-11-07,DOGEUSDT,-1,1438.9818834243686,0.19636177000000002,0.19333662,0.11302441185085708,0.11128315743300057,4.128828475357418
2024-11-08,BTCUSDT,1,0.0036621094131660684,75895.81894499999,76471.52511,0.11117551719137285,0.11201883677779856,1.8851046120951047
2024-11-08,ETHUSDT,-1,0.09603892697709847,2894.022265,2963.2308749999997,0.11117551719137285,0.11383420544816343,-6.871730364615992
2024-11-08,DOGEUSDT,1,1437.5156172414806,0.193346625,0.201869015,0.11117551719137284,0.1160759446798619,12.023817259351414
2024-11-09,BTCUSDT,1,0.003661550866504667,76548.03489,76639.12127000002,0.11211380939228359,0.11224721635772994,0.10915638786584214
2024-11-09,ETHUSDT,1,0.09458747404577748,2963.2308749999997,3124.6468950000003,0.11211380939228359,0.1182209828332127,15.037598810097256
2024-11-09,DOGEUSDT,1,1387.059718052589,0.202070985,0.21879055000000003,0.11211380939228358,0.12139022343822836,22.957531082031448
2024-11-10,BTCUSDT,1,0.003819108411708864,76715.79873,80329.824995,0.11719438089628287,0.12271532413980218,13.562448403762211
2024-11-10,ETHUSDT,1,0.09367268008267864,3127.7630999999997,3181.6183950000004,0.11719438089628285,0.1192122888240002,4.808363149573069
2024-11-10,DOGEUSDT,-1,1339.0549472383952,0.218800545,0.27791889000000003,0.11719438089628287,0.14885946583420137,-79.42876619152676
2024-11-11,BTCUSDT,1,0.0033905315200105004,80410.19500499999,88603.666005,0.10905332027785734,0.12016540895137416,27.55100295456279
2024-11-11,ETHUSDT,1,0.08560475375991428,3184.7915999999996,3369.9042050000003,0.10905332027785734,0.11539192786540987,15.62207372073807
2024-11-11,DOGEUSDT,-1,981.8569725258703,0.27767109500000003,0.35153567999999996,0.10905332027785734,0.13806310339984926,-72.77157422865744
2024-11-12,BTCUSDT,1,0.002962681808219667,88692.324,87908.033995,0.10510685393740982,0.10417741324533704,-2.532885997364723
2024-11-12,ETHUSDT,-1,0.07797466006708774,3369.9042050000003,3245.4219,0.10510685393740983,0.10122426777071279,9.500134295034448
2024-11-12,DOGEUSDT,-1,748.2526942808947,0.351174325,0.380039925,0.10510685393740984,0.11374635912622368,-21.817616185098224
2024-11-13,BTCUSDT,1,0.0029298727502537368,87995.976,90330.0124,0.10312680488575274,0.10586217674433687,6.629440664830277
2024-11-13,ETHUSDT,1,0.07944045950271647,3245.4118949999997,3185.56642,0.10312680488575272,0.1012251440724894,-4.958503982116543
2024-11-13,DOGEUSDT,-1,678.8945524594953,0.37976002500000006,0.399229515,0.10312680488575272,0.10841389716581856,-13.429271402216138
2024-11-14,BTCUSDT,1,0.002807967826209174,90420.397605,87281.927205,0.10155902692315244,0.0980339373604685,-9.012316870993475
2024-11-14,ETHUSDT,1,0.0796228246987593,3188.7535799999996,3057.2905900000005,0.10155902692315244,0.09737204508029457,-10.666385679148119
2024-11-14,DOGEUSDT,-1,636.6690383159475,0.398790505,0.36272126999999993,0.10155902692315244,0.09237336085905566,22.770232772459764
2024-11-15,BTCUSDT,1,0.002917823710592342,87369.252795,90986.55396500001,0.10197123095279488,0.10619308980166668,10.346482801425019
2024-11-15,ETHUSDT,1,0.08330058978604932,3060.3394049999997,3088.4649950000003,0.10197123095279488,0.10290838224682715,2.137998621881035
2024-11-15,DOGEUSDT,1,702.743331246802,0.36276129,0.38130925000000004,0.1019712309527949,0.10718501303208787,12.82529895424757
2024-11-16,BTCUSDT,-1,0.0028945446380078,90986.56396,90632.21346,0.1053458683364687,0.10493559500056854,0.8154018764133468
2024-11-16,ETHUSDT,1,0.0851884150258461,3091.555005,3131.303565,0.10534586833646871,0.10670031506685261,3.174070642556424
2024-11-16,DOGEUSDT,-1,690.6852399756149,0.38130925000000004,0.36439210499999997,0.1053458683364687,0.10067209939485777,11.478404386295999
2024-11-17,BTCUSDT,1,0.002962715766388632,90633.27398999999,89811.06200500001,0.10740825192383747,0.10643385975932823,-2.6498225229562777
2024-11-17,ETHUSDT,1,0.08566764018771802,3134.4464399999997,3074.462,0.10740825192383746,0.10535276175472477,-5.351486436460299
2024-11-17,DOGEUSDT,-1,737.6375093716202,0.364027895,0.36722351999999997,0.10740825192383749,0.10835113707019176,-2.5729722548796983
2024-11-18,BTCUSDT,1,0.002947643970785086,89900.90798999999,90418.84796000001,0.1059983477619313,0.10660902881385097,1.3140952532233885
2024-11-18,ETHUSDT,1,0.0861067291135489,3077.5279949999995,3206.1961000000006,0.10599834776193129,0.11043002362704679,10.862761291399785
2024-11-18,DOGEUSDT,-1,722.3420706779617,0.36685648,0.371315565,0.1059983477619313,0.10728674163882293,-3.4342697816298142
2024-11-19,BTCUSDT,1,0.002960027963632861,90509.302035,92264.634605,0.10716402599699705,0.10924235939406726,4.979427107284468
2024-11-19,ETHUSDT,-1,0.08355983896677503,3206.206095,3108.99372,0.10716402599699705,0.10391480583676595,7.91197156874399
2024-11-19,DOGEUSDT,-1,722.2377254223873,0.370944435,0.390865335,0.10716402599699705,0.11291907619874376,-14.607708606562548
2024-11-20,BTCUSDT,1,0.002894616442524205,92356.95539999999,94239.41672000001,0.10693518467292586,0.109114786068641,5.2329535185463
2024-11-20,ETHUSDT,1,0.08598830536374306,3109.0037249999996,3068.435015,0.10693518467292586,0.10553981082344861,-3.7009096191894733
2024-11-20,DOGEUSDT,-1,684.6486741523029,0.39047466500000005,0.37796889,0.10693518467292587,0.10351035976372705,8.3516167285604
2024-11-21,BTCUSDT,-1,0.002871754990048857,94239.41672000001,98366.27855999999,0.1082530060899815,0.11299354052288636,-12.072582628875027
2024-11-21,ETHUSDT,1,0.08811071984145054,3071.5049849999996,3354.132095,0.10825300608998148,0.11821399733350502,24.676011105385367
2024-11-21,DOGEUSDT,1,716.0179644016567,0.37796889,0.38644668,0.1082530060899815,0.11068110606535138,5.851315826269378
2024-11-22,BTCUSDT,1,0.0028138107968614977,98366.27855999999,98842.554,0.11071363866368546,0.11124969825382626,1.1181856384344828
2024-11-22,ETHUSDT,-1,0.08251861149331403,3354.20206,3329.44389,0.11071363866368544,0.10989643473907927,1.822399738112663
2024-11-22,DOGEUSDT,1,715.5125537252418,0.38683332,0.41256361500000005,0.11071363866368547,0.11807777829710701,18.18155766659308
2024-11-23,BTCUSDT,1,0.002868613937650831,98941.446,97623.5638,0.11352992440277083,0.11201772630393006,-4.00604289780862
2024-11-23,ETHUSDT,1,0.08524691221239565,3329.44389,3392.213045,0.11352992440277083,0.11567027506114333,5.121676446467338
2024-11-23,DOGEUSDT,-1,687.9540528723722,0.41256361500000005,0.43036507499999993,0.11352992440277082,0.11842855902438895,-12.478545037472497
2024-11-24,BTCUSDT,1,0.0028656736727199652,97721.23619999998,97851.08998,0.11201486953759568,0.11216371696105537,0.14793997215057514
2024-11-24,ETHUSDT,1,0.08247043240138174,3395.6069549999997,3359.5194,0.11201486953759567,0.11082440703153222,-3.1989955417277414
2024-11-24,DOGEUSDT,-1,651.3326726688367,0.42994492,0.430445115,0.11201486953759568,0.11214518687607791,-0.54995340261925
2024-11-25,BTCUSDT,1,0.0028467553262284955,97949.000025,92963.504995,0.11153473500796952,0.10585774119575424,-14.409877006741933
2024-11-25,ETHUSDT,1,0.08291582161648217,3362.890605,3412.782755,0.11153473500796954,0.11318947445175465,3.912124400003057
2024-11-25,DOGEUSDT,-1,648.3901029209435,0.43004487,0.39283631999999996,0.11153473500796951,0.10188447278235387,23.91223635624879
2024-11-26,BTCUSDT,1,0.003044476059391128,93056.515005,91919.17742,0.1133233328412375,0.11193829402164622,-3.6878586758410647
2024-11-26,ETHUSDT,1,0.08293090585379645,3416.1972449999994,3323.0676350000003,0.1133233328412375,0.11023400367359322,-7.9468802556255325
2024-11-26,DOGEUSDT,1,721.2050753348684,0.392826315,0.38685647500000003,0.1133233328412375,0.11160114127846266,-4.530403381056774
2024-11-27,BTCUSDT,1,0.003020503207974103,92011.14258,95815.17844500001,0.11116798053290106,0.11576402154629348,11.263170531401885
2024-11-27,ETHUSDT,1,0.08354970939136645,3326.40237,3651.4533600000004,0.11116798053290104,0.12203114683365145,26.92471662450946
2024-11-27,DOGEUSDT,-1,718.4058411643558,0.38685647500000003,0.401130465,0.11116798053290104,0.11526978764998967,-10.480955560904464
2024-11-28,BTCUSDT,1,0.002993978488207598,95911.04155499999,95596.15801,0.11486223807890199,0.11448513625489379,-1.172101934354314
2024-11-28,ETHUSDT,-1,0.07864166755253918,3651.443365,3580.5793949999997,0.11486223807890202,0.11263309377082475,5.34536543834341
2024-11-28,DOGEUSDT,-1,716.5820587625391,0.400729535,0.4018008,0.11486223807890199,0.11516929779057408,-0.9976808150497187
2024-11-29,BTCUSDT,1,0.0030118995215107245,95691.811995,97411.27,0.11528564910409388,0.1173571830011008,4.9461919104121135
2024-11-29,ETHUSDT,1,0.08049348600547014,3580.5894,3590.413895,0.11528564910409389,0.11560197224441122,0.5599202294448301
2024-11-29,DOGEUSDT,1,717.3059953097024,0.4018008,0.42614682000000004,0.11528564910409388,0.12227106754726585,17.225989391278578
2024-11-30,BTCUSDT,1,0.0030334872573694674,97508.73,96359.78600500002,0.11831659597491195,0.11692247318760651,-3.7205460374261254
2024-11-30,ETHUSDT,1,0.08230110296786619,3594.0161099999996,3701.7482,0.11831659597491195,0.12186318390772534,8.626290052150825
2024-11-30,DOGEUSDT,-1,694.1232782153476,0.42613682500000005,0.42181079999999993,0.11831659597491198,0.11711547811305532,2.767362580553666
2024-12-01,BTCUSDT,1,0.0030931055827391595,96456.193995,97136.58741,0.11933967685428236,0.12018148832244054,1.8650075052187347
2024-12-01,ETHUSDT,1,0.08051649672065782,3705.4417949999997,3705.7561950000004,0.11933967685428237,0.11934980260890998,-0.2133750928941644
2024-12-01,DOGEUSDT,-1,708.0133808263379,0.4213892,0.44067022499999997,0.11933967685428236,0.1248001663327012,-13.895363539234092
2024-12-02,BTCUSDT,1,0.003026396805014023,97233.76258499999,95792.69969,0.11770717937069443,0.11596268811419352,-4.594898008737133
2024-12-02,ETHUSDT,1,0.0793289714891115,3709.463805,3641.5982900000004,0.11770717937069441,0.11555369876888288,-5.616962382668407
2024-12-02,DOGEUSDT,-1,668.4417209779507,0.44022977500000005,0.424782285,0.11770717937069441,0.11357688065053853,10.094462740368494
2024-12-03,BTCUSDT,1,0.0030684464027190142,95888.530305,95801.765155,0.11769152635055617,0.11758503266559664,-0.5015107714150039
2024-12-03,ETHUSDT,1,0.08071563745945332,3645.2517149999994,3612.7027450000005,0.11769152635055616,0.11664064200567674,-2.8615430305547678
2024-12-03,DOGEUSDT,-1,693.3509288888276,0.424357715,0.40652316,0.11769152635055617,0.11274528424032862,12.13516846497802
2024-12-04,BTCUSDT,1,0.0030986469744600374,95897.614845,98538.02634000001,0.1188611416389573,0.12213382287508182,7.940708125797238
2024-12-04,ETHUSDT,1,0.0821700180443359,3616.317255,3835.8811000000005,0.1188611416389573,0.12607776768117082,17.79662619621369
2024-12-04,DOGEUSDT,1,730.9616851777724,0.40652316,0.43252363000000005,0.11886114163895728,0.12646328058560294,18.760022944389597
2024-12-05,BTCUSDT,1,0.0031629766568724554,98636.61366,96897.157185,0.12479412260781073,0.12259337851738247,-5.7492477271958355
2024-12-05,ETHUSDT,-1,0.08133341424986472,3835.8811000000005,3787.0925999999995,0.12479412260781071,0.12320686849535888,3.7201342900264383
2024-12-05,DOGEUSDT,-1,721.3139002822268,0.43252363000000005,0.42703340999999995,0.12479412260781071,0.1232100538071677,3.7121678251925814
2024-12-06,BTCUSDT,1,0.003222322961685594,96994.102815,99690.96958,0.12501852985954715,0.12849460014013364,8.436662571466563
2024-12-06,ETHUSDT,1,0.08252914094173791,3787.102605,3996.870565,0.12501852985954712,0.13194331767390746,17.055007688367397
2024-12-06,DOGEUSDT,-1,732.6164421124599,0.426616585,0.434887335,0.12501852985954715,0.12744224483498778,-6.311748213296158
2024-12-07,BTCUSDT,1,0.0031960853936739996,99790.71041999999,99782.07400500002,0.1275758527990855,0.12756481171115147,-0.28274338434535373
2024-12-07,ETHUSDT,1,0.07971758068573757,4000.8694349999996,3994.22189,0.12757585279908554,0.1273638823171257,-0.7848659400157674
2024-12-07,DOGEUSDT,-1,734.1013655758443,0.43446266000000006,0.453036405,0.12757585279908554,0.1330298574264285,-13.895617278582964
2024-12-08,BTCUSDT,1,0.003143230865182414,99881.905995,101059.03520500001,0.12558075591869294,0.12706075146476487,3.4473473577963767
2024-12-08,ETHUSDT,1,0.07852295226503599,3998.21811,4002.147925,0.12558075591869294,0.12570418818895515,0.057295731547807066
2024-12-08,DOGEUSDT,-1,693.6575409510561,0.45260358500000003,0.46658317499999996,0.12558075591869294,0.12945957512785453,-9.952088353950474
2024-12-09,BTCUSDT,-1,0.0030853521400100955,101059.04520000001,97325.10823499999,0.12472109655007879,0.12011289238782856,11.275676416687691
2024-12-09,ETHUSDT,-1,0.0779088497522732,4002.147925,3713.8559999999998,0.1247210965500788,0.11573689964223134,22.22003427342634
2024-12-09,DOGEUSDT,-1,668.9368944688855,0.466116825,0.414237015,0.12472109655007878,0.11083936895526444,34.46875852153051
2024-12-10,BTCUSDT,1,0.0034364978999664375,97325.11824,96544.7035,0.1337830257782981,0.13271026833225294,-2.9483869092233794
2024-12-10,ETHUSDT,1,0.09005668621662909,3713.8559999999998,3626.435875,0.1337830257782981,0.13063391907184072,-8.137183710993598
2024-12-10,DOGEUSDT,1,807.4062730626456,0.414237015,0.39372304,0.1337830257782981,0.127157780938118,-16.82405290716667
2024-12-11,BTCUSDT,1,0.0033645487837933134,96641.2965,101074.4375,0.1300617426413136,0.1360279503052873,14.649429466987684
2024-12-11,ETHUSDT,1,0.08957286747099076,3630.05412,3829.894095,0.1300617426413136,0.13722183847974606,17.632956014960076
2024-12-11,DOGEUSDT,1,825.0408993753587,0.394106955,0.41381299000000005,0.1300617426413136,0.13656505657712253,15.991658040303914
2024-12-12,BTCUSDT,-1,0.0033761820781246935,101074.4375,100054.29214499998,0.1364982817776138,0.1351206031917605,3.17257757966383
2024-12-12,ETHUSDT,-1,0.08910032638546686,3829.9040900000005,3883.550805,0.1364982817776138,0.13841025770401705,-5.054848355489699
2024-12-12,DOGEUSDT,-1,824.637487682623,0.41381299000000005,0.406313055,0.13649828177761378,0.13402439075514058,5.914204883650275
2024-12-13,BTCUSDT,1,0.003424037841210155,100054.29214499998,101373.53787500001,0.13703587299199035,0.13884273191254037,4.241268696470466
2024-12-13,ETHUSDT,1,0.08821580617357642,3883.5407999999998,3904.8466000000003,0.13703587299199038,0.1377876763212596,1.604684773859783
2024-12-13,DOGEUSDT,1,843.1668100843473,0.406313055,0.408805495,0.13703587299199038,0.13787649006564104,1.8266303210690331
2024-12-14,BTCUSDT,1,0.003401304491400851,101474.95212,101369.29000000001,0.13805888416417694,0.13791512854684618,-0.6353630560379371
2024-12-14,ETHUSDT,1,0.08830109630616306,3908.7534,3868.354855,0.13805888416417694,0.1366319898391074,-3.841926686677148
2024-12-14,DOGEUSDT,1,843.4383585949437,0.40921450499999995,0.39808086000000004,0.13805888416417694,0.13430266685858544,-9.662904815001493
2024-12-15,BTCUSDT,1,0.003354995862594603,101470.70999999999,104411.75800500001,0.1361735248898147,0.1401204064452016,9.590909957132157
2024-12-15,ETHUSDT,1,0.08791661638228164,3872.23515,3957.1104550000005,0.13617352488981474,0.1391583047418204,7.1866178003825585
2024-12-15,DOGEUSDT,1,854.3542832358567,0.398469135,0.406386705,0.1361735248898147,0.1388792888267426,6.489357028603199
2024-12-16,BTCUSDT,1,0.0033314392143186456,104516.221995,106005.63067000001,0.13927577619463039,0.14126052598104696,4.681338163865742
2024-12-16,ETHUSDT,-1,0.08799083180673457,3957.1104550000005,3988.2331199999994,0.13927577619463039,0.1403711798671873,-3.018156137454071
2024-12-16,DOGEUSDT,-1,856.7933847308709,0.406386705,0.40215097499999997,0.13927577619463039,0.13782411801722794,3.3520455492942753
2024-12-17,BTCUSDT,1,0.0032971034408027103,106111.67932499999,106080.67313000001,0.13994447320472453,0.13990358095183628,-0.38207868637719444
2024-12-17,ETHUSDT,1,0.08772335329581019,3988.2331199999994,3891.0634950000003,0.13994447320472453,0.13653485506732602,-8.800524671768361
2024-12-17,DOGEUSDT,-1,870.84513275872,0.401749025,0.394347075,0.1399444732047245,0.13736609235255515,6.16864156486612
2024-12-18,BTCUSDT,1,0.0032853095348069775,106186.80687,100153.907995,0.13954261163228723,0.1316146355536617,-20.09109744374973
2024-12-18,ETHUSDT,1,0.08956621945145908,3894.956505,3624.9866,0.13954261163228726,0.12987053812967944,-24.44959690628152
2024-12-18,DOGEUSDT,1,884.6433793903964,0.394347075,0.35806088,0.13954261163228723,0.1267024747642797,-32.36658725641544
2024-12-19,BTCUSDT,1,0.0032240150761009764,100254.11200499999,97413.12907000001,0.12928830741809436,0.12562455869274014,-9.414284679496363
2024-12-19,ETHUSDT,1,0.08907555942587761,3628.6134,3415.3014950000006,0.12928830741809433,0.12168795651006449,-19.25185353400278
2024-12-19,DOGEUSDT,1,901.7703808116481,0.358429125,0.314152845,0.12928830741809433,0.11331749226748507,-40.169643676208736
2024-12-20,BTCUSDT,1,0.003079414297990382,97510.59092999999,97756.53728,0.12011020316613329,0.12041315144882472,0.5168473521136285
2024-12-20,ETHUSDT,1,0.0878327675929356,3418.718505,3470.473895,0.12011020316613329,0.121928530822754,4.303780407562878
2024-12-20,DOGEUSDT,1,954.870812868623,0.31446715499999994,0.31777103500000003,0.1201102031661333,0.12137211459862149,2.91329626345572
2024-12-21,BTCUSDT,1,0.0030949416670887496,97854.34272,97243.344005,0.12114139303588427,0.12038499088324779,-2.1325317655102984
2024-12-21,ETHUSDT,-1,0.08726599420605143,3470.4639,3340.5894599999997,0.12114139303588427,0.11660794418446258,11.095872791333871
2024-12-21,DOGEUSDT,-1,953.0856350095993,0.31776104,0.32058021,0.12114139303588428,0.12221615720774429,-2.9302679798936238
2024-12-22,BTCUSDT,1,0.003131934289180226,97340.646,95138.67686500002,0.1219458027753416,0.11918723372029243,-7.137555674118586
2024-12-22,ETHUSDT,1,0.09126069233851741,3340.5894599999997,3280.189085,0.1219458027753416,0.11974093075933918,-5.753866773540733
2024-12-22,DOGEUSDT,-1,951.9287667626148,0.32025979,0.31277631,0.1219458027753416,0.11909630682034453,6.882697777896994
2024-12-23,BTCUSDT,1,0.0031801877706882048,95233.87314,94834.029265,0.12114463948603996,0.12063600804545613,-1.513359248991052
2024-12-23,ETHUSDT,1,0.09223824622034148,3283.470915,3420.8187350000003,0.12114463948603996,0.12621212830163483,12.421365271199504
2024-12-23,DOGEUSDT,-1,969.2387335435938,0.31247368500000006,0.32513248499999997,0.12114463948603997,0.1260523991981126,-12.516596318865714
2024-12-24,BTCUSDT,1,0.003184755830534154,94928.910735,98614.24821,0.12093016077981901,0.12562492078421592,11.490344929428257
2024-12-24,ETHUSDT,-1,0.08837808295900468,3420.8187350000003,3494.9265899999996,0.12093016077981898,0.12354996484266051,-6.793990282726306
2024-12-24,DOGEUSDT,-1,930.7832731319271,0.324807515,0.33726855,0.120930160779819,0.1255695699573836,-11.845022674648714
2024-12-25,BTCUSDT,1,0.0030385337355359407,98712.91179,99379.8852,0.1199770050427594,0.12078765352555558,1.7858565484221476
2024-12-25,ETHUSDT,-1,0.08590837516821158,3491.423415,3498.7484999999997,0.11997700504275939,0.120228719502887,-0.8694918748646416
2024-12-25,DOGEUSDT,-1,890.2182108761248,0.33693145,0.334497165,0.11997700504275942,0.11911018710777437,1.9279576453120855
2024-12-26,BTCUSDT,-1,0.0030276809958002466,99379.895195,95839.4958,0.1203562480186087,0.11606856803229502,10.482775149733287
2024-12-26,ETHUSDT,-1,0.08608554206943955,3495.2515000000003,3336.717525,0.1203562480186087,0.1148972547488895,13.412229671530504
2024-12-26,DOGEUSDT,1,899.5042469389273,0.33450717,0.31258363000000006,0.12035624801860871,0.11246812108343454,-19.95314170703746
2024-12-27,BTCUSDT,1,0.0031532362716992775,95839.4958,94251.880485,0.12088182976717222,0.11887937928846692,-5.245887405818921
2024-12-27,ETHUSDT,1,0.09056969261061593,3336.70752,3331.8432450000005,0.12088182976717225,0.12070560741056287,-0.6821433287011893
2024-12-27,DOGEUSDT,1,965.8295953319324,0.31289637,0.31170407000000006,0.12088182976717224,0.12042120631656657,-1.3928616625979284
2024-12-28,BTCUSDT,1,0.003177280505614596,94346.179515,95252.35,0.11990571078088985,0.12105737390759139,2.638194732065373
2024-12-28,ETHUSDT,1,0.08987957729761302,3335.176755,3402.2980000000002,0.11990571078088987,0.12231884243220568,5.79060457507645
2024-12-28,DOGEUSDT,1,960.703080505871,0.312025935,0.32422780500000004,0.11990571078088985,0.12459466041966274,11.477873725731676
2024-12-29,BTCUSDT,1,0.003213501692279245,95347.65,93691.3309,0.12255993385193967,0.1204309001596179,-5.565575064815972
2024-12-29,ETHUSDT,-1,0.0900564661048122,3402.3079950000006,3358.1582399999998,0.12255993385193965,0.12096954548606231,3.7324414353553355
2024-12-29,DOGEUSDT,-1,945.0140608077987,0.32422780500000004,0.314507175,0.12255993385193967,0.11888548103997562,8.944686615018203
2024-12-30,BTCUSDT,1,0.00329231921663483,93785.059095,92745.65397500001,0.12350814091668066,0.12213931953650281,-3.667700910897801
2024-12-30,ETHUSDT,1,0.09194633791042012,3358.1582399999998,3360.1590800000004,0.12350814091668066,0.12358172888097857,-0.06311995905291837
2024-12-30,DOGEUSDT,-1,982.7415769017057,0.314192825,0.31411698,0.12350814091668068,0.12347832650272063,-0.17245043251927294
2024-12-31,BTCUSDT,1,0.003311874282931751,92838.446025,93529.212,0.12298770474301798,0.12390279677026869,2.0408395666134975
2024-12-31,ETHUSDT,1,0.09141318985657133,3363.510915,3336.1111100000003,0.12298770474301798,0.12198582331241879,-2.7496771045534287
2024-12-31,DOGEUSDT,-1,979.8161338840681,0.31380302000000004,0.316158,0.12298770474301798,0.12391068370260769,-2.5543457874198805
2025-01-01,BTCUSDT,1,0.003272510257678131,93622.788,94544.494105,0.12255261363297001,0.12375913070624085,2.7699809388378616
2025-01-01,ETHUSDT,1,0.09174613661550156,3339.44889,3358.69981,0.12255261363297003,0.12325909264748766,1.520385830013629
2025-01-01,DOGEUSDT,-1,970.0468401366032,0.315842,0.325292565,0.12255261363297003,0.12621960991927225,-9.416262939307787
2025-01-02,BTCUSDT,1,0.0032193140006959798,94639.07589,96936.297605,0.12186916081024253,0.12482735202216347,7.1487815169699465
2025-01-02,ETHUSDT,-1,0.09071129085699808,3358.709805,3457.3978349999998,0.12186916081024253,0.12545000824761618,-9.199437762491993
2025-01-02,DOGEUSDT,-1,937.5490255680738,0.32496743499999997,0.339099465,0.12186916081024254,0.12716894919256208,-13.498509065801606
2025-01-03,BTCUSDT,1,0.003086465174935318,97033.28239499999,98125.09290999999,0.11979593876873271,0.121143872821603,3.1288953205853733
2025-01-03,ETHUSDT,-1,0.08670932110473464,3453.95216,3610.814505,0.11979593876873273,0.1252365097454714,-13.84645989036087
2025-01-03,DOGEUSDT,-1,884.0492911878484,0.33877053,0.380079945,0.11979593876873271,0.13440376238878657,-36.773758751292156
2025-01-04,BTCUSDT,1,0.002887904700302672,98223.25708499999,98171.38975,0.11346376232592369,0.11340384715770824,-0.3766555300222708
2025-01-04,ETHUSDT,-1,0.07863710348241706,3607.1955000000003,3658.70844,0.11346376232592369,0.11508409368330909,-4.279376249472744
2025-01-04,DOGEUSDT,-1,747.0617980679755,0.37970005500000004,0.395027415,0.1134637623259237,0.11804395637441775,-11.681992839935475
2025-01-05,BTCUSDT,1,0.0028311231577612286,98269.62025499999,98314.428195,0.11128535904333295,0.11133610176196719,-0.09576466421968673
2025-01-05,ETHUSDT,1,0.07604142340687096,3658.70844,3634.172005,0.11128535904333293,0.11053904486624087,-2.0876098466397406
2025-01-05,DOGEUSDT,-1,705.0113314808772,0.39462259000000005,0.38249114999999995,0.11128535904333292,0.10786423797646075,8.333653070160652
2025-01-06,BTCUSDT,1,0.002847835990841118,98412.791805,102184.48220000001,0.11210539618457314,0.11640185844584945,10.512648398560366
2025-01-06,ETHUSDT,1,0.07704164707014832,3637.8179999999998,3685.606275,0.11210539618457313,0.11357807115122963,3.4560039493054155
2025-01-06,DOGEUSDT,1,732.7127952370048,0.382501155,0.38762609000000003,0.11210539618457313,0.11360743836427632,3.529392614709148
2025-01-07,BTCUSDT,-1,0.0027998005759393525,102184.48220000001,97003.087305,0.11443846884624982,0.10863571988177372,14.283798222462252
2025-01-07,ETHUSDT,-1,0.07762547777360589,3685.59628,3383.000655,0.11443846884624982,0.10504281686111866,23.269648677120543
2025-01-07,DOGEUSDT,-1,738.0725381917005,0.38762609000000003,0.348174,0.11443846884624984,0.10279106716494285,28.90127466725625
2025-01-08,BTCUSDT,1,0.003177711002073927,97003.0773,95013.07969500001,0.12329909838849505,0.12076964347509135,-6.567706025372841
2025-01-08,ETHUSDT,1,0.0911166675405913,3383.000655,3325.6263550000003,0.12329909838849505,0.12120799638110541,-5.472262113243702
2025-01-08,DOGEUSDT,1,885.3267216140139,0.348174,0.34212885,0.12329909838849505,0.12115832525602907,-5.596390254809479
2025-01-09,BTCUSDT,1,0.0031792121985608794,95108.140305,92506.213755,0.12094758393603824,0.1176387532850305,-8.510662964740458
2025-01-09,ETHUSDT,-1,0.09092090558685015,3325.6263550000003,3220.8095999999996,0.12094758393603826,0.11713557022192823,9.291951131117104
2025-01-09,DOGEUSDT,1,882.903449940515,0.34247115,0.3208395,0.12094758393603824,0.11330812057087594,-19.332914117412656
2025-01-10,BTCUSDT,1,0.003198585645724806,92598.766245,94678.746945,0.11847403380923348,0.12113523237339534,6.413387144222005
2025-01-10,ETHUSDT,1,0.09195982417684168,3220.8095999999996,3265.40648,0.11847403380923349,0.1201144823066878,3.8625327275198327
2025-01-10,DOGEUSDT,1,922.262581357951,0.321150495,0.33371306,0.11847403380923349,0.12310842725938433,11.344401164308454
2025-01-11,BTCUSDT,1,0.003201232163920248,94773.46305,94552.69000500001,0.12135674328070688,0.12107404497167464,-0.9491765608329761
2025-01-11,ETHUSDT,-1,0.0929106166164508,3265.4164750000004,3284.4714149999995,0.1213567432807069,0.12206490577070266,-2.013827874040797
2025-01-11,DOGEUSDT,1,908.2312150554865,0.33404694,0.34102940000000004,0.12135674328070689,0.12389341853265742,6.09643796806299
2025-01-12,BTCUSDT,1,0.003216535159773155,94647.289995,94497.78747,0.12177453441846539,0.12158218236721044,-0.7242368449230523
2025-01-12,ETHUSDT,-1,0.09278233425469615,3281.1885850000003,3268.93365,0.12177453441846542,0.12131971782828957,0.8939472231928555
2025-01-12,DOGEUSDT,-1,892.6982132513017,0.34102940000000004,0.336077955,0.1217745344184654,0.12000647597666055,4.178365094117014
2025-01-13,BTCUSDT,1,0.003233725757703682,94592.342535,94488.83195,0.12235427781478367,0.12222038787681988,-0.5792995106010681
2025-01-13,ETHUSDT,-1,0.0936671606200551,3265.6663500000004,3139.078755,0.12235427781478365,0.11761143757743504,11.617134877979304
2025-01-13,DOGEUSDT,1,910.1629249587619,0.336077955,0.337900965,0.12235427781478367,0.1230179722603153,1.413863863753986
2025-01-14,BTCUSDT,1,0.0032779148654116714,94583.378055,96512.57957,0.12401450437893463,0.12654400770869192,6.073199812305616
2025-01-14,ETHUSDT,1,0.09876663987913757,3139.078755,3224.017185,0.12401450437893462,0.12737013771001834,8.137698685620398
2025-01-14,DOGEUSDT,1,916.5916951230271,0.33824903999999995,0.355732045,0.12401450437893462,0.1304244152544524,15.77033826916102
2025-01-15,BTCUSDT,1,0.0033126269238580148,96609.130425,100447.10132500001,0.12801200261454618,0.13309750890907565,12.452656224800002
2025-01-15,ETHUSDT,-1,0.09926436125257981,3224.017185,3453.24576,0.1280120026145462,0.13711369384583183,-23.01935377467443
2025-01-15,DOGEUSDT,-1,899.637834247869,0.355732045,0.38556268499999996,0.1280120026145462,0.1387467115600773,-27.103531078002444
2025-01-16,BTCUSDT,1,0.003057987139546239,100547.598675,99937.30635000001,0.12298930546416259,0.12224279903167709,-2.1114981857095754
2025-01-16,ETHUSDT,-1,0.08912825899360163,3449.7842450000003,3309.704025,0.12298930546416259,0.11799526301294631,12.244121559563611
2025-01-16,DOGEUSDT,-1,798.2642063445675,0.385177315,0.37667824499999997,0.12298930546416259,0.1202755041168758,6.541238558635927
2025-01-17,BTCUSDT,1,0.0031291452039186904,100037.29364999999,104025.44126,0.12521248705516125,0.1302042842417018,12.22407619505447
2025-01-17,ETHUSDT,1,0.0945801079333319,3309.69402,3471.8931850000004,0.12521248705516125,0.1313488128681198,15.084253232473069
2025-01-17,DOGEUSDT,1,831.0307850083117,0.37667824499999997,0.415042375,0.12521248705516128,0.13796519628318565,31.618595386722614
2025-01-18,BTCUSDT,1,0.0031948054874237756,104129.508735,104503.951885,0.133069410363728,0.13354791957586729,0.9296557004086692
2025-01-18,ETHUSDT,-1,0.09581877968996817,3471.9031800000002,3309.363855,0.13306941036372796,0.12683968245447552,15.314410680312951
2025-01-18,DOGEUSDT,-1,801.5411098910562,0.415042375,0.39660820499999994,0.133069410363728,0.1271591123310398,14.515516559025711
2025-01-19,BTCUSDT,1,0.0032781914817633863,104608.50811499999,101280.90421500002,0.13717068808902763,0.13280727898516262,-11.178500726736722
2025-01-19,ETHUSDT,1,0.10362315394980012,3309.363855,3213.51244,0.13717068808902763,0.13319771771588715,-10.202794338656105
2025-01-19,DOGEUSDT,1,864.64857736004,0.39660820499999994,0.3582208,0.13717068808902763,0.12389404204031017,-33.452679851922966
2025-01-20,BTCUSDT,1,0.003202224986159727,101382.235785,102208.879995,0.12985949143338552,0.13091833173095602,2.386322920761922
2025-01-20,ETHUSDT,1,0.10092264410947792,3216.8075999999996,3282.358,0.12985949143338552,0.1325056993095591,6.353154499691032
2025-01-20,DOGEUSDT,1,905.400500406801,0.35856919499999995,0.35438272,0.12985949143338552,0.1283433168094093,-4.048639368183328
2025-01-21,BTCUSDT,1,0.003188434545367192,102311.12999999999,106090.74809000001,0.13048493650702145,0.1353053624616018,11.7852745874822
2025-01-21,ETHUSDT,-1,0.09938383765847938,3282.348005,3329.2037699999996,0.13048493650702148,0.132347618803871,-4.919538297434731
2025-01-21,DOGEUSDT,-1,920.5085994812436,0.35438272,0.371955885,0.13048493650702148,0.1369554363080626,-16.443689875417892
2025-01-22,BTCUSDT,-1,0.003044748914376612,106090.74809000001,103758.51333,0.12920787602897207,0.1263674483275395,6.845493929224907
2025-01-22,ETHUSDT,-1,0.09712289243220583,3325.886225,3244.2212999999997,0.12920787602897205,0.12603526253846836,7.676290587691764
2025-01-22,DOGEUSDT,-1,869.2809745354417,0.37159411000000003,0.363091455,0.12920787602897207,0.1262513975391566,7.135736950970539
2025-01-23,BTCUSDT,1,0.0031827640286705636,103758.51333,103858.38483,0.13209554555802366,0.1322226925250994,0.053549179606229486
2025-01-23,ETHUSDT,1,0.10179263833195125,3244.231305,3336.540895,0.1320955455580237,0.1358541202418,9.12848704364091
2025-01-23,DOGEUSDT,1,909.5197899797977,0.363091455,0.35188397,0.13209554555802366,0.12801817379666297,-10.453543122756434
2025-01-24,BTCUSDT,1,0.0031724482032859025,103962.305175,104818.06475,0.13192601130475579,0.13301195247521716,2.449914962373496
2025-01-24,ETHUSDT,-1,0.09884909271139258,3336.55089,3311.745045,0.13192601130475579,0.13094519719588002,2.189164063688785
2025-01-24,DOGEUSDT,1,936.3200589664252,0.35224603499999996,0.350674575,0.13192601130475579,0.13133745549681045,-1.7346529866649159
2025-01-25,BTCUSDT,1,0.0031526294793870055,104922.94525499998,104694.47657500001,0.13231326811000876,0.13202515727173494,-0.9846155210663053
2025-01-25,ETHUSDT,1,0.09988153268612722,3311.7550499999998,3317.110615,0.13231326811000876,0.13252723692624885,0.2700815355639509
2025-01-25,DOGEUSDT,1,942.3070778782127,0.35103543,0.35334324,0.13231326811000876,0.133183134388968,1.9091692948991612
2025-01-26,BTCUSDT,1,0.0031601508065040524,104799.23343,102568.69,0.13247255281792839,0.12965301137022567,-7.31097918344494
2025-01-26,ETHUSDT,1,0.09974082913731847,3320.41938,3230.993695,0.13247255281792839,0.12890479603069932,-9.18076931692126
2025-01-26,DOGEUSDT,1,936.3691949528077,0.35368675499999996,0.33588197500000005,0.13247255281792836,0.12580381381196365,-16.930123881541657
2025-01-27,BTCUSDT,1,0.003117138826129172,102671.32000499999,102031.788585,0.12801630316700732,0.12721889987908272,-2.2487434228575656
2025-01-27,ETHUSDT,1,0.09895434881064027,3234.226305,3180.8487800000003,0.1280163031670073,0.12590352787600784,-5.535858058541675
2025-01-27,DOGEUSDT,1,951.9129196189855,0.33620802,0.333803015,0.12801630316700732,0.127100561034508,-2.544472195449788
2025-01-28,BTCUSDT,1,0.003099830927510216,102133.871415,101284.85224000001,0.12663909334342743,0.12558636698474174,-2.884041357042359
2025-01-28,ETHUSDT,1,0.09943298651404825,3184.03122,3076.18114,0.12663909334342743,0.12234955112335583,-10.97284419464578
2025-01-28,DOGEUSDT,1,947.4804287734826,0.33414699,0.318550645,0.12663909334342743,0.12072820068426779,-15.024598941926815
2025-01-29,BTCUSDT,1,0.003027735618064203,101386.18776,103681.37338,0.12278822874427878,0.1255679148449759,6.700859108153527
2025-01-29,ETHUSDT,1,0.09968975841826333,3079.2588599999995,3112.3430500000004,0.12278822874427875,0.12410749070770437,3.0512591891120344
2025-01-29,DOGEUSDT,1,962.6542522560786,0.31887936,0.32387798,0.12278822874427876,0.12471300586364369,4.564441563804366
2025-01-30,BTCUSDT,1,0.003003732795401226,103785.116625,104670.57853000001,0.12469710339242139,0.1257609797776722,2.409232879956906
2025-01-30,ETHUSDT,1,0.1000632534758837,3115.45695,3245.766305,0.1246971033924214,0.12991277460027897,12.784568141651246
2025-01-30,DOGEUSDT,-1,962.501798595806,0.32388797500000005,0.331695765,0.1246971033924214,0.12770310815964472,-7.767412129610343
2025-01-31,BTCUSDT,1,0.0029989722485792326,104775.30146999999,102378.34522,0.12568728857802114,0.12281192646809774,-7.436904489854629
2025-01-31,ETHUSDT,-1,0.0968089380206898,3245.75631,3302.6404949999996,0.12568728857802114,0.12789004759403008,-5.760474876194448
2025-01-31,DOGEUSDT,-1,948.2276924341787,0.33137423000000005,0.32906445,0.12568728857802114,0.12481120963424887,1.9396988612183845
2025-02-01,BTCUSDT,1,0.003029501503508988,102480.77477999999,100585.332175,0.1241862645107104,0.1218893660220454,-5.988321852195216
2025-02-01,ETHUSDT,1,0.09400528508834141,3302.6404949999996,3115.9812300000003,0.12418626451071038,0.1171674815424283,-17.788311166758344
2025-02-01,DOGEUSDT,1,943.4797994033569,0.32906445,0.30776604,0.1241862645107104,0.11614841667294622,-20.334954275594097
2025-02-02,BTCUSDT,1,0.00293746761187173,100685.97783,97651.739705,0.11830471953810402,0.11473952905054646,-9.146020467482566
2025-02-02,ETHUSDT,1,0.09482283847178719,3119.0987699999996,2868.24516,0.11830471953810402,0.10879005900166616,-24.01374611963444
2025-02-02,DOGEUSDT,1,960.0038705203631,0.30808396499999996,0.26794596,0.11830471953810402,0.10289166347611775,-38.75383653797988
2025-02-03,BTCUSDT,1,0.0027804823944087933,97749.440295,101277.85574000001,0.10871623912142438,0.11264051793141744,9.589340267929783
2025-02-03,ETHUSDT,1,0.09466378495802731,2871.1148399999997,2878.46005,0.10871623912142438,0.10899436927338901,0.4776147715167769
2025-02-03,DOGEUSDT,1,1013.2969167755299,0.26822404499999997,0.284707575,0.10871623912142439,0.11539732317205519,16.478596564283496
2025-02-04,BTCUSDT,1,0.0027682126735310555,101379.17425499999,97714.24843500002,0.1122556460019217,0.10819752836093166,-10.36574727683798
2025-02-04,ETHUSDT,-1,0.09749660742499987,2878.4500550000002,2732.555595,0.11225564600192173,0.10656596004508077,14.005393286055385
2025-02-04,DOGEUSDT,-1,985.7446452646499,0.28469758,0.263581725,0.11225564600192173,0.1039297096033478,20.598655640829527
2025-02-05,BTCUSDT,1,0.002951769570384857,97812.02157,96564.123785,0.1154874195552613,0.11401401687177584,-3.913008145140683
2025-02-05,ETHUSDT,1,0.10565880138594336,2732.555595,2786.855875,0.1154874195552613,0.11778234055514977,5.504032739610742
2025-02-05,DOGEUSDT,1,1095.3247618510384,0.26359173,0.256061905,0.11548741955526129,0.11218837804529928,-8.475279572505606
2025-02-06,BTCUSDT,1,0.002963186282225746,96660.74622,96506.07282500001,0.11456951889152324,0.11438618845860754,-0.6872817896393875
2025-02-06,ETHUSDT,-1,0.10277668098957865,2786.855875,2687.98332,0.11456951889152324,0.1105048016739794,9.936718723294106
2025-02-06,DOGEUSDT,1,1117.5416984828744,0.256298085,0.247766055,0.11456951889152325,0.11075555917244051,-9.760224375770798
2025-02-07,BTCUSDT,1,0.002963206520559131,96602.627175,96458.5466,0.11450141389924108,0.11433063769951073,-0.6557725509246606
2025-02-07,ETHUSDT,1,0.10649418770293956,2687.973315,2620.78895,0.1145014138992411,0.11163951614843597,-7.380885307060487
2025-02-07,DOGEUSDT,1,1154.2297866239655,0.24800393999999998,0.24638674500000002,0.1145014138992411,0.11375476804332939,-2.0948708217218686
2025-02-08,BTCUSDT,1,0.0029296898355972907,96555.0534,96396.51763000002,0.11315054340861345,0.11296475915503444,-0.6905759365112016
2025-02-08,ETHUSDT,1,0.1078272807113434,2623.421055,2631.14377,0.11315054340861347,0.11348363115187696,0.6060851835982479
2025-02-08,DOGEUSDT,1,1146.9048800341582,0.24664325999999998,0.25275356,0.11315054340861345,0.11595371656400255,6.778828628500115
2025-02-09,BTCUSDT,1,0.0029547001969433603,96492.972375,96414.51862500001,0.1140431217920251,0.11395039886779473,-0.4598008312357237
2025-02-09,ETHUSDT,1,0.10825057999709517,2633.77623,2625.86641,0.1140431217920251,0.11370062475095605,-1.0839863492155888
2025-02-09,DOGEUSDT,1,1126.9241974894342,0.25299643499999996,0.24877555,0.11404312179202511,0.11214047481549705,-4.982801037927659
2025-02-10,BTCUSDT,1,0.0029316070673303363,96510.98137499999,97382.10459000002,0.11317291002957457,0.1141944264190184,2.3264236371610156
2025-02-10,ETHUSDT,1,0.10764046606403802,2628.4935899999996,2659.859405,0.11317291002957457,0.11452340240760596,3.148534632641275
2025-02-10,DOGEUSDT,1,1136.1626341266347,0.24902445,0.25529229,0.11317291002957458,0.11602142427144828,6.8920912703832276
2025-02-11,BTCUSDT,1,0.00294476808607376,97479.53541,95730.3109,0.11482184996826601,0.1127614257632956,-5.378643788157572
2025-02-11,ETHUSDT,-1,0.10792097671819048,2659.859405,2603.891295,0.11482184996826601,0.11240579672975755,5.812905449573128
2025-02-11,DOGEUSDT,-1,1124.45959059035,0.25528229500000005,0.253176525,0.11482184996826601,0.11387470865943501,2.13915671344981
2025-02-12,BTCUSDT,1,0.0030045304330936448,95826.099105,97821.05500500002,0.11516497241824808,0.11756253470393999,5.76117820710758
2025-02-12,ETHUSDT,1,0.1105700655009948,2603.891295,2736.900865,0.11516497241824807,0.12104772316511174,14.47066417157581
2025-02-12,DOGEUSDT,-1,1138.3381121330085,0.252923475,0.26431209,0.11516497241824808,0.12035061021781195,-13.199610081545712
2025-02-13,BTCUSDT,-1,0.002967218854936811,97821.065,96656.44407,0.11610260339119975,0.11472032931825973,3.224862249640598
2025-02-13,ETHUSDT,-1,0.10605298576570817,2736.900865,2677.207935,0.11610260339119975,0.11357035800895839,6.100940494203273
2025-02-13,DOGEUSDT,-1,1099.2153727721175,0.264057905,0.26258122500000003,0.11610260339119975,0.11545332764853372,1.3916334256253446
2025-02-14,BTCUSDT,1,0.003039932002907951,96656.434065,97451.72976,0.1175315948804623,0.11849865281446448,2.1816145873105186
2025-02-14,ETHUSDT,1,0.10975202312821315,2677.207935,2724.587025,0.1175315948804623,0.11961157527305179,4.962807811320167
2025-02-14,DOGEUSDT,1,1119.0022713968058,0.26258122500000003,0.2716641,0.1175315948804623,0.1215970979827876,9.92462906295
2025-02-15,BTCUSDT,1,0.00307043634280346,97549.220235,97520.87517000001,0.11980746840867308,0.11977265572158705,-0.3266118418453459
2025-02-15,ETHUSDT,1,0.10982189201137896,2727.312975,2691.69348,0.11980746840867307,0.11824274827531714,-4.149850550073833
2025-02-15,DOGEUSDT,-1,1102.5331319879317,0.2716641,0.27187586999999996,0.1198074684086731,0.1199008617852175,-0.47319177155491376
2025-02-16,BTCUSDT,1,0.003051357315622324,97618.454835,96070.06094,0.11914751452020987,0.11725763330462059,-4.961108186798028
2025-02-16,ETHUSDT,1,0.1105516168855108,2694.38652,2660.079295,0.11914751452020987,0.11763042684236785,-4.029497135967598
2025-02-16,DOGEUSDT,-1,1096.7019768827693,0.27160413,0.265682775,0.11914751452020987,0.11654992982647999,6.258264289977999
2025-02-17,BTCUSDT,1,0.0030879671924053894,96166.17906,95732.11,0.11878320238250487,0.11824704597589757,-1.5774212648766315
2025-02-17,ETHUSDT,1,0.11152344101648537,2662.7407049999997,2742.6779750000005,0.11878320238250487,0.12234915414885045,8.673747059332602
2025-02-17,DOGEUSDT,-1,1118.8347175141405,0.26541722500000003,0.25831909499999994,0.11878320238250485,0.11560654867313334,7.70724452237311
2025-02-18,BTCUSDT,1,0.0031503615270652217,95827.90000499999,95623.90413000001,0.12075701175808207,0.12049994745557009,-0.8839177154935912
2025-02-18,ETHUSDT,1,0.10996215760132731,2745.422025,2670.654005,0.12075701175808207,0.11746835063857039,-8.459878161175844
2025-02-18,DOGEUSDT,1,1168.6806559739814,0.25831909499999994,0.251244315,0.12075701175808207,0.11744974834557345,-8.506365291375197
2025-02-19,BTCUSDT,1,0.0030917654302444163,95719.57587,96596.047815,0.11837699026900944,0.11946092853306148,2.4720077413280066
2025-02-19,ETHUSDT,1,0.11070156376621705,2673.336,2714.1422500000003,0.11837699026900944,0.12018391654358354,4.278754779622663
2025-02-19,DOGEUSDT,1,1176.7298340427735,0.25149568499999997,0.2546726,0.11837699026900945,0.11987233853329668,3.50012133191576
2025-02-20,BTCUSDT,-1,0.0030990857672577176,96596.047815,98354.1525,0.119743774782725,0.12192318166537804,-5.69018416308071
2025-02-20,ETHUSDT,-1,0.11029574243975854,2714.152245,2739.4090199999996,0.11974377478272498,0.12085806068282852,-3.0263165857244174
2025-02-20,DOGEUSDT,1,1174.2929043987128,0.2549274,0.25461263000000006,0.11974377478272498,0.11959592191171797,-0.6089718742119838
2025-02-21,BTCUSDT,-1,0.0030150970500415087,98255.857495,96230.07099,0.11850037843298936,0.11605720126689358,5.873385335539549
2025-02-21,ETHUSDT,1,0.10814410842615733,2739.4090199999996,2661.6685,0.11850037843298934,0.11513750674339503,-8.64081710916217
2025-02-21,DOGEUSDT,1,1162.4186182827143,0.254857365,0.23954017000000002,0.11850037843298937,0.11137838137384262,-18.03487140767371
2025-02-22,BTCUSDT,1,0.0030065114985933965,96230.080995,96502.734495,0.11572673800881655,0.11605463236196925,0.5879545125109499
2025-02-22,ETHUSDT,1,0.10858890683161664,2664.3315,2761.83839,0.11572673800881655,0.11996200464627683,10.35247785099561
2025-02-22,DOGEUSDT,1,1206.5937532028502,0.23977983,0.24643672000000003,0.11572673800881655,0.11893960276471997,7.797495548985017
2025-02-23,BTCUSDT,1,0.003059679162715686,96599.28550499999,96209.871,0.11822512839714876,0.11774853501850566,-1.4274571100233775
2025-02-23,ETHUSDT,1,0.10690934646632884,2764.611615,2818.2801550000004,0.11822512839714876,0.12052019581202959,5.498923212992911
2025-02-23,DOGEUSDT,1,1198.0983632889395,0.24669328499999998,0.24272857500000003,0.11822512839714876,0.11632508337238266,-4.984662773684768
2025-02-24,BTCUSDT,-1,0.003068899469812546,96209.871,91598.65644,0.11810336884105338,0.11244282727370303,13.920807722261115
2025-02-24,ETHUSDT,1,0.1046603775824729,2821.10985,2512.26324,0.11810336884105341,0.10517376771398672,-32.54727995422175
2025-02-24,DOGEUSDT,-1,1216.4139393255755,0.24272857500000003,0.210535215,0.11810336884105338,0.1024391880979628,38.939909300787434
2025-02-25,BTCUSDT,1,0.0032973143879035088,91598.65644,88636.0598,0.12081182711689696,0.11690438210624633,-10.006328735849747
2025-02-25,ETHUSDT,1,0.1201019400991452,2514.7767599999997,2494.45215,0.12081182711689696,0.11983541707979359,-2.681672336955138
2025-02-25,DOGEUSDT,1,1434.511635040883,0.21054521999999998,0.21147421,0.12081182711689697,0.12134488590243163,1.0904902508173278
2025-02-26,BTCUSDT,1,0.0033605481830857415,88724.730195,84207.964955,0.11926549234063195,0.11319396945234922,-15.411266682499793
2025-02-26,ETHUSDT,-1,0.11953122675301318,2494.442155,2337.538185,0.11926549234063197,0.11176352273402476,18.52389500144336
2025-02-26,DOGEUSDT,1,1408.5202925126903,0.21168578999999998,0.203448225,0.11926549234063195,0.11462438135527506,-11.836667337088171
2025-02-27,BTCUSDT,1,0.0035027637805923988,84292.21504499999,84666.22571000001,0.11810228713821265,0.1186263155425796,1.073342408236567
2025-02-27,ETHUSDT,-1,0.12643637574166414,2335.2118100000002,2308.8738599999997,0.11810228713821266,0.11677025716122656,3.095202398165793
2025-02-27,DOGEUSDT,1,1449.8067490230892,0.203651775,0.206766565,0.11810228713821266,0.11990862456372851,4.277832652087696
2025-02-28,BTCUSDT,1,0.003517025678634599,84750.924285,84307.76503000001,0.11922847079934466,0.11860502980752086,-1.7964359801664136
2025-02-28,ETHUSDT,-1,0.12922724036795305,2306.56614,2238.708795,0.11922847079934466,0.11572086382612622,8.534068098420633
2025-02-28,DOGEUSDT,1,1440.0725826102882,0.20698344,0.20173908000000002,0.11922847079934466,0.11620756717960944,-7.787695087317011
2025-03-01,BTCUSDT,1,0.0035278310161862836,84392.124975,86021.497735,0.11908846240346964,0.12138772310733247,5.5076755741462415
2025-03-01,ETHUSDT,1,0.13298788867655031,2238.708795,2216.281305,0.11908846240346965,0.11789542858610387,-3.2195684344040236
2025-03-01,DOGEUSDT,1,1474.2983047154294,0.20194091999999997,0.206626635,0.11908846240346965,0.12185171907582154,6.667201499400418
2025-03-02,BTCUSDT,1,0.0034922162007481757,86107.57226999999,94222.865,0.12028250355535533,0.13161864625356332,28.088455595711025
2025-03-02,ETHUSDT,1,0.13554432258408017,2218.5087,2516.850945,0.12028250355535533,0.1364579425540508,40.181857050629304
2025-03-02,DOGEUSDT,1,1453.8575963717863,0.206833365,0.239190345,0.12028250355535534,0.13909948002281533,46.7830591850718
2025-03-03,BTCUSDT,1,0.003594865543772318,94317.124995,86177.499695,0.13562295313287698,0.123918609720802,-29.520400093041097
2025-03-03,ETHUSDT,-1,0.1347143886432567,2516.86094,2150.0845050000003,0.13562295313287695,0.11585892784896569,49.1585813287963
2025-03-03,DOGEUSDT,-1,1417.5804276237257,0.23918035,0.199229565,0.13562295313287698,0.11296957277919555,56.38485835829148
2025-03-04,BTCUSDT,1,0.004224210018587837,86264.27058,87238.33901,0.1457593584120832,0.14740522626040164,3.8215050361236376
2025-03-04,ETHUSDT,1,0.16948017602733564,2150.09451,2170.424245,0.1457593584120832,0.14713755323863884,3.152590154738408
2025-03-04,DOGEUSDT,1,1828.945906830696,0.19923957,0.19895047500000002,0.14575935841208318,0.1455478627653091,-0.8200463381125926
2025-03-05,BTCUSDT,-1,0.004200558490754684,87238.33901,90651.31300499999,0.14657989825911644,0.1523144570164853,-14.635291248697758
2025-03-05,ETHUSDT,-1,0.1688386194698966,2170.4142500000003,2242.710795,0.1465798982591164,0.1514624777992137,-12.504491226301534
2025-03-05,DOGEUSDT,1,1840.0734104075373,0.199149525,0.204607645,0.14657989825911644,0.15059723485224188,9.74616434970225
2025-03-06,BTCUSDT,-1,0.003982432610245466,90560.697,89976.85594499999,0.14426074917574352,0.14333070611309065,2.037516201343329
2025-03-06,ETHUSDT,-1,0.1609715822625461,2240.4692050000003,2203.3010999999997,0.14426074917574352,0.14186754570712332,5.696880376667688
2025-03-06,DOGEUSDT,-1,1762.6510140388878,0.204607645,0.201630765,0.14426074917574352,0.14216186895547467,4.960777932540893
2025-03-07,BTCUSDT,1,0.004055305495144025,89976.84594,86758.34912500001,0.14595343911048375,0.14073264398249455,-13.338673903065985
2025-03-07,ETHUSDT,1,0.16560693446702773,2203.3111049999998,2140.5292,0.14595343911048378,0.14179459157966373,-10.68486685774028
2025-03-07,DOGEUSDT,1,1809.7521196537966,0.20162075999999998,0.19834078000000002,0.14595343911048375,0.14357905880751495,-6.225483255339986
2025-03-08,BTCUSDT,1,0.004085439740398769,86845.14087,86179.338775,0.14192023590833094,0.14083219817306944,-3.002846772235183
2025-03-08,ETHUSDT,1,0.1655880080929032,2142.6708,2202.47821,0.14192023590833094,0.14588159186476918,9.615588063322535
2025-03-08,DOGEUSDT,1,1787.1454826979866,0.19852921499999998,0.19224383000000003,0.14192023590833092,0.13742707694442388,-11.512244722620348
2025-03-09,BTCUSDT,1,0.004093955640990384,86265.57123,80694.002815,0.14126696878412653,0.13214306720742527,-23.08316397774466
2025-03-09,ETHUSDT,-1,0.16035074629229837,2202.4682150000003,2021.420205,0.14126696878412653,0.1296544953768323,28.76026205407461
2025-03-09,DOGEUSDT,1,1835.2444967093052,0.19243617,0.168005955,0.1412669687841265,0.12333280173125648,-45.100017402690455
2025-03-10,BTCUSDT,1,0.004209558550339754,80774.84723999999,78556.56207,0.13601057954061177,0.13227537901882566,-9.606287263024763
2025-03-10,ETHUSDT,1,0.16820999519470303,2021.4402149999999,1864.16745,0.1360105795406118,0.12542863912264873,-26.71629026357091
2025-03-10,DOGEUSDT,1,2021.752055866947,0.16818405,0.15400296,0.13601057954061177,0.12454232039583808,-28.931200761870674
2025-03-11,BTCUSDT,1,0.004047492213411273,78635.15793,82891.523505,0.12731007576881628,0.134201118377714,16.96609532809778
2025-03-11,ETHUSDT,1,0.1705615922687469,1866.0425549999998,1922.4682850000002,0.12731007576881628,0.13115970071030686,9.365592577247343
2025-03-11,DOGEUSDT,1,2064.4826488179797,0.154167045,0.16445773,0.12731007576881628,0.13580805201959686,20.981822499163027
2025-03-12,BTCUSDT,-1,0.004029921823511027,82891.523505,83721.96006,0.13361854382275073,0.13495718158116504,-3.6151701214397027
2025-03-12,ETHUSDT,-1,0.17376000368615369,1922.4582900000003,1909.1541,0.1336185438227507,0.13269384938137418,2.0454237102372144
2025-03-12,DOGEUSDT,-1,2031.3223502705996,0.164447735,0.17252622,0.1336185438227507,0.140182546677481,-16.683808227326008
2025-03-13,BTCUSDT,1,0.003917273808556292,83721.96006,81075.22211,0.1311847365376136,0.1270375376377548,-10.626219523822323
2025-03-13,ETHUSDT,1,0.17178384989668144,1909.1541,1863.657705,0.13118473653761356,0.12805851818180553,-8.074789144239528
2025-03-13,DOGEUSDT,1,1900.9391230158171,0.17252622,0.165147385,0.1311847365376136,0.12557405008410222,-14.283474920400135
2025-03-14,BTCUSDT,1,0.003905634750434811,81156.33789,83941.2084,0.12678680539248532,0.1311374802082122,10.618762753716448
2025-03-14,ETHUSDT,1,0.1699079203345642,1865.5222949999998,1910.694175,0.12678680539248532,0.12985682946784635,7.418416553542218
2025-03-14,DOGEUSDT,1,1917.3794660571632,0.16531261499999997,0.17185403000000002,0.12678680539248532,0.1318037553124687,12.28378423925346
2025-03-15,BTCUSDT,1,0.003892571192604404,84025.181595,84296.27078,0.1308296005320203,0.13125169411288337,0.7931526575127191
2025-03-15,ETHUSDT,1,0.1710105177005201,1912.59582,1936.2014150000002,0.13082960053202028,0.13244432254065183,3.773531098506174
2025-03-15,DOGEUSDT,1,1901.3059558975353,0.17202597,0.17585203000000002,0.1308296005320203,0.13373940479826885,7.009941660291073
2025-03-16,BTCUSDT,1,0.003921906697852834,84380.60922,82533.242735,0.13237315058752824,0.12947507099116412,-7.507047212489006
2025-03-16,ETHUSDT,1,0.17074690670069861,1938.14859,1886.0565000000001,0.13237315058752824,0.12881532529509848,-9.155751706957
2025-03-16,DOGEUSDT,-1,1881.9895735898447,0.175842035,0.16825408499999997,0.13237315058752824,0.12666097347355978,14.021408660860045
2025-03-17,BTCUSDT,1,0.003995027392404276,82615.80726,83968.024985,0.13202096521971682,0.13418182396046466,5.13594406268939
2025-03-17,ETHUSDT,1,0.17482020196746953,1887.953505,1925.346845,0.1320209652197168,0.13463580972013212,6.270454476098423
2025-03-17,DOGEUSDT,1,1961.5142663493561,0.16826408999999998,0.17323334,0.1320209652197168,0.13591986712693943,9.479313935709953
2025-03-18,BTCUSDT,-1,0.0040136034804156544,83968.01499000001,82756.387515,0.13480572688298317,0.13286052998273223,4.595325993761579
2025-03-18,ETHUSDT,-1,0.17504174254362703,1925.3368500000001,1932.5057699999998,0.13480572688298315,0.13530767098256546,-1.5249736468213402
2025-03-18,DOGEUSDT,-1,1945.3234215761192,0.17324333500000003,0.16810401,0.13480572688298315,0.13080666716554645,9.732036899543216
2025-03-19,BTCUSDT,-1,0.0041280587886251205,82673.672485,86889.36297,0.13651271211584765,0.14347375937853865,-17.682604628221927
2025-03-19,ETHUSDT,-1,0.1767773416770507,1930.5742300000002,2057.08803,0.13651271211584765,0.14545862141563246,-22.646744582993488
2025-03-19,DOGEUSDT,1,2030.0614454399833,0.168114015,0.17790100500000003,0.13651271211584762,0.14445998854221032,19.587218365248653
2025-03-20,BTCUSDT,-1,0.0038520516065218596,86802.507035,84265.501695,0.13374709466971874,0.1298380244714381,9.509090376560394
2025-03-20,ETHUSDT,-1,0.16270762100940395,2055.021975,1984.7818949999998,0.1337470946697187,0.12917565614319462,11.165673565497343
2025-03-20,DOGEUSDT,-1,1879.4101358223875,0.177911,0.169574745,0.1337470946697187,0.12748019781299869,15.406014849317367
2025-03-21,BTCUSDT,1,0.004110753476790026,84265.49169,84046.745605,0.1385578651752354,0.13819818068345624,-1.1759672753066135
2025-03-21,ETHUSDT,1,0.17452530366722663,1984.7818949999998,1964.767125,0.1385578651752354,0.13716063165040354,-3.768802308905297
2025-03-21,DOGEUSDT,1,2042.846071288692,0.16956474,0.167186365,0.1385578651752354,0.13661440356531493,-5.133826293541769
2025-03-22,BTCUSDT,-1,0.004081480234713929,84046.745605,83882.51029499999,0.13721405239153492,0.13694592312289205,0.39616319609276224
2025-03-22,ETHUSDT,1,0.17441965831151254,1966.7228699999998,1979.6996550000001,0.13721405239153492,0.13811941495380772,1.9880729383366698
2025-03-22,DOGEUSDT,1,2049.7620561324366,0.167353635,0.167286315,0.13721405239153492,0.1371588563988874,-0.41236289040927754
2025-03-23,BTCUSDT,1,0.004097307303411304,83882.51029499999,86039.45875,0.13747696882407093,0.14101204108717225,8.559191647842065
2025-03-23,ETHUSDT,1,0.17343571991907458,1981.67034,2004.9870050000002,0.13747696882407093,0.1390945458562257,3.767371065706642
2025-03-23,DOGEUSDT,-1,2054.516067618426,0.167286315,0.1726863,0.13747696882407093,0.1419147112030303,-11.37374762742558
2025-03-24,BTCUSDT,-1,0.003998282091574467,86039.45875,87541.90908,0.13760401083555407,0.1400068989347217,-6.2848311576893945
2025-03-24,ETHUSDT,1,0.17140569396401165,2006.9929949999998,2080.1594,0.13760401083555407,0.14262046620510485,12.2609139468363
2025-03-24,DOGEUSDT,-1,1993.9871279066047,0.17252369500000003,0.1830915,0.13760401083555407,0.14603283769164485,-21.355703988754172
2025-03-25,BTCUSDT,1,0.003871100027980062,87541.90908,87349.173565,0.13555339467560643,0.13525495529260273,-1.016906807477434
2025-03-25,ETHUSDT,-1,0.1629122684968354,2080.1594,2067.183075,0.13555339467560643,0.13470779365860555,1.8437413541680001
2025-03-25,DOGEUSDT,-1,1852.8499546183605,0.18289850500000002,0.19071531,0.1355533946756064,0.14134674139141062,-14.760266925577557
2025-03-26,BTCUSDT,-1,0.003826469757439677,87349.18356,86952.624585,0.13369560369175482,0.1330886353218033,1.2506366858652462
2025-03-26,ETHUSDT,-1,0.16184913672491713,2065.12692,2010.5247599999998,0.13369560369175482,0.13016067870802847,8.573456176916077
2025-03-26,DOGEUSDT,-1,1754.2160852728048,0.190534685,0.19499745,0.13369560369175482,0.13682706535087177,-8.09917681683508
2025-03-27,BTCUSDT,1,0.003850533354716706,86952.624585,87188.393995,0.13392559249788094,0.1342887276887717,0.6396236570402569
2025-03-27,ETHUSDT,-1,0.16669725704680355,2008.5152400000002,2004.66183,0.13392559249788094,0.13366865134697026,0.37475863343189997
2025-03-27,DOGEUSDT,1,1717.0172289160826,0.19499745,0.19036477,0.13392559249788094,0.13074383594745895,-8.219060804500298
2025-03-28,BTCUSDT,-1,0.003812576496810908,87188.393995,84466.59219,0.13296496869601054,0.12881413765972233,10.115298484364812
2025-03-28,ETHUSDT,-1,0.16598477348843577,2002.6681650000003,1897.84845,0.13296496869601054,0.12600557803545157,17.139506104665983
2025-03-28,DOGEUSDT,1,1744.3497589685041,0.190565235,0.18014988,0.13296496869601054,0.125697759902482,-18.426684712419878
2025-03-29,BTCUSDT,1,0.003970269424522444,84466.59219,82607.21573,0.1341420513462253,0.13118916114309942,-7.647556720304103
2025-03-29,ETHUSDT,1,0.17670279645646275,1897.84845,1827.16596,0.13414205134622534,0.12914613388882296,-12.753081828740997
2025-03-29,DOGEUSDT,1,1859.6734054497567,0.18033012,0.169485215,0.13414205134622534,0.1260748587809737,-20.42819832325632
2025-03-30,BTCUSDT,1,0.0038909914515471698,82689.85426499999,82348.795005,0.1286982064299185,0.12816738296386612,-1.5839242545247103
2025-03-30,ETHUSDT,1,0.17591296036460993,1829.004045,1806.8361300000001,0.1286982064299185,0.1271383570088141,-4.155460116199734
2025-03-30,DOGEUSDT,1,1896.3599700020034,0.16966479,0.16643674,0.1286982064299185,0.1262495885094525,-6.376492596104357
2025-03-31,BTCUSDT,1,0.003854207019796167,82431.19499999999,82508.734995,0.12708275616767467,0.12720229824489226,0.044570138631445655
2025-03-31,ETHUSDT,1,0.17566028099229214,1808.6438699999999,1821.5187850000002,0.12708275616767467,0.12798740064233546,2.0065410298419244
2025-03-31,DOGEUSDT,-1,1908.760123286207,0.166446735,0.16674333,0.12708275616767467,0.1273092076511811,-0.8205206725848955
2025-04-01,BTCUSDT,1,0.0038517033094736643,82591.275,85115.76083,0.12724683490045982,0.13113626307091197,9.465187328159018
2025-04-01,ETHUSDT,-1,0.17464386855123729,1821.5187850000002,1905.93249,0.1272468349004598,0.13314376930043695,-15.002726604143767
2025-04-01,DOGEUSDT,-1,1909.7337415326497,0.16657667,0.17406698999999998,0.12724683490045982,0.13296864163601052,-14.564732315413243
2025-04-02,BTCUSDT,-1,0.0036587382929809315,85115.77082500001,82557.548145,0.1245665320216067,0.12082258510909134,9.114478164157683
2025-04-02,ETHUSDT,-1,0.16355663372427676,1904.0275100000001,1796.11761,0.1245665320216067,0.11750678002579736,17.407306677475948
2025-04-02,DOGEUSDT,-1,1790.7472619809914,0.17390300500000003,0.163911915,0.12456653202160668,0.11740992519692439,17.649540604487196
2025-04-03,BTCUSDT,1,0.003950458220419068,82557.53813999999,83171.483455,0.1304560420810895,0.1314261882077013,2.1634830862407513
2025-04-03,ETHUSDT,1,0.18158160696765366,1796.107605,1816.3213850000002,0.1304560420810895,0.13192422234320578,3.408070390866372
2025-04-03,DOGEUSDT,1,1989.7278681828818,0.163911915,0.162228845,0.1304560420810895,0.12911650156784849,-3.608423826751463
2025-04-04,BTCUSDT,1,0.00392523779816081,83254.696545,83847.925065,0.13071779270113687,0.13164921790499728,2.0661959990448784
2025-04-04,ETHUSDT,-1,0.17992106708188216,1816.3213850000002,1817.7784349999997,0.13071779270113687,0.1308226542974535,-0.5236944377901616
2025-04-04,DOGEUSDT,1,2012.2669182464101,0.16240116,0.17119436,0.13071779270113684,0.1377954988873466,17.42575217393585
2025-04-05,BTCUSDT,1,0.003968903010805669,83931.81493499999,83496.22100500001,0.13324689319916228,0.13255536117505604,-1.9946323146397873
2025-04-05,ETHUSDT,-1,0.18343747244472575,1815.9715600000002,1806.9130049999999,0.13324689319916225,0.1325822218258816,1.3958493181765432
2025-04-05,DOGEUSDT,1,1943.8974639134524,0.17136563999999999,0.16889551,0.13324689319916225,0.13132622142214764,-5.066252557157821
2025-04-06,BTCUSDT,-1,0.0039669925635739895,83496.22100500001,78469.215,0.13249155512534616,0.12451471694979542,19.685089166801717
2025-04-06,ETHUSDT,-1,0.1834944159565887,1805.11699,1581.55038,0.13249155512534616,0.11608226531360837,40.7746507089055
2025-04-06,DOGEUSDT,1,1959.186626436843,0.16906448999999998,0.14919536500000002,0.13249155512534613,0.1169206255337454,-39.176736159660955
2025-04-07,BTCUSDT,1,0.0043115408047013195,78469.215,79123.65838000001,0.13532928895415233,0.136457952689047,2.549872095593502
2025-04-07,ETHUSDT,1,0.21391736009205922,1581.560385,1552.26348,0.13532928895415233,0.1328224423235652,-6.535268307745552
2025-04-07,DOGEUSDT,1,2265.3858465379813,0.149344635,0.14950521,0.13532928895415233,0.13547479468707546,0.09296024866659977
2025-04-08,BTCUSDT,1,0.004255223953356999,79202.82162,76284.25879,0.13481029749235426,0.1298426421069169,-12.683791403192643
2025-04-08,ETHUSDT,-1,0.21711890286234498,1552.26348,1474.146705,0.13481029749235424,0.12802604609909637,16.697792139553197
2025-04-08,DOGEUSDT,1,2252.021092882397,0.14965478999999998,0.14217887499999998,0.13481029749235424,0.1280759301849159,-17.098804496273175
2025-04-09,BTCUSDT,1,0.004356490445806304,76360.58120999999,82573.91239000001,0.13306565699103257,0.14389298415995277,26.791359281149525
2025-04-09,ETHUSDT,1,0.2256655605234225,1474.146705,1668.6752450000001,0.13306565699103254,0.15062501379779375,43.61470134611419
2025-04-09,DOGEUSDT,1,2337.4192866841195,0.142321125,0.160229845,0.13306565699103257,0.14980973200216283,41.57731213883247
2025-04-10,BTCUSDT,1,0.004476257884257538,82656.52760999999,79567.49635,0.14799677335984535,0.14246585314692817,-14.11776315879972
2025-04-10,ETHUSDT,-1,0.22172794527170764,1668.6752450000001,1523.011125,0.14799677335984535,0.13507765094888075,32.01473160310276
2025-04-10,DOGEUSDT,-1,2309.276493515712,0.16021985,0.153646785,0.14799677335984535,0.14192516356190502,14.889102557929078
2025-04-11,BTCUSDT,1,0.00478260484408325,79647.10365,83382.12808,0.1523682494934763,0.15951350786615118,17.551264174327603
2025-04-11,ETHUSDT,1,0.2501118474119643,1523.00112,1566.066575,0.15236824949347627,0.15667672169735103,10.462135538496026
2025-04-11,DOGEUSDT,1,2479.358287342983,0.15363678,0.15995998,0.1523682494934763,0.15863924082248715,15.366470832211192
2025-04-12,BTCUSDT,1,0.004737051620472134,83465.541915,85234.26155,0.15815223223281422,0.16150363871806928,8.058860342186755
2025-04-12,ETHUSDT,-1,0.2524672877218106,1566.066575,1645.00209,0.15815223223281422,0.16612368638360392,-20.25291129559069
2025-04-12,DOGEUSDT,1,2469.4306635474086,0.160110015,0.16754618500000001,0.15815223223281422,0.16549747471975476,18.039456510398814
2025-04-13,BTCUSDT,1,0.004656952085378144,85319.548455,83718.12000000001,0.15893161964041352,0.15594850940717508,-7.772655712143674
2025-04-13,ETHUSDT,-1,0.24177729642409793,1643.367905,1598.5588799999998,0.15893161964041352,0.15459809767245358,10.520275202587008
2025-04-13,DOGEUSDT,-1,2371.318378713538,0.16755618000000003,0.16268129999999997,0.15893161964041355,0.15430766262520426,11.246653255757563
2025-04-14,BTCUSDT,1,0.004796954515615888,83801.87999999999,84549.28421000001,0.1607975226732403,0.16223162827330026,3.2622348492033924
2025-04-14,ETHUSDT,-1,0.2517242290050873,1596.9611200000002,1624.5818849999998,0.1607975226732403,0.16357864898290253,-7.277191945811758
2025-04-14,DOGEUSDT,1,2471.051108413203,0.16268129999999997,0.15846073,0.16079752267324032,0.15662582500258612,-10.746667524311286
2025-04-15,BTCUSDT,1,0.004691658764724927,84633.87578999999,83602.16800500001,0.15882930605711773,0.15689313770826568,-5.156143315895465
2025-04-15,ETHUSDT,-1,0.24465869828014936,1622.96811,1589.57439,0.1588293060571177,0.155561280430745,7.855673479443934
2025-04-15,DOGEUSDT,1,2503.3103805281307,0.15861926999999998,0.15348322,0.1588293060571177,0.15368645514515314,-13.169643041113716
2025-04-16,BTCUSDT,1,0.004703105796959403,83685.811995,83988.36481000001,0.1574332910067757,0.1580024661660209,1.1075021409401706
2025-04-16,ETHUSDT,-1,0.24785218601542516,1587.975615,1577.92857,0.1574332910067757,0.15643721818027753,2.1763115570583005
2025-04-16,DOGEUSDT,1,2561.777378547892,0.15363678,0.15463264499999999,0.1574332910067757,0.1584537647784107,2.235297373302371
2025-04-17,BTCUSDT,1,0.0047033622666956725,84072.39519,84905.43604500001,0.1581691724829491,0.15973640965255828,3.600187341887459
2025-04-17,ETHUSDT,-1,0.2508453486213498,1576.3614250000003,1584.4118099999998,0.15816917248294912,0.1589769331356935,-2.336547737479615
2025-04-17,DOGEUSDT,1,2554.4552646593766,0.15479736,0.15580206,0.15816917248294912,0.15919575696471042,2.2490962749556087
2025-04-18,BTCUSDT,-1,0.004671005944428115,84905.44604000001,84516.927345,0.15863753726686425,0.15791162801331765,1.4982239685863006
2025-04-18,ETHUSDT,1,0.25030824456753686,1584.421815,1587.8057,0.15863753726686425,0.15897634299253163,0.5294004339090146
2025-04-18,DOGEUSDT,1,2542.79072002366,0.155967945,0.15751120500000002,0.15863753726686422,0.16020721214949774,3.605342457167399
2025-04-19,BTCUSDT,1,0.004714694016146198,84516.93735,85034.471495,0.15938859951481923,0.1603646055694524,2.1202619314986255
2025-04-19,ETHUSDT,-1,0.2509573424424967,1587.8057,1614.076635,0.15938859951481926,0.1620257531272511,-6.914298383721643
2025-04-19,DOGEUSDT,1,2527.4296395846254,0.15765879,0.157271325,0.15938859951481926,0.1589968833046986,-1.2976760081211836
2025-04-20,BTCUSDT,1,0.004657460965521252,85119.5385,85136.65038,0.15857637118677334,0.15860825035203205,-0.23748670839206898
2025-04-20,ETHUSDT,1,0.2456162097638642,1614.0666299999998,1586.56632,0.15857637118677334,0.15587456242296083,-7.068972843141001
2025-04-20,DOGEUSDT,-1,2520.745138803487,0.157271325,0.15533763,0.1585763711867733,0.15662663027830187,4.5591492697134965
2025-04-21,BTCUSDT,-1,0.00464576837481392,85136.65038,87559.98811499999,0.15821006314919742,0.16271336947349985,-11.579189243378798
2025-04-21,ETHUSDT,1,0.2490471563639821,1588.15368,1578.780215,0.15821006314919742,0.1572762892277865,-2.6499211559042717
2025-04-21,DOGEUSDT,-1,2548.612219892348,0.155192365,0.159469695,0.15821006314919744,0.16257056535180228,-11.222036135013127
2025-04-22,BTCUSDT,1,0.0044203008122652605,87559.97811,93396.26850500001,0.15481657694462458,0.16513584061407838,25.478206756075817
2025-04-22,ETHUSDT,1,0.24490716989584838,1580.3597849999999,1755.3818700000002,0.15481657694462456,0.17196224234727284,42.53738468732879
2025-04-22,DOGEUSDT,-1,2429.4815226269347,0.159310305,0.178719315,0.15481657694462456,0.1736781094116171,-47.48232585383759
2025-04-23,BTCUSDT,1,0.004213146643904406,93489.711495,93644.23446,0.15755434568990015,0.15781475685445853,0.3356588088515957
2025-04-23,ETHUSDT,-1,0.22438884309044224,1755.371875,1795.9675349999998,0.15755434568990018,0.16119803096265733,-9.42796555854544
2025-04-23,DOGEUSDT,-1,2206.017161204597,0.17855068,0.17872932,0.15755434568990015,0.1577119788521712,-0.7093492302196776
2025-04-24,BTCUSDT,1,0.004167136033859526,93737.91553500001,93933.47976500001,0.15624745822591168,0.1565734353258185,0.502121856215277
2025-04-24,ETHUSDT,-1,0.21771400304781668,1794.18246,1770.534825,0.15624745822591168,0.15418808971452622,4.837985730523227
2025-04-24,DOGEUSDT,1,2185.5319852656476,0.17872932,0.18244873000000003,0.15624745822591168,0.15949901403443847,7.813143049056626
2025-04-25,BTCUSDT,-1,0.004205136054062775,93933.47976500001,94685.99934,0.15800122497735106,0.15926700385583925,-3.4817154250536193
2025-04-25,ETHUSDT,-1,0.22332263215951553,1768.75518,1785.4923,0.15800122497735108,0.15949633605461894,-4.05527525420159
2025-04-25,DOGEUSDT,1,2162.8446346749806,0.18263126999999998,0.18149920500000002,0.15800122497735108,0.1570218326928098,-2.763503769023406
2025-04-26,BTCUSDT,1,0.004135453678720729,94685.99934,94580.686,0.1566278257175806,0.15645361834185206,-0.7485998833807721
2025-04-26,ETHUSDT,1,0.2193062183992345,1785.4923,1819.9695600000002,0.1566278257175806,0.15965225672212752,7.2447974289275585
2025-04-26,DOGEUSDT,1,2155.2611782326885,0.18168079499999998,0.18182904,0.1566278257175806,0.15675562839492746,0.006123239254637924
2025-04-27,BTCUSDT,1,0.004158813822952326,94675.314,93702.42535,0.15749480182222075,0.15587637671589538,-4.359433944351516
2025-04-27,ETHUSDT,-1,0.21634382000984287,1819.9595649999999,1792.1856449999998,0.15749480182222075,0.15509131544244165,5.696129832183132
2025-04-27,DOGEUSDT,-1,2165.3051807910874,0.181839035,0.17941966499999998,0.15749480182222075,0.15539933206412052,4.9257802613642605
2025-04-28,BTCUSDT,1,0.004220049914656975,93796.16464499998,94963.67440999999,0.15832979864211352,0.1603005784357733,4.60831910707159
2025-04-28,ETHUSDT,1,0.22086132522576019,1792.1856449999998,1798.9800600000003,0.15832979864211352,0.15893004804252708,1.1833636543492592
2025-04-28,DOGEUSDT,1,2206.260781082154,0.17940966,0.178980465,0.15832979864211347,0.15795103220373885,-1.2631969267823928
2025-04-29,BTCUSDT,1,0.004179880980021623,95058.68559,94209.69159000002,0.15893359675339863,0.15751411920429767,-3.8651415887100775
2025-04-29,ETHUSDT,-1,0.22086625678524557,1798.9800600000003,1798.708905,0.15893359675339863,0.15890964115745518,-0.2579542480521705
2025-04-29,DOGEUSDT,1,2217.642529436067,0.17916954,0.17457267,0.15893359675339863,0.15485591098768314,-10.508003922029799
2025-04-30,BTCUSDT,1,0.004161617464035575,94303.94841,94124.914,0.15698278345222638,0.15668475436129867,-1.058740265132801
2025-04-30,ETHUSDT,-1,0.21840644187828662,1796.911095,1794.5068049999998,0.15698278345222635,0.15677273848256892,0.2113569022087883
2025-04-30,DOGEUSDT,1,2245.9824117747357,0.174737325,0.17215388,0.15698278345222635,0.15466183463951141,-6.114016649879097
2025-05-01,BTCUSDT,1,0.004140737386898781,94219.086,96441.665045,0.15605459678385258,0.1597358432426403,8.88732570694282
2025-05-01,ETHUSDT,-1,0.2176222710432119,1792.72319,1839.0290549999997,0.15605459678385258,0.16008547178542074,-10.39332757248961
2025-05-01,DOGEUSDT,1,2263.942877374779,0.17232612,0.180559675,0.15605459678385258,0.16351071606294199,18.320732884876712
2025-05-02,BTCUSDT,1,0.0040993267739335,96538.14494999999,96838.69643000001,0.15829656091976324,0.158789384411327,0.9149727835783459
2025-05-02,ETHUSDT,-1,0.21540687230585975,1837.18095,1843.1210999999998,0.15829656091976324,0.1588083805727743,-1.5966540740201696
2025-05-02,DOGEUSDT,-1,2191.748530226409,0.180559675,0.181600755,0.15829656091976324,0.1592092751437025,-2.599291395911575
2025-05-03,BTCUSDT,1,0.004071237526362391,96935.573565,95808.49179,0.1578590978949161,0.15602365084785244,-4.902500366401897
2025-05-03,ETHUSDT,1,0.21411927015392004,1843.1210999999998,1832.6032400000001,0.15785909789491612,0.1569582672922037,-2.566893871968165
2025-05-03,DOGEUSDT,1,2173.161365641295,0.181600755,0.17555218,0.15785909789491612,0.1526012860920426,-13.454989891170756
2025-05-04,BTCUSDT,1,0.004042287521505938,95904.34821,94230.48119,0.15506918001097733,0.15236267930393482,-7.073683626921204
2025-05-04,ETHUSDT,1,0.2113307792782365,1834.4367599999998,1807.95557,0.1550691800109773,0.15283066380341132,-5.904190362729378
2025-05-04,DOGEUSDT,1,2205.9733015783218,0.175737825,0.17040475500000002,0.15506918001097733,0.15036333599679802,-12.070042551456005
2025-05-05,BTCUSDT,1,0.004021464666690253,94324.748805,94686.31316,0.1517294578054965,0.15231106511684336,1.14997775544485
2025-05-05,ETHUSDT,1,0.20959835336897478,1809.7644299999997,1819.279905,0.1517294578054965,0.15252722896210597,1.6901712047561224
2025-05-05,DOGEUSDT,1,2223.921148961777,0.17056523999999998,0.17053469000000002,0.15172945780549646,0.15170228148905618,-0.37137253039525164
2025-05-06,BTCUSDT,1,0.004010786783480763,94781.04683999998,96785.60299000001,0.15205862799613723,0.15527456692140332,7.732514118247674
2025-05-06,ETHUSDT,-1,0.2089544159453259,1819.279905,1817.9085,0.1520586279961372,0.1519440035438174,-0.017441500740435045
2025-05-06,DOGEUSDT,-1,2229.1451081908494,0.17053469000000002,0.172276095,0.1520586279961372,0.15361136577098883,-4.187514430896154
2025-05-07,BTCUSDT,-1,0.003939867200689054,96785.60299000001,97079.01525,0.1525289690876854,0.15299137122346698,-1.4615256797651333
2025-05-07,ETHUSDT,-1,0.20996872829326793,1816.0915,1812.0155549999997,0.15252896908768535,0.15218664069238802,0.5511053784632882
2025-05-07,DOGEUSDT,-1,2215.5236893662477,0.17211390000000001,0.17210601,0.15252896908768537,0.15252197689492172,-0.2875704640734844
2025-05-08,BTCUSDT,1,0.00392384586394008,97079.01525,103209.9692,0.15236923698563537,0.16199200430512123,23.74255705742388
2025-05-08,ETHUSDT,1,0.21022065258379552,1812.0155549999997,2206.286305,0.15236923698563537,0.1855227787295164,82.54596234398741
2025-05-08,DOGEUSDT,1,2213.4336730482987,0.172096005,0.19807091500000001,0.15236923698563534,0.17536673316499496,57.1660044782484
2025-05-09,BTCUSDT,1,0.004214444638118796,103313.240805,102920.50400500001,0.17416317350292332,0.17350110650254255,-2.0028317809573335
2025-05-09,ETHUSDT,-1,0.19734879048587858,2206.286305,2346.21252,0.1741631735029233,0.18520888121793008,-27.973641342237848
2025-05-09,DOGEUSDT,-1,2198.131731913531,0.19808091,0.20540265,0.1741631735029233,0.18060083311365152,-16.448913033437133
2025-05-10,BTCUSDT,1,0.004076088493255763,103023.475995,104757.125235,0.16797312201537234,0.17079972510277458,6.7277348713874465
2025-05-10,ETHUSDT,1,0.17898327685951945,2346.21252,2581.9383850000004,0.16797312201537232,0.18484951711867023,41.83816511911072
2025-05-10,DOGEUSDT,1,2044.4371337878595,0.20540265,0.25050468500000006,0.16797312201537234,0.2048564320807323,91.83544560930376
2025-05-11,BTCUSDT,1,0.004450931165991424,104861.934765,104065.941,0.18669330142867924,0.1852761360460499,-3.914882894048047
2025-05-11,ETHUSDT,1,0.18058856913848345,2584.5116099999996,2513.3127150000005,0.18669330142867926,0.18155021879976288,-13.225950092519401
2025-05-11,DOGEUSDT,-1,1863.2460974390237,0.25049469,0.231925905,0.18669330142867924,0.1728540149545055,34.23866886905116
2025-05-12,BTCUSDT,1,0.004535204613824713,104170.059,102739.92434000001,0.18897301287967705,0.18637863155630802,-6.861304952858539
2025-05-12,ETHUSDT,-1,0.18797129804281784,2513.32271,2496.7177349999997,0.18897301287967705,0.18772450939778962,2.7445611824411094
2025-05-12,DOGEUSDT,1,2036.9976876847484,0.231925905,0.230894495,0.18897301287967705,0.18813262096565508,-2.478085418900223
2025-05-13,BTCUSDT,1,0.004572363271282692,102842.71566,104051.66814000001,0.18809370232110134,0.19030481028761262,5.149371403669442
2025-05-13,ETHUSDT,-1,0.18852865602931193,2494.23226,2681.0498549999998,0.18809370232110134,0.20218189036429263,-35.610745700663614
2025-05-13,DOGEUSDT,1,2034.4526715205006,0.23113551,0.24065961,0.18809370232110137,0.19584423459663272,18.992392751910682
2025-05-14,BTCUSDT,-1,0.004482496727749167,104051.66814000001,103559.57391,0.18656450478175693,0.18568218047146923,1.8335640904660306
2025-05-14,ETHUSDT,-1,0.1741399570276319,2678.3701450000003,2611.0448699999997,0.18656450478175693,0.18187489658360748,11.355581094008242
2025-05-14,DOGEUSDT,-1,1938.0537596416461,0.24065961,0.23289638999999998,0.1865645047817569,0.18054628969858683,14.678426913444905
2025-05-15,BTCUSDT,1,0.004593495209908779,103559.583915,103711.828145,0.1902801810614795,0.19055991431797603,0.31849304586184624
2025-05-15,ETHUSDT,-1,0.18236935410082614,2608.445125,2549.964345,0.19028018106147948,0.18601414023111446,10.288807754619976
2025-05-15,DOGEUSDT,1,2042.4533755447064,0.232906395,0.219280305,0.1902801810614795,0.17914791965508914,-28.200081616692497
2025-05-16,BTCUSDT,-1,0.0045302083743500145,103711.828145,103515.63195,0.18793447695265145,0.18757895309440958,0.5132962155575989
2025-05-16,ETHUSDT,1,0.18425134056020157,2549.9743499999995,2535.85144,0.18793447695265142,0.18689361091260703,-2.9769931879762597
2025-05-16,DOGEUSDT,1,2140.3892054958324,0.2195097,0.22099944500000002,0.1879344769526514,0.18920993059942798,2.8114897093893405
2025-05-17,BTCUSDT,1,0.0045399145466353125,103515.63195,103075.086675,0.18798084931758086,0.18718083415661127,-2.3751995858981316
2025-05-17,ETHUSDT,1,0.18513724746529395,2538.398565,2473.84246,0.18798084931758083,0.1832001534828686,-12.32292058958097
2025-05-17,DOGEUSDT,1,2124.3601133445854,0.22122055499999999,0.21446271500000003,0.18798084931758083,0.18223841501823504,-14.726305012700303
2025-05-18,BTCUSDT,1,0.004459701004078799,103178.21332499999,106401.03287,0.18405759262582358,0.1898067172501441,13.998947250925335
2025-05-18,ETHUSDT,1,0.1858170913188138,2476.327545,2496.5311100000004,0.1840575926258236,0.18555925969885187,3.384550830245962
2025-05-18,DOGEUSDT,1,2143.321952429317,0.21468728999999998,0.23292348000000002,0.1840575926258236,0.19969200316809244,38.70227675987815
2025-05-19,BTCUSDT,1,0.0044958266105715764,106507.497135,105520.95313000001,0.19153569593796357,0.18976156362189206,-4.8166280497386635
2025-05-19,ETHUSDT,1,0.19161012574164715,2499.02889,2526.87593,0.19153569593796357,0.19367000587233665,4.950569134122398
2025-05-19,DOGEUSDT,-1,2055.3381922627577,0.232973455,0.224562225,0.19153569593796357,0.18462052703280107,16.911766039935493
2025-05-20,BTCUSDT,1,0.00458711653664527,105626.51686499998,106796.56500500001,0.1938084568878728,0.19595531575653888,4.977383399020757
2025-05-20,ETHUSDT,1,0.19155545290938117,2529.4040699999996,2522.927905,0.1938084568878728,0.19331223899999647,-1.6276654155786718
2025-05-20,DOGEUSDT,1,2157.5291932563614,0.22457222999999998,0.22613687500000001,0.1938084568878728,0.19515876379370586,2.986800043901088
2025-05-21,BTCUSDT,1,0.004552083479977026,106903.42499999999,109589.16800500001,0.19465332595818519,0.199543616503995,11.831529422062292
2025-05-21,ETHUSDT,1,0.19269156435749493,2525.452095,2549.714505,0.19465332595818519,0.19652339065337834,4.28398502137133
2025-05-21,DOGEUSDT,1,2149.6955707396146,0.22637312999999998,0.23392298,0.19465332595818519,0.2011452776000846,15.834080501190265
2025-05-22,BTCUSDT,1,0.0045331683254661885,109698.811995,111640.36189500001,0.19891327195080175,0.2024338209543986,8.400025416086901
2025-05-22,ETHUSDT,1,0.1948391464310982,2552.2754999999997,2663.48759,0.19891327195080175,0.20758065942616918,21.26197475704159
2025-05-22,DOGEUSDT,-1,2125.8415050842987,0.23392298,0.24570278999999998,0.19891327195080175,0.20893007555880455,-25.449852367516623
2025-05-23,BTCUSDT,1,0.004462442955907295,111752.06811,107264.64085000001,0.1994748916582167,0.19146493639160336,-20.415827994583115
2025-05-23,ETHUSDT,1,0.1870430797238366,2666.162415,2525.23675,0.1994748916582167,0.18893122350072483,-26.747576508888585
2025-05-23,DOGEUSDT,1,2029.553361865188,0.24571279499999998,0.225097395,0.1994748916582167,0.1827388699077385,-42.22226813776151
2025-05-24,BTCUSDT,1,0.00436698751372087,107371.95915,107708.029045,0.18755680197271893,0.18814384718679994,1.091912386042999
2025-05-24,ETHUSDT,1,0.1854975385193492,2527.7532449999994,2529.1348000000003,0.18755680197271896,0.18765931199345065,-0.11894106213691352
2025-05-24,DOGEUSDT,1,2080.9807561553685,0.22532260499999998,0.22500744,0.18755680197271896,0.1872944610527135,-1.0307035630390942
2025-05-25,BTCUSDT,1,0.004348832394670757,107815.78094999999,108949.68790500001,0.18754910434083452,0.18952157286021315,4.554100621245549
2025-05-25,ETHUSDT,1,0.18520257255988978,2531.6752049999996,2549.94439,0.1875491043408345,0.18890250436506356,3.007048451866756
2025-05-25,DOGEUSDT,1,2081.7272638204986,0.22523255999999997,0.22479754500000002,0.1875491043408345,0.1871868713065662,-1.2803185613181816
2025-05-26,BTCUSDT,-1,0.004322787305522986,108949.6979,109489.507395,0.18838654840907373,0.18931994106202843,-2.7111881218578504
2025-05-26,ETHUSDT,-1,0.18469672235584883,2549.94439,2564.9818499999997,0.18838654840907373,0.18949749623889658,-3.1552536192050704
2025-05-26,DOGEUSDT,-1,2095.0690143110073,0.22479754500000002,0.22607297999999998,0.18838654840907373,0.1894553981483808,-3.049966294825138
2025-05-27,BTCUSDT,1,0.004274329923570047,109489.49738999999,108883.70091500001,0.18719769400428862,0.18616194440401437,-2.9627336390939756
2025-05-27,ETHUSDT,-1,0.18263773030593056,2562.41815,2662.1404049999996,0.18719769400428862,0.19448291252996427,-18.594726920723428
2025-05-27,DOGEUSDT,-1,2072.1736111936366,0.22584702,0.22609298999999997,0.1871976940042886,0.1874015710215467,-0.8842918081710438
2025-05-28,BTCUSDT,1,0.004225181211814849,108992.63908499999,107727.88911,0.1842054603552235,0.1820679412224182,-5.710071233590876
2025-05-28,ETHUSDT,-1,0.17315930972129107,2659.4795950000002,2682.9408,0.18420546035522353,0.18583047078043538,-4.432561994165294
2025-05-28,DOGEUSDT,-1,2038.7805783419994,0.22587700500000002,0.22107047999999999,0.1842054603552235,0.18028568042749737,9.434958678532627
2025-05-29,BTCUSDT,1,0.004268325643758147,107835.67089,105536.95512500001,0.18411110374866038,0.18018643676967616,-10.175964987978904
2025-05-29,ETHUSDT,-1,0.17172818321021327,2680.2691950000003,2632.7056949999997,0.18411110374866038,0.18084390637181275,7.80303843199862
2025-05-29,DOGEUSDT,1,2082.04080152018,0.22107047999999999,0.21476256500000002,0.18411110374866038,0.17885776918765195,-13.496305275457416
2025-05-30,BTCUSDT,1,0.0043068634513320015,105642.54487499999,103933.48726,0.18199520617113532,0.17905093505982966,-7.721723919495094
2025-05-30,ETHUSDT,1,0.17282144992201204,2632.7056949999997,2530.0743300000004,0.18199520617113532,0.17490044564842527,-18.093796958594673
2025-05-30,DOGEUSDT,1,2116.4454559048877,0.214977435,0.193473215,0.18199520617113535,0.16379020269042377,-45.85829411064054
2025-05-31,BTCUSDT,1,0.004143668371296216,104037.462735,104539.58406000001,0.17243869750597127,0.17327094720715364,1.7349146082427835
2025-05-31,ETHUSDT,1,0.17021798767984336,2532.6156749999996,2526.79597,0.17243869750597127,0.17204245011637517,-1.3350996216125721
2025-05-31,DOGEUSDT,1,2225.856509522531,0.19367679,0.192413745,0.1724386975059713,0.17131415473194334,-3.1551097873077785
2025-06-01,BTCUSDT,1,0.00411086721549945,104644.17594,105590.10853499999,0.17207132486588095,0.17362676618302406,3.5429052018088774
2025-06-01,ETHUSDT,1,0.17007639474516134,2529.3240299999998,2537.940395,0.1720713248658809,0.17265750098388427,1.1207114691586804
2025-06-01,DOGEUSDT,1,2233.4597189727942,0.19260625499999998,0.193533185,0.17207132486588092,0.1728994291928039,1.7252900632488126
2025-06-02,BTCUSDT,1,0.004090116601194972,105695.751465,105805.06100500001,0.1729231790971097,0.17310201460279892,0.10106357052314499
2025-06-02,ETHUSDT,-1,0.17033877199421005,2537.9303999999997,2608.7137049999997,0.17292317909710972,0.17774603559766636,-12.407810466086392
2025-06-02,DOGEUSDT,-1,2233.6511559992673,0.19354318,0.19516753499999998,0.17292317909710972,0.174374476066511,-3.975540078666735
2025-06-03,BTCUSDT,-1,0.004034594133502016,105805.07100000001,105429.57844499999,0.1707522075005457,0.17014622347671501,1.1740616285994985
2025-06-03,ETHUSDT,-1,0.163799489834494,2606.1162900000004,2594.65668,0.1707522075005457,0.17000137619186478,1.5363246880099108
2025-06-03,DOGEUSDT,-1,2189.440025551117,0.194972465,0.193206555,0.17075220750054573,0.16920566588633731,3.5263961621341102
2025-06-04,BTCUSDT,1,0.00406868178611655,105429.58845,104644.51157,0.1715837784977115,0.17030608729676863,-3.5361178681516607
2025-06-04,ETHUSDT,1,0.16532480139874103,2594.646675,2606.37616,0.17158377849771153,0.1723594484089653,1.595231551227809
2025-06-04,DOGEUSDT,-1,2222.4329825535146,0.193013445,0.18821406,0.1715837784977115,0.16731725388972246,10.327410487585205
2025-06-05,BTCUSDT,1,0.004121796820924825,104749.20843,101457.92566,0.17270198172046636,0.1672755821772061,-13.905976422048347
2025-06-05,ETHUSDT,1,0.1654877840489675,2608.98384,2412.8029950000005,0.17270198172046639,0.15971576839570484,-32.79795106202004
2025-06-05,DOGEUSDT,1,2294.078915043387,0.18820405499999998,0.170964475,0.17270198172046636,0.1568823989275849,-39.87854136285167
2025-06-06,BTCUSDT,1,0.003967076956265643,101559.444345,104236.29578000001,0.16115765254087702,0.16540536279813112,10.292712627796185
2025-06-06,ETHUSDT,1,0.16681418752111113,2415.22701,2474.86195,0.16115765254087702,0.1651368341664651,9.621659577262855
2025-06-06,DOGEUSDT,1,2354.1025661154727,0.17114553,0.17869061,0.16115765254087705,0.16826240941669565,17.432472127588984
2025-06-07,BTCUSDT,1,0.003980647821692414,104340.57421499999,105499.373925,0.16613723178523016,0.1679823412017859,4.278653968402369
2025-06-07,ETHUSDT,1,0.16765700565696934,2477.33805,2523.367685,0.16613723178523016,0.16922410809546348,7.3818294357025955
2025-06-07,DOGEUSDT,1,2322.046714997325,0.17886939,0.185017445,0.16613723178523016,0.17184766015177932,13.9380860244359
2025-06-08,BTCUSDT,1,0.004013789429086116,105604.92607499998,105681.133,0.16955037437570225,0.16967272579569756,-0.03334455018315938
2025-06-08,ETHUSDT,-1,0.16797958518015252,2523.37768,2511.084915,0.16955037437570228,0.16872440094953542,1.7266587900918842
2025-06-08,DOGEUSDT,-1,2291.1290109628326,0.18500745,0.18427209,0.16955037437570228,0.16887645252390163,1.3463778026020028
2025-06-09,BTCUSDT,1,0.004016463843620322,105786.87700499999,110207.88849000001,0.169955666648037,0.1770583997607301,17.40981871532402
2025-06-09,ETHUSDT,1,0.169204741420166,2511.09492,2678.7899350000002,0.169955666648037,0.18130558330824734,28.023530400569616
2025-06-09,DOGEUSDT,-1,2308.202842367551,0.184077915,0.19499745,0.16995566664803702,0.18003746733776976,-25.554494858317717
2025-06-10,BTCUSDT,-1,0.003915467915091871,110207.88849000001,110329.52719499999,0.1726061805490471,0.1727966895277114,-0.8216753167374887
2025-06-10,ETHUSDT,-1,0.16108596114036755,2678.7899350000002,2817.8082,0.1726061805490471,0.18156373688248362,-22.748060751022802
2025-06-10,DOGEUSDT,-1,2215.1427246338294,0.19480255,0.19859925,0.1726061805490471,0.17597027350209404,-8.758808836668432
2025-06-11,BTCUSDT,-1,0.0038172937942355712,110219.25280500001,108699.44256,0.16829570789512324,0.16597508300846156,5.4672914257506156
2025-06-11,ETHUSDT,-1,0.1494632331976215,2815.001795,2772.995805,0.16829570789512327,0.16578436746349648,5.944271003708353
2025-06-11,DOGEUSDT,-1,2120.5467966858755,0.198410745,0.19303647,0.16829570789512324,0.16373714724081964,11.064368780623067
2025-06-12,BTCUSDT,1,0.003939589728400538,108699.452565,105618.894135,0.1712924987231342,0.16643804418370792,-12.47386689147255
2025-06-12,ETHUSDT,1,0.1544296573057949,2772.9858,2641.328675,0.17129249872313418,0.1631597928448877,-20.66621698718418
2025-06-12,DOGEUSDT,1,2218.3955539999024,0.19303647,0.18100945000000002,0.1712924987231342,0.1606202236447871,-27.012600418235763
2025-06-13,BTCUSDT,1,0.0038607896856839353,105724.57587,106013.556705,0.16327214081688188,0.1637184185077332,0.7887036678036962
2025-06-13,ETHUSDT,1,0.15438095095860785,2643.9813299999996,2577.9004050000003,0.16327214081688188,0.15919148640019215,-10.52409966894141
2025-06-13,DOGEUSDT,1,2252.6440498055026,0.18120055499999999,0.18030980000000002,0.16327214081688188,0.16246951923664812,-2.3322956106379524
2025-06-14,BTCUSDT,-1,0.003812321751417582,106013.556705,105467.34732,0.1616631152686451,0.16083018490093953,1.759832619094315
2025-06-14,ETHUSDT,1,0.1566211912524783,2580.479595,2529.4946200000004,0.16166311526864507,0.158468984260454,-8.305459620006829
2025-06-14,DOGEUSDT,1,2239.098776489549,0.18050020499999997,0.17815088,0.16166311526864507,0.1595589669754146,-5.581592815320275
2025-06-15,BTCUSDT,1,0.003793737395409675,105467.337315,105541.212995,0.1600461526264807,0.16015825859841162,-0.03993948139758366
2025-06-15,ETHUSDT,1,0.1580212440697,2532.0353849999997,2546.3361950000003,0.16004615262648073,0.16095008534144253,1.9388355494365839
2025-06-15,DOGEUSDT,1,2243.564790206309,0.178339125,0.175442235,0.1600461526264807,0.1574464084644404,-6.816852966191643
2025-06-16,BTCUSDT,1,0.0037717753726781295,105646.81701,106741.132735,0.15939042504006037,0.16104143028065615,3.807081246168725
2025-06-16,ETHUSDT,1,0.15633293981758736,2548.8938099999996,2542.897915,0.15939042504006037,0.15901548268318536,-1.2557617999107504
2025-06-16,DOGEUSDT,1,2268.8670624249853,0.17562777,0.17263364000000003,0.15939042504006037,0.156673111865013,-7.109346474523495
2025-06-17,BTCUSDT,1,0.003715156020508282,106847.92726499999,104498.894415,0.1587826881029583,0.15529187868893862,-9.041098101841083
2025-06-17,ETHUSDT,1,0.15594804635179735,2545.442085,2508.695025,0.1587826881029583,0.1564904352164894,-6.045905339491749
2025-06-17,DOGEUSDT,-1,2299.550100783677,0.17262364500000002,0.16944468000000001,0.1587826881029583,0.15585861238850318,6.995547985646334
2025-06-18,BTCUSDT,1,0.00376908777941221,104603.445585,104834.33661,0.15770382737553343,0.15805192679181482,0.5544927865361275
2025-06-18,ETHUSDT,1,0.15700015425416783,2511.2049749999996,2523.7375,0.15770382737553346,0.15849087071881118,1.6514136600999536
2025-06-18,DOGEUSDT,1,2326.774546352435,0.16944468000000001,0.17059466,0.15770382737553343,0.1587741250526592,2.359266240386169
2025-06-19,BTCUSDT,-1,0.003775301754482099,104834.346605,104710.91929499999,0.1583125170671364,0.15812612693113878,0.14953669599578243
2025-06-19,ETHUSDT,-1,0.15682347814217643,2523.7375,2522.3805599999996,0.15831251706713642,0.15822739704696429,-0.10373986368376531
2025-06-19,DOGEUSDT,1,2317.55522243472,0.170775345,0.17083454,0.1583125170671364,0.15836739213969322,-0.17949222781477886
2025-06-20,BTCUSDT,1,0.0037793262651157284,104710.91929499999,103246.34100500001,0.15829469101440272,0.15608064333491664,-5.849494533064508
2025-06-20,ETHUSDT,1,0.156889552723175,2522.390565,2405.286755,0.15829469101440272,0.15094574526517085,-18.681604809359253
2025-06-20,DOGEUSDT,1,2314.3113805919975,0.170995455,0.16225883000000002,0.15829469101440272,0.15020698274821692,-20.52777233922711
2025-06-21,BTCUSDT,1,0.0036837781360488575,103349.62899,102068.949995,0.1522868414568493,0.15039974654441807,-5.020423869079273
2025-06-21,ETHUSDT,1,0.15812525305403813,2407.6932449999995,2294.582135,0.15228684145684926,0.14513255230006006,-18.18314228572995
2025-06-21,DOGEUSDT,1,2343.8672018602538,0.16243117499999998,0.15440276000000003,0.15228684145684926,0.14475982601628015,-19.114585268895915
2025-06-22,BTCUSDT,1,0.0035882076721874003,102171.08001,100913.388065,0.1466444212670219,0.14483927731250298,-4.804343584876814
2025-06-22,ETHUSDT,1,0.15961347169860907,2296.86786,2226.58615,0.1466444212670219,0.14215725817501598,-11.506709409456848
2025-06-22,DOGEUSDT,1,2372.008280993856,0.15455723999999998,0.15121435500000002,0.1466444212670219,0.1434726809060579,-8.219468004583135
2025-06-23,BTCUSDT,1,0.0035483493777718365,101014.35193499998,105281.263035,0.143373685133833,0.14942988167251012,14.847687779886442
2025-06-23,ETHUSDT,1,0.1608183710966183,2228.8138499999995,2410.45417,0.143373685133833,0.15505812528898044,28.912668577445753
2025-06-23,DOGEUSDT,1,2368.158945610369,0.15135563999999999,0.16367812,0.143373685133833,0.15504632163147497,28.883171237339607
2025-06-24,BTCUSDT,-1,0.0036345373780175545,105281.27303000001,106136.04149999999,0.15305948881312262,0.15430216399462895,-3.414049606573559
2025-06-24,ETHUSDT,-1,0.15874548738373503,2410.45417,2449.6742249999998,0.15305948881312262,0.15554989151159934,-6.53461612651658
2025-06-24,DOGEUSDT,-1,2337.6695493915763,0.163688115,0.165792855,0.15305948881312262,0.15502756345607718,-5.228273659655611
2025-06-25,BTCUSDT,-1,0.0035611608980798057,106029.95850000001,107394.25029,0.15103589689408983,0.15297928192453752,-5.162477754937892
2025-06-25,ETHUSDT,-1,0.15429234357555363,2447.2357700000002,2419.699245,0.15103589689408983,0.14933642690361906,3.948302652379181
2025-06-25,DOGEUSDT,-1,2279.620031082549,0.16563714000000002,0.16467229499999997,0.15103589689408983,0.15015610489853384,1.8982879870973264
2025-06-26,BTCUSDT,1,0.00351804443576017,107394.26029499999,106893.58647000001,0.15112711194536163,0.15042255483969286,-2.0629424309569817
2025-06-26,ETHUSDT,-1,0.15629802904901036,2417.29075,2417.1679799999997,0.1511271119453616,0.15111943646175105,-0.28305783938070306
2025-06-26,DOGEUSDT,1,2294.5009441044704,0.16466229,0.15992999500000002,0.15112711194536163,0.1467838098072493,-11.156166267033408
2025-06-27,BTCUSDT,1,0.0034889270676357197,107000.53352999999,106994.066205,0.14932682307371214,0.1493177974636131,-0.32120864578498937
2025-06-27,ETHUSDT,1,0.15444398600889972,2417.1679799999997,2421.958415,0.14932682307371214,0.14962276462415877,0.44090428841872564
2025-06-27,DOGEUSDT,1,2331.7741059746368,0.16010001,0.16095948,0.14932682307371217,0.15012845903005698,1.7046346087582547
2025-06-28,BTCUSDT,-1,0.0034948218715455098,106994.05621000001,107350.43839499999,0.14957006710723109,0.15006826400913792,-1.5451305858834785
2025-06-28,ETHUSDT,-1,0.15438959044558068,2421.958415,2436.8378099999995,0.14957006710723109,0.15048895658728226,-2.5972827238224534
2025-06-28,DOGEUSDT,1,2320.6351978812068,0.161130525,0.163548185,0.14957006710723109,0.1518142698642349,5.309122555538049
2025-06-29,BTCUSDT,-1,0.003490331085494517,107243.141605,108411.10846499998,0.14972562834000874,0.1513562647553229,-4.3776729313807055
2025-06-29,ETHUSDT,-1,0.15376016025109712,2434.4021900000002,2501.340045,0.14972562834000874,0.15384257846467458,-10.595943518469337
2025-06-29,DOGEUSDT,-1,2288.848071817487,0.16353819,0.16952472,0.14972562834000874,0.15520653139895974,-14.007189807116486
2025-06-30,BTCUSDT,1,0.0033636202715833898,108411.10846499998,107092.92675,0.14586152083907986,0.14408797574379803,-4.723812234787383
2025-06-30,ETHUSDT,-1,0.14592923463067464,2498.8399550000004,2486.7127349999996,0.1458615208390798,0.14515363446596063,1.4787007774928806
2025-06-30,DOGEUSDT,-1,2153.061199219849,0.169365275,0.16526259,0.14586152083907983,0.1423281880846313,8.545142177197624
2025-07-01,BTCUSDT,1,0.0034180988286428723,107200.08325499999,105628.29943,0.14656819160173354,0.14441918662128864,-5.663499829335306
2025-07-01,ETHUSDT,-1,0.14749877523960508,2484.227265,2406.212505,0.14656819160173357,0.14196535898148885,11.218548000028514
2025-07-01,DOGEUSDT,-1,2219.419910974581,0.16509741,0.15785889,0.14656819160173357,0.14014206543613847,15.778605156949846
2025-07-02,BTCUSDT,1,0.0035327501160148525,105733.970565,108795.17520000001,0.14941267871208588,0.1537384671238625,10.511319883605564
2025-07-02,ETHUSDT,1,0.1552363708542088,2406.212505,2569.124795,0.1494126787120859,0.15952864377894527,24.980971344657416
2025-07-02,DOGEUSDT,1,2366.087992065915,0.157868895,0.16860565500000002,0.1494126787120859,0.15957432627596338,25.095131904705614
2025-07-03,BTCUSDT,1,0.003615362622143488,108904.014795,109529.98761000001,0.15749100179648176,0.15839624928361337,1.9472314667489015
2025-07-03,ETHUSDT,-1,0.15325355360606543,2569.124795,2592.5456249999997,0.15749100179648176,0.15892673196684318,-3.9057431596668044
2025-07-03,DOGEUSDT,-1,2335.3359421660343,0.16859566,0.172096005,0.15749100179648176,0.1607607943918742,-8.492733284669496
2025-07-04,BTCUSDT,1,0.00355933339823994,109639.562385,107930.24788000001,0.1560975024661368,0.15366389438383982,-6.393781602592404
2025-07-04,ETHUSDT,1,0.15052473769496005,2592.5556300000003,2506.78598,0.1560975024661368,0.15093332083876138,-13.217484891743457
2025-07-04,DOGEUSDT,1,2267.5933480579165,0.172096005,0.16279856,0.15609750246613677,0.14766437269176305,-21.386586311092206
2025-07-05,BTCUSDT,1,0.003485597301689707,108038.24212499999,108144.02094,0.15063112209207968,0.15077860303293567,0.06729262701496258
2025-07-05,ETHUSDT,1,0.15007320873071672,2509.29402,2515.151795,0.1506311220920797,0.15098276012818876,0.5774812080523659
2025-07-05,DOGEUSDT,1,2310.698081066896,0.162971445,0.164127895,0.15063112209207968,0.1517000048104196,2.36987566894732
2025-07-06,BTCUSDT,1,0.0034879902848820557,108252.21905999999,109149.23808,0.15103307535928162,0.1522845928101274,2.825475958945038
2025-07-06,ETHUSDT,-1,0.1501226242778617,2515.16179,2571.635175,0.15103307535928165,0.15442424846250324,-8.783390081875782
2025-07-06,DOGEUSDT,1,2298.100057255528,0.16430211,0.17187402000000002,0.15103307535928165,0.15799347808109512,17.09198025109336
2025-07-07,BTCUSDT,1,0.003489835679128934,109258.451925,108208.80853000001,0.15251761750970333,0.15105238432161014,-3.96665297206431
2025-07-07,ETHUSDT,-1,0.1484174474944432,2569.064825,2543.5611449999997,0.15251761750970336,0.1510035410747773,3.4816699287306387
2025-07-07,DOGEUSDT,-1,2218.4507220710743,0.17187402000000002,0.16800396,0.15251761750970333,0.14908340254911998,8.283936381399577
2025-07-08,BTCUSDT,-1,0.0035477120587693698,108208.80853000001,108977.44148999998,0.15355747795477875,0.15464823332316255,-3.035094132237442
2025-07-08,ETHUSDT,1,0.15092705186837288,2543.57115,2613.942375,0.15355747795477875,0.15780584656502514,10.309558201096113
2025-07-08,DOGEUSDT,-1,2287.1776201740295,0.167846035,0.17102547,0.15355747795477875,0.15646625098549796,-7.581956305738311
2025-07-09,BTCUSDT,-1,0.003525272204418813,108868.52850500001,111289.606995,0.1535164789898615,0.1569304632720668,-8.845407647775147
2025-07-09,ETHUSDT,-1,0.14682465885448365,2613.942375,2770.1243699999995,0.15351647898986154,0.16268902624389656,-23.24757364032135
2025-07-09,DOGEUSDT,-1,2246.3039023586543,0.17085453,0.18062026499999997,0.15351647898986154,0.1622912024458217,-22.25261632133611
2025-07-10,BTCUSDT,1,0.0032858051642994652,111289.617,115951.99500000001,0.14627039930860383,0.15239826559273031,15.020997045414918
2025-07-10,ETHUSDT,-1,0.13213914189681128,2767.35563,2952.765645,0.14627039930860383,0.1560703674210738,-24.802261047904576
2025-07-10,DOGEUSDT,-1,2026.5824391257809,0.18043973500000002,0.19516753499999998,0.14627039930860383,0.15820923964738645,-30.151580485912582
2025-07-11,BTCUSDT,1,0.0030358497135798317,116068.015005,117468.89617,0.14094602004348353,0.14264716591689341,3.969271497564294
2025-07-11,ETHUSDT,-1,0.11945329695458372,2949.814355,2959.6991099999996,0.14094602004348356,0.14141832667321885,-1.463130921054959
2025-07-11,DOGEUSDT,-1,1807.1628089455266,0.19498246000000002,0.20113051499999998,0.14094602004348353,0.14539023458082415,-11.396872597975822
2025-07-12,BTCUSDT,1,0.0029714439931719113,117586.42383,117361.29000000001,0.139760589107288,0.13949300008056267,-0.9482261560011119
2025-07-12,ETHUSDT,1,0.11805343749718605,2959.689105,2941.8083600000004,0.139760589107288,0.1389162357423838,-2.3895602371102327
2025-07-12,DOGEUSDT,1,1737.1877796276713,0.20113051499999998,0.19732129,0.139760589107288,0.13711365345934715,-6.894213362418802
2025-07-13,BTCUSDT,1,0.0029451362394347313,117478.70999999999,119027.09668,0.13839632247321734,0.14022040636278776,4.281592995090055
2025-07-13,ETHUSDT,1,0.11749365411985437,2944.7616449999996,2970.5439850000002,0.13839632247321734,0.13960802700856156,2.751256988878785
2025-07-13,DOGEUSDT,1,1751.7749720603117,0.19750870499999998,0.19845072500000002,0.13839632247321734,0.13905640529688945,1.372754331410224
2025-07-14,BTCUSDT,1,0.0029274344782191535,119146.19332499999,119781.25941,0.1395170697152679,0.14026071545653856,1.5793365680048876
2025-07-14,ETHUSDT,1,0.11729974633688654,2973.516015,3012.11319,0.1395170697152679,0.14132804524999606,4.246593721855141
2025-07-14,DOGEUSDT,-1,1757.5782315139927,0.19845072500000002,0.19758874499999998,0.13951706971526792,0.1389110708016677,1.2365691434835662
2025-07-15,BTCUSDT,1,0.002928637588304643,119901.090585,117699.210955,0.14045873630638037,0.13787933332664426,-6.726845518973332
2025-07-15,ETHUSDT,-1,0.1165786223223839,3012.103195,3139.458945,0.14045873630638037,0.14639751945831392,-15.133814135598604
2025-07-15,DOGEUSDT,-1,1779.0282662394136,0.19738126,0.19928959499999999,0.14045873630638037,0.14181672906896195,-3.6772573718293042
2025-07-16,BTCUSDT,1,0.002908190845774783,117816.95904,118571.114785,0.13705368070286023,0.1379309722364192,1.9182441809581716
2025-07-16,ETHUSDT,-1,0.10924682257542631,3136.3310500000002,3373.0356749999996,0.13705368070286023,0.14739737197092334,-26.143679222831537
2025-07-16,DOGEUSDT,-1,1720.9116694750514,0.1991004,0.21280634999999998,0.13705368070286023,0.14648837242135684,-23.87027134936574
2025-07-17,BTCUSDT,1,0.002751731175292735,118689.75521999999,119117.97122,0.13064091985069506,0.13111225397747875,0.916582143131021
2025-07-17,ETHUSDT,-1,0.096924283289475,3369.664325,3478.6084349999996,0.13064091985069504,0.1348646517628389,-10.824835351973208
2025-07-17,DOGEUSDT,-1,1536.3471835439916,0.212583655,0.21836913,0.13064091985069506,0.1341963191393807,-9.153335460704227
2025-07-18,BTCUSDT,1,0.0026858109239744337,119237.14877999999,117865.87758,0.12809937469475552,0.12662618462727893,-3.9377007280135334
2025-07-18,ETHUSDT,1,0.09206196145412511,3478.6184399999997,3545.14654,0.12809937469475552,0.13054925764588202,5.866058745475584
2025-07-18,DOGEUSDT,1,1466.5462867250915,0.21836913,0.23568210000000003,0.12809937469475552,0.1382554834410287,25.123917007547178
2025-07-19,BTCUSDT,1,0.0027907717414726225,117983.80241999999,117781.08,0.13170634469809006,0.1314800438976505,-0.8289383896946598
2025-07-19,ETHUSDT,1,0.09278509554477699,3548.69346,3590.2139950000005,0.1317063446980901,0.13324733942090822,3.587533122926311
2025-07-19,DOGEUSDT,1,1395.6798604312146,0.23591789999999999,0.241309285,0.1317063446980901,0.13471620368382248,7.258224915949068
2025-07-20,BTCUSDT,1,0.0028211011042609123,117898.93000499999,117206.48744,0.1330419206513142,0.1322605404574107,-2.218752945867456
2025-07-20,ETHUSDT,-1,0.0926423127009734,3590.204,3758.5683449999997,0.1330419206513142,0.139280985570188,-15.869985203406022
2025-07-20,DOGEUSDT,1,1377.0134302755237,0.24154071,0.273613125,0.1330419206513142,0.15070757912986227,43.88039669658901
2025-07-21,BTCUSDT,1,0.0029082094869596056,117323.74255499999,117321.66982000001,0.13648080845762295,0.13647839727858657,-0.2789871533271038
2025-07-21,ETHUSDT,1,0.09077978363702134,3758.5683449999997,3760.448835,0.13648080845762295,0.13654909264775558,-0.10231942577375419
2025-07-21,DOGEUSDT,-1,1247.0235890330823,0.273613125,0.27155571,0.13648080845762295,0.13545455044265076,2.293709678530234
2025-07-22,BTCUSDT,1,0.0029107821318371213,117439.05017999999,119894.44279,0.13673579553754683,0.13959464071188,6.870782499583515
2025-07-22,ETHUSDT,1,0.09081328927805417,3764.20116,3744.3368950000004,0.13673579553754683,0.13601421984005047,-2.0766892591184973
2025-07-22,DOGEUSDT,1,1258.819005661369,0.27155571,0.270794535,0.13673579553754683,0.1363525229148931,-1.2312698750867361
2025-07-23,BTCUSDT,1,0.002858215980834786,120014.40721499998,118696.61200500002,0.13721083865293066,0.13570422132145488,-4.039458388663825
2025-07-23,ETHUSDT,1,0.09152067524189185,3748.0831049999997,3626.475855,0.13721083865293066,0.13275900759920684,-11.39954748056165
2025-07-23,DOGEUSDT,1,1265.4302384215239,0.27107547,0.240709585,0.13721083865293068,0.12184047501475845,-38.684960409098245
2025-07-24,BTCUSDT,1,0.0027352164341854133,118815.378,118281.819505,0.1299943098158208,0.1294105506301715,-1.718802824569201
2025-07-24,ETHUSDT,1,0.08952519309595511,3630.104145,3705.08653,0.1299943098158208,0.1326794348141889,6.45013875129026
2025-07-24,DOGEUSDT,1,1349.046278171455,0.24090039,0.23206391,0.1299943098158208,0.12522598163336623,-12.17604074758566
2025-07-25,BTCUSDT,1,0.0027238496313665497,118400.15048999999,117555.50284500001,0.12900168250637217,0.12808140523578507,-2.5577762642099646
2025-07-25,ETHUSDT,1,0.08695640209567332,3708.8034749999997,3723.0975200000003,0.12900168250637217,0.12949886599620966,0.9844581760911147
2025-07-25,DOGEUSDT,1,1388.2726850792722,0.232306095,0.23661163500000001,0.1290016825063722,0.1313925879369787,5.716869306072892
2025-07-26,BTCUSDT,1,0.0027524161663757406,117673.11715499999,117861.03000500001,0.1295541560020994,0.12976104174858333,0.2578991684591186
2025-07-26,ETHUSDT,1,0.08690634508227661,3726.8324849999995,3739.2294500000003,0.12955415600209938,0.12998510596940457,0.8178356562914724
2025-07-26,DOGEUSDT,1,1367.4799486382287,0.23684836499999998,0.235312285,0.12955415600209938,0.1287139325622977,-2.358826688068563
2025-07-27,BTCUSDT,1,0.002741655971096404,117978.949995,119355.84222500001,0.12938307708699034,0.13089306300856465,3.514688663840222
2025-07-27,ETHUSDT,1,0.08641714483004463,3742.980555,3870.16395,0.12938307708699034,0.13377940743326705,10.727663381171519
2025-07-27,DOGEUSDT,1,1373.15683271801,0.23555772,0.24058964500000002,0.12938307708699034,0.13214692596518018,6.64809219242243
2025-07-28,BTCUSDT,1,0.0027656031266520085,119475.26778,118003.28884000001,0.1321684696519816,0.13054010582844963,-4.333618134310303
2025-07-28,ETHUSDT,-1,0.08537631094251862,3870.1739450000005,3800.8995,0.13216846965198162,0.12980271102930543,5.652425376009157
2025-07-28,DOGEUSDT,-1,1373.3806961224534,0.24058964500000002,0.22626307499999998,0.1321684696519816,0.12429813578012275,19.419368074215004
2025-07-29,BTCUSDT,1,0.0028558249285374876,118121.35116,117891.78462,0.13493355969410342,0.13467131895502737,-0.9252067263392286
2025-07-29,ETHUSDT,1,0.08875107043352726,3800.8995,3791.893105,0.13493355969410342,0.13461382881530456,-1.0688745855065653
2025-07-29,DOGEUSDT,1,1490.8264793817211,0.22627308,0.22380804,0.1349335596941034,0.13346358093220936,-3.9433440453613917
2025-07-30,BTCUSDT,1,0.002841755256898231,118009.725375,117781.37985000001,0.13414190297980913,0.13388234214138597,-0.9169263411790816
2025-07-30,ETHUSDT,1,0.08835153339209315,3795.686895,3808.0950000000003,0.13414190297980916,0.1345804130211052,0.8275527872392217
2025-07-30,DOGEUSDT,1,1496.9058765076322,0.22403196,0.219880005,0.13414190297980913,0.13165586864441103,-6.480883610119485
2025-07-31,BTCUSDT,1,0.0028258431190372056,117899.21014499999,115706.19796,0.13326586869126789,0.13078702533408912,-6.461161286972312
2025-07-31,ETHUSDT,-1,0.08748853999917798,3808.0950000000003,3700.2391949999997,0.13326586869126789,0.12949140992731345,9.173389631267511
2025-07-31,DOGEUSDT,1,1513.7656725240877,0.22008998999999999,0.20963513000000003,0.13326586869126789,0.12693538541964985,-16.08640943315603
2025-08-01,BTCUSDT,1,0.0028380337715762636,115821.952035,113241.28103499999,0.13148264454608646,0.12855303196555545,-7.584067127839136
2025-08-01,ETHUSDT,1,0.08883388182293339,3700.2391949999997,3486.4559,0.13148264454608646,0.12388616456058756,-19.246568772853955
2025-08-01,DOGEUSDT,1,1566.3520390708873,0.20985487499999997,0.20086951500000003,0.13148264454608646,0.1258529497629721,-14.331572552094956
2025-08-02,BTCUSDT,1,0.0027787664679439386,113354.56895999999,112490.07682500001,0.12599435008571472,0.12503346138309904,-2.6532495680080186
2025-08-02,ETHUSDT,1,0.0902550193319195,3489.954105,3392.24303,0.12599435008571472,0.12246678410048768,-9.067376097253812
2025-08-02,DOGEUSDT,1,1566.4666184883818,0.20108048999999997,0.19088451000000003,0.12599435008571475,0.11960568516060471,-16.217262348021393
2025-08-03,BTCUSDT,1,0.0027146192269559065,112602.623175,114151.6956,0.1222692983506103,0.1239513550661512,3.958921135435466
2025-08-03,ETHUSDT,1,0.0900194127278941,3395.63697,3494.99163,0.1222692983506103,0.12584683760860213,8.695732009020375
2025-08-03,DOGEUSDT,1,1599.7512076327832,0.19107549,0.19866062,0.12226929835061032,0.127123026701631,11.88492855249945
2025-08-04,BTCUSDT,1,0.0027466905426387087,114265.91440499999,114997.502485,0.12554124257687108,0.12634502100104839,1.7575597968653354
2025-08-04,ETHUSDT,1,0.08971080526575281,3498.4983749999997,3719.129505,0.12554124257687108,0.13345844111246827,19.533996655303675
2025-08-04,DOGEUSDT,-1,1579.9250892977439,0.19865062500000003,0.21049519499999997,0.12554124257687108,0.1330266559028484,-18.97210121342301
2025-08-05,BTCUSDT,1,0.0027332053511835864,115112.557515,114072.685125,0.12585050327537056,0.12471362936301213,-3.0927489135344195
2025-08-05,ETHUSDT,-1,0.08459674710585975,3719.129505,3613.8059999999996,0.12585050327537053,0.12228649290865543,8.661888920603754
2025-08-05,DOGEUSDT,-1,1496.262239820482,0.21027481000000003,0.19990990499999997,0.12585050327537053,0.11964705688703989,15.263118410664195
2025-08-06,BTCUSDT,-1,0.00281899513433296,114072.685125,115049.766135,0.12862813773106835,0.129729892376284,-3.012744643146471
2025-08-06,ETHUSDT,1,0.08898359625469389,3613.816005,3681.468345,0.12862813773106835,0.13103611713436647,5.760284253379852
2025-08-06,DOGEUSDT,1,1608.4958437990038,0.19991990999999998,0.20513738,0.12862813773106835,0.13198504925512675,8.13166562315984
2025-08-07,BTCUSDT,1,0.0028265745946023713,115049.766135,117413.273995,0.1300786984288541,0.1327509509373417,6.417801621852816
2025-08-07,ETHUSDT,-1,0.08833343535706409,3681.468345,3912.2651549999996,0.1300786984288541,0.1382335284675547,-20.655387323647957
2025-08-07,DOGEUSDT,-1,1585.1859965165786,0.205147375,0.22239114,0.1300786984288541,0.1410125283509432,-27.605666032002485
2025-08-08,BTCUSDT,-1,0.0026508839964029234,117413.28399000001,116733.07737,0.12449959819768104,0.1237783386603989,1.5548709063472759
2025-08-08,ETHUSDT,-1,0.07963703496998291,3908.3448500000004,4011.5047499999996,0.12449959819768106,0.127785737623201,-8.46763389962076
2025-08-08,DOGEUSDT,-1,1400.956891502268,0.22216886000000002,0.230505195,0.12449959819768104,0.12917113658492965,-11.932516702904133
2025-08-09,BTCUSDT,1,0.0026125177410413437,116733.07737,116404.01887500001,0.12198689423819073,0.1216430257757796,-1.1033010760418092
2025-08-09,ETHUSDT,1,0.07602296245211661,4011.514755,4258.48969,0.1219868942381907,0.12949720072223828,18.524282115158524
2025-08-09,DOGEUSDT,1,1323.0384486365992,0.230505195,0.239830025,0.12198689423819072,0.12692173768499074,12.088199985076846
2025-08-10,BTCUSDT,1,0.0027017021061944914,116520.48112499999,119234.362995,0.12592145170808317,0.12885429185374,7.077324620580254
2025-08-10,ETHUSDT,1,0.07384971380221926,4262.7603149999995,4248.444715,0.1259214517080832,0.12549857052292038,-1.3086229851380464
2025-08-10,DOGEUSDT,1,1311.2994628762217,0.240069975,0.233733075,0.1259214517080832,0.12259762228156307,-8.558092640289948
2025-08-11,BTCUSDT,-1,0.002632405124675629,119234.62286500001,118745.343,0.1255495329074368,0.12503433977782616,1.0373989513413862
2025-08-11,ETHUSDT,-1,0.07387952883899096,4248.45471,4225.33161,0.12554953290743678,0.12486620341411805,1.4579079969753017
2025-08-11,DOGEUSDT,1,1341.5307837575417,0.233966925,0.221958965,0.1255495329074368,0.11910591371138513,-16.353703436748013
2025-08-12,BTCUSDT,1,0.002604349433496927,118745.343,120074.01296000001,0.1237017467089793,0.12508587505203148,3.2115332358694095
2025-08-12,ETHUSDT,1,0.07319055527867746,4225.33161,4588.224740000001,0.12370174670897931,0.13432588658558622,26.30232205822275
2025-08-12,DOGEUSDT,1,1391.8399534582866,0.22219103999999998,0.23570209,0.12370174670897932,0.13122383439024837,18.55029362207339
2025-08-13,BTCUSDT,-1,0.0027089602042100857,120074.02295500001,123368.08321499999,0.13011029989780135,0.13367969115964531,-9.187268145667332
2025-08-13,ETHUSDT,-1,0.07089359571007049,4588.224740000001,4751.67465,0.13011029989780135,0.13474532063315628,-11.85240745891832
2025-08-13,DOGEUSDT,-1,1380.0291280595065,0.23570209,0.24494241,0.13011029989780135,0.1352110641988377,-13.017232116687454
2025-08-14,BTCUSDT,-1,0.0025471539638517904,123244.78678000001,118354.237545,0.1255693788682983,0.12058658612056125,12.210825904353765
2025-08-14,ETHUSDT,-1,0.06613181439292296,4746.935345000001,4549.11342,0.1255693788682983,0.12033644973751798,12.836416998344982
2025-08-14,DOGEUSDT,-1,1282.851314848887,0.244707585,0.22393190999999998,0.1255693788682983,0.11490853807204902,26.411624073682827
2025-08-15,BTCUSDT,1,0.0027973345922967865,118354.237545,117283.37897500001,0.13243056113181584,0.13123234124328848,-3.259212623693524
2025-08-15,ETHUSDT,1,0.07277822561512208,4549.11342,4437.250265000001,0.13243056113181584,0.12917408035877212,-8.402806574099895
2025-08-15,DOGEUSDT,1,1478.5351296003826,0.223921905,0.22874557,0.13243056113181584,0.13528334439418538,6.864244250397835
2025-08-16,BTCUSDT,1,0.0028064322749937385,117400.71101999999,117321.96967,0.1317908578054964,0.1317024648990898,-0.48447558872111396
2025-08-16,ETHUSDT,1,0.0741783339609472,4441.689735,4419.779005,0.13179085780549643,0.13114073722658917,-1.8882330423002007
2025-08-16,DOGEUSDT,1,1438.9883691046812,0.22896442499999997,0.23103442500000002,0.13179085780549643,0.13298234017511512,2.713932726066142
2025-08-17,BTCUSDT,1,0.002806477428158607,117439.35033,117346.307495,0.13183635435150243,0.13173190530499068,-0.5246908759358793
2025-08-17,ETHUSDT,1,0.07449709922938941,4424.210999999999,4470.093835000001,0.13183635435150245,0.13320360959627076,3.153098147973021
2025-08-17,DOGEUSDT,-1,1426.5877731370813,0.23103442500000002,0.23467728,0.13183635435150243,0.1339150953124269,-5.462603851975173
2025-08-18,BTCUSDT,1,0.0027978526021085375,117463.71250499999,116168.93647500001,0.13145846147417736,0.1300094244803041,-3.884060370637685
2025-08-18,ETHUSDT,1,0.07344743752243318,4474.57617,4310.833505,0.13145846147417736,0.12664786981123966,-12.284585488629673
2025-08-18,DOGEUSDT,-1,1401.7587882718415,0.234452715,0.22273131,0.13145846147417736,0.12488622848631996,16.17423777968303
2025-08-19,BTCUSDT,-1,0.002829052478496621,116168.93647500001,112929.37647,0.13145920706356615,0.12779325295901262,8.905632801361216
2025-08-19,ETHUSDT,1,0.07616149719128257,4315.146495,4073.5522050000004,0.13145920706356612,0.12409913392786018,-18.6557411802563
2025-08-19,DOGEUSDT,1,1475.5357819199974,0.22273131,0.20932528500000003,0.13145920706356612,0.12354677923124054,-20.03607556710878
2025-08-20,BTCUSDT,1,0.0028222883310135686,112929.38647499999,114214.10438,0.1274877158707656,0.1289380536115359,3.3694185824434313
2025-08-20,ETHUSDT,1,0.07816311044613969,4077.61779,4333.99192,0.1274877158707656,0.1355033156462548,19.776008407206003
2025-08-20,DOGEUSDT,1,1521.0084495420074,0.20954471999999996,0.221579155,0.12748771587076563,0.13480950679895126,18.04218009779441
2025-08-21,BTCUSDT,-1,0.0029107483960671013,114214.094385,112556.25,0.13297939681575813,0.1310491696619311,4.561539318089923
2025-08-21,ETHUSDT,-1,0.07670722469630152,4333.99192,4227.41265,0.13297939681575813,0.129709236811015,7.9127113782310285
2025-08-21,DOGEUSDT,1,1498.9279631178424,0.22179084,0.214622635,0.13297939681575813,0.12868154764781367,-11.00628386432468
2025-08-22,BTCUSDT,1,0.002957968254243787,112556.25,116877.522005,0.1331751257266909,0.13828799989018786,12.510722283125538
2025-08-22,ETHUSDT,1,0.07875687610404611,4227.41265,4829.653965,0.1331751257266909,0.15214738357876803,47.145322120887364
2025-08-22,DOGEUSDT,1,1549.720246832888,0.214837365,0.24041973000000003,0.1331751257266909,0.14903332932763852,39.36330054731474
2025-08-23,BTCUSDT,1,0.0031278766328835016,116994.468,115380.330975,0.14637770505353462,0.1443581764604268,-5.33955736428352
2025-08-23,ETHUSDT,-1,0.07577028608794678,4829.653965,4780.789199999999,0.14637770505353462,0.14489670616406647,3.4112228124527766
2025-08-23,DOGEUSDT,1,1520.5844430983002,0.24066026999999998,0.236191845,0.14637770505353462,0.14365985803747405,-7.084655103242486
2025-08-24,BTCUSDT,1,0.0031424519215939367,115495.77902999999,113436.843205,0.14517597309952487,0.14258793036364095,-6.757870743172991
2025-08-24,ETHUSDT,-1,0.07599227638865728,4776.0108,4782.540074999999,0.1451759730995249,0.14537444288769188,-0.7867248864046881
2025-08-24,DOGEUSDT,1,1535.0960749527153,0.23642815499999997,0.23170409,0.14517597309952487,0.14227521564379628,-7.539344828064776
2025-08-25,BTCUSDT,1,0.0031520113695693132,113550.336795,110056.92401,0.1431647810385059,0.13876027031173838,-11.293201868269021
2025-08-25,ETHUSDT,1,0.07483720930373276,4782.540074999999,4373.991910000001,0.14316478103850588,0.13093493922460156,-30.848704255023932
2025-08-25,DOGEUSDT,1,1543.1502288553106,0.23193591,0.20954517500000003,0.14316478103850588,0.12934387390271046,-34.824776494429784
2025-08-26,BTCUSDT,1,0.003015932930734833,110167.03598999999,111707.33839,0.13290255668947623,0.1347607361820562,4.37778543857841
2025-08-26,ETHUSDT,1,0.07588607082229788,4378.358085,4598.329685000001,0.1329025566894762,0.13957966885607392,16.42029819094869
2025-08-26,DOGEUSDT,1,1584.0226403549505,0.20975482499999998,0.21828080500000002,0.13290255668947623,0.13830469482996166,13.234138099694132
2025-08-27,BTCUSDT,-1,0.0030758987778746493,111707.33839,111317.64100499998,0.13744018625337237,0.13696071836926735,0.9242688056398727
2025-08-27,ETHUSDT,-1,0.07472288617196679,4598.329685000001,4508.963355,0.1374401862533724,0.1347691022116938,6.40550081573141
2025-08-27,DOGEUSDT,-1,1574.121305047555,0.21828080500000002,0.21902945999999998,0.13744018625337237,0.1379115757676245,-1.45382554765131
2025-08-28,BTCUSDT,-1,0.0031073677317875895,111206.378995,112623.18344999998,0.1382236454632017,0.13998465844148963,-4.680740749624519
2025-08-28,ETHUSDT,1,0.07663826171370697,4508.963355,4508.954395000001,0.13822364546320168,0.1382233707916717,-0.2771336950797674
2025-08-28,DOGEUSDT,1,1577.7553352874713,0.21901945499999997,0.22425781500000003,0.1382236454632017,0.14152958563846432,7.985097207054897
2025-08-29,BTCUSDT,-1,0.0030803154274610628,112510.61655,108431.5887,0.1386272751648484,0.13360139819868905,12.292463742034833
2025-08-29,ETHUSDT,1,0.0767855538253486,4513.455599999999,4357.99991,0.13862727516484843,0.13385257466406777,-12.209231101780537
2025-08-29,DOGEUSDT,1,1543.7872823643488,0.22449218999999998,0.213803045,0.1386272751648484,0.13202656872070903,-16.772419954233996
2025-08-30,BTCUSDT,1,0.0031448872931078603,108431.5887,108761.921835,0.13640205018965113,0.13681759438115274,0.7656408341832049
2025-08-30,ETHUSDT,1,0.07816987099616708,4362.36009,4371.51315,0.13640205018965113,0.13668824759741918,0.44240322163307877
2025-08-30,DOGEUSDT,1,1593.355654808414,0.21401695499999998,0.21584202500000002,0.13640205018965115,0.13756524443161963,2.634018310299985
2025-08-31,BTCUSDT,1,0.003143965207719503,108870.738165,108192.226825,0.13691432517179994,0.1360610387533987,-2.4061914099283284
2025-08-31,ETHUSDT,1,0.07822090119389168,4375.88685,4389.634085000001,0.13691432517179997,0.1373444536160497,0.8010623318364167
2025-08-31,DOGEUSDT,1,1584.2313292508636,0.21605797499999999,0.21360314500000002,0.13691432517179994,0.135358717734206,-4.161291636890846
2025-09-01,BTCUSDT,1,0.0031427715066189815,108300.48318,109182.80129,0.1361454690764689,0.13725463876282168,2.499524108042645
2025-09-01,ETHUSDT,1,0.07746055195743476,4394.025914999999,4312.34275,0.1361454690764689,0.13361457985785685,-6.5969830954645
2025-09-01,DOGEUSDT,-1,1593.439425674993,0.21360314500000002,0.210835365,0.1361454690764689,0.13438135316703098,4.139762951351272
2025-09-02,BTCUSDT,-1,0.003117503295678965,109182.811285,111295.63000499998,0.1361511096049928,0.13878579733410168,-6.861656229711247
2025-09-02,ETHUSDT,1,0.07885216599313787,4316.65725,4324.33675,0.13615110960499283,0.13639332768849055,0.3330007714508338
2025-09-02,DOGEUSDT,1,1614.34787025431,0.21084537,0.21478255500000001,0.1361511096049928,0.1386935040928117,6.081141605849427
2025-09-03,BTCUSDT,-1,0.0030600392981752675,111184.389995,111761.562855,0.13609144109133803,0.13679790974471412,-2.039060984276238
2025-09-03,ETHUSDT,1,0.07859918165571265,4328.6532449999995,4448.23477,0.13609144109133803,0.1398510450937949,9.12306751995705
2025-09-03,DOGEUSDT,-1,1584.0606921188037,0.21478255500000001,0.22041014999999997,0.13609144109133803,0.13965722190360372,-9.190200693659195
2025-09-04,BTCUSDT,-1,0.003040993659072428,111649.86714,110786.235435,0.13581061520360763,0.13476009578813605,2.355727827687187
2025-09-04,ETHUSDT,-1,0.07632837643796823,4448.23477,4299.698775,0.13581061520360763,0.13127561066722837,11.070425115077345
2025-09-04,DOGEUSDT,-1,1541.9717939270088,0.22018985000000002,0.21251620499999999,0.1358106152036076,0.13107759754496398,11.565655933860501
2025-09-05,BTCUSDT,1,0.003139894948158856,110786.235435,110604.66000500001,0.13914285638715765,0.13891480527701097,-0.8481854370308859
2025-09-05,ETHUSDT,1,0.08090248869550047,4299.70878,4305.296275,0.13914285638715768,0.13932367328758713,0.1735757213989014
2025-09-05,DOGEUSDT,1,1636.8499567733866,0.21251620499999999,0.21777106,0.13914285638715765,0.14258342005899782,8.319682903154263
2025-09-06,BTCUSDT,1,0.0031649230390865314,110715.32999999999,110132.876015,0.14016219947882727,0.1394248306642936,-2.1230090664773362
2025-09-06,ETHUSDT,1,0.08130786670225969,4309.61373,4271.003430000001,0.14016219947882727,0.13890647102853357,-3.418389796241567
2025-09-06,DOGEUSDT,1,1607.4462250106276,0.21798894,0.21584202500000002,0.1401621994788273,0.13878177931395982,-3.729994390961433
2025-09-07,BTCUSDT,1,0.0031504476581511076,110243.07398999999,111081.77133,0.1389260137116699,0.13998292253995015,2.363363134448986
2025-09-07,ETHUSDT,1,0.08123783708678636,4275.286574999999,4304.036905,0.13892601371166993,0.13986025956156248,2.0568283514581753
2025-09-07,DOGEUSDT,-1,1609.1168264344014,0.21584202500000002,0.228884385,0.13892601371166993,0.1473206860846359,-21.27292763221125
2025-09-08,BTCUSDT,-1,0.0030760890893891143,111081.78132500002,112121.26261499999,0.13667898222549602,0.13795799704741324,-3.4721740340659295
2025-09-08,ETHUSDT,1,0.07931064170824587,4308.343094999999,4304.216815,0.13667898222549602,0.13654807905962885,-0.6004849759529858
2025-09-08,DOGEUSDT,-1,1494.4412911287784,0.22864562,0.24176082,0.13667898222549602,0.14451894079406089,-19.881094344431702
2025-09-09,BTCUSDT,-1,0.0029793345448696747,112009.197385,111602.16319499999,0.13348514844490264,0.1330000720356186,0.9462058027295859
2025-09-09,ETHUSDT,1,0.07745429970165639,4308.513179999999,4307.934955000001,0.1334851484449026,0.13346723403992466,-0.31173839492969235
2025-09-09,DOGEUSDT,-1,1381.6669191713859,0.241529175,0.240750315,0.1334851484449026,0.13305469840623627,0.8095852498147144
2025-09-10,BTCUSDT,1,0.002994514106095878,111602.15319,113903.02,0.13367768879925124,0.1364336800467684,6.619866749946826
2025-09-10,ETHUSDT,-1,0.07757661173330374,4307.92496,4351.494659999999,0.13367768879925124,0.1350296846793458,-3.6486970737150517
2025-09-10,DOGEUSDT,1,1388.1361775087526,0.240750315,0.24523732,0.13367768879925124,0.1361691183869163,5.958727161976515
2025-09-11,BTCUSDT,-1,0.0029601572836043403,113903.02,115540.43134499999,0.13486834171101236,0.1368071397586756,-5.118670600627776
2025-09-11,ETHUSDT,1,0.0774837395877021,4351.5046649999995,4456.59059,0.13486834171101236,0.1381253218898255,7.86945678343198
2025-09-11,DOGEUSDT,-1,1374.9318281620158,0.24522732500000002,0.25615801499999996,0.13486834171101236,0.14087992314492123,-15.304701849628112
2025-09-12,BTCUSDT,-1,0.0028848721147557424,115424.94865500001,116087.43470999999,0.13319448628876915,0.13395896130736273,-2.1783409940800906
2025-09-12,ETHUSDT,-1,0.07471753624111747,4456.600585,4714.516079999999,0.13319448628876915,0.14090281042669242,-19.54490764152366
2025-09-12,DOGEUSDT,-1,1301.1747856506088,0.25591198,0.27563775,0.13319448628876915,0.14346115610938645,-25.943330193941403
2025-09-13,BTCUSDT,1,0.0027315392422381543,116087.424705,115860.330855,0.12683894244482982,0.12659081613965142,-0.8737455215304393
2025-09-13,ETHUSDT,-1,0.06732708229434622,4709.80392,4668.863264999999,0.1268389424448298,0.12573637650548197,2.503839529419209
2025-09-13,DOGEUSDT,1,1150.4133817377135,0.27563775,0.28923531,0.1268389424448298,0.13309606843802238,15.382879972098623
2025-09-14,BTCUSDT,-1,0.002785840028738428,115860.330855,115325.644005,0.12910733897549478,0.12851151816366677,1.231933172430893
2025-09-14,ETHUSDT,1,0.0691319572781501,4668.87327,4602.187755,0.12910733897549478,0.1272632989058742,-4.866470811932815
2025-09-14,DOGEUSDT,1,1114.8600197559476,0.289514685,0.27782102,0.12910733897549478,0.12389261913832701,-13.289799551033278
2025-09-15,BTCUSDT,1,0.0027498385501737088,115325.644005,115292.03514500002,0.12685076068342338,0.12681379310788127,-0.3460834926466365
2025-09-15,ETHUSDT,-1,0.06890800795764102,4602.17776,4526.001869999999,0.1268507606834234,0.12475110914970323,4.997526964467291
2025-09-15,DOGEUSDT,1,1140.379267853242,0.27808897499999996,0.268175845,0.1268507606834234,0.12232886951080982,-11.55390756172817
2025-09-16,BTCUSDT,1,0.0027279543743306323,115407.384855,116730.56552000002,0.1259304321381024,0.12737426273134902,3.3562717882470725
2025-09-16,ETHUSDT,1,0.06955942339132441,4526.001869999999,4499.039355,0.1259304321381024,0.12518023333947043,-2.1266076620574563
2025-09-16,DOGEUSDT,1,1172.824248871673,0.26843415,0.26981502500000004,0.1259304321381024,0.1265782416119667,1.3670150109106718
2025-09-17,BTCUSDT,-1,0.0027044471056171986,116730.56552000002,116505.813795,0.12627665602304913,0.12603352436218562,0.35551897177355196
2025-09-17,ETHUSDT,-1,0.07016852128052847,4499.04935,4592.8252649999995,0.12627665602304913,0.12890870293796053,-6.835302646239486
2025-09-17,DOGEUSDT,-1,1170.0732193822435,0.26980503,0.28270127999999994,0.12627665602304913,0.1323124787252324,-15.348145890206473
2025-09-18,BTCUSDT,-1,0.0026498609547154304,116389.37620000001,117132.066765,0.12336626541442618,0.12415347610627778,-2.2155464711497004
2025-09-18,ETHUSDT,-1,0.06721866022522853,4588.24473,4589.9538299999995,0.12336626541442619,0.12341221877930254,-0.361661896384608
2025-09-18,DOGEUSDT,-1,1092.0124164289225,0.282428715,0.278709285,0.12336626541442619,0.1217415999176109,3.816555876706216
2025-09-19,BTCUSDT,-1,0.0026392240074076525,117014.993235,115690.19619,0.12353151174898243,0.12213293728253975,3.250771717075192
2025-09-19,ETHUSDT,1,0.06728363526315821,4589.9538299999995,4466.355705,0.12353151174898243,0.12020505928429834,-8.559867732743486
2025-09-19,DOGEUSDT,1,1108.1075608536057,0.27869927999999994,0.265137365,0.12353151174898241,0.11752028752852088,-15.269112350431348
2025-09-20,BTCUSDT,1,0.0026101550556040676,115690.20619499999,115627.78718500001,0.12078775063350251,0.1207225813156956,-0.4044336264664552
2025-09-20,ETHUSDT,1,0.06754221518422615,4470.824295,4478.17979,0.12078775063350249,0.12098647320393308,0.2550322022390499
2025-09-20,DOGEUSDT,1,1137.8212597077631,0.26539262999999996,0.267456205,0.1207877506335025,0.1217269424359031,2.1054648129320865
2025-09-21,BTCUSDT,1,0.002614587158595311,115743.472815,115174.673855,0.12104855908532981,0.12045368930267446,-1.7286767050263725
2025-09-21,ETHUSDT,1,0.06750948297856858,4482.650205,4442.747515000001,0.1210485590853298,0.11997103509678818,-2.934829565536148
2025-09-21,DOGEUSDT,-1,1131.522475915155,0.26744621,0.26087037,0.1210485590853298,0.11807227478212104,7.201589924154461
2025-09-22,BTCUSDT,1,0.0026322115764079506,115289.90614499999,112594.66450500001,0.12138697023914205,0.11854919174073217,-7.334382408004568
2025-09-22,ETHUSDT,1,0.0682378250777277,4447.20249,4196.98046,0.12138697023914202,0.11455712739364846,-17.310551211366718
2025-09-22,DOGEUSDT,1,1163.288209380985,0.26087037,0.24109939,0.12138697023914204,0.11218723107037912,-23.232922123216817
2025-09-23,BTCUSDT,1,0.0025509270546247753,112707.315495,111942.8006,0.11500325614013028,0.11422316744840263,-2.179448152907653
2025-09-23,ETHUSDT,1,0.06843493664609833,4201.189545,4162.17787,0.11500325614013027,0.113935351537297,-2.8987001147605875
2025-09-23,DOGEUSDT,1,1191.2467691467275,0.241350615,0.236971455,0.11500325614013028,0.11291659205949965,-5.444580049776205
2025-09-24,BTCUSDT,1,0.002534479252697772,112054.7994,113250.3465,0.11360022569780431,0.1148122614260335,2.801676833449141
2025-09-24,ETHUSDT,-1,0.06823380814367339,4162.167875,4154.886405,0.1136002256978043,0.11340148872701074,0.26984071255909153
2025-09-24,DOGEUSDT,1,1197.2611030707633,0.237208545,0.24094946500000003,0.11360022569780431,0.11539176890008412,4.249866011101635
2025-09-25,BTCUSDT,-1,0.0025292726159573758,113250.356495,109048.987245,0.11457641017208561,0.11032584689466546,10.401505936483634
2025-09-25,ETHUSDT,-1,0.06900973499606496,4150.733595000001,3876.29718,0.11457641017208563,0.10700089646311757,18.717206965784946
2025-09-25,DOGEUSDT,1,1187.6130438958314,0.24119053499999998,0.22280854000000003,0.11457641017208561,0.10584413135815446,-22.05111757635814
2025-09-26,BTCUSDT,1,0.002648322536824774,109048.987245,109588.63827000001,0.11551875621554034,0.11609042420415158,1.197560791108434
2025-09-26,ETHUSDT,1,0.0745034816825332,3876.2871749999995,4030.22388,0.11551875621554035,0.12010628440803517,11.233195440613484
2025-09-26,DOGEUSDT,1,1294.8706453289185,0.22303146,0.23232378,0.11551875621554035,0.12033169717354149,11.79650194161376
2025-09-27,BTCUSDT,-1,0.0027089728273826472,109588.63827000001,109690.667925,0.11874905730531844,0.11885961553051132,-0.5140042358180319
2025-09-27,ETHUSDT,1,0.07358795139246045,4034.2561199999996,4016.3708100000003,0.11874905730531843,0.11822259997615081,-1.5531149802004978
2025-09-27,DOGEUSDT,1,1276.5629027823727,0.23255622,0.230654615,0.11874905730531844,0.11777804994582025,-2.6640455059966133
2025-09-28,BTCUSDT,-1,0.002694769183720135,109581.03207500001,112220.03197499999,0.1181182353423831,0.12096283358492728,-7.350576675287776
2025-09-28,ETHUSDT,-1,0.07352280640031535,4016.3808050000002,4144.23108,0.1181182353423831,0.1218781997492039,-9.639907452143616
2025-09-28,DOGEUSDT,1,1278.9704656098422,0.230885385,0.23723132500000002,0.11811823534238307,0.12136474327699592,7.876786857912772
2025-09-29,BTCUSDT,-1,0.0026069326654633448,112107.87802000002,114369.11598,0.11690307570644727,0.11926103374737113,-6.131059211763472
2025-09-29,ETHUSDT,-1,0.07059212855411767,4140.08892,4217.177535,0.1169030757064473,0.11907981547450285,-5.67783231131981
2025-09-29,DOGEUSDT,-1,1231.9523539571267,0.23723132500000002,0.23489738999999998,0.11690307570644727,0.11575295701955408,2.6426406845069708
2025-09-30,BTCUSDT,-1,0.0025312042631477913,114254.81401500001,114105.95446499999,0.11568090892797042,0.11553019135694229,0.14558282728540697
2025-09-30,ETHUSDT,-1,0.06864582220291063,4212.962465,4147.222575,0.11568090892797044,0.11387580140773887,4.283212090243182
2025-09-30,DOGEUSDT,-1,1232.4173515325942,0.23466261,0.23304646499999998,0.11568090892797042,0.11488420287173336,1.761200028792957
2025-10-01,BTCUSDT,-1,0.0025551426398484,113991.91553000001,118654.287495,0.11650624158748003,0.12127145175172212,-12.150803103944432
2025-10-01,ETHUSDT,-1,0.07030175255986196,4143.0774249999995,4350.204014999999,0.11650624158748,0.12233078649897919,-14.800199306834427
2025-10-01,DOGEUSDT,1,1249.7640763575455,0.23305647,0.24893547000000002,0.11650624158748,0.1244442430948726,19.604053283799153
2025-10-02,BTCUSDT,-1,0.002436537171402535,118535.69250500001,120589.614675,0.11552664837054935,0.11752843145629845,-5.237512794199581
2025-10-02,ETHUSDT,-1,0.06645793646251566,4345.855985,4486.592175,0.11552664837054938,0.11926786307974797,-9.587831284446805
2025-10-02,DOGEUSDT,-1,1160.2067834140846,0.24893547000000002,0.262131,0.11552664837054936,0.12165046573724698,-15.546720530851832
2025-10-03,BTCUSDT,-1,0.0023133951638963685,120469.08532500001,122293.116,0.1114770397559496,0.11316492125288703,-4.444345703352435
2025-10-03,ETHUSDT,-1,0.062178914535567634,4482.107825000001,4515.126434999999,0.11147703975594961,0.11229826428765885,-2.276836633316739
2025-10-03,DOGEUSDT,-1,1064.2037151161128,0.26187899500000006,0.25831909499999994,0.1114770397559496,0.10996165623377281,3.5670201094522507
2025-10-04,BTCUSDT,1,0.0022702891549651804,122293.326105,122329.80450000001,0.11105648479232068,0.1110896113941443,-0.1393295916273998
2025-10-04,ETHUSDT,1,0.061491211986675134,4515.13644,4484.906425,0.11105648479232069,0.11031293268803054,-2.080249678205726
2025-10-04,DOGEUSDT,1,1074.7994141927516,0.25831909499999994,0.25071458,0.11105648479232068,0.10778715348543272,-8.392171905497664
2025-10-05,BTCUSDT,-1,0.0022406966569196783,122329.79450500001,123544.051155,0.10964158463560991,0.11072989696212888,-2.9411522978951847
2025-10-05,ETHUSDT,-1,0.06111684943930901,4484.9164200000005,4516.57716,0.10964158463560991,0.11041558650749674,-2.1550618508601755
2025-10-05,DOGEUSDT,1,1092.1545868047629,0.25097542500000003,0.25271358000000005,0.10964158463560991,0.11040091821794097,1.6782914529741024
2025-10-06,BTCUSDT,1,0.002209451846254691,123544.06116,124596.21073,0.10918586160950579,0.11011573113349483,2.105372217229598
2025-10-06,ETHUSDT,1,0.060436176412795854,4516.57716,4681.667995000001,0.1091858616095058,0.11317684514078413,9.755096121445536
2025-10-06,DOGEUSDT,-1,1080.177212459271,0.252703585,0.26616301499999995,0.10918586160950579,0.11500128944098204,-14.762756729741108
2025-10-07,BTCUSDT,1,0.0021808477294304853,124720.86926999998,121272.283525,0.10879888982403034,0.10579055366733853,-7.735429835220903
2025-10-07,ETHUSDT,-1,0.058098234252987525,4681.677990000001,4449.923849999999,0.10879888982403035,0.10341308729810245,13.25229433769764
2025-10-07,DOGEUSDT,-1,1022.9036656355385,0.26590698,0.24694341,0.10879888982403034,0.10103972771741587,19.188066648994695
2025-10-08,BTCUSDT,1,0.0023084589342648515,121393.62648,123244.34700000001,0.11209288064422651,0.11380180557191502,4.046417633005156
2025-10-08,ETHUSDT,1,0.06297460609591472,4449.923849999999,4523.45714,0.11209288064422651,0.11394517263330121,4.404691919409213
2025-10-08,DOGEUSDT,1,1134.8492991888493,0.246933405,0.25551218,0.11209288064422653,0.11598712736288605,9.507536788641689
2025-10-09,BTCUSDT,-1,0.0023223652914931975,123244.356995,121723.2312,0.11448736682303395,0.11307432292291275,3.3050480605570502
2025-10-09,ETHUSDT,-1,0.06327426306897313,4523.45714,4370.274045,0.11448736682303394,0.11061034784273413,9.467449736083754
2025-10-09,DOGEUSDT,-1,1120.1314213045691,0.255522175,0.24861424499999998,0.11448736682303395,0.11139225104336495,7.511909831306112
2025-10-10,BTCUSDT,1,0.0024069346442515353,121723.241205,112718.11275,0.11719195450676022,0.1085220522450503,-21.90046966102661
2025-10-10,ETHUSDT,1,0.06703924816845222,4370.274045,3827.80514,0.11719195450676022,0.10264527148837481,-36.58654477195868
2025-10-10,DOGEUSDT,1,1178.4043039522512,0.24862425,0.19339325500000001,0.1171919545067602,0.0911581776189341,-65.29279235169095
2025-10-11,BTCUSDT,1,0.0022309491587610888,112830.877245,110589.0778,0.10068798026880338,0.09868744403442985,-5.200716010237052
2025-10-11,ETHUSDT,1,0.06569518230972782,3831.6348599999997,3744.9166050000003,0.10068798026880336,0.0984091916400808,-5.896068743715306
2025-10-11,DOGEUSDT,1,1300.362588356475,0.19357674,0.185177365,0.10068798026880336,0.09631908706257271,-11.119240082908027
2025-10-12,BTCUSDT,1,0.002207002910254111,110699.72219999999,114901.3206,0.09772584362388864,0.10143501958249626,9.073779033312668
2025-10-12,ETHUSDT,1,0.0651736182351126,3748.6734,4150.213855,0.09772584362388863,0.108193781351938,25.963924695147572
2025-10-12,DOGEUSDT,1,1318.035908691747,0.18536263499999997,0.207066415,0.09772584362388864,0.10916838818162695,28.399467162540294
2025-10-13,BTCUSDT,1,0.0023080237943975527,115016.28940499999,115108.417,0.10618413307602205,0.10626918614857431,0.00017936215605386663
2025-10-13,ETHUSDT,-1,0.06396304912582755,4150.213855,4242.970425,0.10618413307602206,0.10855733029348337,-6.147734507022797
2025-10-13,DOGEUSDT,-1,1282.005740477301,0.207066415,0.21390689999999998,0.10618413307602205,0.10969194949108159,-8.985417120215947
2025-10-14,BTCUSDT,-1,0.0022623541821593656,115108.417,113084.65406999999,0.1041664034406777,0.10233501602932385,4.371967108914617
2025-10-14,ETHUSDT,-1,0.061437133445236464,4238.73957,4127.08251,0.1041664034406777,0.10142244756254859,6.654300844319521
2025-10-14,DOGEUSDT,-1,1218.6449099278086,0.2136931,0.20447218499999997,0.10416640344067768,0.09967159498882687,11.033183131197504
2025-10-15,BTCUSDT,1,0.002367864896044244,113084.644065,110707.89836,0.10710766358526863,0.10485653849659127,-5.839776923775274
2025-10-15,ETHUSDT,1,0.06488113757118777,4127.072505,3983.6171950000003,0.10710766358526862,0.10338464610389766,-9.518036013116545
2025-10-15,DOGEUSDT,1,1309.626841321811,0.20446218,0.196111895,0.10710766358526864,0.10273336063779388,-11.145598392909942
2025-10-16,BTCUSDT,1,0.002336562133921691,110818.66163999999,108140.18286,0.10357387540796169,0.10107050257041739,-6.463076471839124
2025-10-16,ETHUSDT,1,0.06493492486143043,3987.602805,3892.5627450000006,0.10357387540796169,0.10110530774599137,-6.3760983380797525
2025-10-16,DOGEUSDT,1,1319.0218942814627,0.19630810499999998,0.18840575,0.1035738754079617,0.09940452370340788,-10.62635766049592
2025-10-17,BTCUSDT,1,0.002319784131708227,108248.367135,106378.46416,0.10044513774523973,0.09871002924554415,-4.5369264162297664
2025-10-17,ETHUSDT,1,0.06444661720060481,3896.4472499999997,3829.6542150000005,0.10044513774523972,0.09872330368191509,-4.503753599738705
2025-10-17,DOGEUSDT,1,1331.4978816326548,0.18859425,0.18460765,0.10044513774523972,0.09832187796327303,-5.506916470625226
2025-10-18,BTCUSDT,1,0.0023126626888404977,106484.89583999998,107131.417495,0.09850545821369389,0.09910353281731227,1.2975775180149456
2025-10-18,ETHUSDT,1,0.06423996764953659,3833.49579,3887.2653950000004,0.09850545821369387,0.09988712128798523,3.2557651062267077
2025-10-18,DOGEUSDT,1,1332.578502769809,0.184802355,0.18952519,0.09850545821369389,0.10102287757094543,6.094020057344222
2025-10-19,BTCUSDT,-1,0.0023318350076572706,107131.4075,108697.10139,0.09992510657123868,0.1013854825008295,-3.8522504130491484
2025-10-19,ETHUSDT,-1,0.06426456219678714,3887.2554,3984.57129,0.09992510657123867,0.10242669179749495,-6.45631486400942
2025-10-19,DOGEUSDT,1,1316.8499681813366,0.189704805,0.195252325,0.09992510657123868,0.1028472071854328,7.102479221728657
2025-10-20,BTCUSDT,-1,0.0022907047135210606,108588.44861500002,110587.356045,0.09949762843052802,0.1013291910992453,-4.779733491322991
2025-10-20,ETHUSDT,-1,0.062489267090424926,3980.58871,3981.2096099999994,0.099497628430528,0.09951314826490257,-0.23781036263184027
2025-10-20,DOGEUSDT,-1,1274.0273642315167,0.19524233000000002,0.2001,0.099497628430528,0.1019731502330906,-6.390275285070105
2025-10-21,BTCUSDT,-1,0.0022171298551849745,110476.823955,108351.818835,0.09797658587865803,0.09609202096106885,4.517343687133207
2025-10-21,ETHUSDT,-1,0.06158593812229345,3977.23039,3874.986525,0.09797658587865804,0.09545787214134838,6.103349885254143
2025-10-21,DOGEUSDT,-1,1225.3199834749626,0.19990000000000002,0.194367135,0.09797658587865801,0.09526477385851033,6.586288690632062
2025-10-22,BTCUSDT,1,0.0023135481369239348,108351.80883,107513.65628000001,0.10027085018039393,0.09949520767218974,-2.1388723283630924
2025-10-22,ETHUSDT,1,0.06469126307144304,3874.9765199999997,3803.6272350000004,0.10027085018039396,0.09842458003403623,-4.814370796108752
2025-10-22,DOGEUSDT,-1,1290.9997771881506,0.194172865,0.190024965,0.10027085018039394,0.09812887499007444,5.156538250628275
2025-10-23,BTCUSDT,1,0.002323688506167702,107621.233725,110023.14091,0.10003128953054814,0.1022638031780146,5.378989025957566
2025-10-23,ETHUSDT,1,0.06568158632378907,3807.432765,3854.8716000000004,0.10003128953054816,0.10127763270500915,2.914549013916954
2025-10-23,DOGEUSDT,1,1316.0282588467803,0.190024965,0.194832535,0.10003128953054814,0.10256204872110175,6.12430463813238
2025-10-24,BTCUSDT,-1,0.002316641264035302,110023.150905,111060.39244499999,0.10195366855428238,0.10291483517521659,-2.607785056064995
2025-10-24,ETHUSDT,1,0.06605392890199424,3858.7284,3932.91256,0.1019536685542824,0.10391373064640007,4.6942878310935
2025-10-24,DOGEUSDT,-1,1308.2889248118106,0.19482254000000002,0.197848875,0.1019536685542824,0.10353739677959053,-4.1648116286042125
2025-10-25,BTCUSDT,1,0.0022887671587745757,111060.40245,111590.446865,0.10167656070713896,0.10216182000703652,1.0093098690297322
2025-10-25,ETHUSDT,1,0.06456724717985196,3936.84744,3951.8430900000003,0.10167656070713896,0.10206385184320799,0.7644874276222192
2025-10-25,DOGEUSDT,1,1284.8405460860517,0.19783887,0.19642174,0.10167656070713897,0.100948246273909,-2.0234108900559598
2025-10-26,BTCUSDT,-1,0.0022771500999913367,111590.446865,114616.6797,0.1016432788946851,0.104399753455812,-7.097229435167787
2025-10-26,ETHUSDT,1,0.06423707933193452,3955.786905,4156.380770000001,0.10164327889468511,0.10679750450248687,12.67712323610724
2025-10-26,DOGEUSDT,1,1292.4594505795942,0.19660825499999998,0.205667115,0.1016432788946851,0.1063265625820761,11.50023937700074
2025-10-27,BTCUSDT,-1,0.002268967173740326,114502.13029500001,114164.70382499999,0.1039206299850771,0.10361438615148466,0.5580745678445593
2025-10-27,ETHUSDT,-1,0.0625066829386502,4156.380770000001,4122.210074999999,0.10392062998507713,0.10306627126581376,1.9289098969075298
2025-10-27,DOGEUSDT,-1,1263.2139803326982,0.205667115,0.20048019,0.10392062998507713,0.10129975151510225,6.346975793437012
2025-10-28,BTCUSDT,1,0.002301466386536121,114164.70382499999,112842.00077500001,0.10509849135283568,0.10388082870925817,-3.253135929005859
2025-10-28,ETHUSDT,1,0.06373901035921624,4122.22008,3977.2104,0.10509849135283568,0.10140138195455302,-9.449273369014028
2025-10-28,DOGEUSDT,-1,1311.8957341835367,0.20027981,0.19371681,0.1050984913528357,0.10165450267145706,8.403218709422276
2025-10-29,BTCUSDT,1,0.0023134294288368706,112954.88922,109966.279355,0.10452526594102264,0.10175969073582138,-7.120222969680011
2025-10-29,ETHUSDT,1,0.0656371205109014,3981.1795949999996,3901.038505,0.10452526594102264,0.10242117378814065,-5.4671768219341335
2025-10-29,DOGEUSDT,1,1348.944187407157,0.19371681,0.19227381500000001,0.10452526594102264,0.10374665805393962,-2.1547916417025186
2025-10-30,BTCUSDT,1,0.0023292850162529594,110076.31065,108268.71856000001,0.10255964041658043,0.10087548154828668,-4.413832292699217
2025-10-30,ETHUSDT,1,0.06565999629994151,3904.9514999999997,3803.187455,0.10255964041658043,0.09988690968931362,-6.88427336827294
2025-10-30,DOGEUSDT,1,1332.1773954289738,0.192466185,0.18258866,0.10255964041658043,0.0972961942054666,-13.358471362406618
2025-10-31,BTCUSDT,1,0.0022899708429687544,108377.03143499998,109553.205995,0.09927209681346325,0.1003494589929199,2.493783892835253
2025-10-31,ETHUSDT,1,0.06519302853564299,3806.8524749999997,3846.066005,0.09927209681346325,0.10029467632557258,2.3568820071342858
2025-10-31,DOGEUSDT,1,1357.8728592440045,0.18277134,0.18634678000000002,0.09927209681346325,0.1012140939878054,4.654506745054133
2025-11-01,BTCUSDT,1,0.0022920133428627194,109662.814005,110043.05095000002,0.10053945316613307,0.10088805642668884,0.6700806417965957
2025-11-01,ETHUSDT,1,0.06528664797417628,3849.924,3871.8331150000004,0.10053945316613307,0.10111160223750537,1.2287216230271318
2025-11-01,DOGEUSDT,1,1347.473832893319,0.18653321999999997,0.18726632000000001,0.10053945316613308,0.10093458639289074,0.786359027335125
2025-11-02,BTCUSDT,-1,0.0022922273101460716,110043.05095000002,110595.95033999998,0.10089747467175426,0.10140442310436268,-1.4696729792971344
2025-11-02,ETHUSDT,1,0.06508310432328447,3875.71689,3904.62671,0.10089747467175428,0.10165009100416522,1.6789932653514468
2025-11-02,DOGEUSDT,1,1345.6320872408887,0.18745367999999998,0.18628681,0.10089747467175426,0.10026940358629875,-1.771344591896811
2025-11-03,BTCUSDT,1,0.0022760597324308304,110595.960345,106529.74848,0.10068920476430857,0.09698722832852498,-9.452617522551812
2025-11-03,ETHUSDT,-1,0.06446788146638771,3904.62671,3605.631915,0.10068920476430857,0.09297898036305781,19.08189281799953
2025-11-03,DOGEUSDT,-1,1351.1933922364983,0.186296805,0.167493705,0.10068920476430858,0.09052655497488372,25.215408713822935
2025-11-04,BTCUSDT,1,0.0024694949471685598,106636.341525,101446.47139,0.10533516263221135,0.10020861940227395,-13.021901856877973
2025-11-04,ETHUSDT,1,0.07303495810824397,3605.64192,3285.4064750000002,0.10533516263221135,0.0959798097080714,-23.589697282690135
2025-11-04,DOGEUSDT,1,1572.2256939777428,0.167493705,0.16214888500000002,0.10533516263221133,0.10197385729873691,-8.610572353617023
2025-11-05,BTCUSDT,1,0.0024447936118687195,101547.97861499999,103833.21742000002,0.09930553976645333,0.10154031465927676,5.386091377632851
2025-11-05,ETHUSDT,-1,0.07556564197011065,3285.4064750000002,3426.002145,0.09930553976645332,0.10355522059116044,-10.827062822125416
2025-11-05,DOGEUSDT,1,1529.461165719737,0.16232111999999999,0.167106405,0.09930553976645333,0.10223310279621381,7.117368931838547
2025-11-06,BTCUSDT,-1,0.0023963684720671534,103833.21742000002,101396.71301999998,0.0995290594314328,0.0971935545009476,5.6420397122805985
2025-11-06,ETHUSDT,-1,0.07270036186761396,3422.577855,3316.7975699999997,0.0995290594314328,0.09645295343224905,7.494282985095675
2025-11-06,DOGEUSDT,-1,1489.0963161840639,0.16709641,0.16172082,0.0995290594314328,0.09632715092490643,7.808915055959572
2025-11-07,BTCUSDT,1,0.0025228075632580367,101396.71301999998,103287.41046000001,0.10232175779854424,0.10422970411913011,4.5633143395470155
2025-11-07,ETHUSDT,1,0.0771239091616799,3316.7975699999997,3434.3319750000005,0.10232175779854424,0.1059476429083811,8.85644337388523
2025-11-07,DOGEUSDT,1,1581.765381206703,0.16172082,0.17868061500000001,0.10232175779854424,0.11305232443988927,26.611042521124148
2025-11-08,BTCUSDT,1,0.0026032113097824907,103390.759545,102261.78353000002,0.10765919782981839,0.10648361257752995,-3.1531059411284588
2025-11-08,ETHUSDT,1,0.07829172181657684,3437.7580199999998,3399.8092450000004,0.10765919782981839,0.10647076785558647,-3.1852049012652226
2025-11-08,DOGEUSDT,-1,1506.307746783533,0.17868061500000001,0.176138025,0.10765919782981839,0.10612722862426065,3.6161365874402813
2025-11-09,BTCUSDT,1,0.0026204556694073198,102364.106475,104670.59852000001,0.10729624126249132,0.10971386532479659,5.827050049175899
2025-11-09,ETHUSDT,1,0.0788198623203482,3403.210755,3581.66827,0.10729624126249131,0.1129226399674239,13.845777881101563
2025-11-09,DOGEUSDT,-1,1524.4236895853676,0.17596197500000002,0.17938964999999998,0.10729624126249131,0.10938633285057109,-5.441911544312531
2025-11-10,BTCUSDT,-1,0.0026080319772573855,104670.588525,106064.135565,0.10919369678061999,0.11064746287747294,-3.854256401790483
2025-11-10,ETHUSDT,-1,0.07621706461150014,3581.66827,3569.6339249999996,0.10919369678061998,0.10882680780045113,0.6992019458410496
2025-11-10,DOGEUSDT,-1,1523.261585904776,0.17921035,0.181880895,0.10919369678061998,0.11082087222539201,-4.287953180936077
2025-11-11,BTCUSDT,-1,0.0025529258926422545,105958.124435,103110.519495,0.10820129576236859,0.10529340600903178,7.056229681570605
2025-11-11,ETHUSDT,-1,0.07585480294442426,3566.066075,3419.46888,0.10820129576236859,0.10375325522679645,10.908146787941194
2025-11-11,DOGEUSDT,-1,1488.8247259614043,0.18168911000000001,0.17214602999999998,0.10820129576236859,0.10251810637603746,13.997254063689407
2025-11-12,BTCUSDT,1,0.0027267546545798886,103110.52949999999,101603.54281500001,0.11246284650012875,0.1108191733170433,-4.332464977530789
2025-11-12,ETHUSDT,-1,0.08230471570060165,3416.0511200000005,3416.6274599999997,0.11246284650012876,0.1124818207000675,-0.2723801670470122
2025-11-12,DOGEUSDT,1,1633.1528328375007,0.17215603499999999,0.17009491000000002,0.11246284650012876,0.11111639364709591,-3.589711372729368
2025-11-13,BTCUSDT,1,0.002737574923578076,101705.19718499998,99642.17399000001,0.1113702389644878,0.10911116673833106,-5.868161971094667
2025-11-13,ETHUSDT,-1,0.08157312487039045,3413.202545,3233.15577,0.1113702389644878,0.10549544774065335,14.470112372880973
2025-11-13,DOGEUSDT,1,1635.2477035146753,0.17026508999999998,0.16375808000000003,0.11137023896448779,0.10711400970078902,-10.859057407912227
2025-11-14,BTCUSDT,1,0.0027839182448044066,99741.87601499999,94546.70300000001,0.11106929136367101,0.10528411658712143,-14.67929034932475
2025-11-14,ETHUSDT,1,0.08588276869569965,3233.165775,3110.8438,0.111069291363671,0.10686715140954053,-10.723286328099354
2025-11-14,DOGEUSDT,1,1694.0393162338291,0.163911915,0.157571175,0.111069291363671,0.10677270622206442,-10.959304851602198
2025-11-15,BTCUSDT,1,0.0028058850591706863,94641.29699999999,95548.44188000001,0.10622104049313419,0.10723917819925229,2.3318840466028594
2025-11-15,ETHUSDT,1,0.08527820694229271,3113.9562,3166.29606,0.10622104049313419,0.10800642025809844,4.2492219516594005
2025-11-15,DOGEUSDT,1,1683.6022282727042,0.15772882500000002,0.16307842,0.10622104049313418,0.10982367651807677,8.79054534534528
2025-11-16,BTCUSDT,1,0.002830040624058444,95644.028115,94214.30928,0.10827059400561517,0.10665212905200258,-4.261085107089108
2025-11-16,ETHUSDT,1,0.08540161509368584,3169.4539349999995,3093.7423550000003,0.10827059400561517,0.10568423752029728,-6.679846044820649
2025-11-16,DOGEUSDT,-1,1659.7933988693167,0.16307842,0.15864928499999997,0.10827059400561519,0.10533001439133474,7.137848427304148
2025-11-17,BTCUSDT,1,0.0028566731542497485,94308.58072499999,92169.03243,0.1077635163090011,0.1053187202383822,-6.325072413094665
2025-11-17,ETHUSDT,1,0.08699480620415372,3096.8376449999996,3029.92428,0.10776351630900109,0.105435070220744,-6.034313807172498
2025-11-17,DOGEUSDT,-1,1699.9467870445233,0.15848072000000002,0.15221606999999998,0.1077635163090011,0.1035036876532177,10.438304435496319
2025-11-18,BTCUSDT,1,0.002913123735657927,92261.24756999999,92914.349585,0.1075073720710317,0.10826839886371271,1.6867912107678078
2025-11-18,ETHUSDT,1,0.08861600860350814,3032.95572,3122.09817,0.10750737207103168,0.11066715131748682,7.6812735927493
2025-11-18,DOGEUSDT,1,1765.7033858355378,0.15221606999999998,0.16164913500000003,0.10750737207103168,0.1141697699947544,16.434317667241007
2025-11-19,BTCUSDT,-1,0.0029852140769790936,92914.349585,91600.73748,0.11094768973379945,0.10937912439478499,3.7010865334075773
2025-11-19,ETHUSDT,-1,0.08884093234634495,3122.0881750000003,3026.9927399999997,0.11094768973379944,0.10756834289088693,8.229851074656612
2025-11-19,DOGEUSDT,-1,1715.978099948432,0.16163914000000001,0.1546773,0.11094768973379944,0.10616914374366143,11.729248141867572
2025-11-20,BTCUSDT,1,0.003114122885529079,91600.73748,86593.911385,0.11410238116712369,0.10786563247660222,-15.813839739947406
2025-11-20,ETHUSDT,1,0.09423740901268539,3026.9927399999997,2832.80289,0.11410238116712369,0.1067824018388989,-18.520833103568023
2025-11-20,DOGEUSDT,1,1844.3197892470364,0.154667295,0.14884554,0.11410238116712369,0.10980750998526453,-10.961087845800291
2025-11-21,BTCUSDT,1,0.0031167015151680614,86680.53861,85086.86528499999,0.10806294640854826,0.10607614478186408,-5.181143157900867
2025-11-21,ETHUSDT,1,0.0952725291506094,2835.627105,2764.467075,0.10806294640854826,0.10535110799553496,-6.993010086937323
2025-11-21,DOGEUSDT,1,1813.2041018261393,0.14899446,0.140219855,0.10806294640854826,0.1016988864973866,-16.11991161081007
2025-11-22,BTCUSDT,1,0.003061171017174573,85171.98470999999,84697.37013000001,0.10429040442779514,0.10370925386914537,-1.6608760549213606
2025-11-22,ETHUSDT,1,0.09421869263552075,2767.24293,2768.73494,0.10429040442779515,0.1043466345204348,-0.06806180734911262
2025-11-22,DOGEUSDT,1,1857.550169027596,0.140360145,0.140199865,0.10429040442779515,0.10417131317135847,-0.5061898586908686
2025-11-23,BTCUSDT,1,0.0030664598724252433,84782.11987499999,86786.585,0.10399238739833366,0.10645103214692903,5.936168451943138
2025-11-23,ETHUSDT,1,0.09380497703144519,2771.50506,2800.75892,0.10399238739833365,0.1050900504644861,2.535075227518318
2025-11-23,DOGEUSDT,1,1852.5061878829897,0.140340135,0.1449275,0.10399238739833366,0.10739163621776479,8.28673802496172
2025-11-24,BTCUSDT,1,0.003056941670789718,86873.415,88255.859995,0.10622678495892342,0.1079172064440395,4.011909721387259
2025-11-24,ETHUSDT,1,0.09472487126883235,2803.5610799999995,2951.90331,0.10622678495892343,0.11184746441511606,13.833624391107543
2025-11-24,DOGEUSDT,-1,1832.4124986445538,0.1449275,0.151885905,0.10622678495892343,0.11132705227597572,-12.968222129865659
2025-11-25,BTCUSDT,-1,0.0030274786634374444,88255.859995,87413.64498,0.10687709322327395,0.10585717802809827,2.3370537166878016
2025-11-25,ETHUSDT,-1,0.0905154081954618,2951.90331,2960.83968,0.10687709322327395,0.10720064489460822,-1.022956916453552
2025-11-25,DOGEUSDT,-1,1761.0434535988998,0.1517241,0.153086505,0.10687709322327393,0.10783679498583411,-2.6139682946095366
2025-11-26,BTCUSDT,-1,0.0030547439698624386,87326.285015,90529.26201,0.10670377702402396,0.11061748688845771,-10.00159592499686
2025-11-26,ETHUSDT,-1,0.09018601623478122,2957.88032,3028.0732799999996,0.10670377702402395,0.10923594639607487,-6.546363153547394
2025-11-26,DOGEUSDT,-1,1744.2839618623761,0.152933495,0.15481736999999998,0.10670377702402396,0.10801818220348534,-3.5007349078809566
2025-11-27,BTCUSDT,-1,0.0028757196756479847,90438.767995,91379.616975,0.1040306178258339,0.10511286499527363,-2.914761406420431
2025-11-27,ETHUSDT,-1,0.08597438936896311,3025.0467200000003,3016.737615,0.10403061782583391,0.10374486973440286,0.5065947410173849
2025-11-27,DOGEUSDT,1,1680.0011069536954,0.154807365,0.15256368,0.10403061782583391,0.10252286051237175,-3.9759467619935998
2025-11-28,BTCUSDT,-1,0.002825647787976919,91288.27303000001,90936.14534999999,0.10317940270218104,0.10278140718215004,0.7890279901931687
2025-11-28,ETHUSDT,-1,0.08559132985815897,3013.722385,3032.665575,0.10317940270218103,0.10382795183172334,-1.8283801783896791
2025-11-28,DOGEUSDT,1,1689.0696865629855,0.15271632,0.150094915,0.10317940270218104,0.10140830841349918,-4.632323432820312
2025-11-29,BTCUSDT,1,0.002815799141887019,90936.155355,90757.03878,0.10242317928604545,0.10222143676677237,-0.7090009142355393
2025-11-29,ETHUSDT,1,0.0844335739106415,3032.65557,2987.66542,0.10242317928604547,0.10090370762393512,-4.002006042185836
2025-11-29,DOGEUSDT,1,1704.381880817141,0.15023508,0.148295815,0.10242317928604547,0.10110108003480434,-3.5087723874236953
2025-11-30,BTCUSDT,-1,0.002791166670622892,90757.03878,90405.18,0.10132720870686612,0.10093437010706531,0.7798349206881279
2025-11-30,ETHUSDT,1,0.08470291955764919,2990.664585,2989.7643700000003,0.10132720870686612,0.1012967083713743,-0.27887475580780097
2025-11-30,DOGEUSDT,1,1706.4866620889547,0.148444185,0.14591700500000002,0.10132720870686612,0.09960216912178695,-4.513528340526601
2025-12-01,BTCUSDT,1,0.0027872348814046376,90405.190005,86242.866995,0.10079219961677997,0.09615165086432192,-11.798315731626225
2025-12-01,ETHUSDT,1,0.08419709879016193,2992.745625,2797.670465,0.10079219961677999,0.09422229460956932,-16.619777012252985
2025-12-01,DOGEUSDT,-1,1726.875486801212,0.14591700500000002,0.135537735,0.10079219961677997,0.09362271684322347,17.729292017431252
2025-12-02,BTCUSDT,1,0.0028775628720935035,86329.15300499999,91232.24106000001,0.09936702618658691,0.10501060384485619,13.904566515641791
2025-12-02,ETHUSDT,1,0.08870568394398451,2800.469535,2994.5719650000005,0.09936702618658691,0.10625422170992267,17.0123675604429
2025-12-02,DOGEUSDT,1,1832.9648512999318,0.13552772999999999,0.14569711500000002,0.09936702618658692,0.10682307629232164,18.433935161857903
2025-12-03,BTCUSDT,-1,0.002903226448621979,91232.24106000001,93476.66497499999,0.10594714208497927,0.10855357043375832,-6.730571584466361
2025-12-03,ETHUSDT,-1,0.08844932040644683,2994.5719650000005,3189.95418,0.10594714208497927,0.11285971173948177,-17.50023099008071
2025-12-03,DOGEUSDT,-1,1817.8100932236466,0.14570711,0.15173583,0.10594714208497927,0.11033076931106696,-11.175345976615287
2025-12-04,BTCUSDT,-1,0.0027099704312839963,93383.235025,92124.09903,0.10122632227815763,0.09986143375199148,3.211133559385216
2025-12-04,ETHUSDT,-1,0.0794107376752349,3186.795805,3134.82663,0.10122632227815763,0.09957555806890828,3.9261086427763248
2025-12-04,DOGEUSDT,-1,1669.3637627503279,0.151594165,0.14746369499999998,0.10122632227815763,0.09846821950170667,6.695562399347524
2025-12-05,BTCUSDT,-1,0.0027998596341436374,92032.02097,89374.70502,0.1030706962250255,0.10009465155959707,7.23694631578644
2025-12-05,ETHUSDT,1,0.08219808333150587,3134.82663,3020.26911,0.1030706962250255,0.09930413279494124,-9.618783404230603
2025-12-05,DOGEUSDT,1,1747.3910480987458,0.14746369499999998,0.13949022,0.1030706962250255,0.09749758469012985,-14.133347118154267
2025-12-06,BTCUSDT,1,0.002821510617617524,89374.70502,89192.171605,0.10086867166414569,0.1006626636767487,-0.7165513038333747
2025-12-06,ETHUSDT,1,0.08340994064147772,3023.2808849999997,3036.54097,0.10086867166414569,0.10131108082524608,0.9038431502615861
2025-12-06,DOGEUSDT,1,1806.002123331887,0.13962977999999998,0.13968012500000002,0.10086867166414569,0.10090504093490538,-0.1108505356998441
2025-12-07,BTCUSDT,1,0.0028247440970009686,89281.4184,90350.112345,0.10087886383890947,0.10208637860396524,2.815821670196571
2025-12-07,ETHUSDT,-1,0.0830540941449157,3036.54097,3061.3799249999997,0.10087886383890947,0.101704054601722,-2.2655598254719322
2025-12-07,DOGEUSDT,1,1803.5999143907843,0.13982988,0.13860066499999998,0.10087886383890945,0.0999920590114023,-2.41788299161819
2025-12-08,BTCUSDT,-1,0.0027844413787096564,90350.12234000002,90679.65716999999,0.10062984768599031,0.10099687585254151,-1.1191971399165146
2025-12-08,ETHUSDT,-1,0.08225881885109142,3058.3300700000004,3125.7220799999996,0.1006298476859903,0.10284728254303066,-5.747064272829889
2025-12-08,DOGEUSDT,-1,1814.9730995796122,0.13861066,0.142661295,0.10062984768599031,0.10357056511047658,-7.555993974012123
2025-12-09,BTCUSDT,-1,0.0027240295326855747,90589.03282500002,92725.1394,0.09870688030108919,0.1010344072591947,-6.018558682824072
2025-12-09,ETHUSDT,-1,0.07902624899997467,3122.59792,3319.6990199999996,0.09870688030108919,0.10493734454379675,-15.779804831613745
2025-12-09,DOGEUSDT,-1,1731.3509542479721,0.1425287,0.148043985,0.09870688030108918,0.10252643788016898,-9.750127265880751
2025-12-10,BTCUSDT,-1,0.002550412783355424,92632.470595,92061.37768499998,0.09450041486371338,0.09391780580045431,1.268104437483535
2025-12-10,ETHUSDT,-1,0.0712376046612363,3316.3809800000004,3325.8020699999997,0.09450041486371338,0.09476886921767252,-0.8604051689792676
2025-12-10,DOGEUSDT,-1,1597.5210987440423,0.14788602,0.14339166,0.09450041486371338,0.09162848089357287,6.993706029593993
2025-12-11,BTCUSDT,-1,0.002595626851230486,91969.37231,92559.63669,0.09548726890345983,0.096100111333081,-1.7236934542894384
2025-12-11,ETHUSDT,1,0.07177762453513946,3325.8020699999997,3235.771305,0.09548726890345983,0.0929023911247473,-6.650584106809547
2025-12-11,DOGEUSDT,1,1664.798163705264,0.14339166,0.14025983500000003,0.09548726890345983,0.09340172629984135,-5.402745504249501
2025-12-12,BTCUSDT,-1,0.0025319899966169575,92467.12331000001,90313.55420999999,0.09365033249474669,0.09146920632745732,5.267695879401237
2025-12-12,ETHUSDT,1,0.07228339794014141,3238.99869,3083.31757,0.09365033249474669,0.08914906835525593,-11.435959749576892
2025-12-12,DOGEUSDT,1,1667.4421178812531,0.14041016999999997,0.13685154,0.0936503324947467,0.09127680867716441,-6.11873668512764
2025-12-13,BTCUSDT,1,0.002547016789609702,90313.56421499999,90194.889995,0.09201206575403957,0.09189115966170605,-0.4861684562495461
2025-12-13,ETHUSDT,1,0.0745301915748877,3086.40243,3113.08268,0.09201206575403958,0.09280745941154593,1.8036646186003036
2025-12-13,DOGEUSDT,1,1679.193739276279,0.13698845999999998,0.13898047500000002,0.09201206575403957,0.09335005740065738,3.1596169933898093
2025-12-14,BTCUSDT,-1,0.002566914390672868,90194.88,88216.25608499999,0.09260901417480501,0.09057743089434779,4.895771756073884
2025-12-14,ETHUSDT,-1,0.07437082764438897,3113.08268,3065.0317499999996,0.09260901417480501,0.09117957920153195,3.3897988398062875
2025-12-14,DOGEUSDT,1,1664.0790451675682,0.13912952999999997,0.13401296000000001,0.09260901417480501,0.08920326340675182,-8.696189197714514
2025-12-15,BTCUSDT,1,0.0026229370762376287,88216.24608,86388.86396,0.09255426502789375,0.09063702170189307,-4.976299601731492
2025-12-15,ETHUSDT,1,0.07549233963745806,3065.0217449999996,2963.367575,0.09255426502789374,0.0894846205770122,-7.856150012808757
2025-12-15,DOGEUSDT,1,1724.994611441459,0.134137035,0.129685125,0.09255426502789375,0.08948245672364483,-7.8615574823738426
2025-12-16,BTCUSDT,1,0.0025959744630449986,86475.29604,87819.48829000001,0.08979506408163854,0.09119085958340774,3.308502830757971
2025-12-16,ETHUSDT,1,0.07567852419780509,2966.3324249999996,2960.8188500000006,0.08979506408163852,0.089628160394017,-0.5966824435294958
2025-12-16,DOGEUSDT,1,1729.2907319295753,0.129814875,0.131724105,0.08979506408163852,0.0911157095792873,3.1207029704609974
2025-12-17,BTCUSDT,-1,0.0025783776846665858,87819.498285,86286.34161,0.0905727338626638,0.08899151107949677,3.773492712975438
2025-12-17,ETHUSDT,-1,0.07647608520752948,2960.8188500000006,2834.906745,0.0905727338626638,0.08672102791440801,9.451971108862388
2025-12-17,DOGEUSDT,-1,1718.9855619566324,0.131724105,0.126393165,0.09057273386266379,0.08690721030600095,8.986328947488438
2025-12-18,BTCUSDT,1,0.002709997133997705,86286.35161499999,85473.65179500001,0.09353430623190728,0.09265334055870712,-2.3886018297910105
2025-12-18,ETHUSDT,1,0.08248417368156162,2834.91675,2827.1557150000003,0.09353430623190728,0.09327824120835182,-0.8269751063288996
2025-12-18,DOGEUSDT,1,1850.0665410172157,0.126393165,0.12200896500000001,0.0935343062319073,0.09028988154025623,-8.294885916899824
2025-12-19,BTCUSDT,1,0.0026881858420792918,85559.168205,88092.87153,0.09199957785150467,0.09472400401402237,6.624341824428725
2025-12-19,ETHUSDT,1,0.0812724505145544,2829.97428,2978.0102500000003,0.09199957785150467,0.09681207626998431,11.8424343920776
2025-12-19,DOGEUSDT,1,1883.2145705533544,0.12213103499999999,0.13215389000000002,0.09199957785150467,0.09954965248132212,18.68363734421079
2025-12-20,BTCUSDT,1,0.0027486914985494822,88181.01847499999,88316.71955,0.09695296632626692,0.09710216648274553,0.1789452583875256
2025-12-20,ETHUSDT,-1,0.08139099901308347,2978.000255,2979.418965,0.09695296632626693,0.09699915441595086,-0.3094223449520629
2025-12-20,DOGEUSDT,-1,1834.0921770495538,0.13215389000000002,0.13200597,0.09695296632626692,0.09684444676033524,0.07750150174261108
2025-12-21,BTCUSDT,1,0.0027415249058623152,88405.090455,88614.53057,0.09694590291495733,0.09717557703158101,0.3800638116126425
2025-12-21,ETHUSDT,-1,0.08142770323262706,2976.441035,3003.52101,0.09694590291495733,0.09782792698209612,-2.3998339977440217
2025-12-21,DOGEUSDT,-1,1837.98984527808,0.131864035,0.13118555999999998,0.09694590291495733,0.09644709085084731,1.0536371665092623
2025-12-22,BTCUSDT,-1,0.0027314107978698775,88614.540565,88665.10039499999,0.09681708517900771,0.09687232504524788,-0.33178907582467665
2025-12-22,ETHUSDT,-1,0.08066668049451262,3000.5289850000004,3010.9947449999995,0.09681708517900771,0.09715478042622858,-1.0382099836574168
2025-12-22,DOGEUSDT,-1,1846.745937961883,0.131064435,0.13264629,0.09681708517900771,0.09798559889728559,-3.116086979770975
2025-12-23,BTCUSDT,1,0.0027129879723003163,88665.10039499999,87442.257,0.096218940373774,0.09489191660471726,-3.5086702796203455
2025-12-23,ETHUSDT,-1,0.07996985684464539,3007.97526,2966.50251,0.096218940373774,0.09489231242159248,3.1254586276584297
2025-12-23,DOGEUSDT,-1,1815.2638767296983,0.13251371,0.12934464,0.096218940373774,0.09391786105624289,5.562561492397761
2025-12-24,BTCUSDT,-1,0.002770671860416949,87442.257,87713.28472499999,0.09690952035249878,0.0972098919089189,-0.9450483033117205
2025-12-24,ETHUSDT,1,0.08166956979153245,2966.512515,2945.9962649999998,0.09690952035249879,0.09623929902800457,-1.8687021306160414
2025-12-24,DOGEUSDT,1,1872.9424125530782,0.129354645,0.12849572,0.09690952035249879,0.09626603352781794,-1.8018926155824369
2025-12-25,BTCUSDT,-1,0.002747316294464709,87625.60528,87268.882635,0.09629410127923074,0.09590208930514552,0.7878337446286782
2025-12-25,ETHUSDT,1,0.08163412329353016,2948.95374,2902.498025,0.09629410127923076,0.09477715265283113,-3.9834428199311644
2025-12-25,DOGEUSDT,1,1871.7615381191308,0.128614275,0.12358817500000001,0.09629410127923076,0.09253103701253454,-9.596485805032312
2025-12-26,BTCUSDT,1,0.00270968545065867,87268.882635,87325.87522,0.09458848862851942,0.09465026141986739,-0.03480677167845936
2025-12-26,ETHUSDT,1,0.08139159235813018,2905.3519499999998,2926.526005,0.09458848862851944,0.0952778446497709,1.5335237198503708
2025-12-26,DOGEUSDT,1,1911.6228166351843,0.12370181999999999,0.122048945,0.09458848862851943,0.0933246192033011,-3.3475866708776705
2025-12-27,BTCUSDT,1,0.0026981601273047945,87413.24478,87833.071495,0.09434197266549199,0.09479507654660813,0.9436226535782615
2025-12-27,ETHUSDT,1,0.08051129205333465,2929.464,2947.5754750000006,0.09434197266549198,0.09492524396678867,1.2689110366094378
2025-12-27,DOGEUSDT,1,1930.5303671457202,0.12217105499999999,0.124287825,0.09434197266549198,0.09597656817159722,3.8961702244259913
2025-12-28,BTCUSDT,-1,0.0027084467083267325,87833.06150000001,87996.686355,0.0951564665207738,0.09533373420074386,-0.6336594006466721
2025-12-28,ETHUSDT,-1,0.08070740454981376,2947.5754750000006,2952.3854549999996,0.0951564665207738,0.09531174692146838,-0.5786692151786816
2025-12-28,DOGEUSDT,-1,1914.0343497195681,0.124287825,0.123991965,0.09515646652077381,0.09492995203969058,0.37619978414758404
2025-12-29,BTCUSDT,-1,0.002702944825151511,87908.73364500001,87280.748565,0.09504498267655014,0.09436601906764677,1.5079980205141963
2025-12-29,ETHUSDT,-1,0.0805620375926584,2949.434545,2939.36895,0.09504498267655014,0.09472062073943714,0.6211392393664896
2025-12-29,DOGEUSDT,-1,1918.1162042323026,0.12387803,0.12294144,0.09504498267655014,0.09432638729426135,1.6071170857511228
2025-12-30,BTCUSDT,1,0.00273666162050275,87280.748565,88441.24725500001,0.0955431499226344,0.09681350681286108,2.9835355688312437
2025-12-30,ETHUSDT,1,0.08126134073331351,2939.3789549999997,2972.203155,0.0955431499226344,0.09661008532283379,2.4751852652529993
2025-12-30,DOGEUSDT,-1,1944.8027627631031,0.12281856000000001,0.12342167999999999,0.09554314992263438,0.09601232969954544,-1.364504921899833
2025-12-31,BTCUSDT,-1,0.002716182706052392,88441.25725000001,87692.04411,0.0960890453775923,0.09527504546798621,1.8436356831696503
2025-12-31,ETHUSDT,-1,0.08082308002394296,2972.203155,2973.1258199999997,0.09608904537759232,0.09611887442844441,-0.2667805469362955
2025-12-31,DOGEUSDT,-1,1948.4619767847503,0.123288325,0.117528735,0.0960890453775923,0.09160010853084442,11.03465296296126
2026-01-01,BTCUSDT,1,0.0027873278567626353,87692.034105,88794.62048,0.09777057979081823,0.098999887677828,2.876499250055784
2026-01-01,ETHUSDT,1,0.08221166602001628,2973.135825,3002.6879050000002,0.09777057979081823,0.09874239008328096,2.2330127612827355
2026-01-01,DOGEUSDT,1,2079.716500624682,0.117528735,0.12676658500000001,0.09777057979081823,0.10545542342093654,19.008883072084004
2026-01-02,BTCUSDT,-1,0.002843256547769906,88794.63047500001,90040.127565,0.1009863658019412,0.10240287290448954,-3.744656995077266
2026-01-02,ETHUSDT,-1,0.08407997184271238,3002.6879050000002,3127.0127249999996,0.10098636580194122,0.10516765674792132,-10.659381387500092
2026-01-02,DOGEUSDT,1,1989.7472372854188,0.12688340999999997,0.14180906000000001,0.10098636580194122,0.1128656741428169,29.484418812244435
2026-01-03,BTCUSDT,1,0.002859754715292677,90040.13756999999,90582.695995,0.10299708319256352,0.10361771679824974,1.344969214224734
2026-01-03,ETHUSDT,1,0.08234436721904123,3127.0227299999997,3125.5464450000004,0.10299708319256351,0.10294845769089955,-0.327509295043366
2026-01-03,DOGEUSDT,1,1814.0834987553717,0.141940935,0.143078425,0.10299708319256351,0.10382248392816322,1.856682271878555
2026-01-04,BTCUSDT,1,0.0028503505106328413,90673.32400499999,91483.965135,0.10338030215137153,0.10430454669490574,2.102926509989258
2026-01-04,ETHUSDT,-1,0.08268978238729348,3125.5464450000004,3146.2723499999997,0.1033803021513715,0.10406583038106337,-1.9212667067620972
2026-01-04,DOGEUSDT,1,1804.6778998263114,0.14321156999999998,0.149455235,0.1033803021513715,0.10788742384713913,11.056536513420554
2026-01-05,BTCUSDT,1,0.0028631763612936042,91575.50487,93812.78014500001,0.10487872832692455,0.10744101379935922,6.1933939389603845
2026-01-05,ETHUSDT,1,0.08333543885552235,3146.282355,3223.377505,0.10487872832692453,0.10744863159047748,6.21243079896493
2026-01-05,DOGEUSDT,-1,1754.46752815487,0.14944524,0.151785855,0.10487872832692453,0.10652134153228941,-4.317933083271408
2026-01-06,BTCUSDT,1,0.0028208099566890414,93906.639855,93701.096015,0.10595711388087839,0.10572519383671515,-0.7914824181256884
2026-01-06,ETHUSDT,-1,0.08217864159295732,3223.377505,3298.48842,0.1059571138808784,0.10842611906628005,-6.386896196451257
2026-01-06,DOGEUSDT,-1,1746.9204228519634,0.15163414500000003,0.15062527499999998,0.1059571138808784,0.1052521476380773,1.551206345483793
2026-01-07,BTCUSDT,-1,0.0028069795530501966,93701.096015,91409.84208,0.1052068242449993,0.10263422306644297,6.223661899079364
2026-01-07,ETHUSDT,-1,0.07981868489729929,3295.1815850000003,3170.3043599999996,0.10520682424499932,0.10121980989574964,9.761109238983448
2026-01-07,DOGEUSDT,-1,1747.9152104281848,0.150474725,0.14649320999999998,0.1052068242449993,0.1024230839933801,6.751720720809628
2026-01-08,BTCUSDT,1,0.002960248974014225,91409.84208,91054.44000500001,0.10823835649284894,0.10781752504169645,-1.268134509415795
2026-01-08,ETHUSDT,1,0.08535328489158764,3170.3043599999996,3105.0966750000002,0.10823835649284896,0.10601208044687863,-5.7799405518655815
2026-01-08,DOGEUSDT,1,1847.1565421504683,0.14649320999999998,0.14186903,0.10823835649284896,0.10482172275721643,-8.754644418331377
2026-01-09,BTCUSDT,1,0.0029110397388819476,91145.54999999999,90595.95936000001,0.1061313272289006,0.1054913751516376,-1.8115028955380434
2026-01-09,ETHUSDT,1,0.08536361243655419,3108.2133299999996,3086.8558000000003,0.10613132722890059,0.10540206486349178,-2.034689305614413
2026-01-09,DOGEUSDT,1,1868.233323086618,0.142020975,0.140639645,0.10613132722890059,0.10509906853442891,-2.7918771319425413
2026-01-10,BTCUSDT,1,0.002901373030479823,90686.590635,90459.44765,0.10524625131782125,0.10498264070552457,-0.8692554227650248
2026-01-10,ETHUSDT,1,0.08515222646886411,3089.9442,3085.17664,0.10524625131782127,0.10508386397829171,-0.6162984641199917
2026-01-10,DOGEUSDT,1,1869.112553137455,0.14077035,0.139580175,0.10524625131782127,0.10435642290464912,-2.4341737071528184
2026-01-11,BTCUSDT,1,0.002891321813377784,90549.95234999999,90968.143175,0.10472362097194958,0.10520727067374037,0.9991933628312974
2026-01-11,ETHUSDT,1,0.08477549415664924,3088.2633599999995,3121.888275,0.10472362097194957,0.1058638484859897,2.639981315642416
2026-01-11,DOGEUSDT,1,1873.8146317451653,0.139719825,0.137940995,0.10472362097194958,0.1033903418993947,-3.541311644258562
2026-01-12,BTCUSDT,1,0.002875511412597437,91059.16683,91250.5519,0.1047366693765116,0.10495680135770591,0.3406364822515531
2026-01-12,ETHUSDT,-1,0.08387258353593917,3121.89827,3097.2978749999997,0.1047366693765116,0.10391134990264975,1.8546506653754717
2026-01-12,DOGEUSDT,-1,1898.2150552218286,0.137940995,0.13668830999999998,0.10473666937651162,0.10378552316593137,2.1693433339081727
2026-01-13,BTCUSDT,1,0.0028825402128956636,91341.84809999999,95366.293,0.10531862010738295,0.10995886981091611,11.385346768914617
2026-01-13,ETHUSDT,-1,0.08509351995498915,3094.2021250000003,3327.48291,0.10531862010738294,0.11325889336078815,-20.0692606469812
2026-01-13,DOGEUSDT,1,1926.396074844924,0.136678305,0.14820586,0.10531862010738295,0.11420127478920654,21.98711680966238
2026-01-14,BTCUSDT,1,0.0028045903191903122,95461.696995,96903.30411,0.10709238049826238,0.1087096274417843,3.8273153508648043
2026-01-14,ETHUSDT,-1,0.0805407623623275,3324.167085,3356.59746,0.10709238049826239,0.10813716734874085,-2.827196674043163
2026-01-14,DOGEUSDT,-1,1806.4801975148348,0.14820586,0.14725359,0.10709238049826238,0.1064042777391874,1.506760239450011
2026-01-15,BTCUSDT,1,0.002768720299621056,97000.25589,95556.9976,0.10742663102043197,0.10582823961038422,-4.209233395750183
2026-01-15,ETHUSDT,-1,0.08009160516944887,3353.24254,3320.349345,0.10742663102043196,0.10637284350575127,2.4206693121755145
2026-01-15,DOGEUSDT,1,1823.7133050505793,0.14726359499999997,0.13996998,0.10742663102043197,0.1021060459334654,-13.510995394370335
2026-01-16,BTCUSDT,1,0.0027544122190435115,95652.61240499999,95503.16453000001,0.10538668975670598,0.10522203333550197,-0.6222497761022497
2026-01-16,ETHUSDT,1,0.07934885854802583,3320.3593499999997,3294.6318600000004,0.105386689756706,0.10457011097078373,-2.251403765533184
2026-01-16,DOGEUSDT,1,1880.2931586100199,0.140120025,0.13806093500000002,0.105386689756706,0.10383801262072108,-4.080917542339706
2026-01-17,BTCUSDT,-1,0.0027344490134502976,95503.16453000001,95195.343885,0.104459413612176,0.10412272566856004,0.6331377197591874
2026-01-17,ETHUSDT,1,0.07918563502430953,3297.92814,3308.90472,0.10445941361217599,0.10480708859525405,0.6599209554877065
2026-01-17,DOGEUSDT,1,1889.6548542527405,0.13819906499999998,0.13781106,0.10445941361217599,0.10416613539948628,-0.9418210807359384
2026-01-18,BTCUSDT,1,0.002744520924723275,95195.343885,93626.30343,0.10450624529144413,0.1027837395472502,-4.5135543453235085
2026-01-18,ETHUSDT,1,0.0788794178947844,3312.21528,3282.3879850000003,0.10450624529144413,0.10356514142465374,-2.5608310536920795
2026-01-18,DOGEUSDT,-1,1895.8247126798844,0.13781106,0.13170582,0.10450624529144414,0.09987645934390744,11.370082164206408
2026-01-19,BTCUSDT,1,0.0028030044582238057,93719.97657,92584.6845,0.10507900486013626,0.1038061133666978,-3.3911138518229555
2026-01-19,ETHUSDT,1,0.0799522018720304,3285.6820199999997,3187.955225,0.10507900486013624,0.10195361588327764,-8.020505062889912
2026-01-19,DOGEUSDT,1,1994.7293856706126,0.131695815,0.12909542000000002,0.10507900486013626,0.10300417113179591,-5.39516749684282
2026-01-20,BTCUSDT,1,0.0027740906863873574,92677.305495,88383.44617000001,0.10283810000526214,0.09807347794040615,-12.112466740085628
2026-01-20,ETHUSDT,1,0.080564957746473,3191.15478,2938.41006,0.10283810000526213,0.09469315293028448,-20.559898940379668
2026-01-20,DOGEUSDT,1,1989.368790197727,0.129234585,0.12329832,0.10283810000526215,0.0981143318767249,-12.010372753225118
2026-01-21,BTCUSDT,1,0.0027376045446260654,88471.87383,89410.002635,0.09688040154743675,0.0979076918194418,2.3734375866457422
2026-01-21,ETHUSDT,1,0.08234348472952928,2941.34994,2980.778865,0.09688040154743674,0.09817908758089246,3.0516555945109394
2026-01-21,DOGEUSDT,1,1962.3862182769824,0.12342167999999999,0.12647673,0.09688040154743674,0.0992784767538956,5.799029137845797
2026-01-22,BTCUSDT,1,0.002747976191318286,89499.457365,89514.890165,0.0983769511899704,0.09839391477675656,-0.15436189900132377
2026-01-22,ETHUSDT,-1,0.08250915765128228,2980.7888600000006,2954.166345,0.0983769511899704,0.09749831067508694,2.000726025343609
2026-01-22,DOGEUSDT,1,1942.7761656587813,0.126593265,0.124307815,0.0983769511899704,0.09660090407484846,-4.635095643069697
2026-01-23,BTCUSDT,1,0.002734381762249164,89604.45983999998,89555.45987,0.09800512032107345,0.09795152647134596,-0.329941271111108
2026-01-23,ETHUSDT,-1,0.08302074998710572,2951.22365,2957.8882049999997,0.09800512032107345,0.09822643886284557,-0.7495279136142208
2026-01-23,DOGEUSDT,1,1969.0468410780024,0.12443218499999999,0.12470761500000001,0.09800512032107345,0.0982220541496487,0.3461073969674333
2026-01-24,BTCUSDT,1,0.002730416450370794,89645.06012999998,89180.72733,0.09790733874937238,0.09740020998314569,-1.4631294642992203
2026-01-24,ETHUSDT,1,0.08275104733832594,2957.8882049999997,2951.74339,0.09790733874937238,0.09770394279859229,-0.7041011584981913
2026-01-24,DOGEUSDT,1,1960.6188801210146,0.12484239,0.124167885,0.09790733874937238,0.09737835985427798,-1.5177329363396592
2026-01-25,BTCUSDT,1,0.002728129884725433,89269.95267,86627.02482,0.09741601027482077,0.09453191009451753,-7.402198371127455
2026-01-25,ETHUSDT,1,0.08242443579700448,2954.706615,2815.481555,0.09741601027482079,0.09282579146709914,-11.665788821046034
2026-01-25,DOGEUSDT,1,1959.5742757107357,0.12428210999999999,0.119390275,0.09741601027482079,0.09358164466401224,-9.776911681960225
2026-01-26,BTCUSDT,1,0.0026976714452093546,86713.69518,88302.90646000001,0.09357002375826962,0.09528489171445387,4.098314974987932
2026-01-26,ETHUSDT,1,0.08300193663886365,2818.30845,2928.884825,0.09357002375826962,0.0972412450668717,8.987242002680093
2026-01-26,DOGEUSDT,1,1957.372585332901,0.119509725,0.12229882,0.09357002375826962,0.09575374299462525,5.269974324136183
2026-01-27,BTCUSDT,1,0.0027156936938447316,88391.25353999999,89205.375,0.09601742793184351,0.09690178973782179,2.0179852972760264
2026-01-27,ETHUSDT,-1,0.08195732648162728,2928.884825,3028.2833849999997,0.09601742793184351,0.09927600402533295,-8.341733665680763
2026-01-27,DOGEUSDT,-1,1962.762762793695,0.12229882,0.12625309499999998,0.09601742793184352,0.09912194942138192,-7.9564431011992225
2026-01-28,BTCUSDT,-1,0.0026375488289658326,89205.36500500001,89344.639995,0.09411340240256298,0.09426034023727446,-0.5557183294185412
2026-01-28,ETHUSDT,-1,0.07777307380795775,3025.2566150000002,3012.28539,0.09411340240256298,0.09370987758684113,0.8209887593152408
2026-01-28,DOGEUSDT,-1,1865.3027465111907,0.12613690000000002,0.1250625,0.09411340240256298,0.09331176989422231,1.8166560985548956
2026-01-29,BTCUSDT,1,0.002641204386786353,89344.65,84607.83492000001,0.09439099260635653,0.08938663389887984,-12.694674395196948
2026-01-29,ETHUSDT,-1,0.07841673230210494,3009.2746100000004,2824.001295,0.09439099260635651,0.08857958142832509,14.34555737104391
2026-01-29,DOGEUSDT,1,1886.8764139201703,0.1250625,0.11722136,0.09439099260635653,0.08847288775665813,-14.978126004609013
2026-01-30,BTCUSDT,1,0.0027338324876671643,84692.48508,84218.35975500001,0.09261402686918824,0.09209555518250395,-1.4808887987624075
2026-01-30,ETHUSDT,1,0.08198801016588377,2824.0112999999997,2706.02631,0.09261402686918825,0.08874468504537159,-9.85471327145621
2026-01-30,DOGEUSDT,1,1973.052753808709,0.117348645,0.115752095,0.09261402686918825,0.09135399591955093,-3.334045396882038
2026-01-31,BTCUSDT,1,0.0026884710952887144,84302.63025,78701.719455,0.09065807387357482,0.08463491916171559,-15.233179772683334
2026-01-31,ETHUSDT,1,0.08367231620523784,2708.723685,2450.724025,0.09065807387357482,0.08202310222062928,-21.76011030845805
2026-01-31,DOGEUSDT,1,1955.8963799393434,0.11587791,0.10420787000000001,0.09065807387357483,0.0815279182776759,-22.99757498189857
2026-02-01,BTCUSDT,1,0.0026230895578590037,78780.47055,76929.72589500001,0.08265929186516952,0.08071742427365199,-5.0180456949326535
2026-02-01,ETHUSDT,1,0.08423667481701642,2453.1859799999997,2269.0149250000004,0.0826592918651695,0.07645370895687278,-15.673070271563834
2026-02-01,DOGEUSDT,1,1981.0565622897714,0.10431213,0.10420787000000001,0.08265929186516949,0.08257667388229577,-0.3717809229317867
2026-02-02,BTCUSDT,1,0.002592336165276693,77006.70410999999,78699.240695,0.07985090561324575,0.08160595513338552,4.226166939602801
2026-02-02,ETHUSDT,1,0.08789138222987493,2271.29508,2345.84649,0.07985090561324575,0.0824718762020802,6.390103690270796
2026-02-02,DOGEUSDT,1,1913.5657454970062,0.104322135,0.10786604000000001,0.07985090561324573,0.08256350369856397,6.619080803983784
2026-02-03,BTCUSDT,1,0.002606977344080046,78777.9693,75732.32489500001,0.08214895247109337,0.07897298208630972,-8.101047896516516
2026-02-03,ETHUSDT,-1,0.08754761110395862,2345.8364950000005,2234.83686,0.08214895247109337,0.0782618513200288,9.55734207387028
2026-02-03,DOGEUSDT,-1,1904.1341741924002,0.10785604500000001,0.10607301,0.08214895247109336,0.08079089732018088,3.232198027489903
2026-02-04,BTCUSDT,1,0.002729724465785089,75808.095105,73129.24708500001,0.08277408476507254,0.07984907797294698,-7.475140143051937
2026-02-04,ETHUSDT,1,0.09259522053555236,2234.83686,2147.1858700000003,0.08277408476507253,0.07952765966538874,-8.278364493639922
2026-02-04,DOGEUSDT,1,1950.8752689556125,0.10607301,0.103778085,0.08277408476507254,0.08098323979442937,-4.640869751167441
2026-02-05,BTCUSDT,1,0.002734022715825268,73202.42292,62878.40507,0.0800548348466913,0.0687643951184971,-28.374918550450722
2026-02-05,ETHUSDT,1,0.0931162893436225,2149.324125,1825.916585,0.0800548348466913,0.06800903081847164,-30.262573936214345
2026-02-05,DOGEUSDT,1,1926.5825732681983,0.103881915,0.088445755,0.0800548348466913,0.06815922010501946,-29.887250909131353
2026-02-06,BTCUSDT,1,0.0027109190900309007,62941.324935,70544.96987,0.06825153572725177,0.07649668221049509,20.46811799017053
2026-02-06,ETHUSDT,1,0.09335491946944283,1827.743415,2062.3483100000003,0.06825153572725176,0.07701214415919662,21.756257399975677
2026-02-06,DOGEUSDT,1,1927.481549891074,0.08852424,0.09843076,0.06825153572725177,0.07588938953670255,18.95049359836297
2026-02-07,BTCUSDT,1,0.002705076459259175,70615.55012999999,69254.73531,0.07640818492571966,0.07493574167172247,-3.832452061590413
2026-02-07,ETHUSDT,-1,0.09262324271675045,2062.338315,2088.1235399999996,0.07640818492571966,0.07736350938719205,-2.542082847993899
2026-02-07,DOGEUSDT,1,1938.9154038224021,0.098519235,0.09818088500000001,0.07640818492571966,0.07614577211496634,-0.8085859839239711
2026-02-08,BTCUSDT,1,0.0027209342900901515,69324.01468499999,70295.21481,0.07545043547325188,0.07650746416231284,2.4906138230168247
2026-02-08,ETHUSDT,-1,0.09042319839564532,2086.0364600000003,2090.7848699999995,0.07545043547325186,0.0756221820410494,-0.5804390370080987
2026-02-08,DOGEUSDT,1,1919.2896546039278,0.09827911499999999,0.096581685,0.07545043547325188,0.07414729153788614,-3.407457565425456
2026-02-09,BTCUSDT,1,0.0026735669270428644,70365.54519,70102.931,0.07525079776932965,0.07496995112414719,-0.8523373618496478
2026-02-09,ETHUSDT,-1,0.09006958074766215,2088.685135,2106.07251,0.07525079776932966,0.07587722719995062,-1.7172016015216438
2026-02-09,DOGEUSDT,1,1945.9068398463933,0.09667831499999999,0.09606194500000001,0.07525079776932965,0.07477103832977923,-1.3494204349751862
2026-02-10,BTCUSDT,1,0.0026622845100857037,70173.069,68806.869355,0.07472826984955012,0.07327338498852289,-3.7852138074061616
2026-02-10,ETHUSDT,-1,0.08879446831370731,2103.96749,2023.681335,0.07472826984955012,0.07187668327107936,6.982361493056265
2026-02-10,DOGEUSDT,-1,1944.5914657690403,0.09607194000000001,0.092816385,0.07472826984955012,0.07219598006181342,6.183800219430378
2026-02-11,BTCUSDT,1,0.0027578326680366104,68875.70064,67048.97874,0.07597906290356082,0.07396394557106567,-5.1877363397125045
2026-02-11,ETHUSDT,1,0.09386243474884946,2023.681335,1940.2094100000002,0.07597906290356084,0.0728451116580915,-7.983702288234992
2026-02-11,DOGEUSDT,1,2046.4884218330856,0.092816385,0.09107444,0.07597906290356084,0.07455311479397282,-3.7154024516675572
2026-02-12,BTCUSDT,1,0.002746268281720734,67116.06126,66239.033915,0.0737274840929455,0.07276406314103541,-2.5550439270092147
2026-02-12,ETHUSDT,1,0.09490394908993802,1942.160595,1946.8760750000001,0.0737274840929455,0.07390649116248735,0.2998836985991947
2026-02-12,DOGEUSDT,1,2021.580126565311,0.091175565,0.09295350000000001,0.0737274840929455,0.07516517931787546,3.445345398914092
2026-02-13,BTCUSDT,1,0.0027858319270215874,66305.30608499999,68819.53302000002,0.07388617544901269,0.07668786091593296,6.853639630935762
2026-02-13,ETHUSDT,1,0.09478303106450817,1948.8239249999997,2047.69564,0.07388617544901269,0.07763471978271116,9.219839939014495
2026-02-13,DOGEUSDT,1,1985.4083993870547,0.093036495,0.09662166500000001,0.07388617544901269,0.07673338610150489,6.967407069679995
2026-02-14,BTCUSDT,1,0.002792861244992652,68888.396985,69788.038525,0.07695829366763006,0.07796332326421065,2.3576523745196574
2026-02-14,ETHUSDT,-1,0.0939571928614719,2047.69564,2087.633295,0.07695829366763005,0.07845926564893803,-3.907847512586512
2026-02-14,DOGEUSDT,1,1989.031696078679,0.09672834,0.11098448000000001,0.07695829366763006,0.0883006593971241,28.190655370670374
2026-02-15,BTCUSDT,1,0.0028812206980969005,69857.85147,68798.16371000001,0.08051035503197719,0.07928907730892443,-3.212993739972802
2026-02-15,ETHUSDT,-1,0.09650989215316708,2085.546705,1967.5632899999998,0.08051035503197719,0.07595572836897224,11.230100574111441
2026-02-15,DOGEUSDT,-1,1813.5498547179116,0.11098448000000001,0.102741345,0.08051035503197719,0.07453062051930913,14.794295306118867
2026-02-16,BTCUSDT,1,0.0030330879695655887,68867.006295,68857.983785,0.08355187531734487,0.08354092889073035,-0.19445887074434598
2026-02-16,ETHUSDT,1,0.10616107101278896,1967.573295,1997.330835,0.08355187531734487,0.08481551224418724,2.9907249295443825
2026-02-16,DOGEUSDT,1,2033.2615956665434,0.10273133999999999,0.10096949000000001,0.08355187531734487,0.08211895454041485,-3.7479727721828215
2026-02-17,BTCUSDT,1,0.0030258509332655183,68926.87621499998,67469.76824,0.08342498108889383,0.0816613844784849,-4.574077891589689
2026-02-17,ETHUSDT,-1,0.10442006170886445,1997.34083,1992.65583,0.08342498108889382,0.0832292978932514,0.32255371012390277
2026-02-17,DOGEUSDT,-1,2065.3942998643197,0.100979485,0.10071033,0.08342498108889383,0.08320261660778185,0.3892836050832912
2026-02-18,BTCUSDT,1,0.0030690466729740716,67537.27176,66427.76950000001,0.0829100156787095,0.08154796999082542,-3.5695722053797296
2026-02-18,ETHUSDT,-1,0.10412303672850134,1990.6741650000001,1956.887955,0.08291001567870951,0.08150284656481076,3.353509922503361
2026-02-18,DOGEUSDT,-1,2059.9853835408194,0.100619665,0.098599275,0.08291001567870951,0.08124522613108869,3.9978186272422316
2026-02-19,BTCUSDT,1,0.0031361461449635948,66494.23049999999,66970.228135,0.08341424985795826,0.08401136911716509,1.325372529041937
2026-02-19,ETHUSDT,1,0.10656547315324169,1956.87795,1948.10546,0.08341424985795826,0.08304031203892542,-1.1012991094789715
2026-02-19,DOGEUSDT,1,2114.9813185228354,0.098599275,0.098320815,0.08341424985795826,0.08317867477877593,-0.7555306225925909
2026-02-20,BTCUSDT,-1,0.003111210429563901,66970.228135,68054.02000499998,0.08334338889755431,0.08469215072532253,-3.539940109043398
2026-02-20,ETHUSDT,1,0.10684751014393977,1950.0545399999999,1967.8955600000002,0.08334338889755431,0.08410589632372562,1.7388192802069844
2026-02-20,DOGEUSDT,1,2117.266623336215,0.09840918,0.10005994500000001,0.08334338889755433,0.08474143275254298,3.3270248158215363
2026-02-21,BTCUSDT,1,0.0030691373940523736,68054.01,67941.942035,0.08354684276248567,0.08340926196966293,-0.510908086788985
2026-02-21,ETHUSDT,-1,0.10613729262452025,1967.8955600000002,1974.3366749999998,0.08354684276248567,0.08382029976551893,-0.8510096501111518
2026-02-21,DOGEUSDT,1,2085.333388706847,0.100160055,0.098360795,0.08354684276248567,0.0820460199812998,-3.9176498157084607
2026-02-22,BTCUSDT,1,0.003045250711255504,68009.91796499999,67609.5783,0.08284290042213788,0.08235524656230386,-1.3843327965694583
2026-02-22,ETHUSDT,1,0.10489966259444818,1974.3366749999998,1956.8410900000001,0.08284290042213786,0.08210878803678089,-2.000232651851372
2026-02-22,DOGEUSDT,1,2103.2691442872824,0.09846920999999999,0.09553221,0.08284290042213788,0.0803719798314292,-6.340516357025276
2026-02-23,BTCUSDT,1,0.003012322050721507,67677.21169499999,64623.69199,0.08154622284807837,0.07786694895220472,-9.357597911484389
2026-02-23,ETHUSDT,1,0.10407681772714278,1958.7989099999998,1855.37185,0.08154622284807837,0.07724047913940868,-10.923145973661722
2026-02-23,DOGEUSDT,1,2131.642172638923,0.09563779499999998,0.09261367000000001,0.08154622284807836,0.07896768189394571,-6.606866290073653
2026-02-24,BTCUSDT,1,0.0030129545201804057,64688.338005,64026.120925,0.07796120815804908,0.07716311618023841,-2.1503542688649415
2026-02-24,ETHUSDT,1,0.10494296050548377,1857.22815,1851.01403,0.07796120815804908,0.07770035689815455,-0.8077897147925264
2026-02-24,DOGEUSDT,1,2102.143278151824,0.092716335,0.09132431500000002,0.07796120815804908,0.07679071796362794,-3.0809774121745366
2026-02-25,BTCUSDT,-1,0.0030126763443282167,64026.120925,68022.03401999999,0.07715599197193815,0.08197134911405728,-12.197520196383813
2026-02-25,ETHUSDT,-1,0.10420717252972733,1851.0240250000002,2058.5087399999998,0.07715599197193813,0.08580455016925265,-21.784356035427454
2026-02-25,DOGEUSDT,1,2109.800647168704,0.09142569,0.100899525,0.07715599197193813,0.08515115325760594,19.825596068939976
2026-02-26,BTCUSDT,-1,0.0027690951607346062,67954.04598,67518.92258999999,0.07526848795022197,0.07478652872079339,1.0548430569004434
2026-02-26,ETHUSDT,-1,0.09150288340680385,2056.4512600000003,2028.69384,0.07526848795022195,0.07425253436384847,2.3903629436196487
2026-02-26,DOGEUSDT,-1,1864.936627556521,0.100899525,0.09705850499999999,0.07526848795022195,0.07240318439615108,7.015587212830802
2026-02-27,BTCUSDT,1,0.00283858383982902,67518.932595,65839.16395000002,0.07666326037866876,0.07475599472652938,-4.919583385453658
2026-02-27,ETHUSDT,1,0.09447366929781376,2028.69384,1928.87508,0.07666326037866875,0.07289116256988562,-9.579798944906381
2026-02-27,DOGEUSDT,1,1974.462685650289,0.09706850999999998,0.093323315,0.07666326037866876,0.07370536126747516,-7.545116399630136
2026-02-28,BTCUSDT,1,0.00279659983105833,65905.02604499999,66939.77337,0.07372399388133673,0.07488150355904996,2.7451686968426836
2026-02-28,ETHUSDT,1,0.09545759014501674,1930.8049199999998,1963.527745,0.07372399388133674,0.0749734506882316,2.9749445726675665
2026-02-28,DOGEUSDT,1,1972.9878522593888,0.09341668499999999,0.094002975,0.07372399388133674,0.0741866911004972,1.0088323629193567
2026-03-01,BTCUSDT,-1,0.002786877773691788,66939.77337,65809.35823499999,0.07462118663232736,0.07336105510641684,3.0023465730375656
2026-03-01,ETHUSDT,-1,0.0950090810052793,1963.527745,1940.6798549999999,0.07462118663232738,0.07375288381960347,2.022382961357802
2026-03-01,DOGEUSDT,1,1982.348891265811,0.09410703,0.09185405,0.07462118663232736,0.07283470967030975,-4.613648301346659
2026-03-02,BTCUSDT,1,0.002836830054007844,65809.36824,68795.64497000001,0.0746759974634005,0.07806462129429984,8.318818958490604
2026-03-02,ETHUSDT,1,0.09619824371212495,1940.6798549999999,2026.336325,0.07467599746340052,0.07797199825403266,8.087353980862899
2026-03-02,DOGEUSDT,1,2030.431940270358,0.09194594999999998,0.09351322000000001,0.07467599746340052,0.07594889149021154,3.0316101780739597
2026-03-03,BTCUSDT,-1,0.0028078703932767814,68795.64497000001,68372.169,0.0772677018790575,0.07679207562368662,1.035005860924462
2026-03-03,ETHUSDT,-1,0.09532978565088465,2026.32633,1983.7913999999998,0.07726770187905752,0.07564576357522734,3.9019322941211234
2026-03-03,DOGEUSDT,-1,2065.689265086196,0.09351322000000001,0.09001498499999999,0.07726770187905752,0.07437719528455798,7.074621589085226
2026-03-04,BTCUSDT,-1,0.0028867060047197187,68303.84099499999,72703.103385,0.07886924317827496,0.0839489940412952,-12.8621953947702
2026-03-04,ETHUSDT,-1,0.09949099702825594,1981.818595,2128.34364,0.07886924317827494,0.08470041230493898,-14.741492472143289
2026-03-04,DOGEUSDT,1,2190.2041638181504,0.09002499,0.098880535,0.07886924317827494,0.08662742379102654,19.229954864909715
2026-03-05,BTCUSDT,-1,0.0026763141276716675,72630.43661500001,70926.16536,0.07775274544467443,0.07592827934981794,4.407484212346769
2026-03-05,ETHUSDT,-1,0.09142148808020933,2126.2163600000003,2073.8964300000002,0.07775274544467445,0.07583947910193349,4.62957363230579
2026-03-05,DOGEUSDT,-1,1965.8253630169586,0.098880535,0.09360678,0.07775274544467443,0.07360583290973943,10.215922758983096
2026-03-06,BTCUSDT,1,0.002831094463385985,70926.46551,68079.96299000001,0.0803198095251592,0.07709632251540473,-8.216133656426763
2026-03-06,ETHUSDT,1,0.0968223489409729,2073.8964300000002,1977.6906600000002,0.08031980952515921,0.07659386207192921,-9.471782304672073
2026-03-06,DOGEUSDT,1,2145.138672785219,0.09360678,0.091244355,0.0803198095251592,0.07829271783353735,-5.226341756413321
2026-03-07,BTCUSDT,1,0.0028344371019994635,68148.07701,67229.27854500001,0.07726457516282427,0.07622286457944182,-2.7577638981983803
2026-03-07,ETHUSDT,1,0.09757257639150013,1979.66934,1968.605205,0.07726457516282426,0.07683275269982691,-1.233653485356007
2026-03-07,DOGEUSDT,1,2114.8527270712398,0.091335645,0.089885035,0.07726457516282426,0.07603744455705755,-3.221128534136674
2026-03-08,BTCUSDT,1,0.0028345774063597757,67296.541455,65938.2144,0.0763029023737988,0.07476278910157873,-4.001348872025594
2026-03-08,ETHUSDT,1,0.09680235833266197,1970.5847999999999,1936.13145,0.0763029023737988,0.07496883616081457,-3.4864372709952107
2026-03-08,DOGEUSDT,-1,2122.2359866077486,0.089885035,0.08919457499999998,0.0763029023737988,0.07571677475007352,1.3132993821893513
2026-03-09,BTCUSDT,1,0.002858895871004982,66004.1856,68397.94392,0.07547963747235459,0.07821703978324733,6.689809099976244
2026-03-09,ETHUSDT,1,0.09736400683763125,1938.0785549999998,1991.98351,0.07547963747235459,0.07757899843523548,5.095343771294634
2026-03-09,DOGEUSDT,1,2115.82669155535,0.08918456999999999,0.090444755,0.0754796374723546,0.07654617069607368,2.5143072511292734
2026-03-10,BTCUSDT,1,0.0028257020666947095,68466.37608,69913.655685,0.0773862321553413,0.07902206454371473,3.933172674234557
2026-03-10,ETHUSDT,1,0.09702549257659826,1993.966485,2035.491745,0.0773862321553413,0.07899783567768982,3.8726247380382923
2026-03-10,DOGEUSDT,-1,2139.28339488437,0.09043476,0.09456726,0.0773862321553413,0.08092246760708516,-8.998897329122078
2026-03-11,BTCUSDT,1,0.002758758350680025,69983.61432,70156.76407,0.07722715216642806,0.07741822349392034,0.3230329430703417
2026-03-11,ETHUSDT,-1,0.09485119697883321,2035.4817500000001,2052.9959849999996,0.07722715216642806,0.07789165062799547,-1.816364956712943
2026-03-11,DOGEUSDT,-1,2043.6358722745856,0.09447274000000001,0.09292644,0.07722715216642807,0.07596312250670878,3.0068838746250846
2026-03-12,BTCUSDT,1,0.0027563831457540484,70226.95593,70506.06933,0.07742895908122573,0.07773669646983138,0.6141778159630564
2026-03-12,ETHUSDT,-1,0.09438209735971965,2050.944015,2074.55676,0.07742895908122574,0.07832040724023383,-2.384369763841684
2026-03-12,DOGEUSDT,1,2082.847021995132,0.09293644499999999,0.09470262500000001,0.07742895908122574,0.0789004321825487,3.5223533620436287
2026-03-13,BTCUSDT,-1,0.002753755149773658,70506.06933,70965.465,0.07766258060311443,0.0781686058799329,-1.4208943785292618
2026-03-13,ETHUSDT,-1,0.09368345380390473,2072.473245,2093.2661099999996,0.07766258060311441,0.07844175956618572,-2.104051747847575
2026-03-13,DOGEUSDT,1,2048.336729965037,0.09478737,0.09591202000000001,0.07766258060311443,0.07858404536445651,2.1474152773876463
2026-03-14,BTCUSDT,1,0.002729457874332212,70965.47500499999,71176.344025,0.07747890982324919,0.07770913306608589,0.4203700642024166
2026-03-14,ETHUSDT,1,0.09253395898163307,2093.256105,2095.11192,0.0774789098232492,0.0775476001868842,0.016699399077356097
2026-03-14,DOGEUSDT,1,2017.51223760903,0.09600797999999999,0.09599198,0.0774789098232492,0.07746599774492852,-0.18722510336989848
2026-03-15,BTCUSDT,1,0.0027198203974803264,71247.555975,72778.83238,0.07751222240457052,0.07917814112477027,4.008106436970035
2026-03-15,ETHUSDT,-1,0.09249174431284143,2095.11192,2179.38915,0.07751222240457051,0.08063020160799234,-7.953090432567106
2026-03-15,DOGEUSDT,1,2016.4884347147229,0.09609802499999999,0.09733131,0.07751222240457052,0.07850698438025339,2.3308857324223524
2026-03-16,BTCUSDT,1,0.002652548062142117,72851.65762499999,74847.227665,0.07729700930281388,0.07941434747980224,5.136634085688267
2026-03-16,ETHUSDT,-1,0.08875732471501106,2177.200855,2354.1464849999998,0.07729700930281388,0.08357909759833876,-15.86609684571333
2026-03-16,DOGEUSDT,-1,1985.4096616703782,0.09733131,0.10309152,0.07729700930281388,0.08187155993771403,-11.59554515649086
2026-03-17,BTCUSDT,-1,0.002482401282558305,74847.227665,73946.31468,0.07432034158061178,0.07342577056083681,2.0886814372959885
2026-03-17,ETHUSDT,-1,0.07900389756433589,2351.793515,2318.548695,0.07432034158061178,0.07326975343908186,2.4788802588050824
2026-03-17,DOGEUSDT,-1,1804.0935641688218,0.10298848000000001,0.100200075,0.07432034158061178,0.0723081241746933,4.883915049040872
2026-03-18,BTCUSDT,1,0.0025552500006567444,73946.32468499999,71210.91673,0.07558053847996403,0.07278467800843995,-7.138016395298587
2026-03-18,ETHUSDT,-1,0.0815774146382886,2316.2213100000004,2204.4916949999997,0.07558053847996402,0.07193469322787145,8.967097898523567
2026-03-18,DOGEUSDT,-1,1887.627250469069,0.100099925,0.09530762999999999,0.07558053847996402,0.07196211182624934,8.898523983980484
2026-03-19,BTCUSDT,1,0.002700916734860105,71282.173275,69895.035,0.07701088587825809,0.0755122678860531,-3.899068134276763
2026-03-19,ETHUSDT,1,0.08733406214789356,2204.4916949999997,2136.741095,0.07701088587825808,0.07464411183387525,-6.0685901086691985
2026-03-19,DOGEUSDT,1,2020.0608775566575,0.09530762999999999,0.09349323,0.07701088587825808,0.07554480649576256,-3.8177541486128073
2026-03-20,BTCUSDT,1,0.0026860879635612228,69964.97500499999,70475.474635,0.07517283089271691,0.07572132965733512,1.2203527509954601
2026-03-20,ETHUSDT,1,0.08786434692944958,2138.88891,2145.14689,0.07517283089271691,0.07539277222303592,0.3992877226817919
2026-03-20,DOGEUSDT,1,2008.3198776084243,0.09357676499999999,0.09411292,0.07517283089271691,0.07560353919030857,0.9259943738961401
2026-03-21,BTCUSDT,1,0.002675993838688987,70545.98536499999,68883.66094,0.07551224887239337,0.0737329009047125,-4.597615068979277
2026-03-21,ETHUSDT,1,0.08791603759252947,2147.283105,2083.827565,0.07551224887239337,0.07328074501635568,-5.7275526339830005
2026-03-21,DOGEUSDT,1,2003.677169390068,0.09421708499999999,0.091304325,0.07551224887239337,0.07317775658762835,-5.984920717372609
2026-03-22,BTCUSDT,1,0.0026589857629738937,68952.57905999999,67825.0705,0.07333757041634872,0.07213835873288026,-3.1435051378203918
2026-03-22,ETHUSDT,1,0.08789669325083042,2085.90243,2052.863055,0.07333757041634872,0.07217594969251905,-3.0495653296830487
2026-03-22,DOGEUSDT,1,2006.485271990872,0.091375665,0.090104925,0.07333757041634872,0.07231768197853686,-2.695376346924551
2026-03-23,BTCUSDT,1,0.002656846769825456,67892.9295,70870.996775,0.07215244417442497,0.07531735154238764,7.764798624189858
2026-03-23,ETHUSDT,1,0.08777981642416165,2054.92695,2150.953985,0.07215244417442496,0.07552413837604759,8.281558921506079
2026-03-23,DOGEUSDT,1,1999.899777632675,0.09019507499999999,0.094102925,0.07215244417442497,0.07527856751283372,7.6678773343346265
2026-03-24,BTCUSDT,1,0.0026540851998134796,70941.90322499999,70521.46163,0.07531434215842905,0.07486798703255888,-1.2660701438664133
2026-03-24,ETHUSDT,-1,0.08753597552951493,2150.953985,2157.308115,0.07531434215842907,0.0755368281457056,-0.7070661384954663
2026-03-24,DOGEUSDT,-1,2000.6376956115337,0.09411292,0.09514755,0.07531434215842905,0.07614231007003328,-2.2213764312390127
2026-03-25,BTCUSDT,1,0.0026474336448631987,70592.01837,71300.861735,0.0747550737966156,0.07550572010599121,1.7263549795364204
2026-03-25,ETHUSDT,-1,0.08671711378202528,2155.14189,2170.1045099999997,0.07475507379661561,0.07527407988502248,-1.4475443746988268
2026-03-25,DOGEUSDT,-1,1965.9465364218115,0.09506244500000001,0.09622809,0.07475507379661558,0.07567171209679455,-2.442022536340799
2026-03-26,BTCUSDT,1,0.002608391199560379,71372.198265,68785.899845,0.07446664553908182,0.07176821432381586,-6.8923128980277895
2026-03-26,ETHUSDT,-1,0.08587276452940236,2167.9354900000003,2061.4602149999996,0.07446664553908182,0.07080931505177045,8.99805025768757
2026-03-26,DOGEUSDT,-1,1936.5745863959694,0.09613191,0.092096025,0.07446664553908182,0.07134032860923514,7.6699853504683855
2026-03-27,BTCUSDT,1,0.0027510850041652314,68854.72015499999,66374.07636,0.0757700752337656,0.0730402904557256,-6.973272310789471
2026-03-27,ETHUSDT,1,0.09188884010764865,2061.4602149999996,1991.753625,0.0757700752337656,0.07320797215258185,-6.554235750345726
2026-03-27,DOGEUSDT,1,2056.8226270831337,0.092096025,0.09006494500000001,0.07577007523376558,0.0740990467131992,-4.327440423362956
2026-03-28,BTCUSDT,1,0.002761472050440077,66440.48363999999,66343.841485,0.07338941543583247,0.07328266559186176,-0.41354669095447566
2026-03-28,ETHUSDT,1,0.09202405089712175,1993.7563799999998,1993.7426300000002,0.07338941543583248,0.07338890930355256,-0.1480436554391853
2026-03-28,DOGEUSDT,1,2035.3146244811135,0.09014504999999999,0.09095450000000001,0.07338941543583247,0.07404840960494698,1.5000475977454926
2026-03-29,BTCUSDT,1,0.002767440524888668,66410.22851999999,65977.924535,0.07351454306934607,0.07303599284248213,-1.3429261030716673
2026-03-29,ETHUSDT,1,0.09208945046379784,1995.7373699999998,1983.6476800000003,0.07351454306934607,0.07306920990599501,-1.259916661352973
2026-03-29,DOGEUSDT,-1,2020.8626972389936,0.09094450500000001,0.090495225,0.07351454306934607,0.07315136979229984,0.7612672797539097
2026-03-30,BTCUSDT,1,0.002773494612166886,66043.93546499999,66763.971315,0.07326899967138999,0.07406780589160682,1.849678744979048
2026-03-30,ETHUSDT,-1,0.09234078111712242,1983.6576750000002,2027.49324,0.07326899967139,0.07488812379651415,-4.195967436278283
2026-03-30,DOGEUSDT,-1,2025.91345615849,0.09041477,0.09087541499999999,0.07326899967138999,0.07364229043299482,-1.0801381941164754
2026-03-31,BTCUSDT,1,0.0027237503505338303,66830.77869,68250.33776,0.07281214275333454,0.07435875255914091,3.7193536192034715
2026-03-31,ETHUSDT,-1,0.08987081915051341,2025.46676,2106.4827149999996,0.07281214275333454,0.07572453084937898,-7.429506913713812
2026-03-31,DOGEUSDT,-1,2004.8592865712505,0.09079458000000001,0.09236615999999999,0.07281214275333454,0.07407246145637038,-3.297681361799301
