symbol,date,return_date,fold,y,forward_return,next_open,next_close,pred_logistic,pred_gbdt,pred_lag1,pred_inverse,pred_persistence,pred_majority,prob_logistic,prob_gbdt,prob_lag1
BTCUSDT,2020-07-17,2020-07-18,0,1,0.0017434391631492296,9154.31,9170.28,0,1,1,0,1,1,0.42496530706440905,0.7640362640276557,0.5205865772421803
BTCUSDT,2020-07-18,2020-07-19,0,1,0.00422124515281963,9170.3,9208.99,0,0,1,0,1,1,0.4802592059304897,0.19687016886119943,0.5210670998017649
BTCUSDT,2020-07-19,2020-07-20,0,0,-0.005235101786406404,9208.99,9160.78,0,0,1,0,1,1,0.38480237812954204,0.47745144034560066,0.5187432870057251
BTCUSDT,2020-07-20,2020-07-21,0,1,0.02502188678256645,9160.78,9390.0,0,1,1,1,0,1,0.4749632775795278,0.7254767447310588,0.5276376849015123
BTCUSDT,2020-07-21,2020-07-22,0,1,0.013648562300319522,9390.0,9518.16,0,1,0,0,1,1,0.4195263478142844,0.5469159593318895,0.4994366437144478
BTCUSDT,2020-07-22,2020-07-23,0,1,0.00894185430797556,9518.16,9603.27,0,0,1,0,1,1,0.4446465601353582,0.4676777368214189,0.5099474781527634
BTCUSDT,2020-07-23,2020-07-24,0,0,-0.006817469466129933,9603.27,9537.8,1,0,1,0,1,1,0.519826035933873,0.4879563201135721,0.5143297347111472
BTCUSDT,2020-07-24,2020-07-25,0,1,0.01705005347145061,9538.1,9700.42,1,1,1,1,0,1,0.5621672118560875,0.7971022399960249,0.5291327044400999
BTCUSDT,2020-07-25,2020-07-26,0,1,0.023825772492325203,9700.42,9931.54,0,0,1,0,1,1,0.45683209056596485,0.3676083451252249,0.5067921272709683
BTCUSDT,2020-07-26,2020-07-27,0,1,0.11059916186210783,9931.54,11029.96,1,0,1,0,1,1,0.5719875873252096,0.4055086252857215,0.5005366861025463
BTCUSDT,2020-07-27,2020-07-28,0,0,-0.011214002589311156,11029.96,10906.27,1,0,0,0,1,1,0.6264716339898662,0.3845215805068015,0.42447274856751277
BTCUSDT,2020-07-28,2020-07-29,0,1,0.017811772494170874,10906.27,11100.53,1,0,1,1,0,1,0.6072450648810724,0.4339352875779071,0.5332962408768129
BTCUSDT,2020-07-29,2020-07-30,0,0,-8.287892560088217e-05,11100.52,11099.61,1,1,1,0,1,1,0.551729819437815,0.5022402056262425,0.5060868915226607
BTCUSDT,2020-07-30,2020-07-31,0,1,0.021248494316466804,11099.79,11335.46,0,1,1,1,0,1,0.46993654120202133,0.703162026204046,0.5227830170286961
BTCUSDT,2020-07-31,2020-08-01,0,1,0.04108434946618855,11335.46,11801.17,1,1,1,0,1,1,0.5128349498563541,0.6913238849183259,0.5029112999597418
BTCUSDT,2020-08-01,2020-08-02,0,0,-0.06184302064964742,11801.17,11071.35,0,1,0,0,1,1,0.4828819939997958,0.5301950172675688,0.48479210678732326
BTCUSDT,2020-08-02,2020-08-03,0,1,0.013409385485961378,11071.36,11219.81,1,1,1,1,0,1,0.5885432592187889,0.6519474658348753,0.5821147617187243
BTCUSDT,2020-08-03,2020-08-04,0,0,-0.0024813254413399433,11219.68,11191.97,0,0,1,0,1,1,0.4434230115217063,0.44378287083874957,0.5101697188791572
BTCUSDT,2020-08-04,2020-08-05,0,1,0.04940506452393989,11191.99,11744.91,0,1,1,1,0,1,0.49310804622576787,0.5870931660885316,0.525040418498162
BTCUSDT,2020-08-05,2020-08-06,0,1,0.0014942643238644582,11744.91,11762.46,0,0,0,0,1,1,0.41477621756460964,0.4628041879739839,0.47730301947602083
BTCUSDT,2020-08-06,2020-08-07,0,0,-0.014302280305310222,11762.47,11594.23,1,0,1,0,1,1,0.5601499618078989,0.42027727769553,0.5213010578260524
BTCUSDT,2020-08-07,2020-08-08,0,1,0.014419241295023477,11594.36,11761.41,1,1,1,1,0,1,0.5777513403844494,0.510152702069736,0.5362291866167556
BTCUSDT,2020-08-08,2020-08-09,0,0,-0.006778949122596689,11761.02,11681.68,0,0,1,0,1,1,0.42437272894469685,0.3586038400766248,0.5092317011300846
BTCUSDT,2020-08-09,2020-08-10,0,1,0.018083015456680895,11681.69,11892.92,0,0,1,1,0,1,0.4417654576918048,0.29587872777844315,0.5290962882783428
BTCUSDT,2020-08-10,2020-08-11,0,0,-0.04211245009635989,11892.9,11392.08,1,0,1,0,1,1,0.5050132434949023,0.41359481040050017,0.505835883306809
BTCUSDT,2020-08-11,2020-08-12,0,1,0.015120153650606483,11392.09,11564.33,1,1,1,1,0,1,0.6008171506763371,0.6941148666314816,0.5629209531824791
BTCUSDT,2020-08-12,2020-08-13,0,1,0.0186495888650704,11564.34,11780.0,0,1,1,0,1,1,0.4517716692865904,0.5156644497537077,0.5085811597921779
BTCUSDT,2020-08-13,2020-08-14,0,0,-0.0016519524617996106,11779.77,11760.54,0,0,1,0,1,1,0.4908190885191164,0.4200598348209488,0.5053117826486451
BTCUSDT,2020-08-14,2020-08-15,0,1,0.007810865827589497,11760.55,11852.4,1,1,1,1,0,1,0.5909847962017012,0.6280476788876419,0.5242593160586564
BTCUSDT,2020-08-15,2020-08-16,0,1,0.004944146333232036,11852.4,11911.0,1,1,1,0,1,1,0.5789601699896543,0.5950520627292004,0.5153855022367941
BTCUSDT,2020-08-16,2020-08-17,0,1,0.031074636890269458,11910.99,12281.13,0,0,1,0,1,1,0.403262418762092,0.41898748533422553,0.5180662367757135
BTCUSDT,2020-08-17,2020-08-18,0,0,-0.02736881703882288,12281.15,11945.01,1,0,0,0,1,1,0.5212365164652764,0.4587735781270863,0.49388996208388425
BTCUSDT,2020-08-18,2020-08-19,0,0,-0.015941384728853314,11945.1,11754.59,1,1,1,1,0,1,0.627984027237699,0.607685619072643,0.5487104853981162
BTCUSDT,2020-08-19,2020-08-20,0,1,0.008418838938661244,11754.38,11853.55,1,1,1,1,0,1,0.5809359540581993,0.7573374790139371,0.5377885757738777
BTCUSDT,2020-08-20,2020-08-21,0,0,-0.027182573996819448,11853.54,11531.34,0,0,1,0,1,1,0.46404771360391617,0.38643599266887035,0.5148178341201832
BTCUSDT,2020-08-21,2020-08-22,0,1,0.01141411145625737,11531.23,11662.96,1,1,1,1,0,1,0.6890074759104492,0.8403433097186651,0.5485318034949572
BTCUSDT,2020-08-22,2020-08-23,0,0,-0.001271546845740712,11663.51,11648.13,0,0,1,0,1,1,0.4459498724478888,0.45431971429190243,0.5120255888898456
BTCUSDT,2020-08-23,2020-08-24,0,1,0.008591078567976362,11648.12,11748.2,0,1,1,1,0,1,0.47424307660839193,0.706326234614722,0.5239012276598668
BTCUSDT,2020-08-24,2020-08-25,0,0,-0.03658262542346913,11748.19,11318.42,0,0,1,0,1,1,0.47912623463686765,0.3237663290113936,0.5146570681539147
BTCUSDT,2020-08-25,2020-08-26,0,1,0.012635155790295949,11318.42,11461.43,1,1,1,1,0,1,0.5350992154058013,0.6214285939455403,0.5575764623512096
BTCUSDT,2020-08-26,2020-08-27,0,0,-0.011434000818397072,11461.42,11330.38,0,0,1,0,1,1,0.43728359348417106,0.46643471124967745,0.5108894572717724
BTCUSDT,2020-08-27,2020-08-28,0,1,0.017345402360732898,11330.38,11526.91,1,1,1,1,0,1,0.5766973913067741,0.7659624971879808,0.5335049490210777
BTCUSDT,2020-08-28,2020-08-29,0,0,-0.005298037375150777,11526.9,11465.84,0,0,1,0,1,1,0.4296781564681146,0.3241503564423128,0.506518619582609
BTCUSDT,2020-08-29,2020-08-30,0,1,0.021395728529266078,11465.84,11711.16,1,1,1,1,0,1,0.564835154967574,0.8305251579032141,0.5276971106008436
BTCUSDT,2020-08-30,2020-08-31,0,0,-0.005264209523223928,11711.17,11649.51,0,0,1,0,1,1,0.3842547330455392,0.31816406529252833,0.5027754847224137
BTCUSDT,2020-08-31,2020-09-01,0,1,0.023388108169356325,11649.51,11921.97,1,0,1,1,0,1,0.5297976152868735,0.4979748355022523,0.5276651689430903
BTCUSDT,2020-09-01,2020-09-02,0,0,-0.044743444246210906,11921.97,11388.54,0,0,1,0,1,1,0.4534442522691681,0.40042037774110173,0.5009395176736671
BTCUSDT,2020-09-02,2020-09-03,0,0,-0.1095566244663495,11388.54,10140.85,1,1,1,1,0,1,0.5767090281623742,0.710591585325831,0.5654695396006478
BTCUSDT,2020-09-03,2020-09-04,0,1,0.03011581869369917,10138.29,10446.25,1,1,1,1,0,1,0.655536910432292,0.5383692850406493,0.6290565936460483
BTCUSDT,2020-09-04,2020-09-05,0,0,-0.02676175661122404,10446.25,10166.69,0,1,0,0,1,1,0.4394377954331434,0.5188947823606066,0.49476637488435504
BTCUSDT,2020-09-05,2020-09-06,0,1,0.008804242088624736,10166.69,10256.2,1,1,1,1,0,1,0.5546622264230261,0.8482085473441572,0.5481281504993191
BTCUSDT,2020-09-06,2020-09-07,0,1,0.011431134338253823,10255.89,10373.44,0,1,1,0,1,1,0.4214025263309998,0.5419220414660189,0.5144581382371132
BTCUSDT,2020-09-07,2020-09-08,0,0,-0.02379056513557709,10373.45,10126.65,0,1,1,0,1,1,0.39154390728960886,0.5542890329685988,0.5120097411985945
BTCUSDT,2020-09-08,2020-09-09,0,1,0.009139251381256486,10126.66,10219.2,0,1,1,1,0,1,0.47855015188154637,0.6861122388570801,0.5452813390041462
BTCUSDT,2020-09-09,2020-09-10,0,1,0.011514599968686312,10219.29,10336.87,0,1,1,0,1,1,0.4506147268695888,0.57730701240213,0.5141455742740407
BTCUSDT,2020-09-10,2020-09-11,0,1,0.004935730061420784,10336.86,10387.89,1,1,1,0,1,1,0.502404065331401,0.5300432729173252,0.5119320412078847
BTCUSDT,2020-09-11,2020-09-12,0,1,0.005104982821342974,10387.89,10440.92,0,0,1,0,1,1,0.41337539699027104,0.3237409435542961,0.5180741168184456
BTCUSDT,2020-09-12,2020-09-13,0,0,-0.01035253598341912,10440.67,10332.83,0,0,1,0,1,1,0.3689116874322604,0.25949146283946384,0.5179156586808522
BTCUSDT,2020-09-13,2020-09-14,0,1,0.03280224294796308,10332.84,10671.77,0,1,1,1,0,1,0.4710716999636903,0.7262326505500126,0.5324793191554148
BTCUSDT,2020-09-14,2020-09-15,0,1,0.010639284767194113,10671.77,10785.31,0,0,0,0,1,1,0.32866361464131366,0.3679767488888046,0.4923129880985956
BTCUSDT,2020-09-15,2020-09-16,0,1,0.015641645905402957,10785.23,10954.01,0,0,1,0,1,1,0.4250757049901616,0.39181838932023255,0.5127471810875949
BTCUSDT,2020-09-16,2020-09-17,0,0,-0.001279896585816509,10954.01,10939.99,0,0,1,0,1,1,0.43747380020125465,0.22558758415408084,0.5080974169392608
BTCUSDT,2020-09-17,2020-09-18,0,0,-0.0006032912278713942,10940.0,10933.39,0,0,1,1,0,1,0.44472751950473755,0.4455490670980024,0.5239090863475664
BTCUSDT,2020-09-18,2020-09-19,0,1,0.013468832631050365,10933.4,11080.65,0,0,1,1,0,1,0.4730876199092374,0.35396503952491837,0.5232724474177531
BTCUSDT,2020-09-19,2020-09-20,0,0,-0.014472977668277487,11080.64,10920.28,0,0,1,0,1,1,0.4405681772122383,0.2720735321790321,0.5101144766550354
BTCUSDT,2020-09-20,2020-09-21,0,0,-0.04606658437329458,10920.28,10417.22,0,0,1,1,0,1,0.41924832873660306,0.2519282115646467,0.53639149493419
BTCUSDT,2020-09-21,2020-09-22,0,1,0.010788866895390603,10417.22,10529.61,1,1,1,1,0,1,0.5597311225336828,0.5949709390374976,0.5667525886259633
BTCUSDT,2020-09-22,2020-09-23,0,0,-0.027365685908595005,10529.61,10241.46,0,0,1,0,1,1,0.3680415011751822,0.37695573092625184,0.5126078369686947
BTCUSDT,2020-09-23,2020-09-24,0,1,0.04831928260228535,10241.46,10736.32,1,1,1,1,0,1,0.5554979835024474,0.7527567943065145,0.5487074812071719
BTCUSDT,2020-09-24,2020-09-25,0,0,-0.004624489583022862,10736.33,10686.67,0,0,0,0,1,1,0.4514297867579168,0.4641048333301668,0.4782764004022347
BTCUSDT,2020-09-25,2020-09-26,0,1,0.003923579562202351,10686.57,10728.6,1,1,1,1,0,1,0.5243076570664155,0.6368677040740126,0.5270612809957099
BTCUSDT,2020-09-26,2020-09-27,0,1,0.004254982010700292,10728.59,10774.25,0,1,1,0,1,1,0.4920272364576855,0.8262522078983067,0.5190221945644586
BTCUSDT,2020-09-27,2020-09-28,0,0,-0.007251548831705201,10774.26,10696.12,0,0,1,0,1,1,0.3499281086138315,0.3178048879918905,0.5187116806238775
BTCUSDT,2020-09-28,2020-09-29,0,1,0.013496482836766965,10696.11,10840.48,1,0,1,1,0,1,0.514753135264443,0.43548609301155683,0.5295431482543748
BTCUSDT,2020-09-29,2020-09-30,0,0,-0.005893650465662037,10840.58,10776.59,0,0,1,0,1,1,0.3656061366669094,0.31735970184935136,0.5100887832725685
BTCUSDT,2020-09-30,2020-10-01,0,0,-0.01461130097739649,10776.59,10619.13,0,1,1,1,0,1,0.4306949732645585,0.5450006633782688,0.5282596537380075
BTCUSDT,2020-10-01,2020-10-02,0,0,-0.004588888166921379,10619.13,10570.4,1,1,1,1,0,1,0.5238288642018818,0.5248334580539229,0.5365230352108716
BTCUSDT,2020-10-02,2020-10-03,0,0,-0.0026810716718383976,10570.4,10542.06,0,1,1,1,0,1,0.42978676557793344,0.6480679680576805,0.5270276827460141
BTCUSDT,2020-10-03,2020-10-04,0,1,0.011816476096702111,10542.07,10666.63,0,1,1,1,0,1,0.4630509982192795,0.9113832158088263,0.5252286181159058
BTCUSDT,2020-10-04,2020-10-05,0,1,0.011773165470256197,10666.62,10792.21,0,1,1,0,1,1,0.365300584283661,0.5863921619568828,0.5116510668157123
BTCUSDT,2020-10-05,2020-10-06,0,0,-0.0178415727640584,10792.2,10599.66,0,1,1,0,1,1,0.30662826701705526,0.5388637579102863,0.5116913739437138
BTCUSDT,2020-10-06,2020-10-07,0,1,0.006295484949517149,10599.65,10666.39,1,0,1,1,0,1,0.5166889390929608,0.49624882257803865,0.5395986758577149
BTCUSDT,2020-10-07,2020-10-08,0,1,0.024298755248964188,10666.4,10925.57,0,1,1,0,1,1,0.34977576581021586,0.5491533660384521,0.516801738005926
BTCUSDT,2020-10-08,2020-10-09,0,1,0.011447457661247773,10925.44,11050.64,0,0,1,0,1,1,0.4449805948163226,0.3867618961097078,0.5001015398094876
BTCUSDT,2020-10-09,2020-10-10,0,1,0.021951669767542814,11050.64,11293.22,1,1,1,0,1,1,0.5217104398712266,0.6444321411042508,0.5119945449994594
BTCUSDT,2020-10-10,2020-10-11,0,1,0.006711991796848116,11293.22,11369.02,1,0,1,0,1,1,0.5704086382905366,0.49574378357986465,0.5022628333029027
BTCUSDT,2020-10-11,2020-10-12,0,1,0.014005604704715013,11369.02,11528.25,0,0,1,0,1,1,0.46538257718466847,0.3007013292196099,0.5164122949979018
BTCUSDT,2020-10-12,2020-10-13,0,0,-0.009341400472751782,11528.24,11420.56,1,0,1,0,1,1,0.5059246073302684,0.309703283199799,0.5096158081519665
BTCUSDT,2020-10-13,2020-10-14,0,0,-0.00023378888600911196,11420.57,11417.89,1,0,1,1,0,1,0.5006033020391395,0.4066876966041938,0.531521152764315
BTCUSDT,2020-10-14,2020-10-15,0,1,0.007639765315658353,11417.89,11505.12,0,0,1,1,0,1,0.49373831577377614,0.32029916766051375,0.5229249211234954
BTCUSDT,2020-10-15,2020-10-16,0,0,-0.01614933177576605,11505.13,11319.32,1,0,1,0,1,1,0.516498713403377,0.486499844542556,0.5155453144558635
BTCUSDT,2020-10-16,2020-10-17,0,1,0.003611524367188146,11319.24,11360.2,1,0,1,1,0,1,0.5544407645885339,0.4995304085854694,0.5379865430307289
BTCUSDT,2020-10-17,2020-10-18,0,1,0.012582524955546459,11360.31,11503.14,0,1,1,0,1,1,0.3943573697991325,0.5603005317949646,0.5193146610031019
BTCUSDT,2020-10-18,2020-10-19,0,1,0.021588018575797507,11503.14,11751.47,0,1,1,0,1,1,0.3696431518823821,0.5098170695714507,0.510938402246845
BTCUSDT,2020-10-19,2020-10-20,0,1,0.013489376222719507,11751.46,11909.99,0,0,1,0,1,1,0.41426061839733663,0.47314696040771836,0.5025981368902828
BTCUSDT,2020-10-20,2020-10-21,0,1,0.07312936450828245,11910.0,12780.96,0,0,1,0,1,1,0.49506256606417287,0.38343807623019943,0.5100953868850301
BTCUSDT,2020-10-21,2020-10-22,0,1,0.014674953994066264,12780.75,12968.52,1,1,0,0,1,1,0.6222896703977118,0.5513861252400234,0.456336733493743
BTCUSDT,2020-10-22,2020-10-23,0,0,-0.003504640467840603,12968.84,12923.07,1,1,1,0,1,1,0.6038793078134016,0.6285090186381519,0.5089943166478188
BTCUSDT,2020-10-23,2020-10-24,0,1,0.01459869829692173,12923.06,13111.73,1,0,1,1,0,1,0.5453195389711274,0.48738967933199046,0.5260049013101809
BTCUSDT,2020-10-24,2020-10-25,0,0,-0.006322582908586449,13111.73,13028.83,0,0,1,0,1,1,0.4527692850665395,0.27155960558981995,0.5090651008838222
BTCUSDT,2020-10-25,2020-10-26,0,1,0.0017929468724360298,13029.64,13052.19,1,0,1,1,0,1,0.5253782029442134,0.44121142149956405,0.5286649351611901
BTCUSDT,2020-10-26,2020-10-27,0,1,0.04474191687371998,13052.15,13636.17,0,0,1,0,1,1,0.4792432478184985,0.37192017498389957,0.521020621296591
BTCUSDT,2020-10-27,2020-10-28,0,0,-0.027116851725961233,13636.16,13266.4,0,1,0,0,1,1,0.48577114992018017,0.5602542434774084,0.48149171405018404
BTCUSDT,2020-10-28,2020-10-29,0,1,0.014269131037809801,13266.4,13455.7,1,0,1,1,0,1,0.6136627925160363,0.3754846186972605,0.5484687546087291
BTCUSDT,2020-10-29,2020-10-30,0,1,0.007758793671083675,13455.69,13560.1,1,0,1,0,1,1,0.5248188486315497,0.36961944581409406,0.5093710781719794
BTCUSDT,2020-10-30,2020-10-31,0,1,0.017027898024350785,13560.1,13791.0,0,1,1,0,1,1,0.4870793436780409,0.5379828741338372,0.5154341364143359
BTCUSDT,2020-10-31,2020-11-01,0,0,-0.002139076209121904,13791.0,13761.5,1,0,1,0,1,1,0.5642175472092399,0.43408728661312074,0.5068126473519591
BTCUSDT,2020-11-01,2020-11-02,0,0,-0.015414744032263838,13761.49,13549.37,0,0,1,1,0,1,0.48014672026152,0.2537787015258567,0.5247180245542185
BTCUSDT,2020-11-02,2020-11-03,0,1,0.034994985006682855,13549.63,14023.53,0,0,1,1,0,1,0.4714544438746609,0.33985600187567916,0.5372873435469302
BTCUSDT,2020-11-03,2020-11-04,0,1,0.008591274807412841,14023.53,14144.01,0,0,0,0,1,1,0.43186090638343994,0.291000520623455,0.4903154519822744
BTCUSDT,2020-11-04,2020-11-05,0,1,0.1022347976281126,14144.01,15590.02,1,0,1,0,1,1,0.5250550220276998,0.42612738446702847,0.5146568850007993
BTCUSDT,2020-11-05,2020-11-06,0,0,-0.0006478503555480408,15590.02,15579.92,1,1,0,0,1,1,0.5772327094437583,0.5095951897039561,0.43144727109971903
BTCUSDT,2020-11-06,2020-11-07,0,0,-0.048884718278399464,15579.93,14818.3,1,1,1,1,0,1,0.6534792159200465,0.7156403238370186,0.5233143635690672
BTCUSDT,2020-11-07,2020-11-08,0,1,0.04432357287948019,14818.3,15475.1,1,0,1,1,0,1,0.6226348115676213,0.38122476443010267,0.5694882621526712
BTCUSDT,2020-11-08,2020-11-09,0,0,-0.009479098681107079,15475.1,15328.41,0,0,0,0,1,1,0.3967660898095567,0.343553236802799,0.4818685432818584
BTCUSDT,2020-11-09,2020-11-10,0,0,-0.002035436160697679,15328.41,15297.21,1,0,1,1,0,1,0.5287770209296425,0.31912594852636067,0.5316515938332208
BTCUSDT,2020-11-10,2020-11-11,0,1,0.025300692086988485,15297.21,15684.24,0,0,1,1,0,1,0.47322971959444926,0.32535806691365116,0.5246204148283458
BTCUSDT,2020-11-11,2020-11-12,0,1,0.03874079968171884,15684.25,16291.86,1,0,0,0,1,1,0.552782727917506,0.29883866878747534,0.499180416924503
BTCUSDT,2020-11-12,2020-11-13,0,1,0.0017702091719422608,16291.85,16320.7,1,0,0,0,1,1,0.5068147864049286,0.3197704724267709,0.4869136193248333
BTCUSDT,2020-11-13,2020-11-14,0,0,-0.015333288400620093,16320.04,16070.45,1,1,1,0,1,1,0.5312502361361541,0.514145534669163,0.5210419675164903
BTCUSDT,2020-11-14,2020-11-15,0,0,-0.007059540958716193,16069.56,15957.0,0,0,1,1,0,1,0.4960084886025536,0.34630554750674103,0.5372098350368278
BTCUSDT,2020-11-15,2020-11-16,0,1,0.04741304756533182,15957.0,16713.57,0,1,1,1,0,1,0.48621541974477145,0.5003870015819715,0.5293615779435031
BTCUSDT,2020-11-16,2020-11-17,0,1,0.05658934626175016,16713.08,17659.38,0,0,0,0,1,1,0.43066579226323437,0.39380098595924734,0.47908972028391195
BTCUSDT,2020-11-17,2020-11-18,0,1,0.006610651110061427,17659.38,17776.12,0,0,0,0,1,1,0.47482516149015097,0.4092093207717683,0.4708923816574523
BTCUSDT,2020-11-18,2020-11-19,0,1,0.0015020150629045936,17777.75,17802.82,1,1,1,0,1,1,0.6418542297177859,0.7636005287612445,0.5165070377742383
BTCUSDT,2020-11-19,2020-11-20,0,1,0.04790533185192003,17802.81,18655.67,1,1,1,0,1,1,0.5706876283153147,0.5534850138904268,0.5212937796787231
BTCUSDT,2020-11-20,2020-11-21,0,1,0.0025799127021437496,18655.66,18703.8,0,0,0,0,1,1,0.4758282010813787,0.49440951122791865,0.4786478080022285
BTCUSDT,2020-11-21,2020-11-22,0,0,-0.015471187673093079,18703.8,18414.43,1,1,1,0,1,1,0.5132531616200616,0.638295763921398,0.520282067152817
BTCUSDT,2020-11-22,2020-11-23,0,0,-0.0025213921907981662,18413.88,18368.0,0,0,1,1,0,1,0.4539532096008482,0.45831772192669196,0.537341054784631
BTCUSDT,2020-11-23,2020-11-24,0,1,0.043119011324041834,18368.01,19160.01,0,0,1,1,0,1,0.47770312789107716,0.44447118791375523,0.5250781666829389
BTCUSDT,2020-11-24,2020-11-25,0,0,-0.023011470244535204,19160.0,18719.11,0,0,0,0,1,1,0.4693995248434,0.49041078132257265,0.4829545265524698
BTCUSDT,2020-11-25,2020-11-26,0,0,-0.08385227716488652,18718.83,17149.47,1,0,1,1,0,1,0.6230895207117709,0.39253493048107674,0.5445357957324539
BTCUSDT,2020-11-26,2020-11-27,0,0,-0.000580192857272066,17149.47,17139.52,1,1,1,1,0,1,0.7283972533838253,0.5689259510695892,0.6037046596414827
BTCUSDT,2020-11-27,2020-11-28,0,1,0.033859174585985974,17139.53,17719.85,1,0,1,1,0,1,0.5690867878616336,0.33803810603732676,0.5232507197084056
BTCUSDT,2020-11-28,2020-11-29,0,1,0.02624965786956457,17719.84,18184.99,0,0,0,0,1,1,0.4921598546725351,0.336407932533705,0.49134958492770503
BTCUSDT,2020-11-29,2020-11-30,0,1,0.08308390601259585,18185.0,19695.87,0,0,0,0,1,1,0.4955774038180165,0.4022061148170963,0.4983088272200853
BTCUSDT,2020-11-30,2020-12-01,0,0,-0.047264223413334916,19695.87,18764.96,0,0,0,0,1,1,0.48427586616649193,0.45782301244875157,0.447717840546307
BTCUSDT,2020-12-01,2020-12-02,0,1,0.023401595313818913,18764.96,19204.09,1,1,1,1,0,1,0.6346366119913811,0.6856256890880998,0.5679147023483518
BTCUSDT,2020-12-02,2020-12-03,0,1,0.011341854781976135,19204.08,19421.9,0,0,1,0,1,1,0.4407505748049617,0.40360228602034454,0.5009271013848048
BTCUSDT,2020-12-03,2020-12-04,0,0,-0.03971702047688441,19422.34,18650.52,1,0,1,0,1,1,0.5113809018126232,0.4591577062424959,0.5120928599559205
BTCUSDT,2020-12-04,2020-12-05,0,1,0.026655557056854073,18650.51,19147.66,1,1,1,1,0,1,0.647190389833934,0.5865713524771902,0.5606037483266451
BTCUSDT,2020-12-05,2020-12-06,0,1,0.011058270305614348,19147.66,19359.4,0,0,0,0,1,1,0.41257265400236803,0.40606379851595037,0.49793627283345027
BTCUSDT,2020-12-06,2020-12-07,0,0,-0.009943489984193699,19358.67,19166.9,0,0,1,0,1,1,0.4161769255044153,0.35747910491874035,0.5123569197028821
BTCUSDT,2020-12-07,2020-12-08,0,0,-0.04397111687335986,19166.9,18324.11,0,0,1,1,0,1,0.46538863982423584,0.4967196477851125,0.5320916119443907
BTCUSDT,2020-12-08,2020-12-09,0,1,0.01185159879524833,18324.11,18541.28,1,1,1,1,0,1,0.5902626427894393,0.5770589362187164,0.5647210286847937
BTCUSDT,2020-12-09,2020-12-10,0,0,-0.015460097684733665,18541.29,18254.63,0,0,1,0,1,1,0.4309511109698664,0.3543363718654186,0.5116183809560971
BTCUSDT,2020-12-10,2020-12-11,0,0,-0.011947653828097482,18254.81,18036.53,1,1,1,1,0,1,0.5639606185002624,0.5769575680766055,0.5373305014813247
BTCUSDT,2020-12-11,2020-12-12,0,1,0.04281089544385752,18036.53,18808.69,1,1,1,1,0,1,0.5400763675043813,0.5945917954392095,0.5339923769464742
BTCUSDT,2020-12-12,2020-12-13,0,1,0.019475040526480303,18808.69,19174.99,0,0,0,0,1,1,0.49226063414270277,0.3255677261835074,0.4832325388964523
BTCUSDT,2020-12-13,2020-12-14,0,1,0.005118646737234167,19174.99,19273.14,1,0,1,0,1,1,0.5091182761550455,0.3908955987428188,0.5045487112858896
BTCUSDT,2020-12-14,2020-12-15,0,1,0.007953556088940328,19273.69,19426.43,0,0,1,0,1,1,0.42902793709293646,0.41526882593480424,0.517902867230237
BTCUSDT,2020-12-15,2020-12-16,0,1,0.098272816981813,19426.43,21335.52,0,0,1,0,1,1,0.4548320260257889,0.3403767385929615,0.5152522442524571
BTCUSDT,2020-12-16,2020-12-17,0,1,0.06850735299631783,21335.52,22797.16,1,0,0,0,1,1,0.5001135022384229,0.49374804634012875,0.434779175132507
BTCUSDT,2020-12-17,2020-12-18,0,1,0.013608274013078736,22797.15,23107.39,1,1,0,0,1,1,0.6445404082168024,0.7477327727210163,0.4603751101409549
BTCUSDT,2020-12-18,2020-12-19,0,1,0.030908726602182357,23107.39,23821.61,0,0,1,0,1,1,0.46342100382699125,0.4581517201688116,0.5099849102350391
BTCUSDT,2020-12-19,2020-12-20,0,0,-0.015367978906547508,23821.6,23455.52,0,0,0,0,1,1,0.4239546703533562,0.33426471726992074,0.4940415523915646
BTCUSDT,2020-12-20,2020-12-21,0,0,-0.03137044073207507,23455.54,22719.71,0,0,1,1,0,1,0.47128190925091934,0.4068264869866998,0.5372428439700072
BTCUSDT,2020-12-21,2020-12-22,0,1,0.04802350029995983,22719.88,23810.79,0,0,1,1,0,1,0.41083571509630556,0.36905812640269753,0.5525548160827801
BTCUSDT,2020-12-22,2020-12-23,0,0,-0.024275969003968445,23810.79,23232.76,0,1,0,0,1,1,0.3033217937287834,0.5148350994872503,0.4785417667474669
BTCUSDT,2020-12-23,2020-12-24,0,1,0.021368102627496777,23232.39,23729.2,1,0,1,1,0,1,0.5129830319931045,0.4813680763015054,0.5457460374137649
BTCUSDT,2020-12-24,2020-12-25,0,1,0.04143713230955948,23728.99,24712.47,0,0,1,0,1,1,0.3965633230503907,0.2861680240858582,0.5028009665946191
BTCUSDT,2020-12-25,2020-12-26,0,1,0.07206564135434457,24712.47,26493.39,0,0,0,0,1,1,0.39102856258052837,0.37984038763218053,0.48447320712941727
BTCUSDT,2020-12-26,2020-12-27,0,0,-0.007991804748278653,26493.4,26281.66,0,0,0,0,1,1,0.3803548558975976,0.40901010823140327,0.45726410594031336
BTCUSDT,2020-12-27,2020-12-28,0,1,0.03035386653658856,26281.54,27079.41,1,0,1,1,0,1,0.5700338257010286,0.48840780600642486,0.5302434189739517
BTCUSDT,2020-12-28,2020-12-29,0,1,0.011284957833276321,27079.42,27385.0,0,0,0,0,1,1,0.32630998585233884,0.3103002588245081,0.4945487066941955
BTCUSDT,2020-12-29,2020-12-30,0,1,0.05442906700748584,27385.0,28875.54,0,0,1,0,1,1,0.2826022381761774,0.3232901001756795,0.5121458341699799
BTCUSDT,2020-12-30,2020-12-31,0,1,0.0016654233998740775,28875.55,28923.63,0,0,0,0,1,1,0.33707825820677567,0.3328864779745576,0.47281452419845826
BTCUSDT,2020-12-31,2021-01-01,0,1,0.014108187665241134,28923.63,29331.69,0,0,1,0,1,1,0.3964785423287599,0.3805563872765764,0.5211403459740174
BTCUSDT,2021-01-01,2021-01-02,0,1,0.09704998245924479,29331.7,32178.33,0,0,1,0,1,1,0.394512467132286,0.40079543508577636,0.5095205350343674
BTCUSDT,2021-01-02,2021-01-03,0,1,0.025536440206810118,32176.45,33000.05,0,0,0,0,1,1,0.39391756499793845,0.2769567398123389,0.4358111783693966
BTCUSDT,2021-01-03,2021-01-04,0,0,-0.03064662023239373,33000.05,31988.71,0,1,0,0,1,1,0.44338203729920345,0.6692036257105485,0.49896381510506427
BTCUSDT,2021-01-04,2021-01-05,0,1,0.061297251436522426,31989.75,33949.53,0,0,1,1,0,1,0.3631275310327117,0.2547643740109947,0.5518587240672918
BTCUSDT,2021-01-05,2021-01-06,0,1,0.08305947092640165,33949.53,36769.36,0,0,0,0,1,1,0.289754363474337,0.4745533086263943,0.4667200768873926
BTCUSDT,2021-01-06,2021-01-07,0,1,0.0724222559217782,36769.36,39432.28,0,1,0,0,1,1,0.28517923346680935,0.5593081587284658,0.4477388638298488
BTCUSDT,2021-01-07,2021-01-08,0,1,0.029177364331963496,39432.48,40582.81,0,1,0,0,1,1,0.3304898098063647,0.7601796227721419,0.45695306729737417
BTCUSDT,2021-01-08,2021-01-09,0,0,-0.012187179744330034,40586.96,40088.22,0,1,0,0,1,1,0.3099804593598744,0.6296179182253883,0.49562499554684947
BTCUSDT,2021-01-09,2021-01-10,0,0,-0.04834836767509265,40088.22,38150.02,0,1,1,1,0,1,0.2977453579679517,0.5807459398057305,0.5342197381154946
BTCUSDT,2021-01-10,2021-01-11,0,0,-0.07196719687171849,38150.02,35404.47,0,0,1,1,0,1,0.3042063979131281,0.40342918438608255,0.5689673032648418
BTCUSDT,2021-01-11,2021-01-12,0,0,-0.03822200981966406,35410.37,34051.24,0,1,1,1,0,1,0.4174266652666303,0.6444934091241799,0.592026829158326
BTCUSDT,2021-01-12,2021-01-13,0,1,0.09750423185763579,34049.15,37371.38,1,1,1,1,0,1,0.5018443335810606,0.764873656319348,0.559159143133912
BTCUSDT,2021-01-13,2021-01-14,0,1,0.04744593322483692,37371.38,39144.5,0,0,0,0,1,1,0.41210659815241846,0.43081297567039994,0.4354276178965574
BTCUSDT,2021-01-14,2021-01-15,0,0,-0.06136954105940806,39145.21,36742.22,1,0,0,0,1,1,0.5093000711101913,0.428210480046444,0.47906019208247824
BTCUSDT,2021-01-15,2021-01-16,0,0,-0.020337366658846334,36737.43,35994.98,1,1,1,1,0,1,0.6482620465305597,0.6705549369522968,0.581652139977693
BTCUSDT,2021-01-16,2021-01-17,0,0,-0.004622033405769388,35994.98,35828.61,1,1,1,1,0,1,0.6383148688643661,0.532650722403238,0.5419798728792545
BTCUSDT,2021-01-17,2021-01-18,0,1,0.02240276695076915,35824.99,36631.27,1,0,1,1,0,1,0.5021137596102321,0.43691920308132054,0.5270589629881824
BTCUSDT,2021-01-18,2021-01-19,0,0,-0.02019531400358221,36622.46,35891.49,0,0,1,0,1,1,0.4992242428865315,0.4835681002656602,0.5018470633468461
BTCUSDT,2021-01-19,2021-01-20,0,0,-0.011792767589197228,35901.94,35468.23,1,1,1,1,0,1,0.6945720802452781,0.6274726241341475,0.5418442304585352
BTCUSDT,2021-01-20,2021-01-21,0,0,-0.13020384721763678,35468.23,30850.13,1,1,1,1,0,1,0.5543072730715574,0.6082918944678279,0.5338453786980926
BTCUSDT,2021-01-21,2021-01-22,0,1,0.06791024867642359,30851.99,32945.17,1,1,1,1,0,1,0.7821894983071099,0.5995106796444036,0.6494414072358591
BTCUSDT,2021-01-22,2021-01-23,0,0,-0.026321612545936124,32950.0,32078.0,1,0,0,0,1,1,0.5965768092615692,0.34070631445055133,0.4608984821652008
BTCUSDT,2021-01-23,2021-01-24,0,1,0.005670553026996705,32078.0,32259.9,1,1,1,1,0,1,0.7267907290988581,0.8030897878105246,0.5477060781178265
BTCUSDT,2021-01-24,2021-01-25,0,0,-0.00017668994634212343,32259.45,32254.2,1,1,1,0,1,1,0.6000323434658942,0.673932285748836,0.5173863270245834
BTCUSDT,2021-01-25,2021-01-26,0,1,0.0066214632512975324,32254.19,32467.77,1,1,1,1,0,1,0.7172154323148926,0.6399610179151048,0.522871227596893
BTCUSDT,2021-01-26,2021-01-27,0,0,-0.06472942243954538,32464.01,30366.15,1,0,1,0,1,1,0.5317738048592632,0.4325651311535936,0.5164969291727038
BTCUSDT,2021-01-27,2021-01-28,0,1,0.09875173507342883,30362.19,33364.86,1,1,1,1,0,1,0.6811936913030833,0.6538174751366699,0.5849368694576944
BTCUSDT,2021-01-28,2021-01-29,0,1,0.0265950464051099,33368.18,34252.2,1,0,0,0,1,1,0.5169071332546329,0.2947024544433571,0.43437546177170333
BTCUSDT,2021-01-29,2021-01-30,0,1,0.00031180478918146903,34246.28,34262.88,1,1,0,0,1,1,0.7218729206179766,0.8641800049775085,0.4979918030293419
BTCUSDT,2021-01-30,2021-01-31,0,0,-0.03414482378597461,34262.89,33092.98,0,0,1,0,1,1,0.49910994019158145,0.4798494135607503,0.5224119707903939
BTCUSDT,2021-01-31,2021-02-01,0,1,0.013096130961913977,33092.97,33526.37,0,1,1,1,0,1,0.4895554304323251,0.6409554351821481,0.5552258061329386
BTCUSDT,2021-02-01,2021-02-02,0,1,0.057861021041049066,33517.09,35466.24,0,0,1,0,1,1,0.4189334437616295,0.362878311446066,0.5104608651311981
BTCUSDT,2021-02-02,2021-02-03,0,1,0.06069518505485805,35472.71,37618.87,0,0,0,0,1,1,0.36467599441858556,0.462315471133709,0.46976312469176623
BTCUSDT,2021-02-03,2021-02-04,0,0,-0.018134781826248392,37620.26,36936.66,0,1,0,0,1,1,0.3502064717836573,0.5757990828879607,0.4672523684045243
BTCUSDT,2021-02-04,2021-02-05,0,1,0.03664597719447271,36936.65,38290.24,1,1,1,1,0,1,0.5413070356873655,0.6175715214754774,0.5398782038142015
BTCUSDT,2021-02-05,2021-02-06,0,1,0.023418500380253615,38289.32,39186.94,0,1,0,0,1,1,0.32283875667545187,0.5428123147801233,0.4888144280192037
BTCUSDT,2021-02-06,2021-02-07,0,0,-0.009984193713517775,39181.01,38795.69,0,1,1,0,1,1,0.47073509034521865,0.5750123020921828,0.5009115387804481
BTCUSDT,2021-02-07,2021-02-08,0,1,0.1953613919484356,38795.69,46374.87,0,0,1,1,0,1,0.35668469850024825,0.4105702538990638,0.532130186840002
BTCUSDT,2021-02-08,2021-02-09,0,1,0.0009822129959609072,46374.86,46420.42,0,0,0,0,1,1,0.2270903393609665,0.27783094728364305,0.35856154248856864
BTCUSDT,2021-02-09,2021-02-10,0,0,-0.03474419231881132,46420.42,44807.58,0,0,1,0,1,1,0.32764070475456814,0.44836845891104543,0.5217819920908181
BTCUSDT,2021-02-10,2021-02-11,0,1,0.07056685498301851,44807.58,47969.51,0,1,1,1,0,1,0.345122518137256,0.5227645918588065,0.5558034313806736
BTCUSDT,2021-02-11,2021-02-12,0,0,-0.014215488129855847,47968.66,47287.6,0,0,0,0,1,1,0.2045359624989968,0.4830829452044377,0.45857283926169
BTCUSDT,2021-02-12,2021-02-13,0,0,-0.0028318206041328953,47298.15,47153.69,0,1,1,1,0,1,0.3154983461250845,0.6311083395514545,0.5361466677390272
BTCUSDT,2021-02-13,2021-02-14,0,1,0.03020124193885998,47156.78,48577.79,0,1,1,1,0,1,0.29840200290130886,0.5279685206964407,0.5253706730096683
BTCUSDT,2021-02-14,2021-02-15,0,0,-0.013724173125208128,48580.47,47911.1,0,0,0,0,1,1,0.27139752765985475,0.3681991148425152,0.49468825883997664
BTCUSDT,2021-02-15,2021-02-16,0,1,0.025512876974229215,47911.1,49133.45,0,0,1,1,0,1,0.24732332249481273,0.4447331911909147,0.5356796428695512
BTCUSDT,2021-02-16,2021-02-17,0,1,0.060778553103842725,49133.45,52119.71,0,0,0,0,1,1,0.3077346598222465,0.2671650721063311,0.49898546239209746
BTCUSDT,2021-02-17,2021-02-18,0,0,-0.01088091242257494,52117.67,51552.6,0,0,0,0,1,1,0.24156617740908165,0.41777914561258134,0.467178639576861
BTCUSDT,2021-02-18,2021-02-19,0,1,0.08444578934913083,51552.61,55906.0,0,0,1,1,0,1,0.3813888387620609,0.4895190074430798,0.5329803107705221
BTCUSDT,2021-02-19,2021-02-20,0,0,-0.0011592673416090937,55906.0,55841.19,0,0,0,0,1,1,0.23684201221080373,0.3510128749083106,0.44654715967305375
BTCUSDT,2021-02-20,2021-02-21,0,1,0.02806852790923675,55841.19,57408.57,0,0,1,1,0,1,0.3089404577132157,0.3907046190334412,0.5237955566028185
BTCUSDT,2021-02-21,2021-02-22,0,0,-0.05784676399359889,57412.35,54087.67,0,0,0,0,1,1,0.23935710219242093,0.26369262054614556,0.4966405465187927
BTCUSDT,2021-02-22,2021-02-23,0,0,-0.09607864417158285,54087.67,48891.0,0,0,1,1,0,1,0.29652445847720976,0.4266959051085165,0.5782130153837494
BTCUSDT,2021-02-23,2021-02-24,0,1,0.016060215581599868,48891.0,49676.2,0,0,1,1,0,1,0.48433091813455975,0.40726422174511717,0.6157522287449758
BTCUSDT,2021-02-24,2021-02-25,0,0,-0.05238866902057715,49676.21,47073.73,0,0,1,0,1,1,0.4615670620030631,0.4941342755619141,0.5077093150293656
BTCUSDT,2021-02-25,2021-02-26,0,0,-0.016927912871998907,47073.73,46276.87,1,1,1,1,0,1,0.7395881711518986,0.6873550052574836,0.5728950555657756
BTCUSDT,2021-02-26,2021-02-27,0,0,-0.0036830494370082567,46276.88,46106.43,1,1,1,1,0,1,0.6886940346392902,0.5573090401321861,0.5387280232992966
BTCUSDT,2021-02-27,2021-02-28,0,0,-0.021054980834560366,46103.67,45135.66,1,1,1,1,0,1,0.6962356808092287,0.6952046587033609,0.5261731349414255
BTCUSDT,2021-02-28,2021-03-01,0,1,0.09862202081458427,45134.11,49587.03,1,0,1,1,0,1,0.6174603492200887,0.40423943069827567,0.5426653093514465
BTCUSDT,2021-03-01,2021-03-02,0,0,-0.02311854531315949,49595.76,48440.65,1,0,0,0,1,1,0.5079948031044107,0.32809170557256623,0.43448478098851484
BTCUSDT,2021-03-02,2021-03-03,0,1,0.03940326977445596,48436.61,50349.37,1,1,1,1,0,1,0.6298005712628634,0.5528944633202098,0.5446382362860244
BTCUSDT,2021-03-03,2021-03-04,0,0,-0.0392314739985824,50349.37,48374.09,1,0,0,0,1,1,0.5861955079076445,0.4162592075529894,0.4863133782500361
BTCUSDT,2021-03-04,2021-03-05,0,1,0.007806245037374371,48374.09,48751.71,1,1,1,1,0,1,0.660453474320196,0.6707033985807783,0.5601344373719018
BTCUSDT,2021-03-05,2021-03-06,0,1,0.0026766240609816805,48746.81,48882.2,0,1,1,0,1,1,0.47108053869528005,0.6437732075438413,0.5153898178570876
BTCUSDT,2021-03-06,2021-03-07,0,1,0.04274664397265271,48882.2,50971.75,0,1,1,0,1,1,0.4278203295239011,0.5353430725164088,0.5201913389978161
BTCUSDT,2021-03-07,2021-03-08,0,1,0.027533290499148988,50959.11,52375.17,0,0,0,0,1,1,0.39667491496159946,0.3091554091271744,0.48329052453525684
BTCUSDT,2021-03-08,2021-03-09,0,1,0.04791067981259056,52375.18,54884.5,0,0,0,0,1,1,0.32255930715748915,0.4639440859624069,0.49713115734815594
BTCUSDT,2021-03-09,2021-03-10,0,1,0.017620457506217546,54874.67,55851.59,0,1,0,0,1,1,0.2747566001270414,0.5044806295196007,0.4786430085831093
BTCUSDT,2021-03-10,2021-03-11,0,1,0.034404929206133694,55851.59,57773.16,0,0,1,0,1,1,0.3705259511838537,0.4010978998806671,0.5062639727917114
BTCUSDT,2021-03-11,2021-03-12,0,0,-0.009544916705265916,57773.15,57221.72,0,0,0,0,1,1,0.30577822742913763,0.423703396990673,0.4908525346221987
BTCUSDT,2021-03-12,2021-03-13,0,1,0.06932105501197783,57221.72,61188.39,0,1,1,1,0,1,0.3427799966674201,0.6222137089165867,0.5317139479136889
BTCUSDT,2021-03-13,2021-03-14,0,0,-0.03628270003508838,61188.38,58968.31,0,0,0,0,1,1,0.2801876507666215,0.4890331342133861,0.4596624979615816
BTCUSDT,2021-03-14,2021-03-15,0,0,-0.05703249762457163,58976.08,55605.2,0,1,1,1,0,1,0.4312132772413546,0.5226714660014345,0.5572870749408975
BTCUSDT,2021-03-15,2021-03-16,0,1,0.023299079942163736,55605.2,56900.75,0,1,1,1,0,1,0.4131450240030221,0.6122573501795352,0.5774188240687183
BTCUSDT,2021-03-16,2021-03-17,0,1,0.03536368149804714,56900.74,58912.97,0,0,1,0,1,1,0.2362774925076532,0.3827783474732278,0.5010214812913534
BTCUSDT,2021-03-17,2021-03-18,0,0,-0.021469126407987926,58912.97,57648.16,0,0,0,0,1,1,0.2821426829021648,0.49089477605799686,0.4899800224596682
BTCUSDT,2021-03-18,2021-03-19,0,1,0.0066238020432916045,57641.0,58030.01,1,1,1,1,0,1,0.5453884041349687,0.6943050638878322,0.543061040013081
BTCUSDT,2021-03-19,2021-03-20,0,1,0.0012453901007425383,58030.01,58102.28,0,1,1,0,1,1,0.4603037745115429,0.5150054577933956,0.516494742577043
BTCUSDT,2021-03-20,2021-03-21,0,0,-0.012920663354346829,58100.02,57351.56,1,1,1,0,1,1,0.555210315749845,0.5777455481723982,0.5215347823731784
BTCUSDT,2021-03-21,2021-03-22,0,0,-0.05698729031956584,57351.56,54083.25,0,0,1,1,0,1,0.410767405286821,0.3730246683287128,0.5349162246148688
BTCUSDT,2021-03-22,2021-03-23,0,1,0.004763766970365069,54083.25,54340.89,1,1,1,1,0,1,0.6032532054687443,0.6035541701475443,0.5773747396446702
BTCUSDT,2021-03-23,2021-03-24,0,0,-0.03749000062383956,54342.8,52303.65,1,1,1,0,1,1,0.5286639869712071,0.5254341682538567,0.5182351360377696
BTCUSDT,2021-03-24,2021-03-25,1,0,-0.019307830333064713,52303.66,51293.78,1,1,1,1,0,1,0.6507433100915391,0.6487512319861081,0.5739616911050257
BTCUSDT,2021-03-25,2021-03-26,1,1,0.07275365551144786,51293.78,55025.59,1,1,1,1,0,1,0.6116000268280815,0.5420628032182799,0.5564712648420918
BTCUSDT,2021-03-26,2021-03-27,1,1,0.014385125175395697,55025.59,55817.14,0,0,0,0,1,1,0.43548632242845564,0.4256672776126132,0.47142531085963046
BTCUSDT,2021-03-27,2021-03-28,1,0,-0.0007078470878300047,55817.14,55777.63,1,0,1,0,1,1,0.5155339395559937,0.46707538092152523,0.5245730220109952
BTCUSDT,2021-03-28,2021-03-29,1,1,0.03330797669244823,55777.65,57635.47,0,1,1,1,0,1,0.4762267533311086,0.6095567783225929,0.5387693996107958
BTCUSDT,2021-03-29,2021-03-30,1,1,0.01927805915350378,57635.46,58746.57,0,0,1,0,1,1,0.4222531735931984,0.4693609234711824,0.5070174133958137
BTCUSDT,2021-03-30,2021-03-31,1,0,-0.00010247406784769097,58746.57,58740.55,0,0,1,0,1,1,0.44895694310777745,0.46061301875898,0.5200065115983606
BTCUSDT,2021-03-31,2021-04-01,1,0,-0.00034235294017503914,58739.46,58720.44,1,0,1,1,0,1,0.5128649042246692,0.47671083978225204,0.5381969345636133
BTCUSDT,2021-04-01,2021-04-02,1,1,0.0039095415497567565,58720.45,58950.01,1,1,1,1,0,1,0.5192348878358721,0.598371313047884,0.5384237443261604
BTCUSDT,2021-04-02,2021-04-03,1,0,-0.03219795891468047,58950.01,57051.94,1,1,1,0,1,1,0.5861572728530712,0.5558591936767715,0.5344092837830994
BTCUSDT,2021-04-03,2021-04-04,1,1,0.020158297859809826,57051.95,58202.01,1,1,1,1,0,1,0.5850136988495237,0.5821520754454421,0.5688542507028601
BTCUSDT,2021-04-04,2021-04-05,1,1,0.015944122891975665,58202.01,59129.99,0,1,1,0,1,1,0.3693110736498065,0.5543720237460192,0.5191869476042236
BTCUSDT,2021-04-05,2021-04-06,1,0,-0.019259938992041037,59129.99,57991.15,0,1,1,0,1,1,0.37966602050453774,0.5016882928473169,0.5231160532305135
BTCUSDT,2021-04-06,2021-04-07,1,0,-0.03513812021317053,57990.03,55953.45,1,0,1,1,0,1,0.547349817637108,0.4759805304222648,0.5564254218429286
BTCUSDT,2021-04-07,2021-04-08,1,1,0.03796137682305556,55953.44,58077.52,1,1,1,1,0,1,0.6048924196694123,0.6126027964355114,0.571690273887318
BTCUSDT,2021-04-08,2021-04-09,1,1,0.0011195381620978662,58077.52,58142.54,0,0,1,0,1,1,0.40326965053263036,0.3943892608667077,0.5027452210979111
BTCUSDT,2021-04-09,2021-04-10,1,1,0.0279759019815784,58142.55,59769.13,1,1,1,0,1,1,0.5711389168703185,0.54911784732677,0.5370421009699636
BTCUSDT,2021-04-10,2021-04-11,1,1,0.0039033527842884386,59769.13,60002.43,1,0,1,0,1,1,0.5501157673084596,0.3936544845154405,0.5119350919395131
BTCUSDT,2021-04-11,2021-04-12,1,0,-0.002373737196976866,59998.8,59860.0,0,0,1,0,1,1,0.4840730150387964,0.32539549534642914,0.5344151179522194
BTCUSDT,2021-04-12,2021-04-13,1,1,0.062061476779151414,59860.01,63575.0,1,0,1,1,0,1,0.5402812939906998,0.40370651752780085,0.5403459909620308
BTCUSDT,2021-04-13,2021-04-14,1,0,-0.009681006685017701,63575.01,62959.53,0,0,0,0,1,1,0.4208939136338938,0.42427875492195116,0.4809285047150767
BTCUSDT,2021-04-14,2021-04-15,1,1,0.003183791238594136,62959.53,63159.98,1,0,1,1,0,1,0.5803145360455612,0.38026557975343317,0.5472827717966954
BTCUSDT,2021-04-15,2021-04-16,1,0,-0.028897729226640023,63158.74,61334.8,1,1,1,0,1,1,0.521329974552502,0.5699063967955341,0.5350936315946687
BTCUSDT,2021-04-16,2021-04-17,1,0,-0.021653938710161302,61334.81,60006.66,1,1,1,1,0,1,0.5833668651309967,0.7726246849180528,0.5656758043327378
BTCUSDT,2021-04-17,2021-04-18,1,0,-0.06427036598937519,60006.67,56150.01,1,1,1,1,0,1,0.5545336421159025,0.6109155274763702,0.5587185789159693
BTCUSDT,2021-04-18,2021-04-19,1,0,-0.009205163097922964,56150.01,55633.14,1,0,1,1,0,1,0.5079702191217407,0.48684251779717486,0.5999751958502578
BTCUSDT,2021-04-19,2021-04-20,1,1,0.01423360248945138,55633.14,56425.0,0,1,1,1,0,1,0.47225721897387224,0.5356953406758785,0.5468300292894253
BTCUSDT,2021-04-20,2021-04-21,1,0,-0.0467411608329642,56425.0,53787.63,0,0,1,0,1,1,0.4164344093407856,0.42387728968892663,0.5247147257147239
BTCUSDT,2021-04-21,2021-04-22,1,0,-0.03898052396062068,53787.62,51690.96,1,1,1,1,0,1,0.6047230261353981,0.6523751027306143,0.5829190761023296
BTCUSDT,2021-04-22,2021-04-23,1,0,-0.010946208002327706,51690.95,51125.14,1,1,1,1,0,1,0.6038716197489123,0.586090045743324,0.5754024831203413
BTCUSDT,2021-04-23,2021-04-24,1,0,-0.021071824937789918,51110.56,50047.84,1,1,1,1,0,1,0.5010621638081885,0.6838200777896064,0.548487226520746
BTCUSDT,2021-04-24,2021-04-25,1,0,-0.019602644190038987,50047.84,49066.77,1,1,1,1,0,1,0.5123160344154464,0.669389426470651,0.5581606964011427
BTCUSDT,2021-04-25,2021-04-26,1,1,0.10056948928979836,49066.76,54001.39,0,1,1,1,0,1,0.4864059400335365,0.680161541010342,0.5567534974315369
BTCUSDT,2021-04-26,2021-04-27,1,1,0.0187139627331816,54001.38,55011.97,0,1,0,0,1,1,0.4059892794476096,0.6062766323270203,0.44724942310827875
BTCUSDT,2021-04-27,2021-04-28,1,0,-0.0030129806294884043,55011.97,54846.22,0,0,1,0,1,1,0.43697236137846857,0.3614341590772387,0.5205320407610505
BTCUSDT,2021-04-28,2021-04-29,1,0,-0.023542552248814963,54846.23,53555.0,1,1,1,1,0,1,0.534935639504101,0.6059171516726788,0.5409514543831638
BTCUSDT,2021-04-29,2021-04-30,1,1,0.07729007562319112,53555.0,57694.27,1,1,1,1,0,1,0.5247497179655365,0.7237777131839153,0.5605298348327746
BTCUSDT,2021-04-30,2021-05-01,1,1,0.0018390041160067927,57697.25,57800.37,0,0,0,0,1,1,0.41195967404444306,0.43016280635150056,0.46742772598234705
BTCUSDT,2021-05-01,2021-05-02,1,0,-0.021144501324126486,57797.35,56578.21,0,1,1,0,1,1,0.4692322625764364,0.5251427983347,0.5363626594225389
BTCUSDT,2021-05-02,2021-05-03,1,1,0.010448898966580966,56578.21,57169.39,0,1,1,1,0,1,0.479782215191891,0.6531212662279022,0.5582303374586202
BTCUSDT,2021-05-03,2021-05-04,1,0,-0.06943191102791191,57169.39,53200.01,0,1,1,0,1,1,0.4769783221905373,0.5786946296489165,0.5282597025997956
BTCUSDT,2021-05-04,2021-05-05,1,1,0.07962592488234499,53205.05,57436.11,1,1,1,1,0,1,0.5606136985010297,0.6289753355522282,0.605013819158914
BTCUSDT,2021-05-05,2021-05-06,1,0,-0.0181493837239326,57436.11,56393.68,0,0,0,0,1,1,0.38902762020076354,0.47149925595234554,0.4653774795324625
BTCUSDT,2021-05-06,2021-05-07,1,1,0.016332858575641707,56393.68,57314.75,1,1,1,1,0,1,0.5727930401149792,0.5639814027851933,0.5553627254587072
BTCUSDT,2021-05-07,2021-05-08,1,1,0.026996541030014143,57315.49,58862.05,1,1,1,0,1,1,0.510294264928137,0.6437348025441338,0.5227530444997405
BTCUSDT,2021-05-08,2021-05-09,1,0,-0.010553658936445554,58866.53,58240.84,0,0,1,0,1,1,0.4501698304095673,0.4835702524430764,0.5128408877417213
BTCUSDT,2021-05-09,2021-05-10,1,0,-0.04163229788581346,58240.83,55816.14,0,0,1,1,0,1,0.4419325877181523,0.49400445566823054,0.5481134204042997
BTCUSDT,2021-05-10,2021-05-11,1,1,0.01529808403089139,55816.14,56670.02,1,1,1,1,0,1,0.5187665074109135,0.6324785878655989,0.577968122518956
BTCUSDT,2021-05-11,2021-05-12,1,0,-0.12420500292747383,56670.02,49631.32,0,0,1,0,1,1,0.36032642631211254,0.38213919934668744,0.5237195896310906
BTCUSDT,2021-05-12,2021-05-13,1,1,0.0007988907004690127,49537.15,49670.97,1,1,1,1,0,1,0.6240297907592389,0.5867749999840337,0.6586168874708511
BTCUSDT,2021-05-13,2021-05-14,1,1,0.0034321858421528795,49671.92,49841.45,0,0,1,0,1,1,0.45726243071884176,0.48313174763829414,0.5373450237140589
BTCUSDT,2021-05-14,2021-05-15,1,0,-0.061765056995733425,49844.16,46762.99,1,0,1,0,1,1,0.5011616406980036,0.4831797265645806,0.534859366403287
BTCUSDT,2021-05-15,2021-05-16,1,0,-0.007088725507072957,46762.99,46431.5,1,1,1,1,0,1,0.5948765335348745,0.6489530080779383,0.5975318850535638
BTCUSDT,2021-05-16,2021-05-17,1,0,-0.062316746174472026,46426.83,43538.04,0,1,1,1,0,1,0.4833150257092614,0.6559187266897026,0.5448180441682619
BTCUSDT,2021-05-17,2021-05-18,1,0,-0.015808244927883797,43538.02,42849.78,1,1,1,1,0,1,0.5553120751793306,0.8391436638724752,0.5980697812664717
BTCUSDT,2021-05-18,2021-05-19,1,0,-0.1437507963868193,42849.78,36690.09,1,1,1,1,0,1,0.5711319867881941,0.7275287619735047,0.5531247658481391
BTCUSDT,2021-05-19,2021-05-20,1,1,0.10456638291157105,36671.23,40526.64,1,1,1,1,0,1,0.6961914946366303,0.5212269287121442,0.6776482992809812
BTCUSDT,2021-05-20,2021-05-21,1,0,-0.08080191202626219,40525.39,37252.01,0,0,0,0,1,1,0.487864247024893,0.4671658443920677,0.44384326864544177
BTCUSDT,2021-05-21,2021-05-22,1,1,0.005307633064632,37263.35,37449.73,1,1,1,1,0,1,0.6804090227153851,0.6745064823126149,0.6161314061840584
BTCUSDT,2021-05-22,2021-05-23,1,0,-0.07461949658916112,37458.51,34655.25,1,1,1,0,1,1,0.5259608001407727,0.5275424791306081,0.5330919814461407
BTCUSDT,2021-05-23,2021-05-24,1,1,0.1194924289970496,34681.44,38796.29,1,1,1,1,0,1,0.6074851256721595,0.6335718299966537,0.6100835272526686
BTCUSDT,2021-05-24,2021-05-25,1,0,-0.012155028225637077,38810.99,38324.72,0,0,0,0,1,1,0.4048017851342066,0.473498229942267,0.43127964976412564
BTCUSDT,2021-05-25,2021-05-26,1,1,0.023932073084943717,38324.72,39241.91,1,0,1,1,0,1,0.5368834622525251,0.4972534669280154,0.5496389161344144
BTCUSDT,2021-05-26,2021-05-27,1,0,-0.018142083298188116,39241.92,38529.98,1,1,1,0,1,1,0.5147375007508519,0.5376542514423753,0.5156801829540683
BTCUSDT,2021-05-27,2021-05-28,1,0,-0.07439635317744797,38529.99,35663.49,1,1,1,1,0,1,0.5491594130797356,0.5628252317791964,0.5553557419334477
BTCUSDT,2021-05-28,2021-05-29,1,0,-0.029675727193272383,35661.79,34605.15,1,1,1,1,0,1,0.6050684894338262,0.6554121347788734,0.6098653515711252
BTCUSDT,2021-05-29,2021-05-30,1,1,0.029941208172771905,34605.15,35641.27,1,1,1,1,0,1,0.561697810534569,0.5589835801886391,0.5664246152106557
BTCUSDT,2021-05-30,2021-05-31,1,1,0.04524361786210207,35641.26,37253.81,0,0,1,0,1,1,0.42817399568307074,0.3240163024254603,0.5101197811888961
BTCUSDT,2021-05-31,2021-06-01,1,0,-0.015051346426043444,37253.82,36693.09,0,0,0,0,1,1,0.366836647450725,0.4077382014092629,0.49609726547018246
BTCUSDT,2021-06-01,2021-06-02,1,1,0.02386253106511349,36694.85,37568.68,0,0,1,1,0,1,0.4956816092228745,0.4288873165058638,0.5524018998376549
BTCUSDT,2021-06-02,2021-06-03,1,1,0.044667792427096176,37568.68,39246.79,0,0,1,0,1,1,0.40661607915933373,0.490053114936511,0.5157447026183951
BTCUSDT,2021-06-03,2021-06-04,1,0,-0.06160478347401155,39246.78,36829.0,0,0,0,0,1,1,0.39980329862830294,0.3739412266573106,0.4966212279547127
BTCUSDT,2021-06-04,2021-06-05,1,0,-0.03572728013250437,36829.15,35513.2,1,1,1,1,0,1,0.5363099114883827,0.5868190391372948,0.5973756338285056
BTCUSDT,2021-06-05,2021-06-06,1,1,0.007971965353727573,35516.07,35796.31,1,0,1,1,0,1,0.5177576716886643,0.489534590249274,0.5722590445247299
BTCUSDT,2021-06-06,2021-06-07,1,0,-0.06267461646186423,35796.31,33552.79,0,1,1,0,1,1,0.4040867863875416,0.5248718644134454,0.5305854143153718
BTCUSDT,2021-06-07,2021-06-08,1,0,-0.00512565423024447,33556.96,33380.81,1,1,1,1,0,1,0.5302879071248724,0.5032194253317953,0.5984187473788634
BTCUSDT,2021-06-08,2021-06-09,1,1,0.12004621817145855,33380.8,37388.05,0,0,1,1,0,1,0.36489446550952204,0.42491293618329123,0.5429543799561961
BTCUSDT,2021-06-09,2021-06-10,1,0,-0.0190523442650794,37388.05,36675.72,0,1,0,0,1,1,0.3705245651881503,0.5724204835272201,0.4308183240614151
BTCUSDT,2021-06-10,2021-06-11,1,1,0.017893581911957,36677.83,37331.98,1,1,1,1,0,1,0.5641417200172609,0.6630549238644544,0.5562267208507463
BTCUSDT,2021-06-11,2021-06-12,1,0,-0.047837537682169584,37331.98,35546.11,0,1,1,0,1,1,0.3983293207520576,0.5808342773779164,0.5212967702570765
BTCUSDT,2021-06-12,2021-06-13,1,1,0.09774515411109674,35546.12,39020.57,0,0,1,1,0,1,0.4695471244858627,0.45986253394776755,0.5839828748269378
BTCUSDT,2021-06-13,2021-06-14,1,1,0.03833157742185733,39020.56,40516.29,0,0,0,0,1,1,0.3237478471916232,0.3845187588275905,0.44966681125934255
BTCUSDT,2021-06-14,2021-06-15,1,0,-0.009187662542646469,40516.28,40144.04,0,0,1,0,1,1,0.3885036354363604,0.4665574002603104,0.502406144957438
BTCUSDT,2021-06-15,2021-06-16,1,0,-0.04471473224917066,40143.8,38349.01,0,1,1,1,0,1,0.47374018342177227,0.5128327321344317,0.546813381009052
BTCUSDT,2021-06-16,2021-06-17,1,0,-0.006676573919378925,38349.0,38092.97,1,1,1,1,0,1,0.5413851258953215,0.5643312752802301,0.5809540572102233
BTCUSDT,2021-06-17,2021-06-18,1,0,-0.05967321529405567,38092.97,35819.84,0,1,1,1,0,1,0.46222284355290794,0.567438057296606,0.5444265603217094
BTCUSDT,2021-06-18,2021-06-19,1,0,-0.00938362650419422,35820.48,35483.72,1,0,1,1,0,1,0.5204249841975067,0.4099971394557936,0.5954930940235061
BTCUSDT,2021-06-19,2021-06-20,1,1,0.003281504870402685,35483.72,35600.16,0,1,1,1,0,1,0.4622544323743795,0.644537200525844,0.5469998123522917
BTCUSDT,2021-06-20,2021-06-21,1,0,-0.11211269836989501,35600.17,31608.93,0,0,1,0,1,1,0.36769048868301796,0.40301554838188774,0.5350014711217399
BTCUSDT,2021-06-21,2021-06-22,1,1,0.028492897418546104,31614.12,32509.56,1,1,1,1,0,1,0.5679784546174654,0.695019556413025,0.6467946598715886
BTCUSDT,2021-06-22,2021-06-23,1,1,0.0359435809035864,32509.56,33678.07,0,1,1,0,1,1,0.3589937866861812,0.524988239553089,0.5114572468461419
BTCUSDT,2021-06-23,2021-06-24,1,1,0.029248113089615835,33675.07,34663.09,0,0,1,0,1,1,0.485806605162293,0.3225530294796484,0.5045954476519785
BTCUSDT,2021-06-24,2021-06-25,1,0,-0.08881608650584805,34663.08,31584.45,0,1,1,0,1,1,0.4728055736875155,0.5245315346177526,0.5107596153260873
BTCUSDT,2021-06-25,2021-06-26,1,1,0.022137475878161617,31576.09,32283.65,1,1,1,1,0,1,0.6475596706398933,0.715402225016672,0.6239779683041345
BTCUSDT,2021-06-26,2021-06-27,1,1,0.07485801636432043,32283.65,34700.34,0,0,1,0,1,1,0.36941060989624275,0.3427128232932583,0.5173464040031367
BTCUSDT,2021-06-27,2021-06-28,1,0,-0.0059206912670018985,34702.49,34494.89,0,0,0,0,1,1,0.3260697733672426,0.3786295875588462,0.46956832059517367
BTCUSDT,2021-06-28,2021-06-29,1,1,0.04107390978779768,34494.89,35911.73,0,0,1,1,0,1,0.44566976982265205,0.4988070930233422,0.5437088618628085
BTCUSDT,2021-06-29,2021-06-30,1,0,-0.0241350110395685,35911.72,35045.0,0,1,0,0,1,1,0.39363468351290576,0.5181293404151064,0.4998980832336805
BTCUSDT,2021-06-30,2021-07-01,1,0,-0.043952346982451096,35045.0,33504.69,0,1,1,1,0,1,0.46512617858449923,0.5445708311971544,0.5610984181923588
BTCUSDT,2021-07-01,2021-07-02,1,1,0.008412553585781524,33502.33,33786.55,0,1,1,1,0,1,0.49479185779063084,0.6532984790778165,0.5802151868604223
BTCUSDT,2021-07-02,2021-07-03,1,1,0.026122229111880113,33786.54,34669.13,0,1,1,0,1,1,0.3447279115707653,0.5183670836497255,0.5301714015949682
BTCUSDT,2021-07-03,2021-07-04,1,1,0.017807773082278322,34669.12,35286.51,0,0,1,0,1,1,0.3515810670758417,0.3012943901710959,0.5136501842240397
BTCUSDT,2021-07-04,2021-07-05,1,0,-0.04524023486595874,35288.13,33690.14,0,0,1,0,1,1,0.4156109682581561,0.28903754188516606,0.5213767880573795
BTCUSDT,2021-07-05,2021-07-06,1,1,0.01572774705002722,33690.15,34220.01,0,1,1,1,0,1,0.4915253200807041,0.643025315060108,0.5814634833835471
BTCUSDT,2021-07-06,2021-07-07,1,0,-0.010458500742694055,34220.02,33862.12,0,1,1,0,1,1,0.422701684656152,0.6755286904904196,0.5233181587021423
BTCUSDT,2021-07-07,2021-07-08,1,0,-0.02913019031295161,33862.11,32875.71,1,1,1,1,0,1,0.5859637301410362,0.6185256766081378,0.5480228198499577
BTCUSDT,2021-07-08,2021-07-09,1,1,0.028595580141082877,32875.71,33815.81,1,1,1,1,0,1,0.5170385372021213,0.7436164604297141,0.5658995131908837
BTCUSDT,2021-07-09,2021-07-10,1,0,-0.009254251191971874,33815.81,33502.87,0,0,1,0,1,1,0.39765432648085625,0.20008024786731565,0.5113623660166572
BTCUSDT,2021-07-10,2021-07-11,1,1,0.022568812761414092,33502.87,34258.99,0,1,1,1,0,1,0.48325344586327296,0.5408608906553896,0.5468767278093867
BTCUSDT,2021-07-11,2021-07-12,1,0,-0.03422050679252364,34259.0,33086.63,0,0,1,0,1,1,0.39966721441044206,0.2157643830199445,0.5169456896307455
BTCUSDT,2021-07-12,2021-07-13,1,0,-0.010785625492834905,33086.94,32729.77,0,1,1,1,0,1,0.47493347309111106,0.6887993388746111,0.5708047315996586
BTCUSDT,2021-07-13,2021-07-14,1,1,0.002757428481776625,32729.12,32820.02,0,1,1,1,0,1,0.4116122088145223,0.6129019346417381,0.5483342999675139
BTCUSDT,2021-07-14,2021-07-15,1,0,-0.02864166444749261,32820.03,31880.0,0,0,1,0,1,1,0.3828616008885789,0.4963674979007091,0.5354958406821755
BTCUSDT,2021-07-15,2021-07-16,1,0,-0.015562421580928465,31874.49,31383.87,0,1,1,1,0,1,0.4774679388057819,0.6827219732316845,0.5654294114853111
BTCUSDT,2021-07-16,2021-07-17,1,1,0.004339808952815494,31383.86,31520.07,0,0,1,1,0,1,0.48428418145569524,0.48480738297025855,0.5528899590182814
BTCUSDT,2021-07-17,2021-07-18,1,1,0.008200806660645155,31520.07,31778.56,0,0,1,0,1,1,0.43148111872445727,0.4125930430117107,0.5340037344833691
BTCUSDT,2021-07-18,2021-07-19,1,0,-0.02954539160994074,31778.57,30839.65,0,0,1,0,1,1,0.41604359901305804,0.47543326147583276,0.5303703589521739
BTCUSDT,2021-07-19,2021-07-20,1,0,-0.034024380951145794,30839.65,29790.35,0,1,1,1,0,1,0.4437571036659599,0.5262805730137441,0.5662991484514548
BTCUSDT,2021-07-20,2021-07-21,1,1,0.079024247784937,29790.34,32144.51,0,1,1,1,0,1,0.44519371142058134,0.5769665507844238,0.5706155106394749
BTCUSDT,2021-07-21,2021-07-22,1,1,0.004458615172544311,32144.51,32287.83,0,0,0,0,1,1,0.39691025036511884,0.3485107772339538,0.46590505650345615
BTCUSDT,2021-07-22,2021-07-23,1,1,0.04169558623171632,32287.58,33634.09,0,1,1,0,1,1,0.45395373698048197,0.6250764063802596,0.5338917761412345
BTCUSDT,2021-07-23,2021-07-24,1,1,0.018554091994164246,33634.1,34258.14,0,0,0,0,1,1,0.3740609211623245,0.3417753673496873,0.49933042990033905
BTCUSDT,2021-07-24,2021-07-25,1,1,0.03277702759110679,34261.51,35381.02,0,0,1,0,1,1,0.41651254114062153,0.29124689269406,0.5206810258493128
BTCUSDT,2021-07-25,2021-07-26,1,1,0.05247389702162342,35381.02,37237.6,0,0,1,0,1,1,0.35960096651307544,0.3445828941373322,0.5075060357650273
BTCUSDT,2021-07-26,2021-07-27,1,1,0.05962441188476175,37241.33,39457.87,1,1,0,0,1,1,0.5452485739100809,0.678615884450567,0.48954375064457695
BTCUSDT,2021-07-27,2021-07-28,1,1,0.014235182993912021,39456.61,40019.56,0,1,0,0,1,1,0.4021853385555732,0.5654221459595883,0.4831101482109511
BTCUSDT,2021-07-28,2021-07-29,1,0,-7.696236540322143e-05,40019.57,40016.48,1,1,1,0,1,1,0.5001432906408376,0.5906890060503946,0.5247132475414544
BTCUSDT,2021-07-29,2021-07-30,1,1,0.054724703422190046,40018.49,42206.37,0,1,1,1,0,1,0.4869915521332197,0.56282155890084,0.5381728150622834
BTCUSDT,2021-07-30,2021-07-31,1,0,-0.01764046517148954,42206.36,41461.83,0,0,0,0,1,1,0.4016515315352725,0.4590992899631276,0.48751343360471955
BTCUSDT,2021-07-31,2021-08-01,1,0,-0.03898501344489613,41461.84,39845.44,1,1,1,1,0,1,0.5433239257220402,0.5743871363685781,0.5548759704142501
BTCUSDT,2021-08-01,2021-08-02,1,0,-0.017508151497385938,39850.27,39147.82,1,1,1,1,0,1,0.5294537884834233,0.6206896917593858,0.5754068242639899
BTCUSDT,2021-08-02,2021-08-03,1,0,-0.0240312231945482,39146.86,38207.05,0,1,1,1,0,1,0.47438255688796355,0.569285528408539,0.5547494430526181
BTCUSDT,2021-08-03,2021-08-04,1,1,0.0396819435156599,38207.04,39723.18,1,1,1,1,0,1,0.5062109032574614,0.5900551787330388,0.5609987994948789
BTCUSDT,2021-08-04,2021-08-05,1,1,0.028680483284570846,39723.17,40862.46,0,1,1,0,1,1,0.4126618781792344,0.5544166966613834,0.501170317836037
BTCUSDT,2021-08-05,2021-08-06,1,1,0.04831843212572129,40862.46,42836.87,0,1,1,0,1,1,0.4779550384974747,0.6462852563371955,0.5112839203982926
BTCUSDT,2021-08-06,2021-08-07,1,1,0.040518133094224584,42836.87,44572.54,0,1,0,0,1,1,0.4735286993035154,0.6840364821973249,0.4933044404324557
BTCUSDT,2021-08-07,2021-08-08,1,0,-0.017458506964153186,44572.54,43794.37,0,0,1,0,1,1,0.420373468130617,0.36756543057828495,0.5004058507638327
BTCUSDT,2021-08-08,2021-08-09,1,1,0.056149454827184364,43794.36,46253.4,1,1,1,1,0,1,0.5484758807152351,0.572307370956934,0.5547019721274828
BTCUSDT,2021-08-09,2021-08-10,1,0,-0.014451045760960346,46248.87,45584.99,0,1,0,0,1,1,0.3809533373822254,0.5504163330759162,0.4862306973610122
BTCUSDT,2021-08-10,2021-08-11,1,0,-0.0016231219969555788,45585.0,45511.0,1,1,1,1,0,1,0.5139651421929591,0.5489270371381856,0.5518288278950593
BTCUSDT,2021-08-11,2021-08-12,1,0,-0.024433653402474165,45510.67,44399.0,1,0,1,1,0,1,0.6088123337742719,0.472755448935201,0.539635384347186
BTCUSDT,2021-08-12,2021-08-13,1,1,0.07660082434289062,44400.06,47800.0,1,1,1,1,0,1,0.588379566424507,0.697871822927503,0.5613850957304181
BTCUSDT,2021-08-13,2021-08-14,1,0,-0.015303138075313805,47799.99,47068.51,0,0,0,0,1,1,0.4371581166447996,0.3781293873676321,0.46803376615407033
BTCUSDT,2021-08-14,2021-08-15,1,0,-0.002011748406737346,47068.5,46973.82,1,0,1,1,0,1,0.5525355426224327,0.30787901998851597,0.552642333216233
BTCUSDT,2021-08-15,2021-08-16,1,0,-0.022832505425362415,46973.82,45901.29,0,0,1,1,0,1,0.4278702150111125,0.43765785889246356,0.5400032501342865
BTCUSDT,2021-08-16,2021-08-17,1,0,-0.026259392709878204,45901.3,44695.95,1,1,1,1,0,1,0.5866836026167478,0.6192490357454506,0.5598486473956534
BTCUSDT,2021-08-17,2021-08-18,1,1,0.00020896747915655212,44695.95,44705.29,1,1,1,1,0,1,0.5860404909843828,0.6074141706630917,0.5631386994487476
BTCUSDT,2021-08-18,2021-08-19,1,1,0.04597509601212746,44699.37,46760.62,1,1,1,0,1,1,0.6100141976598139,0.6026242160808946,0.5379025186130991
BTCUSDT,2021-08-19,2021-08-20,1,1,0.05478648486696702,46760.62,49322.47,0,0,0,0,1,1,0.48898925957458245,0.4797090688672057,0.4954320980433506
BTCUSDT,2021-08-20,2021-08-21,1,0,-0.01014953225173032,49322.47,48821.87,0,0,0,0,1,1,0.4822614421285965,0.43632491116026345,0.48745777089259656
BTCUSDT,2021-08-21,2021-08-22,1,1,0.008548423073512001,48821.88,49239.22,1,1,1,1,0,1,0.581449750302707,0.5251683881181374,0.5477286876777286
BTCUSDT,2021-08-22,2021-08-23,1,1,0.005069739122593786,49239.22,49488.85,0,0,1,0,1,1,0.4155504852655475,0.3124168052721333,0.5300437556076374
BTCUSDT,2021-08-23,2021-08-24,1,0,-0.03667169473527865,49488.85,47674.01,1,1,1,0,1,1,0.5541796417648513,0.5534841590435412,0.533316032291372
BTCUSDT,2021-08-24,2021-08-25,1,1,0.027254053099372122,47674.01,48973.32,1,1,1,1,0,1,0.6137753289596976,0.665925396345489,0.5731711013651546
BTCUSDT,2021-08-25,2021-08-26,1,0,-0.04348183868277655,48973.32,46843.87,0,1,1,0,1,1,0.4574286489809687,0.505840481667712,0.5126026430673781
BTCUSDT,2021-08-26,2021-08-27,1,1,0.047520198480612175,46843.86,49069.9,1,1,1,1,0,1,0.6355682873933832,0.6875911337119778,0.5797593052550624
BTCUSDT,2021-08-27,2021-08-28,1,0,-0.0035571704853688546,49069.9,48895.35,0,1,0,0,1,1,0.47238282800741294,0.5420668868278425,0.4940286474453801
BTCUSDT,2021-08-28,2021-08-29,1,0,-0.0026080189629483774,48895.35,48767.83,1,0,1,1,0,1,0.5571048143047511,0.4472598076415524,0.5414670979320806
BTCUSDT,2021-08-29,2021-08-30,1,0,-0.036600357243699366,48767.84,46982.91,1,0,1,1,0,1,0.5207608130161081,0.36895322126692465,0.5405678612752832
BTCUSDT,2021-08-30,2021-08-31,1,1,0.0025111258540604364,46982.91,47100.89,1,1,1,1,0,1,0.6236937837374235,0.5689675465129251,0.573102194140366
BTCUSDT,2021-08-31,2021-09-01,1,1,0.036297190987261585,47100.89,48810.52,1,0,1,0,1,1,0.5674743923404291,0.35065498482222207,0.5357282470645243
BTCUSDT,2021-09-01,2021-09-02,1,1,0.008934959103078732,48810.51,49246.64,0,1,1,0,1,1,0.4822068547261259,0.5621715971275238,0.5042709507502815
BTCUSDT,2021-09-02,2021-09-03,1,1,0.015280230285761531,49246.63,49999.14,1,1,1,0,1,1,0.651241537085443,0.5742389368077111,0.5296806872667617
BTCUSDT,2021-09-03,2021-09-04,1,0,-0.001670028724494066,49998.0,49915.64,1,1,1,0,1,1,0.5816273773880992,0.5747957924634949,0.5237362732671907
BTCUSDT,2021-09-04,2021-09-05,1,1,0.036887035806813184,49917.54,51756.88,1,1,1,1,0,1,0.5545278386012656,0.5553097464342962,0.5396797799929821
BTCUSDT,2021-09-05,2021-09-06,1,1,0.017524626677651423,51756.88,52663.9,0,0,1,0,1,1,0.44650769142689073,0.43439803237705166,0.5037299070775734
BTCUSDT,2021-09-06,2021-09-07,1,0,-0.11013559573066178,52666.2,46863.73,0,0,1,0,1,1,0.44839417429644546,0.3773212421027159,0.5216408656576385
BTCUSDT,2021-09-07,2021-09-08,1,0,-0.017399810044996578,46868.57,46048.31,1,1,1,1,0,1,0.5908874769281878,0.6215722535010801,0.6448595334403059
BTCUSDT,2021-09-08,2021-09-09,1,1,0.007531872505201598,46048.31,46395.14,0,0,1,1,0,1,0.47677804426942366,0.4763120057871512,0.5546458469677708
BTCUSDT,2021-09-09,2021-09-10,1,0,-0.033284305209554166,46395.14,44850.91,1,1,1,0,1,1,0.5172436692856375,0.5583875146502429,0.5309991001837248
BTCUSDT,2021-09-10,2021-09-11,1,1,0.007196732463176314,44842.2,45173.69,1,1,1,1,0,1,0.6148952593872242,0.6374284773049476,0.5699016508336778
BTCUSDT,2021-09-11,2021-09-12,1,1,0.0188505743055305,45173.68,46025.24,1,1,1,0,1,1,0.5371615397010953,0.6512371430615974,0.5313142234080932
BTCUSDT,2021-09-12,2021-09-13,1,0,-0.02356337522628882,46025.23,44940.73,0,1,1,0,1,1,0.44335269710922365,0.508237105180404,0.520404746745671
BTCUSDT,2021-09-13,2021-09-14,1,1,0.04830339872093736,44940.72,47111.52,1,1,1,1,0,1,0.5225359111607697,0.6285810117887254,0.5605498155195918
BTCUSDT,2021-09-14,2021-09-15,1,1,0.02143615828994716,47103.28,48121.41,0,0,0,0,1,1,0.41664325140286995,0.47129132869920976,0.49331807432296826
BTCUSDT,2021-09-15,2021-09-16,1,0,-0.007971295936673561,48121.4,47737.82,0,1,1,0,1,1,0.48983502588217437,0.6543113785478509,0.5179982451887728
BTCUSDT,2021-09-16,2021-09-17,1,0,-0.009171763603784133,47737.81,47299.98,1,1,1,1,0,1,0.5670516069199325,0.6956074460485777,0.5456567169926851
BTCUSDT,2021-09-17,2021-09-18,1,1,0.020988592384182825,47299.98,48292.74,1,1,1,1,0,1,0.5522140130148504,0.7224363293970251,0.5467982565107068
BTCUSDT,2021-09-18,2021-09-19,1,0,-0.02176289852263502,48292.75,47241.75,0,0,1,0,1,1,0.46870180376597476,0.4965431779933013,0.5184144383964886
BTCUSDT,2021-09-19,2021-09-20,1,0,-0.08945752432964482,47241.75,43015.62,1,1,1,1,0,1,0.5354877459023675,0.5622895076069275,0.5588230235794781
BTCUSDT,2021-09-20,2021-09-21,1,0,-0.05303282853995839,43016.64,40734.38,1,1,1,1,0,1,0.5952240201926388,0.8351204756774233,0.6246062144022915
BTCUSDT,2021-09-21,2021-09-22,1,1,0.0689645945267856,40734.09,43543.61,1,1,1,1,0,1,0.5350316210091861,0.7850255668035899,0.589029649700069
BTCUSDT,2021-09-22,2021-09-23,1,1,0.03035232953813427,43546.37,44865.26,0,0,0,0,1,1,0.4165222664711702,0.4005652464165489,0.4747801347919134
BTCUSDT,2021-09-23,2021-09-24,1,0,-0.045796903885099605,44865.26,42810.57,0,0,1,0,1,1,0.4612021500020601,0.37817009342342534,0.5097404401047494
BTCUSDT,2021-09-24,2021-09-25,1,0,-0.003268585304984306,42810.58,42670.64,1,1,1,1,0,1,0.6041179888079131,0.660546190303887,0.5820032387962611
BTCUSDT,2021-09-25,2021-09-26,1,1,0.011489398799736872,42670.63,43160.9,0,1,1,1,0,1,0.41390738635127894,0.6053582441048359,0.5411936268544291
BTCUSDT,2021-09-26,2021-09-27,1,0,-0.023483059899121694,43160.9,42147.35,0,0,1,0,1,1,0.4087648430744189,0.3010717491576933,0.527284056350343
BTCUSDT,2021-09-27,2021-09-28,1,0,-0.026592656477809395,42147.35,41026.54,1,1,1,1,0,1,0.5476158383863055,0.6513965295177473,0.5604727502189809
BTCUSDT,2021-09-28,2021-09-29,1,1,0.012132146654336484,41025.01,41524.28,1,1,1,1,0,1,0.5454365905630412,0.6737837730224215,0.5634589815075097
BTCUSDT,2021-09-29,2021-09-30,1,1,0.05538494586781506,41524.29,43824.1,0,1,1,0,1,1,0.49075274145726844,0.5105127109276443,0.5266817673410086
BTCUSDT,2021-09-30,2021-10-01,1,1,0.09851907968446594,43820.01,48141.61,0,1,0,0,1,1,0.4267945907316326,0.5157163575522256,0.4869187654734252
BTCUSDT,2021-10-01,2021-10-02,1,0,-0.010525406192273157,48141.6,47634.9,0,0,0,0,1,1,0.45667995665740924,0.3659282563470882,0.4490035378521791
BTCUSDT,2021-10-02,2021-10-03,1,1,0.011863360687227154,47634.89,48200.01,1,1,1,1,0,1,0.5847773305363073,0.6015769959023703,0.5480865202596644
BTCUSDT,2021-10-03,2021-10-04,1,1,0.021264103472177665,48200.01,49224.94,0,0,1,0,1,1,0.4591347625332176,0.37419474471211545,0.5269335971277403
BTCUSDT,2021-10-04,2021-10-05,1,1,0.045648608205515195,49224.93,51471.99,0,0,1,0,1,1,0.3723994669562612,0.4791880083841876,0.5181582210112992
BTCUSDT,2021-10-05,2021-10-06,1,1,0.07466216091509192,51471.99,55315.0,0,1,0,0,1,1,0.42631921955073887,0.5049046800941902,0.4957289293827371
BTCUSDT,2021-10-06,2021-10-07,1,0,-0.027655789568833078,55315.0,53785.22,0,1,0,0,1,1,0.4876711486454459,0.6724568435202319,0.46974096471610166
BTCUSDT,2021-10-07,2021-10-08,1,1,0.003090254162760653,53785.22,53951.43,1,1,1,1,0,1,0.6289518033984417,0.6480780410213011,0.5644810800493021
BTCUSDT,2021-10-08,2021-10-09,1,1,0.01850349471737811,53955.67,54949.72,1,1,1,0,1,1,0.596605795466247,0.619049025679997,0.535181859033997
BTCUSDT,2021-10-09,2021-10-10,1,0,-0.005290654802244665,54949.72,54659.0,0,0,1,0,1,1,0.45291322757129704,0.37662385401041654,0.520728182047479
BTCUSDT,2021-10-10,2021-10-11,1,1,0.05145264274867811,54659.01,57471.35,1,1,1,1,0,1,0.5660923462787201,0.7873862292169872,0.5431109305143355
BTCUSDT,2021-10-11,2021-10-12,1,0,-0.025654869774244027,57471.35,55996.93,0,1,0,0,1,1,0.39574828100682347,0.5074644451880417,0.49046651313478157
BTCUSDT,2021-10-12,2021-10-13,1,1,0.02446687702343686,55996.91,57367.0,0,1,1,1,0,1,0.4903200268979631,0.5560609584543074,0.5625578701926931
BTCUSDT,2021-10-13,2021-10-14,1,0,-0.00033224676207577186,57370.83,57347.94,0,1,1,0,1,1,0.4222276354196718,0.5458920987547771,0.5151841318745285
BTCUSDT,2021-10-14,2021-10-15,1,1,0.0754077653007239,57347.94,61672.42,1,1,1,1,0,1,0.5706617994145019,0.5425814499787253,0.5384141879762779
BTCUSDT,2021-10-15,2021-10-16,1,0,-0.012920686426769024,61672.42,60875.57,0,1,0,0,1,1,0.4882962350083446,0.8378360080920023,0.4690839308510179
BTCUSDT,2021-10-16,2021-10-17,1,1,0.01072285647592297,60875.57,61528.33,1,1,1,1,0,1,0.5530837433209758,0.6892188544668609,0.5503688427912317
BTCUSDT,2021-10-17,2021-10-18,1,1,0.007825825924415497,61528.32,62009.84,0,1,1,0,1,1,0.36150637283133064,0.5304004560862876,0.528002743892128
BTCUSDT,2021-10-18,2021-10-19,1,1,0.03661918818045651,62005.6,64280.59,0,1,1,0,1,1,0.40483517633645894,0.5025088762264617,0.5307227695661216
BTCUSDT,2021-10-19,2021-10-20,1,1,0.026770445013028166,64280.59,66001.41,0,1,1,0,1,1,0.3946365582312116,0.5257792348773151,0.5039755571786334
BTCUSDT,2021-10-20,2021-10-21,1,0,-0.05769967641600382,66001.4,62193.15,1,1,1,0,1,1,0.5015763260108883,0.7057924298994334,0.5130501114020988
BTCUSDT,2021-10-21,2021-10-22,1,0,-0.02419768093431507,62193.15,60688.22,1,1,1,1,0,1,0.663825972982927,0.7101611776164349,0.593570741549356
BTCUSDT,2021-10-22,2021-10-23,1,1,0.009862375268215207,60688.23,61286.75,1,1,1,1,0,1,0.6003518626529711,0.7192589413390995,0.5611585733899123
BTCUSDT,2021-10-23,2021-10-24,1,0,-0.007090113278971355,61286.75,60852.22,0,0,1,0,1,1,0.41893139970789844,0.4335396233166164,0.5288100168272053
BTCUSDT,2021-10-24,2021-10-25,1,1,0.036589626475418635,60852.22,63078.78,0,1,1,1,0,1,0.46630854478766265,0.5690058508248969,0.544819362530164
BTCUSDT,2021-10-25,2021-10-26,1,0,-0.04359580194797685,63078.78,60328.81,0,1,1,0,1,1,0.4672970946808458,0.5261764315203832,0.5040026727693062
BTCUSDT,2021-10-26,2021-10-27,1,0,-0.03174884437468595,60328.81,58413.44,1,1,1,1,0,1,0.6163527581937396,0.6272800225703646,0.5798697176783669
BTCUSDT,2021-10-27,2021-10-28,1,1,0.0370197338146836,58413.44,60575.89,1,1,1,1,0,1,0.6426067383547648,0.6226912368179671,0.5684214002410608
BTCUSDT,2021-10-28,2021-10-29,1,1,0.027697818389461615,60575.9,62253.71,1,1,1,0,1,1,0.5604511293036825,0.5146836607393873,0.5036082290763523
BTCUSDT,2021-10-29,2021-10-30,1,0,-0.006337292990249099,62253.7,61859.19,1,1,1,0,1,1,0.5461009370687473,0.7424786497764685,0.5121922076223114
BTCUSDT,2021-10-30,2021-10-31,1,0,-0.009042957077194158,61859.19,61299.8,1,0,1,1,0,1,0.5132383354187463,0.3835789965066402,0.5441043736341811
BTCUSDT,2021-10-31,2021-11-01,1,0,-0.006340803722035049,61299.81,60911.11,1,1,1,1,0,1,0.5009441037023312,0.5398011384510653,0.546675729940305
BTCUSDT,2021-11-01,2021-11-02,1,1,0.03790572852801399,60911.12,63219.99,0,1,1,1,0,1,0.48811397282670593,0.5919600248888929,0.5441077071083198
BTCUSDT,2021-11-02,2021-11-03,1,0,-0.005117210553180929,63220.57,62896.48,0,1,1,0,1,1,0.4895109987340737,0.5631555606452481,0.5027962010309557
BTCUSDT,2021-11-03,2021-11-04,1,0,-0.023872083143603562,62896.49,61395.01,0,1,1,1,0,1,0.49290671654834867,0.5302922433551519,0.5429463691668543
BTCUSDT,2021-11-04,2021-11-05,1,0,-0.0074580979789725665,61395.01,60937.12,1,1,1,1,0,1,0.594892657699288,0.6399383554649085,0.5608460631140886
BTCUSDT,2021-11-05,2021-11-06,1,1,0.008754762286107276,60940.18,61470.61,1,1,1,1,0,1,0.6006318997075978,0.7109832876613826,0.5451689851257078
BTCUSDT,2021-11-06,2021-11-07,1,1,0.029330764734561754,61470.62,63273.59,0,1,1,0,1,1,0.3885083645002313,0.6462880390370496,0.5298499304497167
BTCUSDT,2021-11-07,2021-11-08,1,1,0.06720402619797627,63273.58,67525.83,0,0,1,0,1,1,0.40470330005736754,0.48127627483125984,0.510683294241053
BTCUSDT,2021-11-08,2021-11-09,1,0,-0.008562205011030555,67525.82,66947.66,0,0,0,0,1,1,0.46455934686675565,0.4066442653654474,0.4763437815918651
BTCUSDT,2021-11-09,2021-11-10,1,0,-0.030848426965184528,66947.67,64882.43,1,0,1,1,0,1,0.5996788969991844,0.4184818626700385,0.5462185077271701
BTCUSDT,2021-11-10,2021-11-11,1,0,-0.0016671693708142366,64882.42,64774.26,1,1,1,1,0,1,0.5924359990714502,0.5022788781328882,0.5675538807956296
BTCUSDT,2021-11-11,2021-11-12,1,0,-0.010066189872335096,64774.25,64122.23,1,0,1,1,0,1,0.5344908919826106,0.4043572377274617,0.5396770736688519
BTCUSDT,2021-11-12,2021-11-13,1,1,0.004019978718768691,64122.22,64380.0,1,0,1,1,0,1,0.517858361002253,0.48042246287625523,0.5476493573112394
BTCUSDT,2021-11-13,2021-11-14,1,1,0.017693383038210664,64380.01,65519.1,0,1,1,0,1,1,0.4786828691376893,0.5774515634408126,0.5343051787741339
BTCUSDT,2021-11-14,2021-11-15,1,0,-0.029187824619080538,65519.11,63606.74,0,1,1,0,1,1,0.4053755139390321,0.5976190715141634,0.5214834669799571
BTCUSDT,2021-11-15,2021-11-16,1,0,-0.05577820840998915,63606.73,60058.87,1,1,1,1,0,1,0.5981429864681941,0.540954429110235,0.5659549816842337
BTCUSDT,2021-11-16,2021-11-17,1,1,0.004761994356537125,60058.87,60344.87,1,1,1,1,0,1,0.5570160475520791,0.6132700938097759,0.5917002233892759
BTCUSDT,2021-11-17,2021-11-18,1,0,-0.05722524549311314,60344.86,56891.62,0,0,1,0,1,1,0.4267187778938829,0.3711469287166988,0.5336059280565673
BTCUSDT,2021-11-18,2021-11-19,1,1,0.020400544052006087,56891.62,58052.24,1,1,1,1,0,1,0.6517956184056105,0.6632427276939551,0.5931087864724012
BTCUSDT,2021-11-19,2021-11-20,1,1,0.028513456156041617,58057.1,59707.51,0,0,1,0,1,1,0.43082739810711623,0.4548318414144036,0.5189615051926344
BTCUSDT,2021-11-20,2021-11-21,1,0,-0.01818012507974298,59707.52,58622.02,0,1,1,0,1,1,0.41708492007488746,0.5147070169082254,0.5114382494809664
BTCUSDT,2021-11-21,2021-11-22,1,0,-0.04051105710789216,58617.7,56247.18,1,1,1,1,0,1,0.5732718215712699,0.5530259669206159,0.5553921327083016
BTCUSDT,2021-11-22,2021-11-23,1,1,0.02300719787196437,56243.83,57541.27,1,1,1,1,0,1,0.5795789689109533,0.6407889082906181,0.5768829416988385
BTCUSDT,2021-11-23,2021-11-24,1,0,-0.007003321268369556,57541.26,57138.29,0,0,1,0,1,1,0.42546682094132604,0.32654519966684836,0.5165385782579412
BTCUSDT,2021-11-24,2021-11-25,1,1,0.03188877371023868,57138.29,58960.36,0,0,1,1,0,1,0.4792848967697485,0.3992007399964148,0.544736913796173
BTCUSDT,2021-11-25,2021-11-26,1,0,-0.08876862352943571,58960.37,53726.53,0,1,1,0,1,1,0.4631343244981852,0.5157402214725325,0.5083240082911518
BTCUSDT,2021-11-26,2021-11-27,1,1,0.018510408172647708,53723.72,54721.03,1,1,1,1,0,1,0.6709472310704346,0.7488653404962341,0.6239314824189557
BTCUSDT,2021-11-27,2021-11-28,1,1,0.046670356899349175,54716.47,57274.88,0,0,1,0,1,1,0.40636404817842,0.43231473904743833,0.5207217386541337
BTCUSDT,2021-11-28,2021-11-29,1,1,0.008753750335225519,57274.89,57776.25,0,1,0,0,1,1,0.3642804652329417,0.5834029170345834,0.4948003106619896
BTCUSDT,2021-11-29,2021-11-30,2,0,-0.014291166352956464,57776.25,56950.56,0,0,1,0,1,1,0.43008372929614314,0.38962900155593283,0.5218943665855199
BTCUSDT,2021-11-30,2021-12-01,2,1,0.004100223070677478,56950.56,57184.07,0,1,1,1,0,1,0.49539182923493486,0.5818660346201386,0.544815373886702
BTCUSDT,2021-12-01,2021-12-02,2,0,-0.012306399317152494,57184.07,56480.34,1,0,1,0,1,1,0.5078454992600269,0.4092314004439931,0.5264908918105063
BTCUSDT,2021-12-02,2021-12-03,2,0,-0.050978623712250926,56484.26,53601.05,0,1,1,1,0,1,0.4791255367135731,0.6461125386340565,0.5428264204836808
BTCUSDT,2021-12-03,2021-12-04,2,0,-0.08299426970180623,53601.05,49152.47,1,1,1,1,0,1,0.5360658228806608,0.5675856722445992,0.5819837120385905
BTCUSDT,2021-12-04,2021-12-05,2,1,0.004961296960254602,49152.46,49396.33,0,0,1,1,0,1,0.4876684881477554,0.3181723109992653,0.6148400377912033
BTCUSDT,2021-12-05,2021-12-06,2,1,0.021167362028717385,49396.32,50441.92,0,0,1,0,1,1,0.3433178932712931,0.38341515039328655,0.5256390769805795
BTCUSDT,2021-12-06,2021-12-07,2,1,0.00291483750023791,50441.91,50588.95,0,0,1,0,1,1,0.3404710071976351,0.4648454142526874,0.5097199411627116
BTCUSDT,2021-12-07,2021-12-08,2,0,-0.002327781066813861,50588.95,50471.19,0,0,1,0,1,1,0.47090195044243144,0.4888818590759201,0.5276644731344562
BTCUSDT,2021-12-08,2021-12-09,2,0,-0.057965742436427714,50471.19,47545.59,0,1,1,1,0,1,0.4209120048956437,0.5034998767478994,0.5328677085667155
BTCUSDT,2021-12-09,2021-12-10,2,0,-0.0085191917904478,47535.9,47140.54,1,1,1,1,0,1,0.5840382441848814,0.6114763483844576,0.5891313242453513
BTCUSDT,2021-12-10,2021-12-11,2,1,0.04771795147022062,47140.54,49389.99,1,1,1,1,0,1,0.5717789861667927,0.552544848984483,0.5390385689976511
BTCUSDT,2021-12-11,2021-12-12,2,1,0.013442197497914199,49389.99,50053.9,0,0,0,0,1,1,0.3602158459658905,0.48174990126497447,0.48414995537153166
BTCUSDT,2021-12-12,2021-12-13,2,0,-0.06695082700848487,50053.9,46702.75,0,1,1,0,1,1,0.41042703503021427,0.5013335651669699,0.5172810172305932
BTCUSDT,2021-12-13,2021-12-14,2,1,0.035127053546097464,46702.76,48343.28,1,0,1,1,0,1,0.5183055592585087,0.4612628070497283,0.5983449634592433
BTCUSDT,2021-12-14,2021-12-15,2,1,0.010791572272299321,48336.95,48864.98,0,0,0,0,1,1,0.3463118412494121,0.39493505800561984,0.49619188408521314
BTCUSDT,2021-12-15,2021-12-16,2,0,-0.02522460870750398,48864.98,47632.38,0,0,1,0,1,1,0.41659967863011177,0.35726762842041826,0.519886969475073
BTCUSDT,2021-12-16,2021-12-17,2,0,-0.03151595616259362,47632.38,46131.2,1,1,1,1,0,1,0.566960891861996,0.5500939002550987,0.5558165502400357
BTCUSDT,2021-12-17,2021-12-18,2,1,0.015245213651498446,46133.83,46834.48,1,0,1,1,0,1,0.5339069348403794,0.45734825340006674,0.5621786272762956
BTCUSDT,2021-12-18,2021-12-19,2,0,-0.003272161877317714,46834.47,46681.23,0,0,1,0,1,1,0.40364747399541673,0.3283654892886805,0.5155117363910499
BTCUSDT,2021-12-19,2021-12-20,2,1,0.004989799968852626,46681.24,46914.16,1,1,1,1,0,1,0.5146325636664861,0.5267151775375869,0.5338071716275287
BTCUSDT,2021-12-20,2021-12-21,2,1,0.042113511144609594,46914.17,48889.88,0,0,1,0,1,1,0.3900034784963897,0.4744633133032802,0.5256108903657853
BTCUSDT,2021-12-21,2021-12-22,2,0,-0.00617142034302387,48887.59,48588.16,0,0,0,0,1,1,0.38238304569403,0.37898707117441155,0.4894906276767075
BTCUSDT,2021-12-22,2021-12-23,2,1,0.04632095555789717,48588.17,50838.81,1,0,1,1,0,1,0.5242453761403362,0.426875470144998,0.5366953720661171
BTCUSDT,2021-12-23,2021-12-24,2,0,-0.00036999292469663825,50838.82,50820.0,0,0,0,0,1,1,0.41001525186769355,0.49216699966346034,0.48547823437159415
BTCUSDT,2021-12-24,2021-12-25,2,0,-0.008271153089334793,50819.99,50399.66,1,1,1,1,0,1,0.5174924374486645,0.5621710995245691,0.5309222115030516
BTCUSDT,2021-12-25,2021-12-26,2,1,0.007456994749567736,50399.67,50775.49,1,0,1,1,0,1,0.5145769134078686,0.34765985650825837,0.538790831344161
BTCUSDT,2021-12-26,2021-12-27,2,0,-0.0014583808053845182,50775.48,50701.44,0,0,1,0,1,1,0.3932814613385666,0.43135013893350277,0.5231735090981071
BTCUSDT,2021-12-27,2021-12-28,2,0,-0.06228028237462302,50701.44,47543.74,0,0,1,1,0,1,0.49988438860246814,0.4775265687769551,0.5320034154618131
BTCUSDT,2021-12-28,2021-12-29,2,0,-0.022696573723480662,47543.74,46464.66,1,1,1,1,0,1,0.5500805867647002,0.5388421547412411,0.5935528231174027
BTCUSDT,2021-12-29,2021-12-30,2,1,0.014122776320756536,46464.66,47120.87,1,1,1,1,0,1,0.526664420458659,0.5585603218835019,0.5532663975605397
BTCUSDT,2021-12-30,2021-12-31,2,0,-0.01918343188485272,47120.88,46216.93,0,0,1,0,1,1,0.455694068962212,0.4452265164683329,0.5166128513283784
BTCUSDT,2021-12-31,2022-01-01,2,1,0.032579403261964845,46216.93,47722.65,1,1,1,1,0,1,0.5794241168788962,0.5632131230805758,0.5497288422987021
BTCUSDT,2022-01-01,2022-01-02,2,0,-0.009145971566960398,47722.66,47286.18,0,0,0,0,1,1,0.3949001914257698,0.49480001961563713,0.49864726353210476
BTCUSDT,2022-01-02,2022-01-03,2,0,-0.01776586732106511,47286.18,46446.1,0,0,1,1,0,1,0.44714278603299834,0.3641545041964633,0.5396647780567391
BTCUSDT,2022-01-03,2022-01-04,2,0,-0.013221562197902492,46446.1,45832.01,0,1,1,1,0,1,0.45001817497579866,0.6328570264455526,0.548303572448229
BTCUSDT,2022-01-04,2022-01-05,2,0,-0.0519479726069183,45832.01,43451.13,1,1,1,1,0,1,0.5245722480875826,0.5181715131915784,0.5437431901450749
BTCUSDT,2022-01-05,2022-01-06,2,0,-0.008488156694659077,43451.14,43082.31,1,1,1,1,0,1,0.5518461745436255,0.6179034875823212,0.5829743029827704
BTCUSDT,2022-01-06,2022-01-07,2,0,-0.0351845107655554,43082.3,41566.48,1,1,1,1,0,1,0.5059264083997024,0.6165786281513328,0.5390075692306521
BTCUSDT,2022-01-07,2022-01-08,2,1,0.002724791707163998,41566.48,41679.74,1,1,1,1,0,1,0.556275231595608,0.6500184469803578,0.5658981823975056
BTCUSDT,2022-01-08,2022-01-09,2,1,0.004435728245905768,41679.74,41864.62,0,0,1,0,1,1,0.43713785445351133,0.3808831002112032,0.5278527273155764
BTCUSDT,2022-01-09,2022-01-10,2,0,-0.0010063390041520348,41864.62,41822.49,0,1,1,0,1,1,0.45962372770609883,0.5062848194203039,0.5261589255297162
BTCUSDT,2022-01-10,2022-01-11,2,1,0.021682114096984728,41822.49,42729.29,0,1,1,1,0,1,0.39844395630742846,0.5110098450921176,0.5315542502573841
BTCUSDT,2022-01-11,2022-01-12,2,1,0.027460554575093665,42729.29,43902.66,0,0,1,0,1,1,0.4099684737070258,0.3792699702809188,0.5092179618395634
BTCUSDT,2022-01-12,2022-01-13,2,0,-0.03058015163545902,43902.65,42560.11,0,0,1,0,1,1,0.43624733599353194,0.314446047324695,0.5035991617362731
BTCUSDT,2022-01-13,2022-01-14,2,1,0.011744565509816507,42558.35,43059.96,1,1,1,1,0,1,0.5903251543297885,0.6338535228732217,0.5612309345356739
BTCUSDT,2022-01-14,2022-01-15,2,1,0.0005650260706233645,43059.96,43084.29,0,0,1,0,1,1,0.40902802884178097,0.4530827026589807,0.5189493690035781
BTCUSDT,2022-01-15,2022-01-16,2,0,-0.0002931462953200681,43084.29,43071.66,0,1,1,0,1,1,0.46179379907227525,0.5609052762196827,0.5299940718497261
BTCUSDT,2022-01-16,2022-01-17,2,0,-0.020199825128634497,43071.66,42201.62,0,0,1,1,0,1,0.3953392142675166,0.3613845963571461,0.5308459055140958
BTCUSDT,2022-01-17,2022-01-18,2,1,0.003566213808853691,42201.63,42352.12,0,1,1,1,0,1,0.43346334958833926,0.5892161795268029,0.5507515270868079
BTCUSDT,2022-01-18,2022-01-19,2,0,-0.01634180296051302,42352.12,41660.01,0,0,1,0,1,1,0.3790093618510293,0.4292542641253037,0.527019448756729
BTCUSDT,2022-01-19,2022-01-20,2,0,-0.023502154704235556,41660.0,40680.91,1,1,1,1,0,1,0.5080409142791857,0.5097402924022151,0.5468730405629306
BTCUSDT,2022-01-20,2022-01-21,2,0,-0.10411763158690412,40680.92,36445.31,1,1,1,1,0,1,0.6199384329524038,0.5602023873581553,0.5540786204746603
BTCUSDT,2022-01-21,2022-01-22,2,0,-0.03769730590849685,36445.31,35071.42,1,1,1,1,0,1,0.6398786819059603,0.582932646329373,0.636588970831224
BTCUSDT,2022-01-22,2022-01-23,2,1,0.033449743409305954,35071.42,36244.55,1,1,1,1,0,1,0.5265011923308641,0.56524593639902,0.5684498112599968
BTCUSDT,2022-01-23,2022-01-24,2,1,0.011472069593911227,36244.55,36660.35,0,0,0,0,1,1,0.3716141868410494,0.35445041068878247,0.4978077514564456
BTCUSDT,2022-01-24,2022-01-25,2,1,0.008127854753159802,36660.35,36958.32,0,1,1,0,1,1,0.44588982560999063,0.6029076021031134,0.5192173872814833
BTCUSDT,2022-01-25,2022-01-26,2,0,-0.004031027384361674,36958.32,36809.34,0,0,1,0,1,1,0.4335692712586385,0.38531241105074276,0.5225115924571165
BTCUSDT,2022-01-26,2022-01-27,2,1,0.009529103211304513,36807.24,37160.1,1,1,1,1,0,1,0.580792231557346,0.5146797274419792,0.5345625570473801
BTCUSDT,2022-01-27,2022-01-28,2,1,0.01497466368497391,37160.11,37716.56,0,0,1,0,1,1,0.4151987609440035,0.394934921467408,0.5211301920828744
BTCUSDT,2022-01-28,2022-01-29,2,1,0.011938522495158699,37716.57,38166.84,0,0,1,0,1,1,0.4428750209403226,0.38983708447156995,0.5157770496366114
BTCUSDT,2022-01-29,2022-01-30,2,0,-0.0074693110564038045,38166.83,37881.76,0,0,1,0,1,1,0.4359584790246055,0.3319232425194771,0.5187586364306108
BTCUSDT,2022-01-30,2022-01-31,2,1,0.015446484007078931,37881.75,38466.9,0,0,1,1,0,1,0.40882135293976307,0.3740470880843202,0.5379902558529913
BTCUSDT,2022-01-31,2022-02-01,2,1,0.005919114875386322,38466.9,38694.59,0,0,1,0,1,1,0.34986210356302017,0.4028071249372915,0.5153144019727132
BTCUSDT,2022-02-01,2022-02-02,2,0,-0.046472388000493026,38694.59,36896.36,0,0,1,0,1,1,0.4301012822236817,0.3342621939366542,0.5246922405634383
BTCUSDT,2022-02-02,2022-02-03,2,1,0.011254497733651725,36896.37,37311.61,1,1,1,1,0,1,0.5675686338891072,0.564001115208849,0.5773834491300035
BTCUSDT,2022-02-03,2022-02-04,2,1,0.11424433306415893,37311.98,41574.25,0,0,1,0,1,1,0.4130103214271176,0.46005561718009086,0.5194314279238172
BTCUSDT,2022-02-04,2022-02-05,2,0,-0.004610065124446061,41571.7,41382.59,0,0,0,0,1,1,0.41429142698291427,0.45323538069679487,0.42340957786559785
BTCUSDT,2022-02-05,2022-02-06,2,1,0.02412318803632174,41382.6,42380.87,0,0,1,1,0,1,0.47819275149001983,0.2573076345079417,0.5351392200775246
BTCUSDT,2022-02-06,2022-02-07,2,1,0.03442874108058658,42380.87,43839.99,0,0,1,0,1,1,0.378586035766586,0.36634842933282086,0.5068406622265107
BTCUSDT,2022-02-07,2022-02-08,2,1,0.004630475508776266,43839.99,44042.99,0,0,0,0,1,1,0.38320473792826326,0.3070770251851955,0.49686429007575716
BTCUSDT,2022-02-08,2022-02-09,2,1,0.007486548937753801,44043.0,44372.72,0,0,1,0,1,1,0.49142035619811686,0.4808271842795576,0.5259662726882401
BTCUSDT,2022-02-09,2022-02-10,2,0,-0.01977070596528674,44372.71,43495.44,0,0,1,0,1,1,0.43977905072617013,0.41729646318898533,0.5231443413199064
BTCUSDT,2022-02-10,2022-02-11,2,0,-0.025789140194926174,43495.44,42373.73,1,1,1,1,0,1,0.5981045958571855,0.6615443993191884,0.5503196741343171
BTCUSDT,2022-02-11,2022-02-12,2,0,-0.003678222332563097,42373.73,42217.87,1,1,1,1,0,1,0.5621805587039934,0.6097211252515518,0.5563865267962326
BTCUSDT,2022-02-12,2022-02-13,2,0,-0.0038895851448687013,42217.87,42053.66,0,1,1,1,0,1,0.4835577333651142,0.5607629028197485,0.5342113178695278
BTCUSDT,2022-02-13,2022-02-14,2,1,0.01146820514552127,42053.65,42535.94,0,0,1,1,0,1,0.497965651788535,0.42053741221862956,0.5344217317358417
BTCUSDT,2022-02-14,2022-02-15,2,1,0.04722876701443535,42535.94,44544.86,0,0,1,0,1,1,0.4442198306754105,0.3711393036463938,0.519221188669524
BTCUSDT,2022-02-15,2022-02-16,2,0,-0.015070201141052064,44544.85,43873.56,0,0,0,0,1,1,0.4147646449451542,0.4630152878435768,0.4846148511802247
BTCUSDT,2022-02-16,2022-02-17,2,0,-0.07653493356819008,43873.56,40515.7,1,1,1,1,0,1,0.5410580306859604,0.5182796233275667,0.5455967588186202
BTCUSDT,2022-02-17,2022-02-18,2,0,-0.013359265667383102,40515.71,39974.44,1,1,1,1,0,1,0.6628059747620998,0.5082875246775329,0.6081938428331997
BTCUSDT,2022-02-18,2022-02-19,2,1,0.0026199241315199018,39974.45,40079.17,1,1,1,1,0,1,0.5614783674871887,0.6125262015755595,0.5438811834614274
BTCUSDT,2022-02-19,2022-02-20,2,0,-0.042223429277602254,40079.17,38386.89,0,0,1,0,1,1,0.4669699139969974,0.27063882933276884,0.5279566181648717
BTCUSDT,2022-02-20,2022-02-21,2,0,-0.035916689265527824,38386.89,37008.16,1,1,1,1,0,1,0.5585674208428735,0.678872630657235,0.5730534407495939
BTCUSDT,2022-02-21,2022-02-22,2,1,0.03302433841617636,37008.16,38230.33,1,1,1,1,0,1,0.5858640821496226,0.811196986130101,0.5666413562697152
BTCUSDT,2022-02-22,2022-02-23,2,0,-0.025642467642837508,38230.33,37250.01,0,0,0,0,1,1,0.393105963067074,0.49227959168742336,0.4982179986804396
BTCUSDT,2022-02-23,2022-02-24,2,1,0.02891811304211722,37250.02,38327.21,1,1,1,1,0,1,0.5868351376839965,0.687361063599944,0.5562384220046542
BTCUSDT,2022-02-24,2022-02-25,2,1,0.02327223922638777,38328.68,39219.17,1,0,1,0,1,1,0.523308180702815,0.42088231149835637,0.5021866630637292
BTCUSDT,2022-02-25,2022-02-26,2,0,-0.0026122429413982795,39219.16,39116.72,0,0,1,0,1,1,0.4987251919721556,0.4420274939330822,0.5076687761779055
BTCUSDT,2022-02-26,2022-02-27,2,0,-0.03624153558887355,39116.73,37699.07,1,1,1,1,0,1,0.5260495828399159,0.5394963354628355,0.5331506203502079
BTCUSDT,2022-02-27,2022-02-28,2,1,0.14485582800848928,37699.08,43160.0,1,0,1,1,0,1,0.5127309753026513,0.4780453757691125,0.56697116584888
BTCUSDT,2022-02-28,2022-03-01,2,1,0.029221501390175986,43160.0,44421.2,0,0,0,0,1,1,0.3814964040037255,0.401794403103044,0.3972791384026052
BTCUSDT,2022-03-01,2022-03-02,2,0,-0.011891169081429398,44421.2,43892.98,0,0,1,0,1,1,0.426897840877377,0.3582693732423195,0.5018929003060588
BTCUSDT,2022-03-02,2022-03-03,2,0,-0.032783830124999525,43892.99,42454.0,1,1,1,1,0,1,0.5636673767938384,0.5906714606206269,0.5424106453417076
BTCUSDT,2022-03-03,2022-03-04,2,0,-0.07785697460781071,42454.0,39148.66,1,1,1,1,0,1,0.5655194996916305,0.661543081926993,0.5634633437043055
BTCUSDT,2022-03-04,2022-03-05,2,1,0.006368034052761873,39148.65,39397.96,1,1,1,1,0,1,0.5868757851200382,0.5916231000958329,0.6095536874848403
BTCUSDT,2022-03-05,2022-03-06,2,0,-0.024802045588147248,39397.97,38420.81,0,0,1,0,1,1,0.39321968354496895,0.4606240564995773,0.5242487170855957
BTCUSDT,2022-03-06,2022-03-07,2,0,-0.011264988947395915,38420.8,37988.0,1,1,1,1,0,1,0.5286428165501489,0.6825817643355494,0.5553900311862978
BTCUSDT,2022-03-07,2022-03-08,2,1,0.019549068126776703,37988.01,38730.63,1,1,1,1,0,1,0.5140476083103803,0.7161359390077099,0.5417838623085379
BTCUSDT,2022-03-08,2022-03-09,2,1,0.08290802395933139,38730.63,41941.71,0,0,1,0,1,1,0.47126520739188915,0.42031647199314276,0.5112995969071219
BTCUSDT,2022-03-09,2022-03-10,2,0,-0.0600764727999884,41941.7,39422.0,0,0,0,0,1,1,0.46995024227151255,0.3669292792035833,0.45138083722273314
BTCUSDT,2022-03-10,2022-03-11,2,0,-0.01756455786109279,39422.01,38729.57,1,0,1,1,0,1,0.635554202275076,0.4799631165795929,0.5912936906020652
BTCUSDT,2022-03-11,2022-03-12,2,1,0.0020085428265792515,38729.57,38807.36,1,1,1,1,0,1,0.6012724002781493,0.6403601079774004,0.5481012708062885
BTCUSDT,2022-03-12,2022-03-13,2,0,-0.026541872469552308,38807.35,37777.34,1,0,1,0,1,1,0.5496995226532536,0.4670816483587044,0.5285624730233609
BTCUSDT,2022-03-13,2022-03-14,2,1,0.05013666923081428,37777.35,39671.37,1,0,1,1,0,1,0.5296850765019628,0.4968834771223397,0.5571468020616317
BTCUSDT,2022-03-14,2022-03-15,2,0,-0.00985698250400735,39671.37,39280.33,0,0,0,0,1,1,0.38713016750047297,0.45126584719154317,0.4818549328668249
BTCUSDT,2022-03-15,2022-03-16,2,1,0.04668163429380545,39280.33,41114.0,0,0,1,1,0,1,0.4457229585327911,0.46507359377067503,0.5403754694767082
BTCUSDT,2022-03-16,2022-03-17,2,0,-0.004769664834362919,41114.01,40917.9,0,1,0,0,1,1,0.4477442369164855,0.5856016324570168,0.4851351069233293
BTCUSDT,2022-03-17,2022-03-18,2,1,0.020519381493185218,40917.89,41757.51,1,1,1,1,0,1,0.5382898923631928,0.5742856364356969,0.5352982077662822
BTCUSDT,2022-03-18,2022-03-19,2,1,0.010623717745622097,41757.51,42201.13,0,1,1,0,1,1,0.4759266675187923,0.5459891867454401,0.5103521749603024
BTCUSDT,2022-03-19,2022-03-20,2,0,-0.022251062945470856,42201.13,41262.11,0,0,1,0,1,1,0.4489711180832694,0.3726500694823892,0.5200521900407244
BTCUSDT,2022-03-20,2022-03-21,2,0,-0.006297787485904149,41262.11,41002.25,1,0,1,1,0,1,0.5227588808782307,0.44468498282016067,0.5528173787366494
BTCUSDT,2022-03-21,2022-03-22,2,1,0.03321476260449119,41002.26,42364.13,0,1,1,1,0,1,0.4653788718259888,0.526792482255784,0.5368213941344891
BTCUSDT,2022-03-22,2022-03-23,2,1,0.012242196405308103,42364.13,42882.76,1,0,0,0,1,1,0.5053123148071674,0.48811369267240245,0.49803433835803596
BTCUSDT,2022-03-23,2022-03-24,2,1,0.025854212741903693,42882.76,43991.46,0,0,1,0,1,1,0.46489841284432365,0.44401169375677846,0.518460073365504
BTCUSDT,2022-03-24,2022-03-25,2,1,0.007312782981060417,43991.46,44313.16,1,1,1,0,1,1,0.5007372678879056,0.6434153001236003,0.5051580994978451
BTCUSDT,2022-03-25,2022-03-26,2,1,0.004470680944441696,44313.16,44511.27,1,1,1,0,1,1,0.5804079366035537,0.6333391519708012,0.5233158453554743
BTCUSDT,2022-03-26,2022-03-27,2,1,0.05204277478490282,44511.27,46827.76,0,0,1,0,1,1,0.4994665367878992,0.3004166758053502,0.5261243465537279
BTCUSDT,2022-03-27,2022-03-28,2,1,0.00628793689896745,46827.76,47122.21,0,0,0,0,1,1,0.4309013594264028,0.31387459189592326,0.4800505611447003
BTCUSDT,2022-03-28,2022-03-29,2,1,0.006633602286480356,47122.21,47434.8,1,0,1,0,1,1,0.5490875790168943,0.45206232939799407,0.5243278398473591
BTCUSDT,2022-03-29,2022-03-30,2,0,-0.007732930253737891,47434.79,47067.99,1,0,1,0,1,1,0.5221218993508735,0.4557822110736132,0.5239864158846415
BTCUSDT,2022-03-30,2022-03-31,2,0,-0.033093616277219406,47067.99,45510.34,1,0,1,1,0,1,0.5365315860309573,0.39436374832355875,0.5382534090866335
BTCUSDT,2022-03-31,2022-04-01,2,1,0.016988447021050623,45510.35,46283.49,1,1,1,1,0,1,0.5957764464008781,0.6335834356639454,0.5637773721953231
BTCUSDT,2022-04-01,2022-04-02,2,0,-0.010208607864272912,46283.49,45811.0,0,0,1,0,1,1,0.48134385003939434,0.4621708291513708,0.5138037355144914
BTCUSDT,2022-04-02,2022-04-03,2,1,0.013017615856453668,45810.99,46407.35,1,1,1,1,0,1,0.5989862662230833,0.517077003203251,0.5407270649057846
BTCUSDT,2022-04-03,2022-04-04,2,1,0.003731305493634096,46407.36,46580.51,1,0,1,0,1,1,0.5087872574005192,0.4391575876796848,0.517698051174788
BTCUSDT,2022-04-04,2022-04-05,2,0,-0.023249208735584892,46580.5,45497.55,0,0,1,0,1,1,0.42965949240295365,0.4578285471589202,0.5268560190671681
BTCUSDT,2022-04-05,2022-04-06,2,0,-0.05114736947374088,45497.54,43170.47,1,1,1,1,0,1,0.6062798651481134,0.5180034861871081,0.5538235477452611
BTCUSDT,2022-04-06,2022-04-07,2,1,0.006340445216371338,43170.47,43444.19,1,1,1,1,0,1,0.644431690056629,0.753776666367622,0.5821561306636722
BTCUSDT,2022-04-07,2022-04-08,2,0,-0.0274416440955626,43444.2,42252.01,1,0,1,0,1,1,0.5100749285103274,0.3752207949899508,0.5242759697269255
BTCUSDT,2022-04-08,2022-04-09,2,1,0.011880144873581244,42252.02,42753.97,1,1,1,1,0,1,0.6245881839561,0.5946212507493679,0.5580560099190053
BTCUSDT,2022-04-09,2022-04-10,2,0,-0.013919643017946681,42753.96,42158.85,0,0,1,0,1,1,0.39727147471285895,0.3077548489262539,0.5188160402927663
BTCUSDT,2022-04-10,2022-04-11,2,0,-0.06234515410168928,42158.85,39530.45,1,1,1,1,0,1,0.5154275061167864,0.5868471223051318,0.5444428693108027
BTCUSDT,2022-04-11,2022-04-12,2,1,0.01377393882437472,39530.45,40074.94,1,1,1,1,0,1,0.5531778331849848,0.6531903310507517,0.5936193442475953
BTCUSDT,2022-04-12,2022-04-13,2,1,0.026771094354726355,40074.95,41147.79,0,1,1,0,1,1,0.4436886837956578,0.5989373021214394,0.5169552779944023
BTCUSDT,2022-04-13,2022-04-14,2,0,-0.02929464741605814,41147.78,39942.38,0,0,1,0,1,1,0.4354899914842995,0.37922181481829165,0.5042679871665111
BTCUSDT,2022-04-14,2022-04-15,2,1,0.015259982004077077,39942.37,40551.9,1,1,1,1,0,1,0.5932423887612959,0.6607014336166152,0.5599298641763548
BTCUSDT,2022-04-15,2022-04-16,2,0,-0.004270823315307148,40551.9,40378.71,0,1,1,0,1,1,0.4542923328212379,0.5260526787271197,0.5154972556744086
BTCUSDT,2022-04-16,2022-04-17,2,0,-0.01735047999304573,40378.7,39678.12,0,1,1,1,0,1,0.4598399115080113,0.6311321288600684,0.5348013401581894
BTCUSDT,2022-04-17,2022-04-18,2,1,0.028303004275403998,39678.11,40801.13,1,1,1,1,0,1,0.5144244842877967,0.6028345516212874,0.5478861658665178
BTCUSDT,2022-04-18,2022-04-19,2,1,0.016961540035778544,40801.13,41493.18,0,0,1,0,1,1,0.39295843079808274,0.45009831720245547,0.5027825173790347
BTCUSDT,2022-04-19,2022-04-20,2,0,-0.0032533057239767516,41493.19,41358.19,0,0,1,0,1,1,0.39470693843716437,0.2931072160081802,0.513830078980442
BTCUSDT,2022-04-20,2022-04-21,2,0,-0.021233521099448538,41358.19,40480.01,0,0,1,1,0,1,0.49152409545231707,0.42612142574535766,0.5337884072825544
BTCUSDT,2022-04-21,2022-04-22,2,0,-0.01904223837889374,40480.01,39709.18,1,1,1,1,0,1,0.5769739356402431,0.5578367534082206,0.5517922697664946
BTCUSDT,2022-04-22,2022-04-23,2,0,-0.00673849220759537,39709.19,39441.6,1,1,1,1,0,1,0.5535798835818896,0.61385332977184,0.5495868252095925
BTCUSDT,2022-04-23,2022-04-24,2,1,0.00021626911687144812,39441.61,39450.13,1,0,1,1,0,1,0.524133901399052,0.46747116691366664,0.5372609839214492
BTCUSDT,2022-04-24,2022-04-25,2,1,0.024738828490552534,39450.12,40426.08,0,0,1,0,1,1,0.4243002717032579,0.46945693250257353,0.5303401859872621
BTCUSDT,2022-04-25,2022-04-26,2,0,-0.057226176765098224,40426.08,38112.65,0,0,1,0,1,1,0.3968464249868751,0.4825053665546206,0.5062419474589244
BTCUSDT,2022-04-26,2022-04-27,2,1,0.029467119184837465,38112.64,39235.72,1,1,1,1,0,1,0.5519587846748246,0.6912469819210368,0.588373993795608
BTCUSDT,2022-04-27,2022-04-28,2,1,0.012905332182001406,39235.72,39742.07,0,0,1,0,1,1,0.4017240624469381,0.3861193173074694,0.5016551376745659
BTCUSDT,2022-04-28,2022-04-29,2,0,-0.028834934868767537,39742.06,38596.11,1,1,1,0,1,1,0.503786293924265,0.5070791618087078,0.5178083639312531
BTCUSDT,2022-04-29,2022-04-30,2,0,-0.025010551581493567,38596.11,37630.8,1,1,1,1,0,1,0.5523226273571812,0.7119250736809165,0.559464802514302
BTCUSDT,2022-04-30,2022-05-01,2,1,0.022257034131615505,37630.8,38468.35,1,1,1,1,0,1,0.5196509619117718,0.6447093234149288,0.5556004762997627
BTCUSDT,2022-05-01,2022-05-02,2,1,0.0014767984589929561,38468.35,38525.16,0,0,1,0,1,1,0.34661137367354605,0.30701945025142896,0.5086575845053097
BTCUSDT,2022-05-02,2022-05-03,2,0,-0.02066727302365534,38525.16,37728.95,0,1,1,0,1,1,0.45960628276133775,0.6246150220941076,0.5290896430495486
BTCUSDT,2022-05-03,2022-05-04,2,1,0.0519773277549469,37728.95,39690.0,0,1,1,1,0,1,0.4922741481596596,0.5852725113845804,0.551222081105428
BTCUSDT,2022-05-04,2022-05-05,2,0,-0.07903829680020158,39690.0,36552.97,0,0,0,0,1,1,0.4171377509956114,0.44994424973052155,0.4801124525293914
BTCUSDT,2022-05-05,2022-05-06,2,0,-0.014751195320106825,36552.97,36013.77,1,1,1,1,0,1,0.5495822125079941,0.5365889517492713,0.6107689990462287
BTCUSDT,2022-05-06,2022-05-07,2,0,-0.015032583370194197,36013.77,35472.39,0,0,1,1,0,1,0.4682443783596912,0.44361799919201916,0.545276742875681
BTCUSDT,2022-05-07,2022-05-08,2,0,-0.040425525317014155,35472.4,34038.4,0,0,1,1,0,1,0.4084634940585063,0.42187321060279276,0.5455590184962135
BTCUSDT,2022-05-08,2022-05-09,2,0,-0.11640059462254393,34038.39,30076.31,0,0,1,1,0,1,0.4876826727132809,0.3933311159985507,0.571223619278992
BTCUSDT,2022-05-09,2022-05-10,2,1,0.031280100517649734,30074.23,31017.1,1,0,1,1,0,1,0.6013868267629829,0.3833920990898513,0.6492204156795931
BTCUSDT,2022-05-10,2022-05-11,2,0,-0.061680814776365334,31017.11,29103.94,0,0,0,0,1,1,0.42339569397491444,0.4288656634092826,0.4999018744134153
BTCUSDT,2022-05-11,2022-05-12,2,0,-0.002549139394872224,29103.94,29029.75,1,0,1,1,0,1,0.5733162946593203,0.4709586506678586,0.5929381693555457
BTCUSDT,2022-05-12,2022-05-13,2,1,0.00886332124803002,29029.74,29287.05,0,0,1,1,0,1,0.49810401302085705,0.35056590909033275,0.5330878555379734
BTCUSDT,2022-05-13,2022-05-14,2,1,0.02730524241943111,29287.05,30086.74,1,1,1,0,1,1,0.5591754971729076,0.5771646472938582,0.5217863458785195
BTCUSDT,2022-05-14,2022-05-15,2,1,0.04128562948328729,30086.74,31328.89,0,0,1,0,1,1,0.4197113521263438,0.45160611214320406,0.50374978760681
BTCUSDT,2022-05-15,2022-05-16,2,0,-0.04643892586044385,31328.89,29874.01,0,0,0,0,1,1,0.3790636958995332,0.43229993681196455,0.49028221330267796
BTCUSDT,2022-05-16,2022-05-17,2,1,0.019110926186340693,29874.01,30444.93,0,1,1,1,0,1,0.4878983403987905,0.5432956849980514,0.5773493189754951
BTCUSDT,2022-05-17,2022-05-18,2,0,-0.05681110122440747,30444.93,28715.32,0,0,1,0,1,1,0.38319313067198096,0.3505646048220376,0.5117276716132846
BTCUSDT,2022-05-18,2022-05-19,2,1,0.0558555502776914,28715.33,30319.23,1,0,1,1,0,1,0.5911958623715355,0.4897368919197573,0.5879490246029061
BTCUSDT,2022-05-19,2022-05-20,2,0,-0.03688154349566264,30319.22,29201.01,0,0,0,0,1,1,0.375461053506358,0.3630075314242308,0.47645267334895874
BTCUSDT,2022-05-20,2022-05-21,2,1,0.008357587631386831,29201.01,29445.06,1,1,1,1,0,1,0.5705004606349094,0.5121118441422119,0.5676211036733714
BTCUSDT,2022-05-21,2022-05-22,2,1,0.0288292840972304,29445.07,30293.94,0,0,1,0,1,1,0.4198392491877887,0.22188098121144437,0.5222850051511796
BTCUSDT,2022-05-22,2022-05-23,2,0,-0.03910980215845139,30293.93,29109.15,0,0,1,0,1,1,0.36506698241407837,0.4662439548805595,0.5022726898528983
BTCUSDT,2022-05-23,2022-05-24,2,1,0.018737407310072562,29109.14,29654.58,1,0,1,1,0,1,0.5147130026889429,0.39377588452467877,0.569885474642805
BTCUSDT,2022-05-24,2022-05-25,2,0,-0.0037913199242747275,29654.58,29542.15,0,0,1,0,1,1,0.37849587546522506,0.40296308899463446,0.5120927398900624
BTCUSDT,2022-05-25,2022-05-26,2,0,-0.011536059494654305,29542.14,29201.35,1,1,1,1,0,1,0.5187056643025604,0.5316164487987216,0.5343239036583843
BTCUSDT,2022-05-26,2022-05-27,2,0,-0.019572725233593657,29201.35,28629.8,0,0,1,1,0,1,0.4801630361614431,0.43211603937149545,0.5420551614591407
BTCUSDT,2022-05-27,2022-05-28,2,1,0.01402489713515287,28629.81,29031.33,1,1,1,1,0,1,0.546899136920307,0.6332165467478936,0.5501204702551478
BTCUSDT,2022-05-28,2022-05-29,2,1,0.015044780931497082,29031.33,29468.1,0,0,1,0,1,1,0.4262360078890147,0.383613357946258,0.5167089214185294
BTCUSDT,2022-05-29,2022-05-30,2,1,0.07690078423787083,29468.1,31734.22,0,0,1,0,1,1,0.3705672612461692,0.44023886635247056,0.5157082836272263
BTCUSDT,2022-05-30,2022-05-31,2,1,0.002105613435591014,31734.23,31801.04,0,0,0,0,1,1,0.36191815988704756,0.37441900461369754,0.45687707314309783
BTCUSDT,2022-05-31,2022-06-01,2,0,-0.06274040094286226,31801.05,29805.83,0,1,1,0,1,1,0.451173399263836,0.6029318428820065,0.5284662607540072
BTCUSDT,2022-06-01,2022-06-02,2,1,0.02170011705763586,29805.84,30452.62,1,0,1,1,0,1,0.5530335430761542,0.46092536691542,0.5940246656243139
BTCUSDT,2022-06-02,2022-06-03,2,0,-0.02470756210795655,30452.63,29700.21,0,0,1,0,1,1,0.4153413863071806,0.4228096134149753,0.5092004098288789
BTCUSDT,2022-06-03,2022-06-04,2,1,0.005516122613274499,29700.21,29864.04,1,1,1,1,0,1,0.5326740519199022,0.6166939467725053,0.5552946772718714
BTCUSDT,2022-06-04,2022-06-05,2,1,0.001847372291223781,29864.03,29919.21,0,1,1,0,1,1,0.41746330008796795,0.5744736285055969,0.5250905245870853
BTCUSDT,2022-06-05,2022-06-06,2,1,0.048593863273796334,29919.2,31373.1,0,0,1,0,1,1,0.42608324553705945,0.31728360596921756,0.5287222343160801
BTCUSDT,2022-06-06,2022-06-07,2,0,-0.007897530049628454,31373.1,31125.33,0,0,0,0,1,1,0.38319866380878465,0.377815191910805,0.4833181447494826
BTCUSDT,2022-06-07,2022-06-08,2,0,-0.0295759113236711,31125.32,30204.77,0,0,1,1,0,1,0.4252643336967006,0.4660470982495211,0.538417742595056
BTCUSDT,2022-06-08,2022-06-09,2,0,-0.00313990141292253,30204.77,30109.93,1,0,1,1,0,1,0.5306768086593046,0.4605254232483212,0.5602144575809783
BTCUSDT,2022-06-09,2022-06-10,2,0,-0.03381110484149241,30109.93,29091.88,1,1,1,1,0,1,0.5539569922604493,0.5540573892512937,0.5336755605957676
BTCUSDT,2022-06-10,2022-06-11,2,0,-0.02293354709286577,29091.87,28424.7,1,1,1,1,0,1,0.5720514156521297,0.5109194812983492,0.5645048759077566
BTCUSDT,2022-06-11,2022-06-12,2,0,-0.06509022082906779,28424.71,26574.53,1,0,1,1,0,1,0.5370781900961288,0.4710137542505591,0.5535052849400184
BTCUSDT,2022-06-12,2022-06-13,2,0,-0.153798392671479,26574.53,22487.41,1,1,1,1,0,1,0.5673242163573603,0.611861054778555,0.5964352464875369
BTCUSDT,2022-06-13,2022-06-14,2,0,-0.015608733953799026,22485.27,22136.41,1,1,1,1,0,1,0.6428847240724637,0.6182994010521466,0.687397980242138
BTCUSDT,2022-06-14,2022-06-15,2,1,0.02020698026464096,22136.42,22583.72,0,1,1,1,0,1,0.49086517300505805,0.6007866337836992,0.5461371464737895
BTCUSDT,2022-06-15,2022-06-16,2,0,-0.09663642659402438,22583.72,20401.31,0,1,1,0,1,1,0.4401299628077784,0.6335790889987868,0.5106571161715777
BTCUSDT,2022-06-16,2022-06-17,2,1,0.0033086110646816103,20400.6,20468.81,1,1,1,1,0,1,0.6844458525018314,0.7352731068867426,0.6288868319484617
BTCUSDT,2022-06-17,2022-06-18,2,0,-0.07318549539518904,20468.81,18970.79,1,1,1,0,1,1,0.6004670832013771,0.5581943460771839,0.5272745003160947
BTCUSDT,2022-06-18,2022-06-19,2,1,0.08450939576053496,18970.79,20574.0,1,1,1,1,0,1,0.6315491140642131,0.8394067496250679,0.6047498733558739
BTCUSDT,2022-06-19,2022-06-20,2,0,-5.346553903051721e-06,20574.0,20573.89,0,0,0,0,1,1,0.431903119710532,0.4501426598114662,0.44992276817990634
BTCUSDT,2022-06-20,2022-06-21,2,1,0.007272810343595726,20573.9,20723.52,0,1,1,1,0,1,0.48289728805302223,0.7341695565049919,0.5305601698615073
BTCUSDT,2022-06-21,2022-06-22,2,0,-0.035492522505829016,20723.51,19987.99,1,1,1,0,1,1,0.5534261252009244,0.5345417418133662,0.5233553010760089
BTCUSDT,2022-06-22,2022-06-23,2,1,0.056140712497855016,19988.0,21110.13,1,1,1,1,0,1,0.5929670225373356,0.6182507898661134,0.5662107872133463
BTCUSDT,2022-06-23,2022-06-24,2,1,0.006042596611200324,21110.12,21237.69,0,0,0,0,1,1,0.42360200720606633,0.47543818157783013,0.4761841986215813
BTCUSDT,2022-06-24,2022-06-25,2,1,0.011936326408380493,21237.68,21491.19,0,1,1,0,1,1,0.4908190017994343,0.5390272392755737,0.5245702271159691
BTCUSDT,2022-06-25,2022-06-26,2,0,-0.021083988369187567,21491.18,21038.07,0,0,1,0,1,1,0.40408233122471804,0.4555130210558152,0.5187607958349106
BTCUSDT,2022-06-26,2022-06-27,2,0,-0.014046440571782393,21038.08,20742.56,1,1,1,1,0,1,0.5431399034763528,0.6362765897041562,0.551641677543566
BTCUSDT,2022-06-27,2022-06-28,2,0,-0.022237852994037355,20742.57,20281.29,0,1,1,1,0,1,0.49532238604368034,0.5146651152447533,0.5445699915857746
BTCUSDT,2022-06-28,2022-06-29,2,0,-0.007804237304431916,20281.28,20123.01,1,1,1,1,0,1,0.5528728630058112,0.5046405021889908,0.5528040665720595
BTCUSDT,2022-06-29,2022-06-30,2,0,-0.008984739360562877,20123.0,19942.21,1,1,1,1,0,1,0.524446755902694,0.595284778601703,0.5383245984534216
BTCUSDT,2022-06-30,2022-07-01,2,0,-0.03321647901611702,19942.21,19279.8,0,0,1,1,0,1,0.48710421733839826,0.46583080022603,0.5395036667107134
BTCUSDT,2022-07-01,2022-07-02,2,0,-0.00139991078745616,19279.8,19252.81,1,1,1,1,0,1,0.6551144100384164,0.6308119222456885,0.5639019311788837
BTCUSDT,2022-07-02,2022-07-03,2,1,0.003273288418677689,19252.82,19315.83,0,1,1,1,0,1,0.4935116725762749,0.535226751386395,0.5319453089786371
BTCUSDT,2022-07-03,2022-07-04,2,1,0.04767488634969341,19315.83,20236.71,0,0,1,0,1,1,0.44054935161159886,0.39956506151163207,0.5273094771402675
BTCUSDT,2022-07-04,2022-07-05,2,0,-0.003008394151025384,20236.71,20175.83,0,0,0,0,1,1,0.3790037500273616,0.3059956654495106,0.48419087244906756
BTCUSDT,2022-07-05,2022-07-06,2,1,0.019264634961733806,20175.84,20564.51,0,0,1,1,0,1,0.4705479973034952,0.3923023892256159,0.5335447117327773
BTCUSDT,2022-07-06,2022-07-07,2,1,0.051567968310453294,20564.51,21624.98,0,0,1,0,1,1,0.4006658996465803,0.36657774767578116,0.5115774755940669
BTCUSDT,2022-07-07,2022-07-08,2,0,-0.001397920368018779,21624.99,21594.75,0,1,0,0,1,1,0.4228734794878949,0.5973842511119745,0.480499673214273
BTCUSDT,2022-07-08,2022-07-09,2,0,-0.00013521805068350545,21594.75,21591.83,1,1,1,1,0,1,0.6256923603809683,0.7012748034706585,0.5319433309791681
BTCUSDT,2022-07-09,2022-07-10,2,0,-0.0337794434283708,21592.15,20862.47,0,1,1,1,0,1,0.4939187146413993,0.6059873472930905,0.5306891022336863
BTCUSDT,2022-07-10,2022-07-11,2,0,-0.04308502301021888,20861.11,19963.61,1,1,1,1,0,1,0.5057532410898814,0.5189954149841245,0.564472766988064
BTCUSDT,2022-07-11,2022-07-12,2,0,-0.0318008616678046,19963.61,19328.75,0,1,1,1,0,1,0.48644488833153887,0.6437937185448072,0.5739308415473579
BTCUSDT,2022-07-12,2022-07-13,2,1,0.046879389510444236,19331.28,20234.87,0,1,1,1,0,1,0.49239912468128044,0.6786405194255257,0.5624672441619968
BTCUSDT,2022-07-13,2022-07-14,2,1,0.01749307013091772,20234.87,20588.84,0,0,0,0,1,1,0.3757590665002665,0.4231082433080087,0.48494703094605984
BTCUSDT,2022-07-14,2022-07-15,2,1,0.011715084482661453,20588.84,20830.04,0,0,1,0,1,1,0.4622430363954873,0.4801311489498626,0.5133097958725003
BTCUSDT,2022-07-15,2022-07-16,2,1,0.017549654249343627,20830.04,21195.6,0,0,1,0,1,1,0.4946991294348587,0.46164178917172954,0.5189783626462793
BTCUSDT,2022-07-16,2022-07-17,2,0,-0.018751061541074532,21195.6,20798.16,0,0,1,0,1,1,0.4641031992683908,0.4515746023609916,0.5132544233435015
BTCUSDT,2022-07-17,2022-07-18,2,1,0.07858483635090807,20799.58,22432.58,1,1,1,1,0,1,0.5591487359532501,0.5676183533752328,0.549293988986484
BTCUSDT,2022-07-18,2022-07-19,2,1,0.04297499440545827,22432.58,23396.62,0,0,0,0,1,1,0.38473824159875086,0.29667068379795747,0.45533206824981654
BTCUSDT,2022-07-19,2022-07-20,2,0,-0.007407907637940858,23398.48,23223.3,0,0,0,0,1,1,0.42649143873146916,0.49064180424539244,0.4886676369354928
BTCUSDT,2022-07-20,2022-07-21,2,0,-0.003062010997575748,23223.3,23152.19,1,1,1,1,0,1,0.5637718572721765,0.5516741447207468,0.5379289679605074
BTCUSDT,2022-07-21,2022-07-22,2,0,-0.020186427288303888,23152.19,22684.83,0,0,1,1,0,1,0.4614243906843414,0.45075050663723304,0.5335980586176483
BTCUSDT,2022-07-22,2022-07-23,2,0,-0.010304683790885893,22684.83,22451.07,1,1,1,1,0,1,0.5681933916512384,0.5849182117661013,0.5507380421864845
BTCUSDT,2022-07-23,2022-07-24,2,1,0.00572845748554518,22448.58,22579.68,0,1,1,1,0,1,0.4886501276724143,0.6562494340092416,0.5408231473415347
BTCUSDT,2022-07-24,2022-07-25,2,0,-0.056191230345159826,22577.13,21310.9,0,1,1,0,1,1,0.48041427658084696,0.576760204578699,0.5248806545202376
BTCUSDT,2022-07-25,2022-07-26,2,0,-0.0026385558563929434,21310.9,21254.67,1,1,1,1,0,1,0.5738571124617347,0.6462066761296564,0.5873144828709294
BTCUSDT,2022-07-26,2022-07-27,2,1,0.07987797505207106,21254.67,22952.45,0,1,1,1,0,1,0.39994087466079387,0.5140521418659677,0.5331767928830392
BTCUSDT,2022-07-27,2022-07-28,2,1,0.038796729760875115,22954.31,23842.93,0,0,0,0,1,1,0.41839799501564523,0.4315236541003693,0.4541479172806029
BTCUSDT,2022-07-28,2022-07-29,2,0,-0.0029014890367921042,23845.25,23773.75,0,0,0,0,1,1,0.4964444244369306,0.4958764963937318,0.49266606846935945
BTCUSDT,2022-07-29,2022-07-30,2,0,-0.005478311162521732,23777.28,23643.51,1,1,1,1,0,1,0.5893366488755879,0.7844245752153595,0.5334383511615353
BTCUSDT,2022-07-30,2022-07-31,2,0,-0.014811252643960215,23644.64,23293.32,1,1,1,1,0,1,0.5982205997152323,0.6742401034305423,0.5360043575485293
BTCUSDT,2022-07-31,2022-08-01,2,0,-0.0010865776110919878,23296.36,23268.01,1,1,1,1,0,1,0.5648346575601626,0.6362841832236824,0.5453369853168861
BTCUSDT,2022-08-01,2022-08-02,2,0,-0.012043144213879864,23266.9,22987.79,0,0,1,1,0,1,0.4274642353876535,0.495425636786305,0.5316339671755189
BTCUSDT,2022-08-02,2022-08-03,2,0,-0.007369999464933441,22985.93,22818.37,0,1,1,1,0,1,0.49959310843559507,0.678244657547291,0.5425628065210476
BTCUSDT,2022-08-03,2022-08-04,2,0,-0.008562837748708585,22816.91,22622.98,1,1,1,1,0,1,0.5865568994241465,0.6727158309179778,0.5378911324293272
BTCUSDT,2022-08-04,2022-08-05,2,1,0.030475207068211052,22622.41,23312.42,1,1,1,1,0,1,0.5811963153636118,0.7370818401562184,0.5390821664024614
BTCUSDT,2022-08-05,2022-08-06,2,0,-0.01536562913674333,23313.56,22954.21,0,1,1,0,1,1,0.48471628597345406,0.5067745095838535,0.5006798768686541
BTCUSDT,2022-08-06,2022-08-07,3,1,0.009592140178206865,22954.21,23174.39,1,1,1,1,0,1,0.6173646522197019,0.6062064490088576,0.5357378830788452
BTCUSDT,2022-08-07,2022-08-08,3,1,0.027427259142527527,23174.39,23810.0,1,0,1,0,1,1,0.5338564503353616,0.30308838106485775,0.5127086224449294
BTCUSDT,2022-08-08,2022-08-09,3,0,-0.027721545569088568,23810.98,23149.95,1,0,0,0,1,1,0.5017420464108738,0.3775985659099979,0.4965597905431134
BTCUSDT,2022-08-09,2022-08-10,3,1,0.034734416273037194,23151.32,23954.05,1,1,1,1,0,1,0.5741599257287197,0.5708079761699283,0.5473045484820197
BTCUSDT,2022-08-10,2022-08-11,3,0,-0.0008207380380352847,23954.05,23934.39,1,0,0,0,1,1,0.5006570869775956,0.4608330622831259,0.49002446171716685
BTCUSDT,2022-08-11,2022-08-12,3,1,0.019607351597429545,23933.09,24403.68,1,1,1,1,0,1,0.6368949763312798,0.6023640942527343,0.5222590711210918
BTCUSDT,2022-08-12,2022-08-13,3,1,0.0015448489735974125,24401.7,24441.38,1,1,1,0,1,1,0.5194006545549384,0.5521339654132635,0.5036066497863454
BTCUSDT,2022-08-13,2022-08-14,3,0,-0.005570061919580649,24443.06,24305.24,1,1,1,0,1,1,0.6097239051104865,0.5571385534522756,0.5200818817742694
BTCUSDT,2022-08-14,2022-08-15,3,0,-0.008657392397688812,24305.25,24094.82,1,1,1,1,0,1,0.5984787137237346,0.5626070000732291,0.5266431079189381
BTCUSDT,2022-08-15,2022-08-16,3,0,-0.009963967358959214,24093.04,23854.74,1,1,1,1,0,1,0.6001560627194789,0.5777616011427592,0.5295020531709568
BTCUSDT,2022-08-16,2022-08-17,3,0,-0.021466593222143726,23856.15,23342.66,1,1,1,1,0,1,0.5695413652910655,0.6414231588568929,0.5307140831075667
BTCUSDT,2022-08-17,2022-08-18,3,0,-0.006488549291297496,23342.66,23191.2,1,1,1,1,0,1,0.6394116286034589,0.6806928395787725,0.5414364744900493
BTCUSDT,2022-08-18,2022-08-19,3,0,-0.10162518541515753,23191.45,20834.39,1,1,1,1,0,1,0.6257922014588378,0.5989129437932919,0.5274929126246773
BTCUSDT,2022-08-19,2022-08-20,3,1,0.014671895841442906,20834.39,21140.07,1,1,1,1,0,1,0.6858429860345333,0.7814840411328606,0.6180901735257333
BTCUSDT,2022-08-20,2022-08-21,3,1,0.017764368802941632,21140.07,21515.61,1,0,1,0,1,1,0.5203204084577868,0.46574268126300555,0.5080815109307598
BTCUSDT,2022-08-21,2022-08-22,3,0,-0.0053812092708502846,21516.7,21399.83,1,0,1,0,1,1,0.5197095135326075,0.4465862595967072,0.5052752055024081
BTCUSDT,2022-08-22,2022-08-23,3,1,0.006041636779357429,21400.75,21529.12,1,0,1,1,0,1,0.5038242133312728,0.406773602849683,0.5264684553004614
BTCUSDT,2022-08-23,2022-08-24,3,0,-0.0074801013696795815,21529.11,21368.08,0,0,1,0,1,1,0.49434975135636866,0.42689312867540324,0.5159553399436243
BTCUSDT,2022-08-24,2022-08-25,3,1,0.008936694359062525,21368.05,21559.04,1,1,1,1,0,1,0.5707226190832803,0.6228237176106604,0.5284110215092788
BTCUSDT,2022-08-25,2022-08-26,3,0,-0.061133983702428396,21559.04,20241.05,1,1,1,0,1,1,0.5572715919208818,0.6483277689904867,0.5133072159705178
BTCUSDT,2022-08-26,2022-08-27,3,0,-0.010051356031431258,20239.14,20037.6,1,1,1,1,0,1,0.6671967681492803,0.8064738684570686,0.5790321835209258
BTCUSDT,2022-08-27,2022-08-28,3,0,-0.024054277957439862,20037.6,19555.61,1,1,1,1,0,1,0.5632968073216316,0.7721712040704948,0.530795192536291
BTCUSDT,2022-08-28,2022-08-29,3,1,0.03733557787253883,19555.61,20285.73,1,1,1,1,0,1,0.611540090890387,0.7376560607134988,0.5438610327191297
BTCUSDT,2022-08-29,2022-08-30,3,0,-0.02336962978408963,20287.2,19811.66,0,0,0,0,1,1,0.4725000077964942,0.49897777259099335,0.48770988672519777
BTCUSDT,2022-08-30,2022-08-31,3,1,0.012031298740236895,19813.03,20050.02,1,1,1,1,0,1,0.590541453725854,0.6026907518204558,0.5432191171481712
BTCUSDT,2022-08-31,2022-09-01,3,1,0.004061841334821459,20048.44,20131.46,1,0,1,0,1,1,0.5766559727933946,0.48303085957370095,0.5104841355967434
BTCUSDT,2022-09-01,2022-09-02,3,0,-0.00892135990136822,20132.64,19951.86,1,0,1,0,1,1,0.5066452374749388,0.4303209325830899,0.5177701516308052
BTCUSDT,2022-09-02,2022-09-03,3,0,-0.006012472020152426,19950.98,19831.9,1,0,1,1,0,1,0.597820212094594,0.4890485824745741,0.5297468194160798
BTCUSDT,2022-09-03,2022-09-04,3,1,0.00849136996455191,19832.45,20000.3,1,0,1,1,0,1,0.5500634723369368,0.45649759180942845,0.5270523570176694
BTCUSDT,2022-09-04,2022-09-05,3,0,-0.010172847407288854,20000.3,19796.84,0,0,1,0,1,1,0.45620675224331886,0.3012004565025535,0.5137141138687545
BTCUSDT,2022-09-05,2022-09-06,3,0,-0.05082780888262972,19795.34,18790.61,1,0,1,1,0,1,0.5530666330780528,0.3686249492248083,0.5309079634384521
BTCUSDT,2022-09-06,2022-09-07,3,1,0.026727711340930327,18790.61,19292.84,1,1,1,1,0,1,0.6678846750515259,0.708697052394761,0.5691840782080939
BTCUSDT,2022-09-07,2022-09-08,3,1,0.0013958546279344564,19292.85,19319.77,1,1,0,0,1,1,0.5136498078877678,0.5150483666802762,0.49718798113280493
BTCUSDT,2022-09-08,2022-09-09,3,1,0.10560891770450676,19320.54,21360.11,1,0,1,0,1,1,0.5294422134213007,0.3345041545474271,0.5202188815991108
BTCUSDT,2022-09-09,2022-09-10,3,1,0.013493844366906371,21361.62,21648.34,1,1,0,0,1,1,0.53821758365199,0.6071964866441769,0.4293913879940395
BTCUSDT,2022-09-10,2022-09-11,3,1,0.008246821696259232,21647.21,21826.87,1,0,1,0,1,1,0.5515640300989667,0.3874118160369591,0.5091526748798083
BTCUSDT,2022-09-11,2022-09-12,3,1,0.02606282989727804,21826.87,22395.74,1,1,1,0,1,1,0.502784461486614,0.5008385099267221,0.513937629098183
BTCUSDT,2022-09-12,2022-09-13,3,0,-0.0992228879242214,22395.44,20173.57,0,1,0,0,1,1,0.493983210077951,0.7070670744707411,0.4977854466116084
BTCUSDT,2022-09-13,2022-09-14,3,1,0.0026341396193136912,20173.62,20226.71,1,1,1,1,0,1,0.6372048837532454,0.7426955411294702,0.6157617703054235
BTCUSDT,2022-09-14,2022-09-15,3,0,-0.02594737354715615,20227.17,19701.88,0,1,1,0,1,1,0.49294748127673915,0.5318118890626246,0.5190808109081017
BTCUSDT,2022-09-15,2022-09-16,3,1,0.005147732094602064,19701.88,19803.3,1,1,1,1,0,1,0.5678704113579978,0.5726602031070734,0.5456375502983477
BTCUSDT,2022-09-16,2022-09-17,3,1,0.015670115586796207,19803.3,20113.62,0,1,1,0,1,1,0.49550847121393393,0.6573402495179568,0.5167743645540562
BTCUSDT,2022-09-17,2022-09-18,3,0,-0.03467501126102601,20112.61,19416.18,0,0,1,0,1,1,0.4885872814355641,0.3877174717168133,0.5071747766659246
BTCUSDT,2022-09-18,2022-09-19,3,1,0.006223675305853105,19417.45,19537.02,1,1,1,1,0,1,0.6004722446523166,0.6791378982060128,0.5538567718961422
BTCUSDT,2022-09-19,2022-09-20,3,0,-0.03388541343562124,19537.02,18875.0,0,1,1,0,1,1,0.4889774942722206,0.5269958286536541,0.515788628861736
BTCUSDT,2022-09-20,2022-09-21,3,0,-0.021914701986754936,18874.31,18461.36,1,1,1,1,0,1,0.579533480242096,0.6491946751393094,0.5531112659814695
BTCUSDT,2022-09-21,2022-09-22,3,1,0.050931784007245406,18461.36,19401.63,1,1,1,1,0,1,0.6109464804964609,0.5934924368768271,0.5418560189517625
BTCUSDT,2022-09-22,2022-09-23,3,0,-0.00575827907242854,19401.63,19289.91,1,1,0,0,1,1,0.5083301954004531,0.5563824723352682,0.4757160057891487
BTCUSDT,2022-09-23,2022-09-24,3,0,-0.019150426310957425,19288.57,18920.5,1,1,1,1,0,1,0.5625626694105801,0.5841889498203883,0.5268171993405186
BTCUSDT,2022-09-24,2022-09-25,3,0,-0.005978700351470523,18921.99,18807.38,1,1,1,1,0,1,0.6183316937190728,0.5848289580818842,0.5392700865810225
BTCUSDT,2022-09-25,2022-09-26,3,1,0.022355054239346472,18809.13,19227.82,1,1,1,1,0,1,0.5591259067418362,0.5716783934926071,0.5270211115699126
BTCUSDT,2022-09-26,2022-09-27,3,0,-0.007733065942992945,19226.68,19079.13,0,1,1,0,1,1,0.47301950140588506,0.5593712446507564,0.5011244548197838
BTCUSDT,2022-09-27,2022-09-28,3,1,0.017489791201171112,19078.1,19412.82,1,1,1,1,0,1,0.6018662211316421,0.7813470794929721,0.5286453655740497
BTCUSDT,2022-09-28,2022-09-29,3,1,0.009204742020994416,19412.82,19591.51,1,1,1,0,1,1,0.5012314070799537,0.6849125100095426,0.5055240454208898
BTCUSDT,2022-09-29,2022-09-30,3,0,-0.008621081274490683,19590.54,19422.61,0,1,1,0,1,1,0.4734071010088358,0.6519284386683019,0.5130623758547327
BTCUSDT,2022-09-30,2022-10-01,3,0,-0.005748969886127497,19422.61,19310.95,1,1,1,1,0,1,0.5921363999815985,0.5689125961870739,0.5294683873416742
BTCUSDT,2022-10-01,2022-10-02,3,0,-0.01316092683166814,19312.24,19056.8,1,1,1,1,0,1,0.5440711084467383,0.60788922327042,0.5268085881885978
BTCUSDT,2022-10-02,2022-10-03,3,1,0.03003022543134226,19057.74,19629.08,1,0,1,1,0,1,0.5648943528945642,0.4368814157672957,0.5336849032576098
BTCUSDT,2022-10-03,2022-10-04,3,1,0.03610663362725086,19629.08,20337.82,0,0,0,0,1,1,0.4383934596466255,0.4591120851786925,0.4942262008548824
BTCUSDT,2022-10-04,2022-10-05,3,0,-0.00882887153097045,20337.82,20158.26,0,1,0,0,1,1,0.4631137921988011,0.5480103225865892,0.48880264656292494
BTCUSDT,2022-10-05,2022-10-06,3,0,-0.00980193727037948,20158.26,19960.67,1,0,1,1,0,1,0.5021183901462066,0.41094319995861817,0.5296610529454863
BTCUSDT,2022-10-06,2022-10-07,3,0,-0.02157142019781888,19960.67,19530.09,1,0,1,1,0,1,0.5907434225742499,0.48838923892417824,0.530563710214844
BTCUSDT,2022-10-07,2022-10-08,3,0,-0.005741396993050318,19530.09,19417.96,1,1,1,1,0,1,0.5767445765285724,0.5018871857312435,0.5415346074298091
BTCUSDT,2022-10-08,2022-10-09,3,1,0.0010845629510001231,19416.52,19439.02,1,1,1,1,0,1,0.5275129325623744,0.7225425115550391,0.5268015831844496
BTCUSDT,2022-10-09,2022-10-10,3,0,-0.015800693656367493,19439.96,19131.87,1,1,1,0,1,1,0.5137968792770344,0.5808121081301724,0.5205051692548293
BTCUSDT,2022-10-10,2022-10-11,3,0,-0.003756559081783406,19131.87,19060.0,1,1,1,1,0,1,0.5418890491757009,0.5406617590896726,0.5361434094399137
BTCUSDT,2022-10-11,2022-10-12,3,1,0.005012067156348277,19060.0,19155.53,0,0,1,1,0,1,0.4876339462233639,0.44150170465882915,0.5249670699359844
BTCUSDT,2022-10-12,2022-10-13,3,1,0.011464052417239357,19155.1,19375.13,0,0,1,0,1,1,0.47376617023807543,0.40542644518061255,0.5168987210777574
BTCUSDT,2022-10-13,2022-10-14,3,0,-0.010229608781979871,19375.58,19176.93,1,0,1,0,1,1,0.5011573145954015,0.4068346502741172,0.5110010197071126
BTCUSDT,2022-10-14,2022-10-15,3,0,-0.005607779764540077,19176.93,19069.39,1,1,1,1,0,1,0.6080088388801935,0.5383032065682961,0.530960654227345
BTCUSDT,2022-10-15,2022-10-16,3,1,0.010151871664484391,19068.4,19262.98,1,1,1,1,0,1,0.527679491704769,0.7697501641695542,0.5266779929131078
BTCUSDT,2022-10-16,2022-10-17,3,1,0.01489281513036933,19262.98,19549.86,0,0,1,0,1,1,0.48440844921919896,0.3469097887678267,0.5121977198053853
BTCUSDT,2022-10-17,2022-10-18,3,0,-0.011377063569764756,19548.48,19327.44,0,0,1,0,1,1,0.4282691156660188,0.323410828151595,0.5078807661271594
BTCUSDT,2022-10-18,2022-10-19,3,0,-0.01052751942316199,19327.44,19123.97,1,1,1,1,0,1,0.5055858626328003,0.5052555433471027,0.5320263190944654
BTCUSDT,2022-10-19,2022-10-20,3,0,-0.004290427144573172,19123.35,19041.92,1,1,1,1,0,1,0.5365343595655727,0.641733132120658,0.5312372387098908
BTCUSDT,2022-10-20,2022-10-21,3,1,0.006430549020266962,19041.92,19164.37,1,1,1,1,0,1,0.5349739366952143,0.6241920309175963,0.5254602134204717
BTCUSDT,2022-10-21,2022-10-22,3,1,0.002086163020229792,19164.37,19204.35,0,0,1,0,1,1,0.46940191584847796,0.4724917947313902,0.5155992060339455
BTCUSDT,2022-10-22,2022-10-23,3,1,0.019060785707404992,19204.29,19570.4,0,1,1,0,1,1,0.48505787429064295,0.559885656007125,0.5195842914587002
BTCUSDT,2022-10-23,2022-10-24,3,0,-0.012298164575072601,19570.4,19329.72,0,0,1,0,1,1,0.4505819966813073,0.3618757108196658,0.5041011818039021
BTCUSDT,2022-10-24,2022-10-25,3,1,0.03881846193323013,19330.6,20080.07,1,0,1,1,0,1,0.5010759523081125,0.48763523868333003,0.5328824486796698
BTCUSDT,2022-10-25,2022-10-26,3,1,0.03443812695872084,20079.02,20771.59,0,0,0,0,1,1,0.4794627120347075,0.4477546996090344,0.4863932064138211
BTCUSDT,2022-10-26,2022-10-27,3,0,-0.022939023926430213,20771.61,20295.11,1,1,0,0,1,1,0.5203992735861755,0.563660529521736,0.49028850502882454
BTCUSDT,2022-10-27,2022-10-28,3,1,0.014620763326732344,20295.11,20591.84,1,1,1,1,0,1,0.6070966754295877,0.5851779851772874,0.5428155445902376
BTCUSDT,2022-10-28,2022-10-29,3,1,0.010578462148112866,20591.84,20809.67,1,1,1,0,1,1,0.5153547807874819,0.5212739233541963,0.5081279798524695
BTCUSDT,2022-10-29,2022-10-30,3,0,-0.008755064352293895,20809.68,20627.48,1,1,1,0,1,1,0.5528759459884698,0.5754816703706016,0.5118085163536713
BTCUSDT,2022-10-30,2022-10-31,3,0,-0.006629021092251608,20627.48,20490.74,1,0,1,1,0,1,0.5621104290256186,0.48976896833832245,0.5295926144335013
BTCUSDT,2022-10-31,2022-11-01,3,0,-0.000347474029732564,20490.74,20483.62,1,1,1,1,0,1,0.5325736913873244,0.5810478243689378,0.5276229355530472
BTCUSDT,2022-11-01,2022-11-02,3,0,-0.01619733230747289,20482.81,20151.84,1,1,1,1,0,1,0.5203412358574147,0.5625637316689042,0.5218231512139295
BTCUSDT,2022-11-02,2022-11-03,3,1,0.0027779101064715483,20151.84,20207.82,1,1,1,1,0,1,0.5918606579323832,0.5341748490337003,0.5365132333897425
BTCUSDT,2022-11-03,2022-11-04,3,1,0.04655128559141963,20207.12,21148.52,1,1,1,0,1,1,0.557355630542854,0.6435515719149911,0.5189487537877604
BTCUSDT,2022-11-04,2022-11-05,3,1,0.007132886840308439,21148.52,21299.37,1,1,0,0,1,1,0.5086332295983428,0.5055669046066266,0.47956084566415536
BTCUSDT,2022-11-05,2022-11-06,3,0,-0.018488340265463088,21299.37,20905.58,1,0,1,0,1,1,0.5533843388916905,0.4355128673343958,0.5149563713760338
BTCUSDT,2022-11-06,2022-11-07,3,0,-0.015041438697228293,20905.58,20591.13,1,0,1,1,0,1,0.6103990020088783,0.4188400174692281,0.5386514797432864
BTCUSDT,2022-11-07,2022-11-08,3,0,-0.09926118673428808,20590.67,18547.23,1,0,1,1,0,1,0.5528168302912041,0.48811965133130164,0.5354357888867772
BTCUSDT,2022-11-08,2022-11-09,3,0,-0.14149929666047167,18545.38,15922.81,1,0,1,1,0,1,0.5969130717754515,0.43276593323703855,0.6157988842253598
BTCUSDT,2022-11-09,2022-11-10,3,1,0.10540476209915228,15922.68,17601.15,1,1,1,1,0,1,0.6000786672070084,0.7728901871821443,0.6567732534047597
BTCUSDT,2022-11-10,2022-11-11,3,0,-0.03015939299420778,17602.45,17070.31,0,0,0,0,1,1,0.42856706131343536,0.477426851587303,0.42955833039385266
BTCUSDT,2022-11-11,2022-11-12,3,0,-0.015127434709738652,17069.98,16812.08,1,1,1,1,0,1,0.5153566029785164,0.771011600058412,0.5495983560699877
BTCUSDT,2022-11-12,2022-11-13,3,0,-0.028683541834204962,16813.16,16329.85,1,1,1,1,0,1,0.5059034923121737,0.7549564671208353,0.5355159164152944
BTCUSDT,2022-11-13,2022-11-14,3,1,0.017735006751439686,16331.78,16619.46,1,1,1,1,0,1,0.5182877952780175,0.7984184189936283,0.5482092630697248
BTCUSDT,2022-11-14,2022-11-15,3,1,0.016914508654312543,16617.72,16900.57,0,0,1,0,1,1,0.4585868674386746,0.42298814067498064,0.5053018122069077
BTCUSDT,2022-11-15,2022-11-16,3,0,-0.014071123044962497,16900.57,16662.76,0,1,1,0,1,1,0.469653340528095,0.5000226627201456,0.5060456123191512
BTCUSDT,2022-11-16,2022-11-17,3,1,0.0017884192054620218,16661.61,16692.56,1,1,1,1,0,1,0.514616077105239,0.6691074091796404,0.5345320477045165
BTCUSDT,2022-11-17,2022-11-18,3,1,0.00047266566662029774,16692.56,16700.45,0,0,1,0,1,1,0.46371589668031643,0.3747689066477646,0.5198579571171218
BTCUSDT,2022-11-18,2022-11-19,3,1,1.3772083985674755e-05,16699.43,16700.68,1,1,1,0,1,1,0.5400577104768715,0.6209595806456137,0.5210681369515772
BTCUSDT,2022-11-19,2022-11-20,3,0,-0.025175621591456254,16700.68,16280.23,1,1,1,0,1,1,0.511076954165287,0.5576609888190993,0.5214905266154363
BTCUSDT,2022-11-20,2022-11-21,3,0,-0.03064698717401404,16279.5,15781.29,1,1,1,1,0,1,0.5954778987087493,0.7647538107946185,0.5449130445000137
BTCUSDT,2022-11-21,2022-11-22,3,1,0.028239136344367255,15781.29,16226.94,1,1,1,1,0,1,0.5792795230609499,0.8664996221857673,0.5500575825232092
BTCUSDT,2022-11-22,2022-11-23,3,1,0.023181819862524877,16227.96,16603.11,0,0,0,0,1,1,0.4480480592050588,0.4184680957817422,0.49583127845327746
BTCUSDT,2022-11-23,2022-11-24,3,0,-0.00025055546822250196,16603.11,16598.95,0,0,1,0,1,1,0.4581024630260981,0.4102129564046825,0.500378867846144
BTCUSDT,2022-11-24,2022-11-25,3,0,-0.004627401130794517,16599.55,16522.14,1,1,1,1,0,1,0.5542622564259917,0.6693893799287672,0.5217339015967438
BTCUSDT,2022-11-25,2022-11-26,3,0,-0.0038475645406708114,16521.35,16458.57,1,0,1,1,0,1,0.5335837033711683,0.47291219873702595,0.5257715929396347
BTCUSDT,2022-11-26,2022-11-27,3,0,-0.0018099992891241756,16457.61,16428.78,1,1,1,1,0,1,0.5663589596092612,0.5039174925683109,0.5250511180889175
BTCUSDT,2022-11-27,2022-11-28,3,0,-0.013139746225830473,16428.77,16212.91,1,1,1,1,0,1,0.553331857017417,0.7150918655582965,0.5231708290447045
BTCUSDT,2022-11-28,2022-11-29,3,1,0.014162787556336154,16212.18,16442.53,1,1,1,1,0,1,0.5069914068760536,0.6468212674400132,0.5336651968627433
BTCUSDT,2022-11-29,2022-11-30,3,1,0.0438563894972368,16442.91,17163.64,0,0,1,0,1,1,0.42531983997087947,0.35297664826297426,0.5085442835673833
BTCUSDT,2022-11-30,2022-12-01,3,0,-0.010852593039704872,17165.53,16977.37,0,0,0,0,1,1,0.437501029466089,0.36748964228796455,0.4819354451506574
BTCUSDT,2022-12-01,2022-12-02,3,1,0.0067955166200655,16978.0,17092.74,1,1,1,1,0,1,0.553655810005124,0.605297531001807,0.5315391147998894
BTCUSDT,2022-12-02,2022-12-03,3,0,-0.01214199712860553,17092.13,16885.2,0,0,1,0,1,1,0.4493877284430035,0.47536555985137363,0.5152651094008425
BTCUSDT,2022-12-03,2022-12-04,3,1,0.013058773363655796,16885.2,17105.7,1,0,1,1,0,1,0.5679101006802856,0.4887340389146634,0.5327372540730148
BTCUSDT,2022-12-04,2022-12-05,3,0,-0.00814640733790506,17106.65,16966.35,0,0,1,0,1,1,0.46184510162758147,0.41175226895648276,0.5095485649202285
BTCUSDT,2022-12-05,2022-12-06,3,1,0.007226657471996134,16966.35,17088.96,1,1,1,1,0,1,0.5369368206649756,0.6112207373336088,0.5290283826204837
BTCUSDT,2022-12-06,2022-12-07,3,0,-0.014765088103664614,17088.96,16836.64,0,1,1,0,1,1,0.4312445904570167,0.6915077470575559,0.5148705752730148
BTCUSDT,2022-12-07,2022-12-08,3,1,0.023012905187733468,16836.64,17224.1,1,1,1,1,0,1,0.5364181569472836,0.6414461901688541,0.5351783318253547
BTCUSDT,2022-12-08,2022-12-09,3,0,-0.005546879082216072,17224.1,17128.56,0,1,1,0,1,1,0.47555855350321047,0.6560944323229276,0.5005311483520722
BTCUSDT,2022-12-09,2022-12-10,3,0,-6.246876561721848e-05,17128.56,17127.49,1,1,1,1,0,1,0.5888126412708563,0.7472376340794117,0.5266216667880237
BTCUSDT,2022-12-10,2022-12-11,3,0,-0.0024778878866665854,17127.49,17085.05,1,1,1,1,0,1,0.5569368220420213,0.7485357345800723,0.5215607184972059
BTCUSDT,2022-12-11,2022-12-12,3,1,0.0073034612131659404,17085.05,17209.83,1,1,1,1,0,1,0.5710971839879657,0.7474533597215467,0.523786816210067
BTCUSDT,2022-12-12,2022-12-13,3,1,0.03282252061757718,17208.93,17774.7,0,0,1,0,1,1,0.4328223354967453,0.45669825015155147,0.5148003084435523
BTCUSDT,2022-12-13,2022-12-14,3,1,0.0016005896020749866,17775.82,17803.15,0,1,0,0,1,1,0.46022076812511065,0.5532694015137172,0.4917297038614804
BTCUSDT,2022-12-14,2022-12-15,3,0,-0.025097244027040277,17804.01,17356.34,1,1,1,0,1,1,0.571318196455255,0.537211259597709,0.5200306329056594
BTCUSDT,2022-12-15,2022-12-16,3,0,-0.041726539120575,17356.96,16632.12,1,1,1,1,0,1,0.593437441101201,0.5844963041623213,0.5448394865620845
BTCUSDT,2022-12-16,2022-12-17,3,1,0.008681996041394635,16631.5,16776.52,1,1,1,1,0,1,0.6082822272995415,0.7248429946852573,0.5605304940091264
BTCUSDT,2022-12-17,2022-12-18,3,0,-0.0022835486739801736,16777.54,16738.21,0,1,1,0,1,1,0.44138093043106696,0.5250358044707316,0.5135399168861624
BTCUSDT,2022-12-18,2022-12-19,3,0,-0.017883035282745152,16739.0,16438.88,1,1,1,1,0,1,0.5032459627824688,0.8085835348224898,0.5236075438906717
BTCUSDT,2022-12-19,2022-12-20,3,1,0.027780481395326184,16438.88,16895.56,1,1,1,1,0,1,0.507881724137746,0.7106554331800593,0.5380861860543351
BTCUSDT,2022-12-20,2022-12-21,3,0,-0.004195776878659463,16896.15,16824.67,0,0,0,0,1,1,0.4621139119121213,0.32407709829616865,0.4962427651331578
BTCUSDT,2022-12-21,2022-12-22,3,0,-0.0001925743565845961,16824.68,16821.43,0,1,1,1,0,1,0.4943328753288997,0.5541610044027726,0.5253727675903401
BTCUSDT,2022-12-22,2022-12-23,3,0,-0.0025521016940890373,16821.9,16778.5,0,0,1,1,0,1,0.4725126072856903,0.47654115741401104,0.5216805118705556
BTCUSDT,2022-12-23,2022-12-24,3,1,0.003434156807819555,16778.52,16836.12,1,1,1,1,0,1,0.5646218985395077,0.7154935323809722,0.5238552839077696
BTCUSDT,2022-12-24,2022-12-25,3,0,-0.00023817839264617113,16835.73,16832.11,0,0,1,0,1,1,0.48061226868774776,0.3929355759312403,0.5183461802935411
BTCUSDT,2022-12-25,2022-12-26,3,1,0.005185327329728651,16832.11,16919.39,0,0,1,1,0,1,0.4418108990703704,0.38728971658476935,0.5217225044138672
BTCUSDT,2022-12-26,2022-12-27,3,0,-0.012590879458420079,16919.39,16706.36,0,0,1,0,1,1,0.4224638085264917,0.2671212246253899,0.5167399056892206
BTCUSDT,2022-12-27,2022-12-28,3,0,-0.00952032639066791,16706.06,16547.31,1,1,1,1,0,1,0.5226269758199298,0.6788191040671384,0.5331546432741628
BTCUSDT,2022-12-28,2022-12-29,3,1,0.00520688861210683,16547.32,16633.47,1,1,1,1,0,1,0.5546159386126484,0.6585000203093627,0.5303024050805603
BTCUSDT,2022-12-29,2022-12-30,3,0,-0.0015625122118235746,16633.47,16607.48,0,1,1,0,1,1,0.4932601593760868,0.6549833893690089,0.5167201436595
BTCUSDT,2022-12-30,2022-12-31,3,0,-0.003918716144773238,16607.48,16542.4,1,1,1,1,0,1,0.5144201570537311,0.5318490352143717,0.5229426607810587
BTCUSDT,2022-12-31,2023-01-01,3,1,0.004494511074571994,16541.77,16616.75,1,1,1,1,0,1,0.5561763220060476,0.816276317836306,0.5251168345610074
BTCUSDT,2023-01-01,2023-01-02,3,1,0.003377315058600505,16617.17,16672.87,0,0,1,0,1,1,0.4588632011175409,0.4509736633963339,0.5173732708884495
BTCUSDT,2023-01-02,2023-01-03,3,1,0.0001385484322735664,16672.78,16675.18,1,1,1,0,1,1,0.5009934114344949,0.6209307112687398,0.5183983596054312
BTCUSDT,2023-01-03,2023-01-04,3,1,0.01050543382440261,16675.65,16850.36,1,1,1,0,1,1,0.5190231274282072,0.73180073010748,0.5213756597691422
BTCUSDT,2023-01-04,2023-01-05,3,0,-0.0010984928511914571,16850.36,16831.85,1,0,1,0,1,1,0.5077560145419399,0.2583544467632784,0.5118751337372384
BTCUSDT,2023-01-05,2023-01-06,3,1,0.007058047689350921,16831.85,16950.65,1,0,1,1,0,1,0.5018114921712604,0.4611588193565436,0.5225149893891964
BTCUSDT,2023-01-06,2023-01-07,3,0,-0.00041768309769840695,16950.31,16943.57,1,0,1,0,1,1,0.5226820662820995,0.44753094863549336,0.515024851086481
BTCUSDT,2023-01-07,2023-01-08,3,1,0.010874921873017529,16943.83,17127.83,1,1,1,1,0,1,0.5464990875596453,0.7641673795864309,0.5218878093334932
BTCUSDT,2023-01-08,2023-01-09,3,1,0.0029443309514396443,17127.83,17178.26,1,0,1,0,1,1,0.5096372884056709,0.4678701830524004,0.5115381270969735
BTCUSDT,2023-01-09,2023-01-10,3,1,0.015275120995956515,17179.04,17440.66,1,1,1,0,1,1,0.6107462663762617,0.7433816700097035,0.5187959120315206
BTCUSDT,2023-01-10,2023-01-11,3,1,0.02881771676071887,17440.64,17943.26,1,1,1,0,1,1,0.5313519928056135,0.5723713481891627,0.5075334699227624
BTCUSDT,2023-01-11,2023-01-12,3,1,0.05034536644957499,17943.26,18846.62,1,1,0,0,1,1,0.5754927950852461,0.6156874703399005,0.4953124693412184
BTCUSDT,2023-01-12,2023-01-13,3,1,0.05748457813655716,18846.62,19930.01,1,1,0,0,1,1,0.6634644973122427,0.7841584746883697,0.4762296280164046
BTCUSDT,2023-01-13,2023-01-14,3,1,0.0514254634092004,19930.01,20954.92,1,1,0,0,1,1,0.6340313546701926,0.7408790263724248,0.46999978047929725
BTCUSDT,2023-01-14,2023-01-15,3,0,-0.003980926674976515,20952.76,20871.5,1,1,0,0,1,1,0.6437066502624551,0.6978497863664072,0.4752838715043436
BTCUSDT,2023-01-15,2023-01-16,3,1,0.0150516254222266,20872.99,21185.65,1,1,1,1,0,1,0.5800006938037999,0.5348092746775517,0.5251742960841055
BTCUSDT,2023-01-16,2023-01-17,3,0,-0.0023997375582056613,21185.65,21134.81,1,1,1,0,1,1,0.5624361329605008,0.5091959465598109,0.5077364839104728
BTCUSDT,2023-01-17,2023-01-18,3,0,-0.02163918199406567,21132.29,20677.47,1,1,1,1,0,1,0.5956328073241844,0.5293509152479592,0.5237147213218423
BTCUSDT,2023-01-18,2023-01-19,3,1,0.019060358931726196,20677.47,21071.59,1,1,1,1,0,1,0.6361766724815408,0.5758118043641268,0.541598045977201
BTCUSDT,2023-01-19,2023-01-20,3,1,0.07572375886205074,21071.59,22667.21,1,1,1,0,1,1,0.5516874890316189,0.5211265316486519,0.5041015680505265
BTCUSDT,2023-01-20,2023-01-21,3,1,0.0051325240292035,22666.0,22783.55,1,0,0,0,1,1,0.5526198362491628,0.374726742215317,0.4543187137361906
BTCUSDT,2023-01-21,2023-01-22,3,0,-0.003321255906125198,22783.35,22707.88,1,1,1,0,1,1,0.6258803849549268,0.5365051880030809,0.5167883042123715
BTCUSDT,2023-01-22,2023-01-23,3,1,0.009184917306239049,22706.02,22916.45,1,0,1,1,0,1,0.5586660443976702,0.36634383407922955,0.5245651320859622
BTCUSDT,2023-01-23,2023-01-24,3,0,-0.012373644259909389,22917.81,22632.89,1,0,1,0,1,1,0.5214970593465396,0.4489124615205608,0.5130804821362072
BTCUSDT,2023-01-24,2023-01-25,3,1,0.01891274158978362,22631.94,23060.94,1,1,1,1,0,1,0.5777223656334625,0.6121694884046057,0.5329526311471011
BTCUSDT,2023-01-25,2023-01-26,3,0,-0.002224107083232396,23060.42,23009.65,1,1,1,0,1,1,0.5879924474742948,0.5603108677397728,0.5042351762154421
BTCUSDT,2023-01-26,2023-01-27,3,1,0.0028036063130034705,23009.65,23074.16,1,1,1,1,0,1,0.6048043719216268,0.6333691240144976,0.5235527164941849
BTCUSDT,2023-01-27,2023-01-28,3,0,-0.0022345342148967218,23074.16,23022.6,1,1,1,0,1,1,0.5935731952550053,0.5818366995189242,0.5189251528350538
BTCUSDT,2023-01-28,2023-01-29,3,1,0.03126058742279336,23021.4,23742.3,1,1,1,1,0,1,0.581890907629686,0.5211012482501309,0.5235623340174596
BTCUSDT,2023-01-29,2023-01-30,3,0,-0.03858724723383988,23743.37,22826.15,1,0,0,0,1,1,0.5044263138887523,0.4594697027586511,0.49312529981695824
BTCUSDT,2023-01-30,2023-01-31,3,1,0.01309813525276926,22827.38,23125.13,1,1,1,1,0,1,0.6370645033399857,0.5503284924966426,0.5575559107938236
BTCUSDT,2023-01-31,2023-02-01,3,1,0.026271419879585478,23125.13,23732.66,1,0,1,0,1,1,0.5331937159371198,0.4264216266665809,0.5095127413151372
BTCUSDT,2023-02-01,2023-02-02,3,0,-0.010269392474337113,23731.41,23488.94,1,0,0,0,1,1,0.5004509355904856,0.4927646474745562,0.49759796427950026
BTCUSDT,2023-02-02,2023-02-03,3,0,-0.002428376929737852,23489.33,23431.9,1,1,1,1,0,1,0.6566105464545337,0.5671909167487376,0.5309975862613556
BTCUSDT,2023-02-03,2023-02-04,3,0,-0.004483631288969336,23431.9,23326.84,1,1,1,1,0,1,0.6267237139419032,0.5127630820663565,0.5237411410448295
BTCUSDT,2023-02-04,2023-02-05,3,0,-0.016887413811729313,23327.66,22932.91,1,1,1,1,0,1,0.628250484055629,0.6246038394999915,0.5256387325149664
BTCUSDT,2023-02-05,2023-02-06,3,0,-0.007429933663019583,22932.91,22762.52,1,1,1,1,0,1,0.6328849023923824,0.5559539679561987,0.5371569214973299
BTCUSDT,2023-02-06,2023-02-07,3,1,0.020996796488262248,22762.52,23240.46,1,1,1,1,0,1,0.6279194807240018,0.5567382565364928,0.5283645522112463
BTCUSDT,2023-02-07,2023-02-08,3,0,-0.011938662143520351,23242.42,22963.0,1,0,1,0,1,1,0.5241266158520946,0.49121864958116057,0.5023506451601881
BTCUSDT,2023-02-08,2023-02-09,3,0,-0.05080564386186481,22961.85,21796.35,1,1,1,1,0,1,0.6100639491339268,0.5303765827660287,0.5325482321657359
BTCUSDT,2023-02-09,2023-02-10,3,0,-0.007852690932197315,21797.83,21625.19,1,1,1,1,0,1,0.677986535947955,0.7486010101854851,0.5691629521051985
BTCUSDT,2023-02-10,2023-02-11,3,1,0.01097608853378862,21625.19,21862.55,1,1,1,1,0,1,0.6225321988986566,0.6111143488926961,0.5287562014837853
BTCUSDT,2023-02-11,2023-02-12,3,0,-0.0036139425638820333,21862.02,21783.54,1,1,1,0,1,1,0.5331628545901309,0.6594755831116093,0.5114458735581409
BTCUSDT,2023-02-12,2023-02-13,3,0,-0.0004393225343538587,21782.37,21773.97,1,1,1,1,0,1,0.6128268984304676,0.5322538528190943,0.5248353689541244
BTCUSDT,2023-02-13,2023-02-14,3,1,0.01955867487646934,21774.63,22199.84,1,1,1,1,0,1,0.5368316712533068,0.5109584364081529,0.521907738656452
BTCUSDT,2023-02-14,2023-02-15,3,1,0.09568582476270104,22199.84,24324.05,1,0,1,0,1,1,0.5328011878086283,0.44957728209748693,0.5036506819580481
BTCUSDT,2023-02-15,2023-02-16,3,0,-0.033149496074872276,24322.87,23517.72,1,0,0,0,1,1,0.5128089395601556,0.3242034376018912,0.4375596330981668
BTCUSDT,2023-02-16,2023-02-17,3,1,0.04474285772600406,23517.72,24569.97,1,1,1,1,0,1,0.6873155456715554,0.5810364730575027,0.5524167764078367
BTCUSDT,2023-02-17,2023-02-18,3,1,0.002522591602675872,24568.24,24631.95,1,1,0,0,1,1,0.5719497683715786,0.6660096896248903,0.48115356506511
BTCUSDT,2023-02-18,2023-02-19,3,0,-0.014622878010064233,24632.05,24271.76,1,1,1,0,1,1,0.5724436921341843,0.5689907833292119,0.5191832820192143
BTCUSDT,2023-02-19,2023-02-20,3,1,0.02350220997570851,24272.51,24842.2,1,1,1,1,0,1,0.6201824738486956,0.5152914424991248,0.5350458651770741
BTCUSDT,2023-02-20,2023-02-21,3,0,-0.01570070283630276,24843.89,24452.16,1,0,1,0,1,1,0.5073631178997652,0.44424053345375614,0.5000900975930985
BTCUSDT,2023-02-21,2023-02-22,3,0,-0.011039924489288477,24450.67,24182.21,1,0,1,1,0,1,0.5844128610107366,0.49314831509692003,0.5360501957189276
BTCUSDT,2023-02-22,2023-02-23,3,0,-0.01000777017485166,24182.21,23940.2,1,0,1,1,0,1,0.5322897725200538,0.3997328052852104,0.5317131127082028
BTCUSDT,2023-02-23,2023-02-24,3,0,-0.031533153440656325,23940.2,23185.29,1,0,1,1,0,1,0.60345320464564,0.4533855440357457,0.530754737815003
BTCUSDT,2023-02-24,2023-02-25,3,0,-0.0012171510470647684,23184.04,23157.07,1,1,1,1,0,1,0.6466178962845346,0.6949948895684046,0.5508925651052984
BTCUSDT,2023-02-25,2023-02-26,3,1,0.017177475388725716,23157.07,23554.85,1,0,1,1,0,1,0.5200408271660316,0.4473195531397014,0.5226243370054767
BTCUSDT,2023-02-26,2023-02-27,3,0,-0.002664419429544207,23554.85,23492.09,1,0,1,0,1,1,0.5105984752202293,0.4515154451258037,0.5058071644455552
BTCUSDT,2023-02-27,2023-02-28,3,0,-0.014920766947512987,23492.09,23141.57,1,1,1,1,0,1,0.5625810958596329,0.6375016884072889,0.5239589132657699
BTCUSDT,2023-02-28,2023-03-01,3,1,0.021061665219775483,23141.57,23628.97,1,1,1,1,0,1,0.6028145933222874,0.6693165216956704,0.5353233606523039
BTCUSDT,2023-03-01,2023-03-02,3,0,-0.00692582029601807,23629.76,23465.32,1,0,1,0,1,1,0.5554068060498735,0.41096084306682534,0.5022920472503535
BTCUSDT,2023-03-02,2023-03-03,3,0,-0.04734561471993559,23465.32,22354.34,1,1,1,1,0,1,0.5878476865143261,0.6208245798132976,0.5278977057328947
BTCUSDT,2023-03-03,2023-03-04,3,0,-0.0003475835117475734,22354.34,22346.57,1,1,1,1,0,1,0.6663955802544427,0.7641140983840935,0.5658681066104817
BTCUSDT,2023-03-04,2023-03-05,3,1,0.00374419877412957,22346.57,22430.24,1,1,1,1,0,1,0.5154624477546579,0.7977933695651386,0.5218232520369888
BTCUSDT,2023-03-05,2023-03-06,3,0,-0.0009023532516817534,22430.24,22410.0,1,0,1,0,1,1,0.5344711993708299,0.4905348746253176,0.5180616144894058
BTCUSDT,2023-03-06,2023-03-07,3,0,-0.009461847389558242,22409.41,22197.96,1,1,1,1,0,1,0.5338133317778266,0.7398853973070805,0.5223342637416701
BTCUSDT,2023-03-07,2023-03-08,3,0,-0.022187624448372745,22198.56,21705.44,1,1,1,1,0,1,0.549432632333426,0.566621199078418,0.5302481499760933
BTCUSDT,2023-03-08,2023-03-09,3,0,-0.06188402538718396,21704.37,20362.22,1,1,1,1,0,1,0.5961516856084907,0.6066456052602085,0.5421116093467414
BTCUSDT,2023-03-09,2023-03-10,3,0,-0.010388356475865668,20362.21,20150.69,1,1,1,1,0,1,0.6525496676558301,0.6299425280409436,0.5797507379205952
BTCUSDT,2023-03-10,2023-03-11,3,1,0.015137943167206735,20150.69,20455.73,1,0,1,1,0,1,0.5620028330062017,0.4610491737340721,0.5311080298628823
BTCUSDT,2023-03-11,2023-03-12,3,1,0.07535199183798391,20455.73,21997.11,1,0,1,0,1,1,0.515196485495217,0.4167589169550419,0.5076580714991908
BTCUSDT,2023-03-12,2023-03-13,3,1,0.09621127502658289,21998.05,24113.48,0,0,0,0,1,1,0.489768032649232,0.3024721962027969,0.45463488641357336
BTCUSDT,2023-03-13,2023-03-14,3,1,0.023096210086640312,24112.27,24670.41,1,0,0,0,1,1,0.5228076210976866,0.48940272916043653,0.4371243604687076
BTCUSDT,2023-03-14,2023-03-15,3,0,-0.01559560623435119,24670.41,24285.66,1,1,1,0,1,1,0.6322628225835891,0.7521273845774108,0.5004560439176227
BTCUSDT,2023-03-15,2023-03-16,3,1,0.02936383034267953,24285.66,24998.78,1,1,1,1,0,1,0.6126942337396754,0.7066021450833172,0.5359522297632753
BTCUSDT,2023-03-16,2023-03-17,3,1,0.09585867790348179,24998.78,27395.13,1,1,0,0,1,1,0.516776041975389,0.5069683138276913,0.4948230498479492
BTCUSDT,2023-03-17,2023-03-18,3,0,-0.017800244057976755,27395.13,26907.49,1,1,0,0,1,1,0.5809951386652878,0.609624105694232,0.43741641128611186
BTCUSDT,2023-03-18,2023-03-19,3,1,0.039594179910500626,26907.49,27972.87,1,1,1,1,0,1,0.636300086973008,0.5398167299276216,0.5380088868592338
BTCUSDT,2023-03-19,2023-03-20,3,0,-0.009146719660871439,27972.87,27717.01,1,1,0,0,1,1,0.5427164006040538,0.5630013487807284,0.4857052545419493
BTCUSDT,2023-03-20,2023-03-21,3,1,0.014015220256441863,27717.01,28105.47,1,0,1,1,0,1,0.5677887503731268,0.46834966093963776,0.5299558265542644
BTCUSDT,2023-03-21,2023-03-22,3,0,-0.030403334297558482,28107.81,27250.97,1,0,1,0,1,1,0.5047084260137111,0.3831684128002047,0.5086784609980483
BTCUSDT,2023-03-22,2023-03-23,3,1,0.038326709104299805,27250.97,28295.41,1,1,1,1,0,1,0.6266907874388608,0.5489625268627676,0.5498280868662724
BTCUSDT,2023-03-23,2023-03-24,3,0,-0.029720014659621374,28295.42,27454.47,1,1,0,0,1,1,0.5431544944841051,0.6761310738923093,0.48682961445193146
BTCUSDT,2023-03-24,2023-03-25,3,1,0.0003088750210802349,27454.46,27462.95,1,1,1,1,0,1,0.6069416684356719,0.7463371101045524,0.5491846656613164
BTCUSDT,2023-03-25,2023-03-26,3,1,0.018392051837111456,27462.96,27968.05,1,1,1,0,1,1,0.5645232796871659,0.6759501665004719,0.521218879681399
BTCUSDT,2023-03-26,2023-03-27,3,0,-0.030146542215134797,27968.05,27124.91,1,1,1,0,1,1,0.5144351731437851,0.5893740869062859,0.5047066011265093
BTCUSDT,2023-03-27,2023-03-28,3,1,0.005019740157663266,27124.9,27261.07,1,1,1,1,0,1,0.5965518566791973,0.7441824534748857,0.5495862549126079
BTCUSDT,2023-03-28,2023-03-29,3,1,0.03989315166279228,27261.06,28348.6,1,1,1,0,1,1,0.531042479838789,0.7003813760563209,0.5168916872709123
BTCUSDT,2023-03-29,2023-03-30,3,0,-0.011290504645732002,28348.6,28028.53,0,1,0,0,1,1,0.4880220988306951,0.6911909132028188,0.48544026033065
BTCUSDT,2023-03-30,2023-03-31,3,1,0.015585191231934026,28028.53,28465.36,1,1,1,1,0,1,0.6067347334714593,0.577176212886837,0.5319458969890366
BTCUSDT,2023-03-31,2023-04-01,3,0,-0.00044369718141634706,28465.36,28452.73,1,1,1,0,1,1,0.5133096914434802,0.7025175648979431,0.50725188504908
BTCUSDT,2023-04-01,2023-04-02,3,0,-0.0098711090289052,28452.74,28171.87,1,1,1,1,0,1,0.569403917519727,0.5601433618600242,0.5219117676294182
BTCUSDT,2023-04-02,2023-04-03,3,0,-0.013200046713263913,28171.87,27800.0,1,1,1,1,0,1,0.5396411616965489,0.6325271014793403,0.5306279031065437
BTCUSDT,2023-04-03,2023-04-04,3,1,0.013146402877697971,27800.0,28165.47,1,1,1,1,0,1,0.5682970752819879,0.533650732033887,0.5337213011556712
BTCUSDT,2023-04-04,2023-04-05,3,1,0.00016119028015504355,28165.47,28170.01,1,1,1,0,1,1,0.5130030979654278,0.5408042430997569,0.5094688142872218
BTCUSDT,2023-04-05,2023-04-06,3,0,-0.004834574073633635,28170.01,28033.82,1,0,1,0,1,1,0.5792129291990563,0.42394625620777104,0.5213548173875917
BTCUSDT,2023-04-06,2023-04-07,3,0,-0.004547721288072681,28033.83,27906.33,1,0,1,1,0,1,0.545054842267387,0.4164065193855064,0.5259630726970391
BTCUSDT,2023-04-07,2023-04-08,3,1,0.0011484849494720617,27906.34,27938.38,1,1,1,1,0,1,0.5943026758874965,0.7089234066815234,0.5256979573720939
BTCUSDT,2023-04-08,2023-04-09,3,1,0.013793927922807203,27938.38,28323.76,1,1,1,0,1,1,0.6204517238142682,0.5440237706353344,0.5204463755219032
BTCUSDT,2023-04-09,2023-04-10,3,1,0.046377317135860574,28323.76,29637.34,1,0,1,0,1,1,0.5469405160483045,0.37229497746992485,0.5088797080976354
BTCUSDT,2023-04-10,2023-04-11,3,1,0.01899900598366777,29637.35,30200.42,0,1,0,0,1,1,0.4989203742137726,0.6048594884378925,0.4797139260154143
BTCUSDT,2023-04-11,2023-04-12,3,0,-0.010342571394702404,30200.43,29888.07,1,1,1,0,1,1,0.5218592539841788,0.6165247594908091,0.5041570962044813
BTCUSDT,2023-04-12,2023-04-13,3,1,0.01625297317625396,29888.07,30373.84,1,0,1,1,0,1,0.5785500180678181,0.4670703365681138,0.5310655227741375
BTCUSDT,2023-04-13,2023-04-14,4,1,0.003064808400913499,30373.84,30466.93,1,1,0,0,1,1,0.5199006120678263,0.5144726423456175,0.49893327683414596
BTCUSDT,2023-04-14,2023-04-15,4,0,-0.005640213831849872,30466.93,30295.09,1,1,1,0,1,1,0.5706388885560714,0.5444438412158605,0.5114649211168024
BTCUSDT,2023-04-15,2023-04-16,4,1,0.0003155626868909245,30295.1,30304.65,1,1,1,1,0,1,0.5625172612195292,0.6015067205858884,0.5198201568015844
BTCUSDT,2023-04-16,2023-04-17,4,0,-0.028852997807267244,30304.66,29430.27,1,0,1,0,1,1,0.5282294173913761,0.4662342092895002,0.5140967487648216
BTCUSDT,2023-04-17,2023-04-18,4,1,0.03227085582293321,29430.27,30380.01,1,1,1,1,0,1,0.568040971347812,0.5181873893332101,0.5423939896489804
BTCUSDT,2023-04-18,2023-04-19,4,0,-0.05210366948529643,30380.01,28797.1,0,0,0,0,1,1,0.48427337391619685,0.4494274151321243,0.4839328127726997
BTCUSDT,2023-04-19,2023-04-20,4,0,-0.019218949130294316,28797.1,28243.65,1,1,1,1,0,1,0.6557701633534587,0.6197656108211587,0.565371855952268
BTCUSDT,2023-04-20,2023-04-21,4,0,-0.03472674388756414,28243.65,27262.84,1,1,1,1,0,1,0.6198151082118213,0.5216787190064412,0.5329761100378655
BTCUSDT,2023-04-21,2023-04-22,4,1,0.020321067064179577,27262.84,27816.85,1,1,1,1,0,1,0.6397291176049926,0.6539300855151814,0.5481673313768927
BTCUSDT,2023-04-22,2023-04-23,4,0,-0.0081335593354388,27816.85,27590.6,0,0,0,0,1,1,0.4994914526194214,0.3411186827417157,0.49510004003672414
BTCUSDT,2023-04-23,2023-04-24,4,0,-0.002887577653258644,27590.59,27510.93,1,0,1,1,0,1,0.5354825065150575,0.4822701603016988,0.5222249437686932
BTCUSDT,2023-04-24,2023-04-25,4,1,0.02871077059190652,27510.93,28300.79,1,0,1,1,0,1,0.5201293860631147,0.459303810237562,0.5171712234310039
BTCUSDT,2023-04-25,2023-04-26,4,1,0.004045823455811615,28300.8,28415.29,0,0,0,0,1,1,0.46583737653898055,0.38975679229477944,0.4872450091867995
BTCUSDT,2023-04-26,2023-04-27,4,1,0.03721517535101704,28415.29,29472.77,1,1,1,0,1,1,0.5992507367211788,0.5411058077966006,0.5105273891996904
BTCUSDT,2023-04-27,2023-04-28,4,0,-0.005465044513970008,29472.77,29311.7,1,0,0,0,1,1,0.5138513331700993,0.4250895626931526,0.4793540521773204
BTCUSDT,2023-04-28,2023-04-29,4,0,-0.002771930662499922,29311.69,29230.45,0,0,1,1,0,1,0.4947352518782438,0.4892588442990725,0.5196514001217346
BTCUSDT,2023-04-29,2023-04-30,4,1,9.442208382015593e-05,29230.45,29233.21,0,0,1,1,0,1,0.4789087028688333,0.48829515000640017,0.5170600713167661
BTCUSDT,2023-04-30,2023-05-01,4,0,-0.039850225137779915,29233.2,28068.26,1,0,1,0,1,1,0.5241988002079124,0.32444812411330903,0.5143087267727069
BTCUSDT,2023-05-01,2023-05-02,4,1,0.02143346256590184,28068.26,28669.86,1,0,1,1,0,1,0.5475937152884913,0.4902553693744126,0.5532213927164393
BTCUSDT,2023-05-02,2023-05-03,4,1,0.012427685381093623,28669.85,29026.16,0,1,0,0,1,1,0.4361001460637209,0.5016460833282683,0.4940546065868418
BTCUSDT,2023-05-03,2023-05-04,4,0,-0.006476915995777599,29026.16,28838.16,0,0,1,0,1,1,0.4739487159911191,0.33285759044710767,0.5025518718746889
BTCUSDT,2023-05-04,2023-05-05,4,1,0.023144680520532646,28838.16,29505.61,1,0,1,1,0,1,0.5445026909786645,0.4610649829664955,0.5206265760160682
BTCUSDT,2023-05-05,2023-05-06,4,0,-0.02228084760830229,29505.6,28848.2,0,0,0,0,1,1,0.48591358023864867,0.4230138089517538,0.4924487227749359
BTCUSDT,2023-05-06,2023-05-07,4,0,-0.01449310528906489,28848.19,28430.1,1,0,1,1,0,1,0.5607115503908029,0.4442944898797357,0.5359621058856071
BTCUSDT,2023-05-07,2023-05-08,4,0,-0.02677830890499855,28430.09,27668.79,1,0,1,1,0,1,0.5767863155917485,0.3690148618045167,0.5283811282999769
BTCUSDT,2023-05-08,2023-05-09,4,0,-0.0014644659199046783,27668.8,27628.27,1,0,1,1,0,1,0.5556785594175241,0.4004547152710847,0.5403603153181693
BTCUSDT,2023-05-09,2023-05-10,4,0,-0.0010684708090662465,27628.28,27598.75,0,1,1,1,0,1,0.4754464744374303,0.5106831676771924,0.5158042053276168
BTCUSDT,2023-05-10,2023-05-11,4,0,-0.02283183115177323,27598.74,26968.62,1,0,1,1,0,1,0.5113044331026105,0.46561997380098197,0.5154241224165169
BTCUSDT,2023-05-11,2023-05-12,4,0,-0.0064374817843849685,26968.61,26795.01,1,1,1,1,0,1,0.5179289700789873,0.5423259583783223,0.5365001555565629
BTCUSDT,2023-05-12,2023-05-13,4,0,-0.0007363311303112408,26795.01,26775.28,0,0,1,1,0,1,0.4813406523292835,0.47574192474428995,0.5205885561903285
BTCUSDT,2023-05-13,2023-05-14,4,1,0.005316097534741049,26775.27,26917.62,0,0,1,1,0,1,0.4752762135758172,0.448122242276949,0.5151054314441366
BTCUSDT,2023-05-14,2023-05-15,4,1,0.009084012628159499,26917.61,27162.14,0,0,1,0,1,1,0.43522699003794935,0.38378969426346554,0.5093146707340777
BTCUSDT,2023-05-15,2023-05-16,4,0,-0.0047234864410535815,27162.15,27033.84,0,0,1,0,1,1,0.4457730283973725,0.3525572153342652,0.505725883999074
BTCUSDT,2023-05-16,2023-05-17,4,1,0.013752023389943968,27033.85,27405.61,0,0,1,1,0,1,0.44064162649537136,0.44073031325787093,0.518937269105397
BTCUSDT,2023-05-17,2023-05-18,4,0,-0.021321546938747327,27405.62,26821.28,0,0,1,0,1,1,0.4022132883959835,0.3141818175084881,0.5012975581432214
BTCUSDT,2023-05-18,2023-05-19,4,1,0.0021990001968585915,26821.28,26880.26,0,0,1,1,0,1,0.4949800872320998,0.3589114753589696,0.535025848282848
BTCUSDT,2023-05-19,2023-05-20,4,1,0.008265173030320483,26880.26,27102.43,0,0,1,0,1,1,0.4471524042472902,0.32791900691814085,0.5122930478449342
BTCUSDT,2023-05-20,2023-05-21,4,0,-0.013085542514084558,27102.42,26747.78,0,0,1,0,1,1,0.3795783343674481,0.44536101971158937,0.5065047174950111
BTCUSDT,2023-05-21,2023-05-22,4,1,0.0037943335858154903,26747.78,26849.27,0,0,1,1,0,1,0.49493748714642444,0.3505209496041096,0.5270158381688269
BTCUSDT,2023-05-22,2023-05-23,4,1,0.013793298663241194,26849.28,27219.61,0,0,1,0,1,1,0.4321568714716087,0.3980270825283982,0.510767651849567
BTCUSDT,2023-05-23,2023-05-24,4,0,-0.03271905806144915,27219.61,26329.01,0,0,1,0,1,1,0.42177275466103903,0.3845868256806498,0.50125849128869
BTCUSDT,2023-05-24,2023-05-25,4,1,0.005498877473934849,26329.0,26473.79,1,0,1,1,0,1,0.5559803317352626,0.4682025040051405,0.5461914018830579
BTCUSDT,2023-05-25,2023-05-26,4,1,0.008768294981564617,26473.8,26705.92,0,0,1,0,1,1,0.44552376180608194,0.43495393912643404,0.5091402892493229
BTCUSDT,2023-05-26,2023-05-27,4,1,0.005554948116372804,26705.93,26854.27,0,0,1,0,1,1,0.4593693042063383,0.407572515503358,0.5060261052177841
BTCUSDT,2023-05-27,2023-05-28,4,1,0.04508519501740316,26854.28,28065.0,0,0,1,0,1,1,0.4091793838486874,0.4823625761979686,0.5090868008717081
BTCUSDT,2023-05-28,2023-05-29,4,0,-0.011708533760912077,28065.01,27736.4,0,0,0,0,1,1,0.47371098245102916,0.42528698019410066,0.472118114998364
BTCUSDT,2023-05-29,2023-05-30,4,0,-0.0015142556351941394,27736.39,27694.4,1,0,1,1,0,1,0.5192688506994524,0.4119519087983999,0.5256816769847281
BTCUSDT,2023-05-30,2023-05-31,4,0,-0.017478262753480966,27694.39,27210.35,0,0,1,1,0,1,0.47542195238977514,0.4107126035034568,0.5158520037337561
BTCUSDT,2023-05-31,2023-06-01,4,0,-0.014421718206491185,27210.36,26817.93,0,0,1,1,0,1,0.48737374987782844,0.3424719767002591,0.5312816634178252
BTCUSDT,2023-06-01,2023-06-02,4,1,0.01583492834831035,26817.93,27242.59,0,1,1,1,0,1,0.49656779857143696,0.5320671745956361,0.5283118482764536
BTCUSDT,2023-06-02,2023-06-03,4,0,-0.006363932357385971,27242.59,27069.22,0,0,0,0,1,1,0.4443705624757205,0.4632909646425118,0.49932807118667544
BTCUSDT,2023-06-03,2023-06-04,4,1,0.001698977658018963,27069.22,27115.21,0,1,1,1,0,1,0.4819705229311665,0.5146162251611184,0.5205176481532453
BTCUSDT,2023-06-04,2023-06-05,4,0,-0.05115247125137512,27115.2,25728.2,1,0,1,0,1,1,0.5007633233864268,0.3673534814848367,0.5127716040154359
BTCUSDT,2023-06-05,2023-06-06,4,1,0.05837485716062529,25728.2,27230.08,1,1,1,1,0,1,0.5163947872228224,0.5239755298023607,0.5644256730998639
BTCUSDT,2023-06-06,2023-06-07,4,0,-0.0327116189155523,27230.07,26339.34,0,0,0,0,1,1,0.43707811167280525,0.481638729871897,0.46004962659302095
BTCUSDT,2023-06-07,2023-06-08,4,1,0.006046848554291717,26339.34,26498.61,1,1,1,1,0,1,0.522976942089329,0.6146905154348009,0.5461840852910488
BTCUSDT,2023-06-08,2023-06-09,4,0,-0.000784946833060296,26498.62,26477.81,0,0,1,0,1,1,0.45434571736725043,0.36644821962129187,0.508617673344347
BTCUSDT,2023-06-09,2023-06-10,4,0,-0.024042773930321393,26477.8,25841.21,0,0,1,1,0,1,0.46124289724928547,0.368375013704663,0.5151520727981275
BTCUSDT,2023-06-10,2023-06-11,4,1,0.003263779056785765,25841.22,25925.55,0,1,1,1,0,1,0.4852652512336146,0.5619079469418882,0.5376834385588365
BTCUSDT,2023-06-11,2023-06-12,4,0,-0.0007853256729365432,25925.54,25905.19,0,0,1,0,1,1,0.4346895993229589,0.42326689037118587,0.5112747019675135
BTCUSDT,2023-06-12,2023-06-13,4,1,0.0011217829323004747,25905.2,25934.25,0,0,1,1,0,1,0.41436848410541816,0.4673274443310483,0.5151524362606845
BTCUSDT,2023-06-13,2023-06-14,4,0,-0.03106509731339835,25934.24,25128.6,0,0,1,0,1,1,0.46371311162368223,0.49191196817175287,0.5133242872365136
BTCUSDT,2023-06-14,2023-06-15,4,1,0.018699410233757652,25128.6,25598.49,0,1,1,1,0,1,0.49349553495049325,0.5077224234867296,0.5445655873251761
BTCUSDT,2023-06-15,2023-06-16,4,1,0.029162266993092212,25598.49,26345.0,0,0,0,0,1,1,0.43686871782135983,0.4086969051202559,0.4966261973010251
BTCUSDT,2023-06-16,2023-06-17,4,1,0.006528373505409135,26345.01,26516.99,0,0,0,0,1,1,0.4311556967789468,0.4046748369834647,0.4868242481911242
BTCUSDT,2023-06-17,2023-06-18,4,0,-0.006675719981792838,26516.99,26339.97,0,0,1,0,1,1,0.47776115522347734,0.30979624949036183,0.5081586483846923
BTCUSDT,2023-06-18,2023-06-19,4,1,0.019148844892382,26339.98,26844.35,0,0,1,1,0,1,0.48755513684790686,0.3473455857310996,0.5208182688409257
BTCUSDT,2023-06-19,2023-06-20,4,1,0.05452320506922326,26844.35,28307.99,0,0,0,0,1,1,0.425429189772045,0.35687089168223496,0.49620297917128614
BTCUSDT,2023-06-20,2023-06-21,4,1,0.0595556236949355,28308.0,29993.89,0,1,0,0,1,1,0.46439373142474016,0.6820981151768271,0.463527511200954
BTCUSDT,2023-06-21,2023-06-22,4,0,-0.003633073269255882,29993.89,29884.92,1,1,0,0,1,1,0.5634591355804698,0.6977419609427578,0.45898673765434733
BTCUSDT,2023-06-22,2023-06-23,4,1,0.026889146766998273,29884.92,30688.5,1,1,1,1,0,1,0.5646825447808071,0.6157974940088543,0.517888011970802
BTCUSDT,2023-06-23,2023-06-24,4,0,-0.005248545872232224,30688.51,30527.43,1,1,0,0,1,1,0.5586052122388636,0.5504105594653841,0.4889446823297205
BTCUSDT,2023-06-24,2023-06-25,4,0,-0.002121698420076701,30527.44,30462.66,1,0,1,1,0,1,0.5121766712935751,0.39461963052600507,0.5194428619866487
BTCUSDT,2023-06-25,2023-06-26,4,0,-0.0063904465335593574,30462.67,30267.99,1,1,1,1,0,1,0.5317534366295474,0.5371600267021465,0.5164353205848751
BTCUSDT,2023-06-26,2023-06-27,4,1,0.014023065291087988,30267.99,30692.44,1,1,1,1,0,1,0.5205678794782082,0.5934226349241768,0.5205432096128564
BTCUSDT,2023-06-27,2023-06-28,4,0,-0.020038485047132126,30692.44,30077.41,1,1,1,0,1,1,0.5009975991447463,0.6833124769539533,0.5010410470417161
BTCUSDT,2023-06-28,2023-06-29,4,1,0.012298266373334643,30077.4,30447.31,1,1,1,1,0,1,0.5423050031800063,0.5846684248085298,0.5337746558699908
BTCUSDT,2023-06-29,2023-06-30,4,1,0.0008109090753829484,30447.31,30472.0,1,1,1,0,1,1,0.5291499454342539,0.6318036338339975,0.5026745343849048
BTCUSDT,2023-06-30,2023-07-01,4,1,0.003737857705434555,30471.99,30585.9,1,1,1,0,1,1,0.5712409642202693,0.7312749363610852,0.5136220779552122
BTCUSDT,2023-07-01,2023-07-02,4,1,0.00101778924275564,30585.9,30617.03,0,1,1,0,1,1,0.47381245685370005,0.543849459816007,0.5108216140831305
BTCUSDT,2023-07-02,2023-07-03,4,1,0.017610133967925767,30617.02,31156.2,0,0,1,0,1,1,0.47574350013992617,0.35926586949918154,0.513423895116879
BTCUSDT,2023-07-03,2023-07-04,4,0,-0.012507622880839175,31156.2,30766.51,0,1,0,0,1,1,0.45675621993034454,0.6765365878060323,0.4976527276987097
BTCUSDT,2023-07-04,2023-07-05,4,0,-0.008506002143239377,30766.52,30504.81,1,0,1,1,0,1,0.5003304655371463,0.35413099232361084,0.5264557206595529
BTCUSDT,2023-07-05,2023-07-06,4,0,-0.019976521735424746,30504.8,29895.43,1,0,1,1,0,1,0.5161013523574887,0.32435998607968536,0.5225845911763183
BTCUSDT,2023-07-06,2023-07-07,4,1,0.015028049437656454,29895.42,30344.7,1,1,1,1,0,1,0.6331046287508274,0.5564664453220906,0.5337142622380825
BTCUSDT,2023-07-07,2023-07-08,4,0,-0.001979587868721766,30344.7,30284.63,0,0,1,0,1,1,0.44990338872930663,0.44500598869209806,0.5000905353393355
BTCUSDT,2023-07-08,2023-07-09,4,0,-0.004091844608965056,30284.63,30160.71,0,1,1,1,0,1,0.49778900311096924,0.6102691704332286,0.51629882641116
BTCUSDT,2023-07-09,2023-07-10,4,1,0.008317443455409412,30160.71,30411.57,1,0,1,1,0,1,0.5388992015636549,0.49416134753994234,0.5183293474220884
BTCUSDT,2023-07-10,2023-07-11,4,1,0.006922694224599457,30411.57,30622.1,1,0,1,0,1,1,0.5167209100038214,0.47297084140619944,0.5064549828569956
BTCUSDT,2023-07-11,2023-07-12,4,0,-0.007906054777431892,30622.1,30380.0,0,1,1,0,1,1,0.48901056276252913,0.5040222451837396,0.5077829061478871
BTCUSDT,2023-07-12,2023-07-13,4,1,0.03535977616853181,30380.0,31454.23,1,0,1,1,0,1,0.554603585097321,0.47071516474433056,0.5220053102861676
BTCUSDT,2023-07-13,2023-07-14,4,0,-0.036313716787853334,31454.23,30312.01,1,1,0,0,1,1,0.5263496138761287,0.7403424882516364,0.48106934364288395
BTCUSDT,2023-07-14,2023-07-15,4,0,-0.0007419501379155591,30312.0,30289.52,1,1,1,1,0,1,0.5763268427323602,0.5618021180265806,0.5497310392515674
BTCUSDT,2023-07-15,2023-07-16,4,0,-0.0018993368003190625,30289.52,30231.99,0,1,1,1,0,1,0.48746559571899195,0.6177145458420957,0.5151108221538048
BTCUSDT,2023-07-16,2023-07-17,4,0,-0.0031089584245033164,30232.0,30138.0,0,0,1,1,0,1,0.4874199655342564,0.43420442399194115,0.5162217544711616
BTCUSDT,2023-07-17,2023-07-18,4,0,-0.009253102395646695,30138.01,29859.13,0,0,1,1,0,1,0.4546569611666505,0.3897245237279239,0.517384030962078
BTCUSDT,2023-07-18,2023-07-19,4,1,0.0016772089474810237,29859.14,29909.21,0,0,1,1,0,1,0.4801859355415891,0.4971102010647477,0.5233063609858642
BTCUSDT,2023-07-19,2023-07-20,4,0,-0.003651383637347849,29909.21,29800.0,1,0,1,0,1,1,0.5116663717074011,0.38296991607950187,0.5127924430780927
BTCUSDT,2023-07-20,2023-07-21,4,1,0.003413422818792089,29800.0,29901.72,1,1,1,1,0,1,0.5543750123762192,0.5758189218931882,0.5179056230875013
BTCUSDT,2023-07-21,2023-07-22,4,0,-0.0036024683529910506,29901.72,29794.0,1,1,1,0,1,1,0.5155150703751198,0.6653856089078988,0.5111316628226797
BTCUSDT,2023-07-22,2023-07-23,4,1,0.009725112438746075,29793.99,30083.75,0,1,1,1,0,1,0.4992148531511624,0.6025567543568131,0.5178585764436029
BTCUSDT,2023-07-23,2023-07-24,4,0,-0.03015747704325422,30083.75,29176.5,0,0,1,0,1,1,0.48598885728271507,0.39863425521943147,0.5051165278628585
BTCUSDT,2023-07-24,2023-07-25,4,1,0.001796308673075897,29176.5,29228.91,1,1,1,1,0,1,0.5406788681041703,0.5555899732424241,0.5436741859936356
BTCUSDT,2023-07-25,2023-07-26,4,1,0.0042098730332400525,29228.91,29351.96,0,1,1,0,1,1,0.47003544785042023,0.7123729805125568,0.512678434585684
BTCUSDT,2023-07-26,2023-07-27,4,0,-0.004401068957575638,29351.95,29222.78,0,0,1,0,1,1,0.49313262786148293,0.44509728005572385,0.5103706930621921
BTCUSDT,2023-07-27,2023-07-28,4,1,0.003126328159059444,29222.78,29314.14,1,1,1,1,0,1,0.5135018023215369,0.6565027542568923,0.5186269181204606
BTCUSDT,2023-07-28,2023-07-29,4,1,0.0013222287947045608,29314.14,29352.9,1,1,1,0,1,1,0.5106085174215961,0.7172269139898435,0.5114061035605942
BTCUSDT,2023-07-29,2023-07-30,4,0,-0.0024464362976061027,29352.9,29281.09,0,1,1,0,1,1,0.48674585096722284,0.6932696533550308,0.513132321148578
BTCUSDT,2023-07-30,2023-07-31,4,0,-0.0016679706937139382,29281.09,29232.25,0,1,1,1,0,1,0.4770285313512031,0.7058647164810377,0.5167472881703997
BTCUSDT,2023-07-31,2023-08-01,4,1,0.01620607377126304,29232.26,29705.99,0,1,1,1,0,1,0.49632850327261424,0.682717485804588,0.5159995842582137
BTCUSDT,2023-08-01,2023-08-02,4,0,-0.01750421379661149,29705.99,29186.01,0,0,0,0,1,1,0.41438674330455466,0.49444307321633696,0.4989775596806832
BTCUSDT,2023-08-02,2023-08-03,4,1,0.00026142662186434684,29186.0,29193.64,1,0,1,1,0,1,0.5447281455112633,0.4553671079070535,0.5313069084351217
BTCUSDT,2023-08-03,2023-08-04,4,0,-0.002728333979592712,29193.65,29113.99,0,1,1,0,1,1,0.4960102844458512,0.7189971393412563,0.5141486379310859
BTCUSDT,2023-08-04,2023-08-05,4,0,-0.0014377967430778682,29114.0,29072.13,0,1,1,1,0,1,0.4765133144425999,0.5204302834722702,0.5170181720223933
BTCUSDT,2023-08-05,2023-08-06,4,1,0.0005603304608226001,29072.13,29088.42,0,1,1,1,0,1,0.48612331196765945,0.7278382310146007,0.515778603629402
BTCUSDT,2023-08-06,2023-08-07,4,1,0.004216110740975276,29088.43,29211.06,0,1,1,0,1,1,0.4931017921218568,0.7409529717818298,0.5138621712637452
BTCUSDT,2023-08-07,2023-08-08,4,1,0.019148911405474367,29211.06,29770.42,0,0,1,0,1,1,0.44283935633552546,0.43454735653640053,0.5103647354213432
BTCUSDT,2023-08-08,2023-08-09,4,0,-0.006329437072100319,29770.41,29581.99,0,1,0,0,1,1,0.495799417018017,0.6375072928310317,0.4962029165522523
BTCUSDT,2023-08-09,2023-08-10,4,0,-0.0042674613844437825,29581.99,29455.75,1,1,1,1,0,1,0.5194546274012766,0.5409245429727412,0.5204843932246613
BTCUSDT,2023-08-10,2023-08-11,4,0,-0.0010089710837443144,29455.76,29426.03,1,1,1,1,0,1,0.5011111419754446,0.6285326215556648,0.5184983360487958
BTCUSDT,2023-08-11,2023-08-12,4,1,0.0001406917616817438,29426.02,29430.17,0,1,1,1,0,1,0.47293304046572665,0.6697368829362831,0.5153670250262289
BTCUSDT,2023-08-12,2023-08-13,4,0,-0.004292533818187172,29430.18,29303.84,0,1,1,0,1,1,0.4648867714539881,0.6150187885886105,0.5142643707484185
BTCUSDT,2023-08-13,2023-08-14,4,1,0.004336974266853755,29303.85,29430.93,1,1,1,1,0,1,0.5014007820052616,0.6599519656782139,0.5185224642827535
BTCUSDT,2023-08-14,2023-08-15,4,0,-0.007846507059070196,29430.92,29200.0,0,1,1,0,1,1,0.4665370454528878,0.5648695710495666,0.51024930527341
BTCUSDT,2023-08-15,2023-08-16,4,0,-0.016078424657534285,29200.01,28730.51,0,1,1,1,0,1,0.4781220944491154,0.5523686396585256,0.5219478296749329
BTCUSDT,2023-08-16,2023-08-17,4,0,-0.07334015302895769,28730.51,26623.41,0,0,1,1,0,1,0.4968538410079662,0.47810993041379785,0.529920662958893
BTCUSDT,2023-08-17,2023-08-18,4,0,-0.0213875683092436,26623.41,26054.0,1,0,1,1,0,1,0.5208393444611811,0.4364920803807587,0.5866078468491221
BTCUSDT,2023-08-18,2023-08-19,4,1,0.001765947647194288,26054.0,26100.01,0,0,1,1,0,1,0.45335562723160777,0.46700500587799754,0.5350902623443299
BTCUSDT,2023-08-19,2023-08-20,4,1,0.003447508257659715,26100.01,26189.99,0,0,1,0,1,1,0.3991895390222544,0.32980722259284784,0.5127074965876053
BTCUSDT,2023-08-20,2023-08-21,4,0,-0.0024081719771562593,26190.0,26126.92,0,1,1,0,1,1,0.41778646290224386,0.5030893268721464,0.5110990844922463
BTCUSDT,2023-08-21,2023-08-22,4,0,-0.0027144416563451568,26126.92,26056.0,0,0,1,1,0,1,0.38748546034784365,0.398430670419497,0.5167105239874031
BTCUSDT,2023-08-22,2023-08-23,4,1,0.014458090267116974,26055.99,26432.72,0,0,1,1,0,1,0.3819255092632209,0.46852924216649827,0.517004820915885
BTCUSDT,2023-08-23,2023-08-24,4,0,-0.009558985984038038,26432.71,26180.05,0,1,1,0,1,1,0.44580297534473684,0.5117241658113421,0.5006294863573637
BTCUSDT,2023-08-24,2023-08-25,4,0,-0.0045851707693453925,26180.05,26060.01,0,1,1,1,0,1,0.4450394386345213,0.5490495405888383,0.5236020027068491
BTCUSDT,2023-08-25,2023-08-26,4,0,-0.0016362234703670708,26060.0,26017.37,0,1,1,1,0,1,0.4429686377966276,0.5051997229125459,0.5188041193719557
BTCUSDT,2023-08-26,2023-08-27,4,1,0.003243986613558514,26017.38,26101.77,0,1,1,1,0,1,0.46000257028214775,0.650858317477509,0.5159691023842342
BTCUSDT,2023-08-27,2023-08-28,4,1,0.0006984200688304742,26101.78,26120.0,0,0,1,0,1,1,0.4224225813981413,0.44343625512657864,0.5112936223191694
BTCUSDT,2023-08-28,2023-08-29,4,1,0.061115620214395205,26120.0,27716.34,0,0,1,0,1,1,0.4014331123689786,0.4791750098680893,0.5137298532769807
BTCUSDT,2023-08-29,2023-08-30,4,0,-0.015021824670934159,27716.34,27299.99,0,1,0,0,1,1,0.40111862743082377,0.6692901088339814,0.4575848649674609
BTCUSDT,2023-08-30,2023-08-31,4,0,-0.04978793032524931,27299.99,25940.78,0,0,1,1,0,1,0.4388467727992046,0.2631169265836328,0.528894364065565
BTCUSDT,2023-08-31,2023-09-01,4,0,-0.005232302189833948,25940.77,25805.05,1,1,1,1,0,1,0.5438107162815992,0.6844553815089249,0.5630691655323107
BTCUSDT,2023-09-01,2023-09-02,4,1,0.002497960670488908,25805.04,25869.51,0,0,1,1,0,1,0.4443223086445725,0.4747842132950813,0.5194272171296761
BTCUSDT,2023-09-02,2023-09-03,4,1,0.003931268895313478,25869.52,25971.21,0,1,1,0,1,1,0.41724555841845007,0.668721707440775,0.512007025209019
BTCUSDT,2023-09-03,2023-09-04,4,0,-0.005590421085501895,25971.21,25826.02,0,1,1,0,1,1,0.4438010792271931,0.5318062310298037,0.5106368228661591
BTCUSDT,2023-09-04,2023-09-05,4,0,-0.0013134040785224288,25826.03,25792.1,0,0,1,1,0,1,0.4327450217503788,0.48829558506199494,0.519772184313762
BTCUSDT,2023-09-05,2023-09-06,4,0,-0.0012465057129895651,25792.11,25759.95,0,0,1,1,0,1,0.3954178916823526,0.3854821601796512,0.5156591979302295
BTCUSDT,2023-09-06,2023-09-07,4,1,0.01921781680476853,25759.95,26255.0,0,0,1,1,0,1,0.4170133135155892,0.3133006946750196,0.5155949869641471
BTCUSDT,2023-09-07,2023-09-08,4,0,-0.01312131022662355,26255.0,25910.5,0,0,0,0,1,1,0.4285071227728015,0.400511171020934,0.49613804753016455
BTCUSDT,2023-09-08,2023-09-09,4,0,-0.0003431041469674767,25910.5,25901.61,1,0,1,1,0,1,0.508940268236891,0.4977598291079242,0.5270505126562618
BTCUSDT,2023-09-09,2023-09-10,4,0,-0.002316458320544501,25901.6,25841.61,0,0,1,1,0,1,0.41628969917834135,0.4720834503259986,0.5147282477223128
BTCUSDT,2023-09-10,2023-09-11,4,0,-0.026278935406888304,25841.6,25162.52,0,0,1,1,0,1,0.4250691876681783,0.3796529218887826,0.5166224109328598
BTCUSDT,2023-09-11,2023-09-12,4,1,0.026928145511657675,25162.53,25840.1,1,0,1,1,0,1,0.5112350551931063,0.43542625856300005,0.5398712582476245
BTCUSDT,2023-09-12,2023-09-13,4,1,0.01477935456906132,25840.1,26222.0,0,0,0,0,1,1,0.44956401002385626,0.46064072146032936,0.4889082600062249
BTCUSDT,2023-09-13,2023-09-14,4,1,0.011468614140797806,26222.0,26522.73,0,0,1,0,1,1,0.3952337197763054,0.3275084505067008,0.5003256630456562
BTCUSDT,2023-09-14,2023-09-15,4,1,0.0029133501717206745,26522.73,26600.0,0,1,1,0,1,1,0.4596198300686403,0.5843226787389317,0.503461237885042
BTCUSDT,2023-09-15,2023-09-16,4,0,-0.001516165413533943,26599.99,26559.67,0,0,1,0,1,1,0.44022993242132,0.49749390560332013,0.5116097406927772
BTCUSDT,2023-09-16,2023-09-17,4,0,-0.0012108584180451354,26559.67,26527.51,0,1,1,1,0,1,0.4421374416572035,0.7432537974135929,0.5158538371733759
BTCUSDT,2023-09-17,2023-09-18,4,1,0.00885872816559119,26527.5,26762.51,0,1,1,1,0,1,0.4261172929026127,0.5366198180388676,0.5155607732162005
BTCUSDT,2023-09-18,2023-09-19,4,1,0.016730493514995448,26762.5,27210.26,0,0,1,0,1,1,0.48700575417122544,0.48311953734409546,0.5059401016158521
BTCUSDT,2023-09-19,2023-09-20,4,0,-0.0031333768953327734,27210.25,27125.0,0,0,0,0,1,1,0.44508054136850095,0.374014609903962,0.49848251514070785
BTCUSDT,2023-09-20,2023-09-21,4,0,-0.020531612903225693,27125.01,26568.08,0,0,1,1,0,1,0.46930597945233554,0.3665781516430725,0.5174075063068362
BTCUSDT,2023-09-21,2023-09-22,4,1,0.00045392817245337724,26568.08,26580.14,1,1,1,1,0,1,0.5218519493461409,0.6177004727144688,0.5342553923258694
BTCUSDT,2023-09-22,2023-09-23,4,0,-0.00015726027026197187,26580.14,26575.96,0,1,1,0,1,1,0.4754722365273896,0.6514243626712182,0.5139641374730408
BTCUSDT,2023-09-23,2023-09-24,4,0,-0.012326177492741452,26575.97,26248.38,0,1,1,1,0,1,0.4658251877879623,0.5736661831598501,0.5145500318522004
BTCUSDT,2023-09-24,2023-09-25,4,1,0.0021498469619840588,26248.39,26304.81,1,1,1,1,0,1,0.5332007890222057,0.8410629569327353,0.5262799182975914
BTCUSDT,2023-09-25,2023-09-26,4,0,-0.0031606386816709353,26304.8,26221.67,0,1,1,0,1,1,0.4421560885740853,0.6597227633487788,0.512340081321798
BTCUSDT,2023-09-26,2023-09-27,4,1,0.005770799495226742,26221.68,26372.99,0,1,1,1,0,1,0.46201888378424033,0.8125667288944539,0.5174337157369825
BTCUSDT,2023-09-27,2023-09-28,4,1,0.024585759900564774,26373.0,27021.39,0,1,1,0,1,1,0.49406251207526625,0.5014545880714402,0.5088809161706563
BTCUSDT,2023-09-28,2023-09-29,4,0,-0.004234793250828317,27021.39,26906.96,0,1,0,0,1,1,0.4633427679228163,0.509435183819837,0.49109855031456845
BTCUSDT,2023-09-29,2023-09-30,4,1,0.002066379851161315,26906.96,26962.56,1,1,1,1,0,1,0.5041004213258258,0.5932402606244044,0.5184668989426016
BTCUSDT,2023-09-30,2023-10-01,4,1,0.03820149125305594,26962.57,27992.57,0,1,1,0,1,1,0.47748220437674344,0.85480199776008,0.5124199536552664
BTCUSDT,2023-10-01,2023-10-02,4,0,-0.017792578530660186,27992.58,27494.51,0,1,0,0,1,1,0.4276427912427283,0.5279993034808357,0.47844366032850233
BTCUSDT,2023-10-02,2023-10-03,4,0,-0.0024750395624435484,27494.51,27426.46,1,1,1,1,0,1,0.5351661935952021,0.5876521272063867,0.5315874619628447
BTCUSDT,2023-10-03,2023-10-04,4,1,0.012838332034101452,27426.45,27778.57,0,0,1,1,0,1,0.42111411687909195,0.4611284302650908,0.5167747708583204
BTCUSDT,2023-10-04,2023-10-05,4,0,-0.013254101993011136,27778.57,27410.39,0,0,1,0,1,1,0.4142930191764856,0.422974164984061,0.5021627654168821
BTCUSDT,2023-10-05,2023-10-06,4,1,0.01899644623808716,27410.39,27931.09,1,1,1,1,0,1,0.5297880360998407,0.7758072797118444,0.5271792544070933
BTCUSDT,2023-10-06,2023-10-07,4,1,0.0009158253401495564,27931.1,27956.67,0,1,0,0,1,1,0.48547144250696733,0.5494565452748967,0.49634646657507353
BTCUSDT,2023-10-07,2023-10-08,4,0,-0.0014171931063320375,27956.67,27917.05,0,1,1,0,1,1,0.4812612739654349,0.5963497132299134,0.5135215678263506
BTCUSDT,2023-10-08,2023-10-09,4,0,-0.01171076456860598,27917.06,27590.12,0,1,1,1,0,1,0.47836177452808715,0.620749047366447,0.515758825099295
BTCUSDT,2023-10-09,2023-10-10,4,0,-0.007248971733359588,27590.12,27390.12,1,1,1,1,0,1,0.5017591456426084,0.7269027609638862,0.5256838371755441
BTCUSDT,2023-10-10,2023-10-11,4,0,-0.018787796475517426,27390.12,26875.52,1,1,1,1,0,1,0.5322941933722503,0.8033176212586485,0.5213711958826877
BTCUSDT,2023-10-11,2023-10-12,4,0,-0.004312102612340163,26875.52,26759.63,1,1,1,1,0,1,0.5389659303514509,0.6360558004895549,0.5325561999143478
BTCUSDT,2023-10-12,2023-10-13,4,1,0.0038255386939205493,26759.63,26862.0,1,1,1,1,0,1,0.5035533584660344,0.7667369611356241,0.5185412965001625
BTCUSDT,2023-10-13,2023-10-14,4,0,-0.00035440399076769324,26862.0,26852.48,1,1,1,0,1,1,0.5179154425435841,0.8278428929755317,0.5107378368230325
BTCUSDT,2023-10-14,2023-10-15,4,1,0.011234344090378379,26852.48,27154.15,1,1,1,1,0,1,0.511504876183215,0.7959976363546626,0.5147390847094324
BTCUSDT,2023-10-15,2023-10-16,4,1,0.04959205130707445,27154.14,28500.78,1,0,1,0,1,1,0.5097889589060791,0.49106130114241137,0.5036834943396993
BTCUSDT,2023-10-16,2023-10-17,4,0,-0.003679548419376566,28500.77,28395.91,1,1,0,0,1,1,0.5699484923610247,0.6666351929190336,0.46800390210525444
BTCUSDT,2023-10-17,2023-10-18,4,0,-0.00267327231280845,28395.91,28320.0,1,0,1,1,0,1,0.5171687210247228,0.48658517650127087,0.5179327128346224
BTCUSDT,2023-10-18,2023-10-19,4,1,0.013902189265536657,28320.0,28713.71,1,1,1,1,0,1,0.5551732442632282,0.587167429892043,0.516965256396191
BTCUSDT,2023-10-19,2023-10-20,4,1,0.0332708660775638,28713.71,29669.04,1,0,1,0,1,1,0.5136817272652447,0.4759596655774156,0.5011554343993243
BTCUSDT,2023-10-20,2023-10-21,4,1,0.00811485642946308,29669.05,29909.8,1,0,0,0,1,1,0.551250185474059,0.4976373973116775,0.4830047287668754
BTCUSDT,2023-10-21,2023-10-22,4,1,0.002763642685674972,29909.8,29992.46,1,1,1,0,1,1,0.5766610908826157,0.5481116723357319,0.5066477554587712
BTCUSDT,2023-10-22,2023-10-23,4,1,0.10261012267749958,29992.46,33069.99,1,0,1,0,1,1,0.5341853097946603,0.4290112114605884,0.5117529058420873
BTCUSDT,2023-10-23,2023-10-24,4,1,0.02578591647593509,33069.99,33922.73,1,0,0,0,1,1,0.5749004010686075,0.35895880898058624,0.4213343093874722
BTCUSDT,2023-10-24,2023-10-25,4,1,0.0169007624091575,33922.73,34496.05,1,0,0,0,1,1,0.6194093357655405,0.43001942487868433,0.48997564925422543
BTCUSDT,2023-10-25,2023-10-26,4,0,-0.009983461874620403,34496.05,34151.66,1,0,0,0,1,1,0.5423218577682258,0.29341834416298523,0.49832183930562757
BTCUSDT,2023-10-26,2023-10-27,4,0,-0.007602558704320916,34151.66,33892.02,1,0,1,1,0,1,0.5496899098876498,0.48499316926441616,0.5240123897569374
BTCUSDT,2023-10-27,2023-10-28,4,1,0.005575943835746777,33892.01,34081.0,1,0,1,1,0,1,0.5057587759429018,0.39149777345693015,0.5217123795713122
BTCUSDT,2023-10-28,2023-10-29,4,1,0.013053901000557477,34081.01,34525.89,1,0,1,0,1,1,0.5623705470717438,0.4817373805582811,0.5090667727984023
BTCUSDT,2023-10-29,2023-10-30,4,0,-0.0014817865665446295,34525.88,34474.73,1,0,1,0,1,1,0.5066798882080398,0.39627949442837557,0.501958566038704
BTCUSDT,2023-10-30,2023-10-31,4,1,0.004787274621149917,34474.74,34639.77,1,1,1,1,0,1,0.5048554696994695,0.5065330574152159,0.5158208330081038
BTCUSDT,2023-10-31,2023-11-01,4,1,0.022565392322177802,34639.78,35421.43,0,1,1,0,1,1,0.4669929427938814,0.5202349172378721,0.5098193607491993
BTCUSDT,2023-11-01,2023-11-02,4,0,-0.013546601591183705,35421.43,34941.59,0,1,0,0,1,1,0.45136747104148667,0.5491669456988592,0.49299203614764964
BTCUSDT,2023-11-02,2023-11-03,4,0,-0.006433880083877019,34941.58,34716.78,1,1,1,1,0,1,0.5753328184890835,0.6176416160268291,0.5274628814058463
BTCUSDT,2023-11-03,2023-11-04,4,1,0.009945910882288134,34716.78,35062.07,1,1,1,1,0,1,0.5396398428989659,0.5861154329892152,0.520585083735216
BTCUSDT,2023-11-04,2023-11-05,4,0,-0.0014314614054447006,35062.06,35011.88,1,0,1,0,1,1,0.5087222079101434,0.4101444482254784,0.5049067480804442
BTCUSDT,2023-11-05,2023-11-06,4,1,0.00097709691681791,35011.89,35046.09,1,0,1,1,0,1,0.5148204511433284,0.49588643042985914,0.5157725219626309
BTCUSDT,2023-11-06,2023-11-07,4,1,0.010073306323187703,35046.09,35399.12,0,1,1,0,1,1,0.4911259961874141,0.5194741302329668,0.5134628738197384
BTCUSDT,2023-11-07,2023-11-08,4,1,0.006373039781779832,35399.13,35624.72,0,0,1,0,1,1,0.48525041231870125,0.3885603821094641,0.5047857302177629
BTCUSDT,2023-11-08,2023-11-09,4,1,0.030214132209319677,35624.72,36701.09,1,0,1,0,1,1,0.5154410939268883,0.36103292385798397,0.5083067014439697
BTCUSDT,2023-11-09,2023-11-10,4,1,0.016363001752808914,36701.1,37301.63,1,1,0,0,1,1,0.5553982147013726,0.7321350475554113,0.4858447770926994
BTCUSDT,2023-11-10,2023-11-11,4,0,-0.004601139414014854,37301.63,37130.0,1,1,0,0,1,1,0.5055337733293057,0.6092793727813324,0.49882939493487677
BTCUSDT,2023-11-11,2023-11-12,4,0,-0.0017740371667116506,37129.99,37064.13,1,0,1,1,0,1,0.5179982294900544,0.4440026778870571,0.5188194907972924
BTCUSDT,2023-11-12,2023-11-13,4,0,-0.016220534516795504,37064.13,36462.93,1,1,1,1,0,1,0.5063922387736741,0.5683094934222944,0.5161014294037566
BTCUSDT,2023-11-13,2023-11-14,4,0,-0.025004573137704433,36462.93,35551.19,1,1,1,1,0,1,0.5740974095838317,0.5234321970490111,0.5300587623561366
BTCUSDT,2023-11-14,2023-11-15,4,1,0.06489262384747163,35551.2,37858.2,1,0,1,1,0,1,0.5781207861368994,0.47490897742812105,0.5386240132135937
BTCUSDT,2023-11-15,2023-11-16,4,0,-0.044764146208747246,37858.2,36163.51,1,1,0,0,1,1,0.5125045550902125,0.721941456210814,0.4542020333015217
BTCUSDT,2023-11-16,2023-11-17,4,1,0.012454819789339933,36163.51,36613.92,1,1,1,1,0,1,0.6240031970859599,0.6111049203814746,0.5580837531894202
BTCUSDT,2023-11-17,2023-11-18,4,0,-0.0012514366120863762,36613.91,36568.1,1,0,1,0,1,1,0.5272195889684538,0.452414065314412,0.5025261560045552
BTCUSDT,2023-11-18,2023-11-19,4,1,0.021651658139197894,36568.11,37359.86,1,0,1,1,0,1,0.5384668545365923,0.41931029112243906,0.5155997196530152
BTCUSDT,2023-11-19,2023-11-20,4,1,0.0023800945720888755,37359.85,37448.78,1,0,0,0,1,1,0.5005294156060882,0.43550579224061436,0.49384968494737735
BTCUSDT,2023-11-20,2023-11-21,4,0,-0.04558573069670091,37448.79,35741.65,1,0,1,0,1,1,0.5042516365328946,0.44468865167668836,0.5121197812874007
BTCUSDT,2023-11-21,2023-11-22,4,1,0.046631590875071405,35741.65,37408.34,1,1,1,1,0,1,0.610712143256977,0.5001744692575085,0.5588980936120009
BTCUSDT,2023-11-22,2023-11-23,4,0,-0.003049052697874255,37408.35,37294.28,0,0,0,0,1,1,0.49728478193605785,0.3811888234398799,0.4707039916032417
BTCUSDT,2023-11-23,2023-11-24,4,1,0.011242742854936427,37294.27,37713.57,1,0,1,1,0,1,0.5203733303109067,0.4479858735699309,0.5173264411133464
BTCUSDT,2023-11-24,2023-11-25,4,1,0.001779200431038408,37713.57,37780.67,1,1,1,0,1,1,0.5844967023755933,0.5432127593631558,0.5036755254067419
BTCUSDT,2023-11-25,2023-11-26,4,0,-0.008820383545342092,37780.67,37447.43,0,0,1,0,1,1,0.49847257227619685,0.46423771969723265,0.5126948107383401
BTCUSDT,2023-11-26,2023-11-27,4,0,-0.005467130855174918,37447.42,37242.7,1,0,1,1,0,1,0.54012680548779,0.4253192153673192,0.5228882588418181
BTCUSDT,2023-11-27,2023-11-28,4,1,0.0154706828452289,37242.7,37818.87,1,0,1,1,0,1,0.5097376079908572,0.488877626365487,0.5196534099372425
BTCUSDT,2023-11-28,2023-11-29,4,1,0.0009458241348827556,37818.88,37854.64,1,0,0,0,1,1,0.5123445130824951,0.4624852098776517,0.4996721915559554
BTCUSDT,2023-11-29,2023-11-30,4,0,-0.0034521527611939273,37854.65,37723.96,1,0,1,0,1,1,0.5561918871824096,0.4567979956973302,0.5134928306172059
BTCUSDT,2023-11-30,2023-12-01,4,1,0.025409845625962824,37723.97,38682.52,1,1,1,1,0,1,0.5553847554830562,0.6451968631462015,0.5177140156177059
BTCUSDT,2023-12-01,2023-12-02,4,1,0.019849534104810163,38682.51,39450.35,1,0,0,0,1,1,0.5173729664658464,0.4906772704222496,0.4903273602269995
BTCUSDT,2023-12-02,2023-12-03,4,1,0.013229540422328379,39450.35,39972.26,1,0,0,0,1,1,0.5137769027129161,0.49090058880845977,0.4955435459596823
BTCUSDT,2023-12-03,2023-12-04,4,1,0.05050602592898157,39972.26,41991.1,1,0,1,0,1,1,0.5079217303022758,0.4405500996202376,0.50179222186781
BTCUSDT,2023-12-04,2023-12-05,4,1,0.04958717442505667,41991.1,44073.32,1,1,0,0,1,1,0.510481948936673,0.7548044435493235,0.4671722195889178
BTCUSDT,2023-12-05,2023-12-06,4,0,-0.007048028149456376,44073.82,43762.69,1,1,0,0,1,1,0.5144114178208229,0.6356535416685285,0.4680083423078444
BTCUSDT,2023-12-06,2023-12-07,4,0,-0.011186469570312108,43762.69,43273.14,1,0,1,1,0,1,0.5313536245792032,0.4105224881588343,0.5211773463340243
BTCUSDT,2023-12-07,2023-12-08,4,1,0.02074843655902936,43273.15,44170.99,1,1,1,1,0,1,0.556698896824415,0.701080312362026,0.5251762466890998
BTCUSDT,2023-12-08,2023-12-09,4,0,-0.010354986383596998,44171.0,43713.6,1,1,0,0,1,1,0.5112208453630585,0.619300055064441,0.4946982562537853
BTCUSDT,2023-12-09,2023-12-10,4,1,0.0017365305076681992,43713.59,43789.51,1,1,1,1,0,1,0.5558125265176833,0.5113025751091553,0.5243717007617792
BTCUSDT,2023-12-10,2023-12-11,4,0,-0.05791592552645597,43789.5,41253.4,1,1,1,0,1,1,0.5080246828539481,0.5853124529754776,0.5127356558464091
BTCUSDT,2023-12-11,2023-12-12,4,1,0.005793219467971067,41253.41,41492.39,1,1,1,1,0,1,0.6134098419653017,0.5951139016029755,0.5711635136436704
BTCUSDT,2023-12-12,2023-12-13,4,1,0.033178132182793085,41492.38,42869.03,1,0,1,0,1,1,0.5234835291572157,0.4053378785683024,0.5088595337724321
BTCUSDT,2023-12-13,2023-12-14,4,1,0.0035743752541170792,42869.03,43022.26,0,1,0,0,1,1,0.494250801434387,0.5316435243511717,0.48309075010399105
BTCUSDT,2023-12-14,2023-12-15,4,0,-0.02514884155318664,43022.26,41940.3,1,0,1,0,1,1,0.5349425354446816,0.480193588792824,0.5109778358950942
BTCUSDT,2023-12-15,2023-12-16,4,1,0.008052636724105389,41940.29,42278.03,1,1,1,1,0,1,0.6283638439667486,0.6119851903086301,0.5387651544338382
BTCUSDT,2023-12-16,2023-12-17,4,0,-0.02136759919986808,42278.02,41374.65,1,0,1,0,1,1,0.5424600874195201,0.4252201006927242,0.5067069682828991
BTCUSDT,2023-12-17,2023-12-18,4,1,0.03101295116695857,41374.64,42657.8,1,1,1,1,0,1,0.590549168103222,0.5224683005061449,0.5350707790535639
BTCUSDT,2023-12-18,2023-12-19,4,0,-0.00895053190741213,42657.8,42275.99,0,0,0,0,1,1,0.4653522114242274,0.4596022709272854,0.4851016764890998
BTCUSDT,2023-12-19,2023-12-20,5,1,0.03294872574243679,42275.99,43668.93,1,1,1,1,0,1,0.5554830802511662,0.5788949256990922,0.522475198905222
BTCUSDT,2023-12-20,2023-12-21,5,1,0.004416641305385882,43668.92,43861.8,0,0,0,0,1,1,0.4520097616589993,0.3919364519845835,0.48098825975850373
BTCUSDT,2023-12-21,2023-12-22,5,1,0.0024449520995490914,43861.79,43969.04,0,1,1,0,1,1,0.4903881932126136,0.5352064800434528,0.5090583300328659
BTCUSDT,2023-12-22,2023-12-23,5,0,-0.006069725424980743,43969.04,43702.16,1,0,1,0,1,1,0.5129284250881075,0.47088590122666185,0.5110273634276478
BTCUSDT,2023-12-23,2023-12-24,5,0,-0.016261438793872096,43702.15,42991.5,1,0,1,1,0,1,0.5062485652229569,0.4210357903114236,0.5195705319270207
BTCUSDT,2023-12-24,2023-12-25,5,1,0.013598734633590404,42991.5,43576.13,1,0,1,1,0,1,0.557835228626732,0.4742294347755536,0.5298773931214726
BTCUSDT,2023-12-25,2023-12-26,5,0,-0.024490472192000512,43576.12,42508.93,0,0,0,0,1,1,0.4856337984315475,0.4448936716102344,0.4999365257195569
BTCUSDT,2023-12-26,2023-12-27,5,1,0.021640629392459365,42508.93,43428.85,1,1,1,1,0,1,0.581146511718265,0.6098733219446156,0.5382592125634172
BTCUSDT,2023-12-27,2023-12-28,5,0,-0.01991970775187457,43428.86,42563.76,0,0,0,0,1,1,0.4940945875417741,0.4519344336674091,0.4920148758688432
BTCUSDT,2023-12-28,2023-12-29,5,0,-0.011672136108276221,42563.76,42066.95,1,0,1,1,0,1,0.6102838309177847,0.37513338463719353,0.533597257078053
BTCUSDT,2023-12-29,2023-12-30,5,1,0.0017431736790995966,42066.94,42140.28,1,0,1,1,0,1,0.6017681144648496,0.4448058078405912,0.5252257134310038
BTCUSDT,2023-12-30,2023-12-31,5,1,0.0034005469351414686,42140.29,42283.58,1,0,1,0,1,1,0.5766101533836674,0.46876914493729765,0.5117290517094489
BTCUSDT,2023-12-31,2024-01-01,5,1,0.04483939155577654,42283.58,44179.55,1,0,1,0,1,1,0.5721976756499768,0.33225279426481696,0.510072611522307
BTCUSDT,2024-01-01,2024-01-02,5,1,0.017369122139089255,44179.55,44946.91,0,0,0,0,1,1,0.4528963679032822,0.46126450135939695,0.4695427781511766
BTCUSDT,2024-01-02,2024-01-03,5,0,-0.04675916542427505,44946.91,42845.23,1,1,0,0,1,1,0.5211769964687437,0.6586516059122572,0.49621447138253705
BTCUSDT,2024-01-03,2024-01-04,5,1,0.030478772082679795,42845.23,44151.1,1,1,1,1,0,1,0.5792929784537815,0.5694747345641219,0.561175827596727
BTCUSDT,2024-01-04,2024-01-05,5,0,-0.00013567045894657959,44151.1,44145.11,0,1,0,0,1,1,0.470225767417501,0.5638774842052793,0.48338518834682837
BTCUSDT,2024-01-05,2024-01-06,5,0,-0.00400474707164622,44145.12,43968.32,0,0,1,1,0,1,0.4714458381403365,0.4929455811542932,0.5136098413647794
BTCUSDT,2024-01-06,2024-01-07,5,0,-0.0008938253724500855,43968.32,43929.02,1,0,1,1,0,1,0.5089986564422847,0.38814803378815194,0.5174928028264725
BTCUSDT,2024-01-07,2024-01-08,5,1,0.06879324874536241,43929.01,46951.04,1,0,1,1,0,1,0.5326499258632372,0.493631622421497,0.5143696760160991
BTCUSDT,2024-01-08,2024-01-09,5,0,-0.01791312822889546,46951.04,46110.0,0,1,0,0,1,1,0.4910787342198554,0.6463479943667432,0.4469817375270931
BTCUSDT,2024-01-09,2024-01-10,5,1,0.011797657774886172,46110.0,46653.99,1,1,1,1,0,1,0.5393744604772489,0.5622603647642799,0.5315556124016968
BTCUSDT,2024-01-10,2024-01-11,5,0,-0.006748190240534524,46654.0,46339.16,1,1,1,0,1,1,0.5174798236680233,0.5599846114849023,0.5017194314865646
BTCUSDT,2024-01-11,2024-01-12,5,0,-0.07674783056058854,46339.16,42782.73,1,1,1,1,0,1,0.5876614241579169,0.7322781994606036,0.5202539838882086
BTCUSDT,2024-01-12,2024-01-13,5,1,0.0015253818538460973,42782.74,42847.99,1,1,1,1,0,1,0.6443218161308295,0.6158847418557484,0.5924526582134099
BTCUSDT,2024-01-13,2024-01-14,5,0,-0.0260371606696137,42847.99,41732.35,1,0,1,0,1,1,0.5261097348122469,0.3769802945275786,0.5119469062395359
BTCUSDT,2024-01-14,2024-01-15,5,1,0.018660583456239666,41732.35,42511.1,1,1,1,1,0,1,0.5938816154247959,0.5252281089074651,0.539840227948443
BTCUSDT,2024-01-15,2024-01-16,5,1,0.014745560571238991,42511.1,43137.95,1,1,0,0,1,1,0.5229436060538872,0.5165596297536238,0.4949428117998726
BTCUSDT,2024-01-16,2024-01-17,5,0,-0.008388205744593757,43137.94,42776.1,1,0,0,0,1,1,0.5150415582471087,0.4641678195617359,0.49880291820985345
BTCUSDT,2024-01-17,2024-01-18,5,0,-0.0338647048234878,42776.09,41327.5,1,0,1,1,0,1,0.5079258567024223,0.3131446817986042,0.5219076659150772
BTCUSDT,2024-01-18,2024-01-19,5,1,0.008022019236585853,41327.51,41659.03,1,1,1,1,0,1,0.5886200979246835,0.5967148836062437,0.5478671388655614
BTCUSDT,2024-01-19,2024-01-20,5,1,0.0008884028264701804,41659.03,41696.04,1,0,1,0,1,1,0.5259961683808105,0.38386074604641773,0.5054671034145289
BTCUSDT,2024-01-20,2024-01-21,5,0,-0.00277508367701107,41696.05,41580.33,0,0,1,0,1,1,0.4954819424487122,0.45988751925419624,0.512584314292843
BTCUSDT,2024-01-21,2024-01-22,5,0,-0.048395719803089654,41580.32,39568.02,1,1,1,1,0,1,0.5474762526659345,0.7277234099938602,0.5162573005687406
BTCUSDT,2024-01-22,2024-01-23,5,1,0.008329453937801379,39568.02,39897.6,1,1,1,1,0,1,0.610663706908273,0.6733324195125742,0.5628718958993041
BTCUSDT,2024-01-23,2024-01-24,5,1,0.004694016682707636,39897.59,40084.88,0,0,1,0,1,1,0.49283245117573804,0.4457439895392225,0.5051614387134323
BTCUSDT,2024-01-24,2024-01-25,5,0,-0.003088196846292135,40084.89,39961.09,1,0,1,0,1,1,0.505056962863263,0.40695748574999596,0.5087816145176882
BTCUSDT,2024-01-25,2024-01-26,5,1,0.04660583582680067,39961.09,41823.51,1,0,1,1,0,1,0.5100700295279226,0.4230443312326513,0.5165717753273738
BTCUSDT,2024-01-26,2024-01-27,5,1,0.007104138318376307,41823.51,42120.63,0,0,0,0,1,1,0.468218159178572,0.41387216320267317,0.4678560094444242
BTCUSDT,2024-01-27,2024-01-28,5,0,-0.0021265114030820653,42120.63,42031.06,0,0,1,0,1,1,0.40272405105628756,0.35118625978973506,0.5063802295239597
BTCUSDT,2024-01-28,2024-01-29,5,1,0.03025476873531141,42031.05,43302.7,0,0,1,1,0,1,0.4938233282349465,0.3228302482396953,0.515606181269206
BTCUSDT,2024-01-29,2024-01-30,5,0,-0.008350518558888909,43302.71,42941.1,0,0,0,0,1,1,0.4055922125333397,0.43783543462600616,0.4836028925575557
BTCUSDT,2024-01-30,2024-01-31,5,0,-0.008409193057467013,42941.1,42580.0,1,0,1,1,0,1,0.5270112185865179,0.4019675654056397,0.5218696392373252
BTCUSDT,2024-01-31,2024-02-01,5,1,0.011811648661343321,42580.0,43082.94,1,0,1,1,0,1,0.5342394812549065,0.3308380243355557,0.5219288428014051
BTCUSDT,2024-02-01,2024-02-02,5,1,0.0027170847671955656,43082.95,43200.0,0,0,1,0,1,1,0.4440723607666657,0.36449908967198213,0.501705569636988
BTCUSDT,2024-02-02,2024-02-03,5,0,-0.004372916666666726,43199.99,43011.09,0,0,1,0,1,1,0.4961727078320961,0.36875155469200194,0.5107553860431484
BTCUSDT,2024-02-03,2024-02-04,5,0,-0.00995580442160382,43011.1,42582.88,0,0,1,1,0,1,0.4996058159576109,0.3281695763619749,0.5178629763966464
BTCUSDT,2024-02-04,2024-02-05,5,1,0.0029547085589325395,42582.88,42708.7,1,0,1,1,0,1,0.5013199456684841,0.35686944505243834,0.5234904368304091
BTCUSDT,2024-02-05,2024-02-06,5,1,0.009137482526979213,42708.7,43098.95,1,0,1,0,1,1,0.5138476825855052,0.37914570680915094,0.5105179529915752
BTCUSDT,2024-02-06,2024-02-07,5,1,0.029018108329785353,43098.96,44349.6,0,0,1,0,1,1,0.4575777238556931,0.31299743743891745,0.504358488566903
BTCUSDT,2024-02-07,2024-02-08,5,1,0.021173809910348673,44349.6,45288.65,0,0,0,0,1,1,0.4087054256711801,0.33388352579840164,0.4848057397589145
BTCUSDT,2024-02-08,2024-02-09,5,1,0.04071925305788526,45288.66,47132.77,0,1,0,0,1,1,0.45772801297468896,0.5638171393006133,0.49247293677405535
BTCUSDT,2024-02-09,2024-02-10,5,1,0.013118685789101692,47132.78,47751.09,1,1,0,0,1,1,0.5583568171499879,0.5503348696965922,0.4734908381299944
BTCUSDT,2024-02-10,2024-02-11,5,1,0.011495025558578842,47751.08,48299.99,1,0,1,0,1,1,0.5020855379851143,0.3890933062428305,0.5004114231977409
BTCUSDT,2024-02-11,2024-02-12,5,1,0.03348406490353306,48300.0,49917.27,0,0,1,0,1,1,0.4960903281552963,0.40860633601132085,0.5020193187900371
BTCUSDT,2024-02-12,2024-02-13,5,0,-0.004360815405169416,49917.28,49699.59,1,1,0,0,1,1,0.5081801549626266,0.5100950605573981,0.4804696152427104
BTCUSDT,2024-02-13,2024-02-14,5,1,0.04216493536465804,49699.6,51795.17,1,0,1,1,0,1,0.5202366986387166,0.47284219052597876,0.5178508074009889
BTCUSDT,2024-02-14,2024-02-15,5,1,0.001637797501195637,51795.17,51880.0,0,0,0,0,1,1,0.48105373130621926,0.4515968891252441,0.47210335462918723
BTCUSDT,2024-02-15,2024-02-16,5,1,0.004705281418658558,51880.01,52124.11,1,1,1,0,1,1,0.5448007043354539,0.504742000676297,0.511834452872914
BTCUSDT,2024-02-16,2024-02-17,5,0,-0.00923699224792518,52124.1,51642.64,0,0,1,0,1,1,0.49658932820458135,0.4574388970100626,0.5087703780794905
BTCUSDT,2024-02-17,2024-02-18,5,1,0.009585683458475325,51642.64,52137.67,0,0,1,1,0,1,0.4845762364548211,0.47753041030699794,0.5227644132975575
BTCUSDT,2024-02-18,2024-02-19,5,0,-0.0069611856456185395,52137.68,51774.73,0,0,1,0,1,1,0.4503863672455132,0.3358275386060426,0.5039133717919869
BTCUSDT,2024-02-19,2024-02-20,5,1,0.009349928044047662,51774.74,52258.82,1,0,1,1,0,1,0.5528028100349334,0.43729773970178387,0.5204686257107869
BTCUSDT,2024-02-20,2024-02-21,5,0,-0.007834658340927003,52258.82,51849.39,0,0,1,0,1,1,0.47642394092692386,0.45549734081733023,0.5041474811064526
BTCUSDT,2024-02-21,2024-02-22,5,0,-0.010819220824005882,51849.38,51288.42,0,0,1,1,0,1,0.49956494287364317,0.4735779035556522,0.5213492520159372
BTCUSDT,2024-02-22,2024-02-23,5,0,-0.010611947102289299,51288.42,50744.15,1,1,1,1,0,1,0.5675411056560371,0.5284071537100596,0.524363080823519
BTCUSDT,2024-02-23,2024-02-24,5,1,0.016239704478250294,50744.15,51568.22,1,1,1,1,0,1,0.6093381622887206,0.5782947285741552,0.5241535358174347
BTCUSDT,2024-02-24,2024-02-25,5,1,0.0031149029382824267,51568.21,51728.85,1,1,0,0,1,1,0.5075079831832892,0.5424023173888108,0.4973279365180792
BTCUSDT,2024-02-25,2024-02-26,5,1,0.05311581448263403,51728.85,54476.47,1,1,1,0,1,1,0.5179436025721084,0.6214470735940834,0.5103579162586501
BTCUSDT,2024-02-26,2024-02-27,5,1,0.04700873606531397,54476.48,57037.34,0,0,0,0,1,1,0.46413153226512743,0.49751826932035187,0.46167073497168815
BTCUSDT,2024-02-27,2024-02-28,5,1,0.09458295215029322,57037.35,62432.1,0,0,0,0,1,1,0.4652732688378055,0.4735904255734808,0.4674717821219662
BTCUSDT,2024-02-28,2024-02-29,5,0,-0.020840561185672013,62432.11,61130.98,1,0,0,0,1,1,0.5050530138937185,0.44093885689400114,0.4234850341796966
BTCUSDT,2024-02-29,2024-03-01,5,1,0.02056109684484042,61130.99,62387.9,1,1,1,1,0,1,0.5618705773091984,0.6196230829082882,0.5345352290094852
BTCUSDT,2024-03-01,2024-03-02,5,0,-0.006421437490282567,62387.9,61987.28,0,0,0,0,1,1,0.4794276424974479,0.4532227954994454,0.49307449093737415
BTCUSDT,2024-03-02,2024-03-03,5,1,0.018176148396896963,61987.28,63113.97,0,0,1,1,0,1,0.47498118146697343,0.42494138831503087,0.5199247803462183
BTCUSDT,2024-03-03,2024-03-04,5,1,0.08130909844524137,63113.97,68245.71,0,0,0,0,1,1,0.4118430736307092,0.420496672627498,0.49541962327097555
BTCUSDT,2024-03-04,2024-03-05,5,0,-0.0662561793261438,68245.71,63724.01,0,1,0,0,1,1,0.4174189322568415,0.5660534789812145,0.4354723878527662
BTCUSDT,2024-03-05,2024-03-06,5,1,0.03687825044280779,63724.01,66074.04,1,1,1,1,0,1,0.5694469856676466,0.672397213373398,0.5814680276839651
BTCUSDT,2024-03-06,2024-03-07,5,1,0.011337735667442228,66074.04,66823.17,0,0,0,0,1,1,0.45362658048968313,0.3807896682850423,0.4771885381267458
BTCUSDT,2024-03-07,2024-03-08,5,1,0.01946959415424332,66823.18,68124.19,0,0,1,0,1,1,0.4836832073290045,0.4809782300774576,0.5021752169185311
BTCUSDT,2024-03-08,2024-03-09,5,1,0.002775519239201163,68124.2,68313.27,0,0,0,0,1,1,0.49981523320869,0.48698325499518524,0.4941470587881979
BTCUSDT,2024-03-09,2024-03-10,5,1,0.009406810711886537,68313.28,68955.88,0,0,1,0,1,1,0.467030659994308,0.4499806796318416,0.5106969937056045
BTCUSDT,2024-03-10,2024-03-11,5,1,0.04527851721999632,68955.88,72078.1,0,1,1,0,1,1,0.47608039293714377,0.5053468359281135,0.5040909907647336
BTCUSDT,2024-03-11,2024-03-12,5,0,-0.008686272251904659,72078.1,71452.01,0,1,0,0,1,1,0.4385361629870188,0.5220245407127663,0.4691231265492107
BTCUSDT,2024-03-12,2024-03-13,5,1,0.02267815838910625,71452.0,73072.41,0,0,1,1,0,1,0.46541388620446184,0.4515299320504478,0.5222084593940453
BTCUSDT,2024-03-13,2024-03-14,5,0,-0.02303838069662678,73072.4,71388.94,0,0,0,0,1,1,0.42218513727907986,0.383245956337552,0.490997611394828
BTCUSDT,2024-03-14,2024-03-15,5,0,-0.026461942143979122,71388.94,69499.85,1,1,1,1,0,1,0.5154334739182517,0.5393224417473496,0.5367764736663959
BTCUSDT,2024-03-15,2024-03-16,5,0,-0.06042056205876711,69499.84,65300.63,1,1,1,1,0,1,0.5600540173824295,0.6124304294197698,0.5402747373016022
BTCUSDT,2024-03-16,2024-03-17,5,1,0.04736324902225286,65300.64,68393.48,1,1,1,1,0,1,0.6496331332606644,0.6842925301795147,0.5753760282522995
BTCUSDT,2024-03-17,2024-03-18,5,0,-0.011455624132592601,68393.47,67609.99,0,0,0,0,1,1,0.49262166438903265,0.4648830388480364,0.46713385365133414
BTCUSDT,2024-03-18,2024-03-19,5,0,-0.08390165417862072,67610.0,61937.4,1,1,1,1,0,1,0.5753265440346726,0.6962288438437395,0.5250066782934135
BTCUSDT,2024-03-19,2024-03-20,5,1,0.09530768162693293,61937.41,67840.51,1,1,1,1,0,1,0.6742380173783659,0.660673792320226,0.599961788192662
BTCUSDT,2024-03-20,2024-03-21,5,0,-0.034481462477213065,67840.51,65501.27,0,0,0,0,1,1,0.46372595772162306,0.4137423828904818,0.42283717378812863
BTCUSDT,2024-03-21,2024-03-22,5,0,-0.026024380901316868,65501.28,63796.64,1,1,1,1,0,1,0.6129587693138372,0.6724076684229642,0.5485013601671876
BTCUSDT,2024-03-22,2024-03-23,5,1,0.003031037371247214,63796.64,63990.01,1,1,1,1,0,1,0.6028538646062199,0.5128162628230849,0.5398271575070128
BTCUSDT,2024-03-23,2024-03-24,5,1,0.05032004214407837,63990.02,67209.99,1,1,1,0,1,1,0.5745773704296262,0.6173561829049833,0.5104416963730614
BTCUSDT,2024-03-24,2024-03-25,5,1,0.039726534701165495,67210.0,69880.01,0,0,0,0,1,1,0.4991909190340949,0.3864285706062627,0.4643210298027691
BTCUSDT,2024-03-25,2024-03-26,5,1,0.0015453632591067024,69880.0,69988.0,0,0,0,0,1,1,0.48771566672412603,0.39530992739424803,0.47444494808681686
BTCUSDT,2024-03-26,2024-03-27,5,0,-0.007401411670572067,69987.99,69469.99,1,0,1,0,1,1,0.517647558323301,0.4561775171642558,0.5119269172955259
BTCUSDT,2024-03-27,2024-03-28,5,1,0.018865844086057848,69469.99,70780.6,1,0,1,1,0,1,0.5290204462804681,0.4559229913004482,0.5209123765028121
BTCUSDT,2024-03-28,2024-03-29,5,0,-0.01314004119772949,70780.6,69850.54,0,0,0,0,1,1,0.4674140182576822,0.47159201436057113,0.4947408524836881
BTCUSDT,2024-03-29,2024-03-30,5,0,-0.0038419173280550556,69850.53,69582.18,1,1,1,1,0,1,0.5086179799864766,0.5878931399450078,0.5267117310324639
BTCUSDT,2024-03-30,2024-03-31,5,1,0.024400356528065048,69582.17,71280.01,1,1,1,1,0,1,0.5687465864730581,0.6043477413712738,0.5173291242818072
BTCUSDT,2024-03-31,2024-04-01,5,0,-0.022870507453632394,71280.0,69649.8,0,0,0,0,1,1,0.4625782456666079,0.47376768520435814,0.48931149482791103
BTCUSDT,2024-04-01,2024-04-02,5,0,-0.0600979471584987,69649.81,65463.99,1,1,1,1,0,1,0.5337921684227633,0.6221970683383224,0.5366051570674423
BTCUSDT,2024-04-02,2024-04-03,5,1,0.007626941162614864,65463.99,65963.28,1,1,1,1,0,1,0.6374299539219057,0.7169148948584714,0.5750396597304454
BTCUSDT,2024-04-03,2024-04-04,5,1,0.03827144435510177,65963.27,68487.79,1,0,1,0,1,1,0.5316085330655409,0.40071235686010376,0.5058600377672333
BTCUSDT,2024-04-04,2024-04-05,5,0,-0.009741444423889245,68487.8,67820.62,1,0,0,0,1,1,0.501976576627667,0.4506315705060796,0.47584543109633426
BTCUSDT,2024-04-05,2024-04-06,5,1,0.01585623959202964,67820.63,68896.0,1,0,1,1,0,1,0.5428241143616928,0.3686706050290278,0.5232738814089435
BTCUSDT,2024-04-06,2024-04-07,5,1,0.006740449372967916,68896.0,69360.39,1,0,0,0,1,1,0.5117910067737133,0.291974087945883,0.49770627313853344
BTCUSDT,2024-04-07,2024-04-08,5,1,0.03257781566683815,69360.38,71620.0,1,0,1,0,1,1,0.540732738741553,0.36565135465837084,0.5067422532672711
BTCUSDT,2024-04-08,2024-04-09,5,0,-0.034543423624685876,71620.0,69146.0,0,0,0,0,1,1,0.4891329317163381,0.48677746784817993,0.48134778470724776
BTCUSDT,2024-04-09,2024-04-10,5,1,0.02147745350417951,69146.0,70631.08,1,0,1,1,0,1,0.5324456974435504,0.464024013149319,0.548565089476431
BTCUSDT,2024-04-10,2024-04-11,5,0,-0.008846672031632585,70631.08,70006.23,0,0,0,0,1,1,0.4206096690371237,0.35484620050115245,0.4921749649297848
BTCUSDT,2024-04-11,2024-04-12,5,0,-0.04127789769567636,70006.22,67116.52,1,0,1,1,0,1,0.5211750973199886,0.44910030893633496,0.5223703574293384
BTCUSDT,2024-04-12,2024-04-13,5,0,-0.047559229828960214,67116.52,63924.51,1,1,1,1,0,1,0.5749073912845118,0.6102000596426687,0.5555062322924507
BTCUSDT,2024-04-13,2024-04-14,5,1,0.027177838359652595,63924.52,65661.84,1,1,1,1,0,1,0.5855895425624874,0.5926108624969855,0.5620048036360862
BTCUSDT,2024-04-14,2024-04-15,5,0,-0.034142357265650736,65661.85,63419.99,0,0,0,0,1,1,0.4686011766471033,0.48111769588808734,0.48659869369045816
BTCUSDT,2024-04-15,2024-04-16,5,1,0.005887733504845949,63419.99,63793.39,1,1,1,1,0,1,0.5837277638484666,0.5856721228983778,0.548152622349074
BTCUSDT,2024-04-16,2024-04-17,5,0,-0.03944013635268473,63793.4,61277.37,0,0,1,0,1,1,0.4770370698756321,0.4771584344781364,0.5075915494856297
BTCUSDT,2024-04-17,2024-04-18,5,1,0.03578335689015377,61277.38,63470.08,1,1,1,1,0,1,0.5728989112776096,0.6063728534187844,0.5536092826677133
BTCUSDT,2024-04-18,2024-04-19,5,1,0.005481795516879773,63470.09,63818.01,0,0,0,0,1,1,0.47188685667142927,0.46716265824115,0.4782455689866928
BTCUSDT,2024-04-19,2024-04-20,5,1,0.017590332258871744,63818.01,64940.59,1,1,1,0,1,1,0.5468136118850206,0.5040672179891863,0.5079960974193469
BTCUSDT,2024-04-20,2024-04-21,5,1,8.623266280816111e-06,64940.58,64941.15,0,0,0,0,1,1,0.49420129056751533,0.32761287064286193,0.4959965345730332
BTCUSDT,2024-04-21,2024-04-22,5,1,0.028921107802987844,64941.15,66819.32,0,0,1,0,1,1,0.49528553316357793,0.37572882193534823,0.5134652859823046
BTCUSDT,2024-04-22,2024-04-23,5,0,-0.0060659102786441155,66819.32,66414.0,0,0,0,0,1,1,0.41173969969868635,0.3543580632773358,0.484900156827328
BTCUSDT,2024-04-23,2024-04-24,5,0,-0.031987382178456425,66414.0,64289.59,0,0,1,1,0,1,0.4343219955684605,0.38329693472955967,0.5195666898467316
BTCUSDT,2024-04-24,2024-04-25,5,1,0.003247026462604552,64289.58,64498.34,1,0,1,1,0,1,0.5349211455594776,0.45146707204449543,0.5459382017964373
BTCUSDT,2024-04-25,2024-04-26,5,0,-0.0112922286061935,64498.33,63770.01,0,0,1,0,1,1,0.4454996973401165,0.4735577035053605,0.5102259403884856
BTCUSDT,2024-04-26,2024-04-27,5,0,-0.004830326982856015,63770.0,63461.98,1,1,1,1,0,1,0.5335792773480873,0.5155551085483882,0.5248414039944397
BTCUSDT,2024-04-27,2024-04-28,5,0,-0.0054104835682718955,63461.98,63118.62,0,0,1,1,0,1,0.47378055051463286,0.4751357700199548,0.5183230397810475
BTCUSDT,2024-04-28,2024-04-29,5,1,0.01184087991784355,63118.62,63866.0,1,1,1,1,0,1,0.5302611473071309,0.6006800666817794,0.5189068208470726
BTCUSDT,2024-04-29,2024-04-30,5,0,-0.05001096044843889,63866.0,60672.0,0,0,1,0,1,1,0.4406206614557761,0.3592516443388416,0.5016766085882802
BTCUSDT,2024-04-30,2024-05-01,5,0,-0.03802462420886077,60672.01,58364.97,1,1,1,1,0,1,0.5632515600340497,0.6309931722429921,0.5645472941137335
BTCUSDT,2024-05-01,2024-05-02,5,1,0.011918793070569533,58364.97,59060.61,1,1,1,1,0,1,0.5173103251471991,0.5905965946069697,0.5521495886504867
BTCUSDT,2024-05-02,2024-05-03,5,1,0.06470302287768459,59060.6,62882.01,0,0,1,0,1,1,0.4463644488634565,0.4477083304985731,0.5015994196812871
BTCUSDT,2024-05-03,2024-05-04,5,1,0.016062304624168355,62882.01,63892.04,0,0,0,0,1,1,0.4416088805700423,0.44669436302905424,0.450785369572853
BTCUSDT,2024-05-04,2024-05-05,5,1,0.0018775421789631874,63892.03,64012.0,0,0,0,0,1,1,0.4758156748707556,0.44977140313318686,0.497502945813483
BTCUSDT,2024-05-05,2024-05-06,5,0,-0.013228925826407556,64012.0,63165.19,0,0,1,0,1,1,0.4285521091176274,0.383228892331035,0.5115946659199978
BTCUSDT,2024-05-06,2024-05-07,5,0,-0.013506014942723965,63165.18,62312.08,0,0,1,1,0,1,0.4922686875039156,0.379382639325117,0.5268017684308391
BTCUSDT,2024-05-07,2024-05-08,5,0,-0.01795879707433945,62312.07,61193.03,0,1,1,1,0,1,0.4852873225631749,0.5118041494224471,0.5270824920350975
BTCUSDT,2024-05-08,2024-05-09,5,1,0.030738468090238502,61193.03,63074.01,0,1,1,1,0,1,0.4796314381938697,0.5118572749089276,0.5316020449077397
BTCUSDT,2024-05-09,2024-05-10,5,0,-0.03605320162773862,63074.0,60799.99,0,0,0,0,1,1,0.39639767806278664,0.43449093606016975,0.48313286230383684
BTCUSDT,2024-05-10,2024-05-11,5,1,0.0004276316492815013,60799.99,60825.99,1,1,1,1,0,1,0.5496461521201629,0.6402843913455663,0.5501187187339491
BTCUSDT,2024-05-11,2024-05-12,5,1,0.010817744191257805,60825.99,61483.99,0,1,1,0,1,1,0.473510676329414,0.5919914884487193,0.5130456233056631
BTCUSDT,2024-05-12,2024-05-13,5,1,0.02368242529478004,61484.0,62940.08,0,0,1,0,1,1,0.44501400634965027,0.49029852003546276,0.5026907767583171
BTCUSDT,2024-05-13,2024-05-14,5,0,-0.021649003306001613,62940.09,61577.49,0,0,0,0,1,1,0.429821704903123,0.33995850928866705,0.49001401261934396
BTCUSDT,2024-05-14,2024-05-15,5,1,0.0751737363767182,61577.49,66206.5,0,0,1,1,0,1,0.4954279386700506,0.441856096064228,0.5353592260519852
BTCUSDT,2024-05-15,2024-05-16,5,0,-0.014670613912531216,66206.51,65235.21,0,0,0,0,1,1,0.38121431713367365,0.45123212411460856,0.44108971749522297
BTCUSDT,2024-05-16,2024-05-17,5,1,0.027420621471134998,65235.21,67024.0,0,0,1,1,0,1,0.49940502993940544,0.3486774811537177,0.5282630399229897
BTCUSDT,2024-05-17,2024-05-18,5,0,-0.0016232991167343114,67024.0,66915.2,0,0,0,0,1,1,0.4311471763529067,0.27899195541480604,0.4863619482735178
BTCUSDT,2024-05-18,2024-05-19,5,0,-0.009582127827459264,66915.2,66274.01,0,0,1,1,0,1,0.45976808184294904,0.39730842762772456,0.5151012477045059
BTCUSDT,2024-05-19,2024-05-20,5,1,0.07804884599558704,66274.0,71446.62,0,0,1,1,0,1,0.49354947122025716,0.39075429762391234,0.5231129578232213
BTCUSDT,2024-05-20,2024-05-21,5,0,-0.018171328468722492,71446.62,70148.34,0,0,0,0,1,1,0.4154239495471057,0.49840947636395616,0.4384514158886674
BTCUSDT,2024-05-21,2024-05-22,5,0,-0.013994914206095221,70148.34,69166.62,0,0,1,1,0,1,0.4835310475562503,0.47850329185371915,0.5318181513845383
BTCUSDT,2024-05-22,2024-05-23,5,0,-0.017305602037514634,69166.62,67969.65,0,0,1,1,0,1,0.47476535537188413,0.39144430477519326,0.5275779544884821
BTCUSDT,2024-05-23,2024-05-24,5,1,0.008538222574340226,67969.66,68549.99,0,0,1,1,0,1,0.48690062967215514,0.3501551636352485,0.5309380810305212
BTCUSDT,2024-05-24,2024-05-25,5,1,0.010803502670095222,68549.99,69290.57,0,0,1,0,1,1,0.4706445193727807,0.3345797477784083,0.5049539229381842
BTCUSDT,2024-05-25,2024-05-26,5,0,-0.011298795781301996,69290.56,68507.67,0,0,1,0,1,1,0.44980775224247155,0.4981170748985785,0.5027049005614219
BTCUSDT,2024-05-26,2024-05-27,5,1,0.01355702215532939,68507.67,69436.43,1,1,1,1,0,1,0.5321101988682058,0.6064350045279606,0.5248480462593241
BTCUSDT,2024-05-27,2024-05-28,5,0,-0.014949501292044975,69436.43,68398.39,0,0,0,0,1,1,0.4763387029996041,0.47309591561817393,0.4999777816687135
BTCUSDT,2024-05-28,2024-05-29,5,0,-0.010906250863507161,68398.4,67652.42,0,0,1,1,0,1,0.4883573488353268,0.4465285986744038,0.528545907228522
BTCUSDT,2024-05-29,2024-05-30,5,1,0.01034331070492378,67652.41,68352.17,1,0,1,1,0,1,0.548367087881142,0.4707720770839589,0.5244510750649286
BTCUSDT,2024-05-30,2024-05-31,5,0,-0.011881992919902995,68352.17,67540.01,1,0,1,0,1,1,0.5180387552885961,0.4687648749405766,0.5031613933427803
BTCUSDT,2024-05-31,2024-06-01,5,1,0.0033586018124664996,67540.01,67766.85,1,1,1,1,0,1,0.5842980055822856,0.5016799592889241,0.525438052380839
BTCUSDT,2024-06-01,2024-06-02,5,0,-1.8002902599123516e-05,67766.84,67765.63,0,0,1,0,1,1,0.4841966796114965,0.49890822640830396,0.5101145021540424
BTCUSDT,2024-06-02,2024-06-03,5,1,0.015410024226145236,67765.62,68809.9,1,0,1,1,0,1,0.5356806212031207,0.4571660855497577,0.5134919590349435
BTCUSDT,2024-06-03,2024-06-04,5,1,0.025111793506457758,68809.89,70537.84,1,0,0,0,1,1,0.5122723217389031,0.45339052038684446,0.4981467041473745
BTCUSDT,2024-06-04,2024-06-05,5,1,0.00808303741651284,70537.83,71108.0,0,0,0,0,1,1,0.4318132356176769,0.4469642178964071,0.4886158589764559
BTCUSDT,2024-06-05,2024-06-06,5,0,-0.004344658828823844,71108.0,70799.06,0,0,1,0,1,1,0.4802325513218644,0.38208104461634373,0.5054064294391629
BTCUSDT,2024-06-06,2024-06-07,5,0,-0.020388123797123736,70799.06,69355.6,0,1,1,1,0,1,0.48928442266704286,0.5026401632319929,0.5178345605892989
BTCUSDT,2024-06-07,2024-06-08,5,0,-0.0006508486697541782,69355.6,69310.46,1,1,1,1,0,1,0.5633245956421766,0.6453368727454307,0.5340743008163787
BTCUSDT,2024-06-08,2024-06-09,5,1,0.004871991904252138,69310.46,69648.14,1,1,1,1,0,1,0.5147918532349779,0.5413760524390894,0.5141261052842131
BTCUSDT,2024-06-09,2024-06-10,5,0,-0.0015526617078359672,69648.15,69540.0,0,1,1,0,1,1,0.4748056335701618,0.5245774118896154,0.5086041000788334
BTCUSDT,2024-06-10,2024-06-11,5,0,-0.032006902502156986,69540.0,67314.24,1,1,1,1,0,1,0.5155367711752592,0.6631537446451826,0.5150303865548952
BTCUSDT,2024-06-11,2024-06-12,5,1,0.014109198885703833,67314.23,68263.99,1,1,1,1,0,1,0.5506729368176454,0.6575705545625394,0.5459582467437895
BTCUSDT,2024-06-12,2024-06-13,5,0,-0.021841383722223218,68263.98,66773.01,1,0,0,0,1,1,0.52937397766488,0.4345382372380887,0.4994317860434524
BTCUSDT,2024-06-13,2024-06-14,5,0,-0.010917884336799966,66773.01,66043.99,1,0,1,1,0,1,0.5506082333203466,0.45820751976337204,0.5355553800012528
BTCUSDT,2024-06-14,2024-06-15,5,1,0.0027899586321176173,66043.99,66228.25,1,1,1,1,0,1,0.5234383059263379,0.5589355048921352,0.5244628378966814
BTCUSDT,2024-06-15,2024-06-16,5,1,0.006773846508098869,66228.25,66676.87,0,1,1,0,1,1,0.4953513969485901,0.5359212818530186,0.5106825652035362
BTCUSDT,2024-06-16,2024-06-17,5,0,-0.002587703951910103,66676.86,66504.33,0,0,1,0,1,1,0.4910280037817219,0.3977114480060373,0.5067090038818854
BTCUSDT,2024-06-17,2024-06-18,5,0,-0.019983811580388866,66504.33,65175.32,0,0,1,1,0,1,0.47960330342609936,0.4848890409618086,0.5160691470632311
BTCUSDT,2024-06-18,2024-06-19,5,0,-0.0030832222994838787,65175.32,64974.37,0,1,1,1,0,1,0.4909794479745154,0.5246721723014596,0.533662531807076
BTCUSDT,2024-06-19,2024-06-20,5,0,-0.0016064796011104887,64974.37,64869.99,1,0,1,1,0,1,0.5317173287339256,0.486209112333482,0.5165667784783433
BTCUSDT,2024-06-20,2024-06-21,5,0,-0.011198244365383747,64869.99,64143.56,1,1,1,1,0,1,0.5462855457923603,0.5495129868878469,0.51508437451406
BTCUSDT,2024-06-21,2024-06-22,5,1,0.0018466390078755168,64143.56,64262.01,1,1,1,1,0,1,0.5233615752856094,0.6405206156021502,0.5247463489995243
BTCUSDT,2024-06-22,2024-06-23,5,0,-0.016370480786393027,64262.01,63210.01,1,0,1,0,1,1,0.527817161591653,0.4833756134762626,0.511625571620616
BTCUSDT,2024-06-23,2024-06-24,5,0,-0.04614316624851034,63210.01,60293.3,1,1,1,1,0,1,0.5772118370638954,0.7222702834716458,0.5299881209068369
BTCUSDT,2024-06-24,2024-06-25,5,1,0.025089189014368074,60293.3,61806.01,1,1,1,1,0,1,0.5410224479443967,0.5054687566385363,0.5605378094970958
BTCUSDT,2024-06-25,2024-06-26,5,0,-0.015225380185519222,61806.01,60864.99,0,0,0,0,1,1,0.44043098381132256,0.4544669805084625,0.48863795332855336
BTCUSDT,2024-06-26,2024-06-27,5,1,0.013825353458531753,60864.98,61706.47,1,0,1,1,0,1,0.5506696273854614,0.4680992238956564,0.5288257838773108
BTCUSDT,2024-06-27,2024-06-28,5,0,-0.020721165868020086,61706.46,60427.84,0,0,0,0,1,1,0.4731394698769728,0.4378131284183667,0.49971241685538226
BTCUSDT,2024-06-28,2024-06-29,5,1,0.009248055201046546,60427.84,60986.68,1,1,1,1,0,1,0.551892393183564,0.5165203894325182,0.5344135780367356
BTCUSDT,2024-06-29,2024-06-30,5,1,0.029274097229099905,60986.68,62772.01,0,0,1,0,1,1,0.4373930846211747,0.37151105237982274,0.5042486590121793
BTCUSDT,2024-06-30,2024-07-01,5,1,0.002038806786655245,62772.01,62899.99,0,0,0,0,1,1,0.38076919900388295,0.3859948661905388,0.4845566166812724
BTCUSDT,2024-07-01,2024-07-02,5,0,-0.01215453293394797,62900.0,62135.47,0,0,1,0,1,1,0.45605479909018454,0.3830266060207659,0.5114334021451792
BTCUSDT,2024-07-02,2024-07-03,5,0,-0.031011111688702075,62135.46,60208.58,0,0,1,1,0,1,0.46265930958556944,0.4635945492427893,0.5257138695116743
BTCUSDT,2024-07-03,2024-07-04,5,0,-0.05246046327616427,60208.57,57050.01,0,0,1,1,0,1,0.4741977769642056,0.47461697471986874,0.5449360201326604
BTCUSDT,2024-07-04,2024-07-05,5,0,-0.007383346646214428,57050.02,56628.79,1,1,1,1,0,1,0.5398887859958403,0.5943525149585744,0.5670906368817018
BTCUSDT,2024-07-05,2024-07-06,5,1,0.02827784241902398,56628.79,58230.13,0,0,1,1,0,1,0.4556754377606149,0.42100783373432177,0.5208941636094583
BTCUSDT,2024-07-06,2024-07-07,5,0,-0.040740420809639244,58230.13,55857.81,0,1,0,0,1,1,0.433446472436105,0.5006058441749542,0.48552654213890434
BTCUSDT,2024-07-07,2024-07-08,5,1,0.015339126256471713,55857.81,56714.62,1,1,1,1,0,1,0.5500705837262065,0.6460341417454681,0.5549512339820635
BTCUSDT,2024-07-08,2024-07-09,5,1,0.023545604290392763,56714.61,58050.0,0,0,0,0,1,1,0.451709719286088,0.48798171121867717,0.4982167011569413
BTCUSDT,2024-07-09,2024-07-10,5,0,-0.005583979328165345,58050.0,57725.85,0,0,0,0,1,1,0.3874114998566528,0.44209015048082373,0.49014795663541677
BTCUSDT,2024-07-10,2024-07-11,5,0,-0.0066860860429079905,57725.85,57339.89,0,0,1,1,0,1,0.47827208061588145,0.38696436583910027,0.5190814566941853
BTCUSDT,2024-07-11,2024-07-12,5,1,0.009578148824491928,57339.89,57889.1,1,1,1,1,0,1,0.5075328087362639,0.5428349682245117,0.5201914068915477
BTCUSDT,2024-07-12,2024-07-13,5,1,0.02271446610847283,57889.09,59204.02,0,0,1,0,1,1,0.4129807638103824,0.4791980717380959,0.503920852998757
BTCUSDT,2024-07-13,2024-07-14,5,1,0.026921989418961845,59204.01,60797.91,0,0,0,0,1,1,0.408086768000588,0.3450834688439099,0.49096203281320666
BTCUSDT,2024-07-14,2024-07-15,5,1,0.06457837119729937,60797.91,64724.14,0,0,0,0,1,1,0.3850056207027306,0.31498864968416435,0.4868482470774948
BTCUSDT,2024-07-15,2024-07-16,5,1,0.0049417419837483045,64724.06,65043.99,0,0,0,0,1,1,0.3493164587849101,0.4201494320496545,0.4509016093368565
BTCUSDT,2024-07-16,2024-07-17,5,0,-0.014697745325894074,65044.0,64087.99,0,0,1,0,1,1,0.3948519958868205,0.3851620782260947,0.508534538565167
BTCUSDT,2024-07-17,2024-07-18,5,0,-0.001561447004345129,64087.99,63987.92,0,0,1,1,0,1,0.4822828012300572,0.3473959946881028,0.528290555805394
BTCUSDT,2024-07-18,2024-07-19,5,1,0.041759132036171875,63987.92,66660.0,0,0,1,1,0,1,0.4427685539049376,0.27755866832311027,0.515039199438403
BTCUSDT,2024-07-19,2024-07-20,5,1,0.007200120012001321,66660.01,67139.96,0,0,0,0,1,1,0.40860200427365917,0.2967452074635551,0.472492584574357
BTCUSDT,2024-07-20,2024-07-21,5,1,0.015272276003738927,67139.97,68165.34,0,0,1,0,1,1,0.4301839286686353,0.27344396877991506,0.5062847079692003
BTCUSDT,2024-07-21,2024-07-22,5,0,-0.009291085469536275,68165.35,67532.01,0,0,0,0,1,1,0.42299211778620105,0.3524457592777739,0.4982827064286035
BTCUSDT,2024-07-22,2024-07-23,5,0,-0.023633237038257815,67532.0,65936.01,0,0,1,1,0,1,0.4252236170174703,0.3459981058093361,0.5228190342537568
BTCUSDT,2024-07-23,2024-07-24,5,0,-0.00849323457697837,65936.0,65376.0,0,0,1,1,0,1,0.4915365325834981,0.4829550843008013,0.5373836983413716
BTCUSDT,2024-07-24,2024-07-25,5,1,0.006484795643661334,65376.01,65799.95,1,0,1,1,0,1,0.5012597105429346,0.39973739811609543,0.5220136471487828
BTCUSDT,2024-07-25,2024-07-26,5,1,0.0320371064111753,65799.95,67907.99,0,0,1,0,1,1,0.4415319823771224,0.45422427849035835,0.5069968105250703
BTCUSDT,2024-07-26,2024-07-27,5,0,-0.00016919953012906053,67908.0,67896.5,0,0,0,0,1,1,0.44925479263284784,0.3423560675178212,0.4818721627819853
BTCUSDT,2024-07-27,2024-07-28,5,1,0.005204686544961978,67896.49,68249.88,1,0,1,1,0,1,0.5150958075901841,0.3248441001951636,0.5136434338981971
BTCUSDT,2024-07-28,2024-07-29,5,0,-0.02146802309396001,68249.88,66784.69,0,0,1,0,1,1,0.4192956215074961,0.311069447562679,0.5082723453136855
BTCUSDT,2024-07-29,2024-07-30,5,0,-0.008934532749946156,66784.68,66188.0,1,0,1,1,0,1,0.5761042082884118,0.4542114651393161,0.5351747211442373
BTCUSDT,2024-07-30,2024-07-31,5,0,-0.023569227050220576,66188.0,64628.0,0,0,1,1,0,1,0.48207229962489967,0.34878577918025944,0.5224590479495002
BTCUSDT,2024-07-31,2024-08-01,5,1,0.011233830537847433,64628.01,65354.02,1,0,1,1,0,1,0.5754826943648825,0.3884615606914264,0.5373183449819203
BTCUSDT,2024-08-01,2024-08-02,5,0,-0.05899698289408972,65354.02,61498.33,0,0,1,0,1,1,0.4590735182758936,0.39810596197766956,0.5022782157241156
BTCUSDT,2024-08-02,2024-08-03,5,0,-0.013014011925201907,61498.34,60697.99,1,1,1,1,0,1,0.6220118830074467,0.5410603558498627,0.5738921073647252
BTCUSDT,2024-08-03,2024-08-04,5,0,-0.04179693594466638,60697.99,58161.0,1,1,1,1,0,1,0.5434937562641176,0.6219395135364864,0.5265840781747714
BTCUSDT,2024-08-04,2024-08-05,5,0,-0.07121937380719046,58161.0,54018.81,1,1,1,1,0,1,0.5708409898781512,0.6735849302411644,0.5560423547701023
BTCUSDT,2024-08-05,2024-08-06,5,1,0.03708337891930613,54018.82,56022.01,1,0,1,1,0,1,0.6373391866394281,0.42956140181165947,0.5866597391071342
BTCUSDT,2024-08-06,2024-08-07,5,0,-0.01584823536320812,56022.0,55134.16,0,0,0,0,1,1,0.48038660027039504,0.4947126044110986,0.4769906498050955
BTCUSDT,2024-08-07,2024-08-08,5,1,0.11883431252058596,55133.76,61685.99,1,1,1,1,0,1,0.592170845248884,0.5648333716070296,0.529457886313832
BTCUSDT,2024-08-08,2024-08-09,5,0,-0.013747043696631933,61686.0,60837.99,1,0,0,0,1,1,0.517103717492318,0.3579069060051005,0.40218801542724203
BTCUSDT,2024-08-09,2024-08-10,5,1,0.0014057006156844576,60837.99,60923.51,1,0,1,1,0,1,0.5277675764723044,0.48532623006414877,0.5273267324933179
BTCUSDT,2024-08-10,2024-08-11,5,0,-0.03629009556409346,60923.51,58712.59,0,0,1,0,1,1,0.49354139741897857,0.4091176873545938,0.5120666401784231
BTCUSDT,2024-08-11,2024-08-12,5,1,0.0107992169992841,58712.59,59346.64,1,1,1,1,0,1,0.5459092007449754,0.6540740902237402,0.5503626260440195
BTCUSDT,2024-08-12,2024-08-13,5,1,0.02090278404977952,59346.64,60587.15,0,0,1,0,1,1,0.46560590574556643,0.47151344147853624,0.5027091508456949
BTCUSDT,2024-08-13,2024-08-14,5,0,-0.031421844400999266,60587.16,58683.39,0,0,0,0,1,1,0.4453399449014767,0.49896003496352254,0.49273897952139295
BTCUSDT,2024-08-14,2024-08-15,5,0,-0.019465985179111134,58683.39,57541.06,1,1,1,1,0,1,0.5535665873821812,0.5706516639421508,0.5453575758262568
BTCUSDT,2024-08-15,2024-08-16,5,1,0.023175450712934476,57541.05,58874.6,1,1,1,1,0,1,0.5196508145834196,0.6426039930620353,0.5331353362227074
BTCUSDT,2024-08-16,2024-08-17,5,1,0.010486525598475405,58874.59,59491.99,0,0,0,0,1,1,0.4930772919054841,0.49665212610369996,0.4905104236515001
BTCUSDT,2024-08-17,2024-08-18,5,0,-0.017895518371464747,59491.99,58427.35,0,0,1,0,1,1,0.47175835437324815,0.26920819817022934,0.5030193079086939
BTCUSDT,2024-08-18,2024-08-19,5,1,0.017306107499313272,58427.35,59438.5,1,1,1,1,0,1,0.5957580829748276,0.7777780382513148,0.5315377085083588
BTCUSDT,2024-08-19,2024-08-20,5,0,-0.007145200501358473,59438.5,59013.8,0,0,0,0,1,1,0.4256108599526678,0.375554237726899,0.4962765625153929
BTCUSDT,2024-08-20,2024-08-21,5,1,0.03630049242719502,59013.8,61156.03,1,0,1,1,0,1,0.5537041812932925,0.46522866732598456,0.5206540939578326
BTCUSDT,2024-08-21,2024-08-22,5,0,-0.012757368324922358,61156.03,60375.84,0,0,0,0,1,1,0.4228939955687865,0.3130048423605113,0.4777461525678178
BTCUSDT,2024-08-22,2024-08-23,5,1,0.06064346268308651,60375.83,64037.24,0,1,1,1,0,1,0.4906725977464826,0.7226622170509114,0.5263241679991205
BTCUSDT,2024-08-23,2024-08-24,5,1,0.0018703179587378216,64037.24,64157.01,0,0,0,0,1,1,0.47192227154468064,0.34638221339819225,0.4545806897902659
BTCUSDT,2024-08-24,2024-08-25,5,1,0.0009818100937060148,64157.02,64220.0,0,0,1,0,1,1,0.4428986255887412,0.47654284592806134,0.5116018906541197
BTCUSDT,2024-08-25,2024-08-26,6,0,-0.021582061663033336,64219.99,62834.0,0,1,1,0,1,1,0.4935004949723778,0.5697352588800398,0.5129069435225387
BTCUSDT,2024-08-26,2024-08-27,6,0,-0.05441321577489899,62834.0,59415.0,0,0,1,1,0,1,0.49118578571849236,0.3714047318144635,0.5383914904897179
BTCUSDT,2024-08-27,2024-08-28,6,0,-0.006397374400403888,59415.0,59034.9,0,1,1,1,0,1,0.49928732556649075,0.5791963579958396,0.5761301185147969
BTCUSDT,2024-08-28,2024-08-29,6,1,0.0054901422717748005,59034.9,59359.01,0,1,1,1,0,1,0.44220253123137954,0.5636410542959036,0.5211913296761349
BTCUSDT,2024-08-29,2024-08-30,6,0,-0.003959297838693754,59359.0,59123.99,1,1,1,0,1,1,0.5357725111732128,0.5834131760647363,0.5078718219044416
BTCUSDT,2024-08-30,2024-08-31,6,0,-0.0025370412247210927,59123.99,58973.99,1,1,1,1,0,1,0.5165335336422966,0.5677455458652511,0.5184484552318598
BTCUSDT,2024-08-31,2024-09-01,6,0,-0.028353686091105557,58974.0,57301.86,1,1,1,1,0,1,0.5564020659866643,0.658724184528477,0.5168509702479082
BTCUSDT,2024-09-01,2024-09-02,6,1,0.03194084799341579,57301.77,59132.13,1,1,1,1,0,1,0.5871205813551906,0.691848438693319,0.5461208119394797
BTCUSDT,2024-09-02,2024-09-03,6,0,-0.0278089086254798,59132.12,57487.73,0,0,0,0,1,1,0.44665080243857846,0.3770671917501619,0.4787782991674308
BTCUSDT,2024-09-03,2024-09-04,6,1,0.008404750022309004,57487.74,57970.9,1,1,1,1,0,1,0.5780474428739455,0.7535340294739563,0.5454977718933736
BTCUSDT,2024-09-04,2024-09-05,6,0,-0.030893086013844884,57970.9,56180.0,0,0,1,0,1,1,0.43997457971016896,0.4343458869437912,0.5046277394626082
BTCUSDT,2024-09-05,2024-09-06,6,0,-0.03946297614809535,56180.0,53962.97,1,1,1,1,0,1,0.5650000282332998,0.6756269796121672,0.5490276960887052
BTCUSDT,2024-09-06,2024-09-07,6,1,0.0036671443399056702,53962.97,54160.86,1,1,1,1,0,1,0.5775380195548552,0.6510399189924602,0.5588682198581473
BTCUSDT,2024-09-07,2024-09-08,6,1,0.013092295801802267,54160.86,54869.95,1,1,1,0,1,1,0.5301985487607346,0.6842803244340255,0.5099053591712973
BTCUSDT,2024-09-08,2024-09-09,6,1,0.03958541970605056,54869.95,57042.0,0,0,0,0,1,1,0.48260265631745386,0.4783979953486127,0.4994292187718527
BTCUSDT,2024-09-09,2024-09-10,6,1,0.010413204305599333,57042.01,57635.99,0,0,0,0,1,1,0.46893999831697736,0.3968777033452519,0.4705263837366616
BTCUSDT,2024-09-10,2024-09-11,6,0,-0.005170207018218909,57635.99,57338.0,0,0,1,0,1,1,0.42762518779293474,0.392401907351485,0.5023974541273769
BTCUSDT,2024-09-11,2024-09-12,6,1,0.013853291011196811,57338.0,58132.32,0,0,1,1,0,1,0.4242731184040538,0.3604436531784854,0.5198100561756317
BTCUSDT,2024-09-12,2024-09-13,6,1,0.04069474605520651,58132.31,60498.0,0,0,0,0,1,1,0.42632368496165973,0.4142328201155122,0.4985875219445864
BTCUSDT,2024-09-13,2024-09-14,6,0,-0.008346887500413236,60497.99,59993.03,0,0,0,0,1,1,0.43415121782816946,0.3976201276399401,0.4693351926072568
BTCUSDT,2024-09-14,2024-09-15,6,0,-0.014352167243428138,59993.02,59132.0,0,1,1,1,0,1,0.4972686906328011,0.5407759077626809,0.5233884954284715
BTCUSDT,2024-09-15,2024-09-16,6,0,-0.01552475816816612,59132.0,58213.99,1,1,1,1,0,1,0.5274556582891078,0.5708859181651925,0.5301777915317898
BTCUSDT,2024-09-16,2024-09-17,6,1,0.03607380287796791,58213.99,60313.99,0,1,1,1,0,1,0.47469687024645535,0.583625842276611,0.531507066901427
BTCUSDT,2024-09-17,2024-09-18,6,1,0.023974537250810224,60313.99,61759.99,0,0,0,0,1,1,0.41755529857618495,0.3147582116570308,0.47430770289197327
BTCUSDT,2024-09-18,2024-09-19,6,1,0.019235754409934414,61759.98,62947.99,0,0,0,0,1,1,0.3860602384855478,0.3320638298080019,0.4874552155376041
BTCUSDT,2024-09-19,2024-09-20,6,1,0.004020144249244684,62948.0,63201.05,0,0,0,0,1,1,0.48373308702619866,0.4721158887934298,0.49265273789757935
BTCUSDT,2024-09-20,2024-09-21,6,1,0.0023403092195461994,63201.05,63348.96,1,1,1,0,1,1,0.5079114372879195,0.5347142944989002,0.5095113263564068
BTCUSDT,2024-09-21,2024-09-22,6,1,0.003627526008319615,63348.97,63578.76,0,0,1,0,1,1,0.46509310012886085,0.3861785692203399,0.5113875525198934
BTCUSDT,2024-09-22,2024-09-23,6,0,-0.0037554994781276996,63578.76,63339.99,0,0,1,0,1,1,0.47398472300072747,0.4627184504455431,0.5099495906499298
BTCUSDT,2024-09-23,2024-09-24,6,1,0.014567574134444872,63339.99,64262.7,1,0,1,1,0,1,0.52446244355971,0.4510254342232947,0.5182194304374296
BTCUSDT,2024-09-24,2024-09-25,6,0,-0.017283587524333677,64262.7,63152.01,0,0,0,0,1,1,0.43362501407438403,0.4488482794861608,0.4977980726850144
BTCUSDT,2024-09-25,2024-09-26,6,1,0.03201766657941674,63152.01,65173.99,1,1,1,1,0,1,0.5454009449637139,0.5224248476742909,0.5335030407765868
BTCUSDT,2024-09-26,2024-09-27,6,1,0.009144138635673427,65173.99,65769.95,0,0,0,0,1,1,0.47900734654482197,0.46830096157439244,0.47869500840241197
BTCUSDT,2024-09-27,2024-09-28,6,1,0.0013387572896133015,65769.95,65858.0,1,1,1,0,1,1,0.5172805256024315,0.5454697224552125,0.5038061868755109
BTCUSDT,2024-09-28,2024-09-29,6,0,-0.0038869993015275828,65858.0,65602.01,1,0,1,0,1,1,0.5458014198546745,0.48588916227022355,0.5125075441338347
BTCUSDT,2024-09-29,2024-09-30,6,0,-0.03466997428889751,65602.01,63327.59,1,1,1,1,0,1,0.5791725482405321,0.5896670342711156,0.518367203004417
BTCUSDT,2024-09-30,2024-10-01,6,0,-0.03982166382772501,63327.6,60805.78,1,1,1,1,0,1,0.6074973480617449,0.7102541109594845,0.5533589948858316
BTCUSDT,2024-10-01,2024-10-02,6,0,-0.002573768480562233,60804.92,60649.28,1,1,1,1,0,1,0.6062433437624463,0.6716799730314711,0.5592810448115817
BTCUSDT,2024-10-02,2024-10-03,6,1,0.001705378860227258,60649.27,60752.71,1,0,1,1,0,1,0.561795467176412,0.4791521921713107,0.5168921982776765
BTCUSDT,2024-10-03,2024-10-04,6,1,0.021946181495442696,60752.72,62086.0,1,0,1,0,1,1,0.5302977090448233,0.4671824290279806,0.5120974513577855
BTCUSDT,2024-10-04,2024-10-05,6,0,-0.00045098734014104025,62086.0,62058.0,1,0,0,0,1,1,0.5311851417684733,0.40708578467520234,0.4896767099694779
BTCUSDT,2024-10-05,2024-10-06,6,1,0.012277385671468632,62058.01,62819.91,1,0,1,1,0,1,0.5625722660662111,0.40879137592007203,0.5145114086617089
BTCUSDT,2024-10-06,2024-10-07,6,0,-0.009486005312646983,62819.91,62224.0,1,0,1,0,1,1,0.5306282362115657,0.4221475595404828,0.5003312528408318
BTCUSDT,2024-10-07,2024-10-08,6,0,-0.001020667266649511,62224.01,62160.49,1,1,1,1,0,1,0.6011467632153429,0.5214168223547154,0.5246739047748545
BTCUSDT,2024-10-08,2024-10-09,6,0,-0.02452474232426416,62160.5,60636.02,1,1,1,1,0,1,0.5406444453651329,0.6202663715426482,0.5151499013779448
BTCUSDT,2024-10-09,2024-10-10,6,0,-0.005106370767738344,60636.01,60326.39,1,1,1,1,0,1,0.5860420578779657,0.7024810176888708,0.5417462434961668
BTCUSDT,2024-10-10,2024-10-11,6,1,0.036693891346722296,60326.4,62540.0,1,0,1,1,0,1,0.5205479528931096,0.4797769082954258,0.5197382416150661
BTCUSDT,2024-10-11,2024-10-12,6,1,0.010652702270546932,62539.99,63206.22,1,0,0,0,1,1,0.5437653721647024,0.455879586317621,0.4736388320352272
BTCUSDT,2024-10-12,2024-10-13,6,0,-0.005319096759781039,63206.23,62870.02,1,0,1,0,1,1,0.5125117342680315,0.3833627460397961,0.5021317917333389
BTCUSDT,2024-10-13,2024-10-14,6,1,0.051120868102157546,62870.02,66083.99,1,0,1,1,0,1,0.5217400692628412,0.4237541427084773,0.5199775690093842
BTCUSDT,2024-10-14,2024-10-15,6,1,0.014983205463229288,66084.0,67074.14,1,1,0,0,1,1,0.5033201344314172,0.5143331875903744,0.45821999981434774
BTCUSDT,2024-10-15,2024-10-16,6,1,0.008138307848598592,67074.14,67620.01,1,1,0,0,1,1,0.5129477929625847,0.5773614486042832,0.49733896379034004
BTCUSDT,2024-10-16,2024-10-17,6,0,-0.0029315286998625734,67620.0,67421.78,1,0,1,0,1,1,0.5344188319132036,0.47039595820998303,0.5049239315700547
BTCUSDT,2024-10-17,2024-10-18,6,1,0.014924257413553965,67421.78,68428.0,1,1,1,1,0,1,0.527193824791866,0.6007412223691756,0.5172938678545647
BTCUSDT,2024-10-18,2024-10-19,6,0,-0.000730695037119311,68427.99,68378.0,1,1,0,0,1,1,0.5486511281728238,0.5475328491599997,0.4974040664671671
BTCUSDT,2024-10-19,2024-10-20,6,1,0.00956433355757702,68377.99,69031.99,1,0,1,1,0,1,0.5822164816016803,0.40850492561041957,0.5148248633797209
BTCUSDT,2024-10-20,2024-10-21,6,0,-0.023967004283086846,69032.0,67377.5,1,1,1,0,1,1,0.5777889513816923,0.5106818969226282,0.5033395568929574
BTCUSDT,2024-10-21,2024-10-22,6,1,0.0007198248673518926,67377.5,67426.0,1,1,1,1,0,1,0.5972327881301944,0.5713341842623832,0.5411099086600966
BTCUSDT,2024-10-22,2024-10-23,6,0,-0.011232313944175898,67426.01,66668.65,1,0,1,0,1,1,0.5183169306979217,0.4931401650652359,0.5132001671673527
BTCUSDT,2024-10-23,2024-10-24,6,1,0.022943767422919148,66668.65,68198.28,1,0,1,1,0,1,0.5477995735125623,0.49741948531985963,0.5266467146306428
BTCUSDT,2024-10-24,2024-10-25,6,0,-0.02199395644582236,68198.27,66698.33,1,1,0,0,1,1,0.5499325857049299,0.5704836524758172,0.48858352769990354
BTCUSDT,2024-10-25,2024-10-26,6,1,0.005913641316056761,66698.32,67092.76,1,1,1,1,0,1,0.6585741182693559,0.6741343410493197,0.5388606724932001
BTCUSDT,2024-10-26,2024-10-27,6,1,0.013845607186230069,67092.76,68021.7,1,0,1,0,1,1,0.5891764250169272,0.4132256845353703,0.5073999006978294
BTCUSDT,2024-10-27,2024-10-28,6,1,0.028527808037729363,68021.69,69962.21,1,0,0,0,1,1,0.5378260680213632,0.3656469048327856,0.49859601743004844
BTCUSDT,2024-10-28,2024-10-29,6,1,0.03965297837218107,69962.21,72736.42,1,1,0,0,1,1,0.505489550938795,0.5089639624942477,0.48248629537526183
BTCUSDT,2024-10-29,2024-10-30,6,0,-0.00538492271134583,72736.41,72344.74,1,1,0,0,1,1,0.5717358036344743,0.6279013927107687,0.47045379336988663
BTCUSDT,2024-10-30,2024-10-31,6,0,-0.028374281253896405,72344.75,70292.01,1,0,1,1,0,1,0.5308069012087738,0.47952705683441105,0.5200516350184102
BTCUSDT,2024-10-31,2024-11-01,6,0,-0.011324188908526045,70292.01,69496.01,1,1,1,1,0,1,0.61264373877167,0.7466443786316342,0.546144369827904
BTCUSDT,2024-11-01,2024-11-02,6,0,-0.0017449922664622974,69496.0,69374.74,1,1,1,1,0,1,0.6449723054944649,0.6793649871843045,0.5267505799802542
BTCUSDT,2024-11-02,2024-11-03,6,0,-0.008630662976178316,69374.74,68775.99,1,1,1,1,0,1,0.6055930294394404,0.5458956299854236,0.5159621732931088
BTCUSDT,2024-11-03,2024-11-04,6,0,-0.01346371022794457,68775.99,67850.01,1,1,1,1,0,1,0.5803185030482244,0.5167531237643023,0.52370860633473
BTCUSDT,2024-11-04,2024-11-05,6,1,0.022431831623900944,67850.01,69372.01,1,1,1,1,0,1,0.5994935917019396,0.5148096433114172,0.5291713835686744
BTCUSDT,2024-11-05,2024-11-06,6,1,0.0893729329739763,69372.01,75571.99,1,0,0,0,1,1,0.5750426685619107,0.49412601076848556,0.4891443749016965
BTCUSDT,2024-11-06,2024-11-07,6,1,0.0037831476979763856,75571.99,75857.89,1,1,0,0,1,1,0.6388014933670904,0.5552226320427617,0.4187796084094685
BTCUSDT,2024-11-07,2024-11-08,6,1,0.008593568843003663,75857.89,76509.78,1,1,1,0,1,1,0.6103065998371084,0.6445139005793302,0.5097758575664334
BTCUSDT,2024-11-08,2024-11-09,6,1,0.0021916152418686163,76509.78,76677.46,1,1,1,0,1,1,0.5881141744907104,0.5634334632383176,0.5044178832403707
BTCUSDT,2024-11-09,2024-11-10,6,1,0.04815691599591321,76677.46,80370.01,1,0,1,0,1,1,0.5320876676583074,0.47241685937030126,0.5115537672143565
BTCUSDT,2024-11-10,2024-11-11,6,1,0.10299836966550102,80370.01,88647.99,1,1,0,0,1,1,0.5919921679325786,0.6381507552558533,0.4613648517503575
BTCUSDT,2024-11-11,2024-11-12,6,0,-0.00785105223479976,88648.0,87952.01,1,0,0,0,1,1,0.5500222562852863,0.4519873186125635,0.4052784034260333
BTCUSDT,2024-11-12,2024-11-13,6,1,0.027551274837266382,87952.0,90375.2,1,1,1,1,0,1,0.5787554771032535,0.6083805778343303,0.5228293458490278
BTCUSDT,2024-11-13,2024-11-14,6,0,-0.03374388106471693,90375.21,87325.59,1,1,0,0,1,1,0.5340155597202423,0.5338954646575863,0.48354985893197333
BTCUSDT,2024-11-14,2024-11-15,6,1,0.04244437398018164,87325.59,91032.07,1,1,1,1,0,1,0.5851612349057315,0.7241859836226667,0.5522961182987781
BTCUSDT,2024-11-15,2024-11-16,6,0,-0.004890034907478302,91032.08,90586.92,0,0,0,0,1,1,0.4909962278402791,0.4849595777783824,0.4674597394205225
BTCUSDT,2024-11-16,2024-11-17,6,0,-0.008068824947354392,90587.98,89855.99,1,1,1,1,0,1,0.592574832669283,0.6428800135076967,0.5194948961276916
BTCUSDT,2024-11-17,2024-11-18,6,1,0.006767384122082332,89855.98,90464.08,1,1,1,1,0,1,0.5627731701595222,0.5953388033181405,0.5230748991544321
BTCUSDT,2024-11-18,2024-11-19,6,1,0.020413737695668788,90464.07,92310.79,1,1,1,0,1,1,0.5807971429593275,0.5978360634380181,0.5064491068906759
BTCUSDT,2024-11-19,2024-11-20,6,1,0.02140345673566446,92310.8,94286.56,1,1,0,0,1,1,0.5478400400355483,0.6162558131550577,0.49135827383017067
BTCUSDT,2024-11-20,2024-11-21,6,1,0.04274798019993509,94286.56,98317.12,0,0,0,0,1,1,0.4489275757455408,0.4748536265272901,0.49027193325174107
BTCUSDT,2024-11-21,2024-11-22,6,1,0.0058472013826280644,98317.12,98892.0,1,1,0,0,1,1,0.5218205845798385,0.5162528273511492,0.4671347117550569
BTCUSDT,2024-11-22,2024-11-23,6,0,-0.012332645714516866,98892.0,97672.4,1,1,1,0,1,1,0.5372938054108035,0.5211574198095319,0.5074739250125034
BTCUSDT,2024-11-23,2024-11-24,6,1,0.002330648166728677,97672.4,97900.04,1,1,1,1,0,1,0.5878926305471546,0.6810910826483391,0.5278911286436322
BTCUSDT,2024-11-24,2024-11-25,6,0,-0.04994921350389636,97900.05,93010.01,1,1,1,0,1,1,0.519681640303816,0.5287885786110333,0.5113983512692872
BTCUSDT,2024-11-25,2024-11-26,6,0,-0.011233737099909935,93010.01,91965.16,1,1,1,1,0,1,0.6369162948519711,0.7319139577309314,0.5709649643385155
BTCUSDT,2024-11-26,2024-11-27,6,1,0.04238507278190995,91965.16,95863.11,1,1,1,1,0,1,0.6029548460174187,0.6000364156943049,0.5266483234630976
BTCUSDT,2024-11-27,2024-11-28,6,0,-0.002285863665387078,95863.11,95643.98,1,0,0,0,1,1,0.5258105533360913,0.48840915218659214,0.46752323899827547
BTCUSDT,2024-11-28,2024-11-29,6,1,0.018987290156683212,95643.99,97460.0,1,1,1,1,0,1,0.6140713847751376,0.5696287233668641,0.516569046480155
BTCUSDT,2024-11-29,2024-11-30,6,0,-0.010794274574184248,97460.0,96407.99,1,0,0,0,1,1,0.5824067072263075,0.48395062911865366,0.4929259749023181
BTCUSDT,2024-11-30,2024-12-01,6,1,0.008061468764155144,96407.99,97185.18,1,1,1,1,0,1,0.6373106554710347,0.6909656490916182,0.526151608894355
BTCUSDT,2024-12-01,2024-12-02,6,0,-0.01383503122595442,97185.17,95840.62,1,1,1,0,1,1,0.554699168490507,0.5120868235790552,0.5050093641284674
BTCUSDT,2024-12-02,2024-12-03,6,1,9.463628261174861e-05,95840.61,95849.69,1,1,1,1,0,1,0.6054874972903332,0.5855069090203866,0.5295919199232225
BTCUSDT,2024-12-03,2024-12-04,6,1,0.028561699051921963,95849.69,98587.32,1,1,1,0,1,1,0.5348796845097034,0.6078613697254189,0.5139001747387785
BTCUSDT,2024-12-04,2024-12-05,6,0,-0.016652141472148774,98587.32,96945.63,1,0,0,0,1,1,0.5095792150256566,0.46550402572458077,0.48244940485938914
BTCUSDT,2024-12-05,2024-12-06,6,1,0.028832759145512643,96945.63,99740.84,1,1,1,1,0,1,0.7262478914585478,0.6825428924061295,0.5327861656357092
BTCUSDT,2024-12-06,2024-12-07,6,1,0.0009138683812970338,99740.84,99831.99,1,1,0,0,1,1,0.56564183545548,0.5829746685113046,0.4821544054193808
BTCUSDT,2024-12-07,2024-12-08,6,1,0.012797501081567075,99831.99,101109.59,1,0,1,0,1,1,0.5455748403967273,0.4202219936354926,0.5129829799132866
BTCUSDT,2024-12-08,2024-12-09,6,0,-0.0379105483466009,101109.6,97276.47,0,0,0,0,1,1,0.4984620879960316,0.41162169080855904,0.49975544676972417
BTCUSDT,2024-12-09,2024-12-10,6,0,-0.007026056763778543,97276.48,96593.0,1,1,1,1,0,1,0.6325398907468706,0.7056524040509682,0.5570823276143346
BTCUSDT,2024-12-10,2024-12-11,6,1,0.04691851376393741,96593.0,101125.0,1,1,1,1,0,1,0.5377959938668294,0.6227382543764856,0.5218994978442292
BTCUSDT,2024-12-11,2024-12-12,6,0,-0.011082422744128628,101125.0,100004.29,0,0,0,0,1,1,0.48869454493905323,0.4860908222615007,0.46268240107066216
BTCUSDT,2024-12-12,2024-12-13,6,1,0.014198990863292016,100004.29,101424.25,1,1,1,1,0,1,0.6061685380392325,0.622024580292167,0.5264772772522764
BTCUSDT,2024-12-13,2024-12-14,6,0,-4.19031937628489e-05,101424.24,101420.0,1,0,0,0,1,1,0.5182988802675137,0.49054079980902787,0.4982053725189973
BTCUSDT,2024-12-14,2024-12-15,6,1,0.030013705383553635,101420.0,104463.99,1,1,1,1,0,1,0.5919299323278868,0.6753762131612507,0.5140531055342921
BTCUSDT,2024-12-15,2024-12-16,6,1,0.01526526030644626,104463.99,106058.66,1,0,0,0,1,1,0.5744378224214722,0.4579034378601093,0.4808702149074724
BTCUSDT,2024-12-16,2024-12-17,6,1,0.0007079101319968917,106058.65,106133.74,1,1,0,0,1,1,0.5210685029109063,0.5369973121367113,0.4970275138701235
BTCUSDT,2024-12-17,2024-12-18,6,0,-0.0558703575319216,106133.74,100204.01,1,1,1,0,1,1,0.5401211857514778,0.5368825100508041,0.5132135041943218
BTCUSDT,2024-12-18,2024-12-19,6,0,-0.027365671293993032,100204.01,97461.86,1,1,1,1,0,1,0.6459206307053664,0.574116851782389,0.5778178592572877
BTCUSDT,2024-12-19,2024-12-20,6,1,0.0035252764517319513,97461.86,97805.44,1,1,1,1,0,1,0.6795030183745049,0.7520367498008668,0.5449910115892056
BTCUSDT,2024-12-20,2024-12-21,6,0,-0.005249707991702657,97805.44,97291.99,1,0,1,0,1,1,0.5968217265494188,0.4931215655096837,0.510063753462335
BTCUSDT,2024-12-21,2024-12-22,6,0,-0.02164330280426996,97292.0,95186.27,1,1,1,1,0,1,0.6910684959930751,0.6532584108173223,0.5198994985482752
BTCUSDT,2024-12-22,2024-12-23,6,0,-0.003202142493870186,95186.28,94881.47,1,1,1,1,0,1,0.6650490789620267,0.7383682566622152,0.5384612410042042
BTCUSDT,2024-12-23,2024-12-24,6,1,0.03986141867321402,94881.47,98663.58,1,0,1,1,0,1,0.6125425901155709,0.39511055890544944,0.5175977761006189
BTCUSDT,2024-12-24,2024-12-25,6,1,0.0077639591022340415,98663.58,99429.6,1,0,0,0,1,1,0.558811589646842,0.42970036826734886,0.4702298662605558
BTCUSDT,2024-12-25,2024-12-26,6,0,-0.03658870195595676,99429.61,95791.6,0,0,1,0,1,1,0.49312105250891225,0.3728493643328207,0.5053402050860732
BTCUSDT,2024-12-26,2024-12-27,6,0,-0.01558142885179914,95791.6,94299.03,1,1,1,1,0,1,0.6558331861472004,0.768106562851283,0.5555627997566587
BTCUSDT,2024-12-27,2024-12-28,6,1,0.01061484937862045,94299.03,95300.0,1,1,1,1,0,1,0.6620727103096709,0.6599983381552167,0.5315713389806972
BTCUSDT,2024-12-28,2024-12-29,6,0,-0.01638824763903468,95300.0,93738.2,1,0,1,0,1,1,0.5591487796084836,0.281233376760106,0.5021737758342714
BTCUSDT,2024-12-29,2024-12-30,6,0,-0.010093537106537043,93738.19,92792.05,1,0,1,1,0,1,0.5914944777870991,0.49543324661759514,0.5324866654104636
BTCUSDT,2024-12-30,2024-12-31,6,1,0.008448460832582105,92792.05,93576.0,1,1,1,1,0,1,0.6022809688761636,0.5721383600839098,0.5253599308610876
BTCUSDT,2024-12-31,2025-01-01,6,1,0.010855240659998211,93576.0,94591.79,1,1,1,0,1,1,0.601800535173704,0.5990406610403965,0.5045791552242743
BTCUSDT,2025-01-01,2025-01-02,6,1,0.025298178626284695,94591.78,96984.79,1,0,1,0,1,1,0.5580644892724951,0.43317511495759725,0.5019071748187216
BTCUSDT,2025-01-02,2025-01-03,6,1,0.012263675572221189,96984.79,98174.18,1,0,0,0,1,1,0.5482927449745475,0.41623229546225204,0.486008170507072
BTCUSDT,2025-01-03,2025-01-04,6,1,0.0004718144831972193,98174.17,98220.5,1,0,1,0,1,1,0.5408908522860819,0.4886904710761782,0.5003464349271982
BTCUSDT,2025-01-04,2025-01-05,6,1,0.0014570278098766654,98220.51,98363.61,1,0,1,0,1,1,0.5513315319179138,0.38485511561546654,0.513477812016228
BTCUSDT,2025-01-05,2025-01-06,6,1,0.039364049367443865,98363.61,102235.6,1,0,1,0,1,1,0.5048231686229218,0.35238415631294306,0.5123752354020858
BTCUSDT,2025-01-06,2025-01-07,6,0,-0.05165509861535522,102235.6,96954.61,0,0,0,0,1,1,0.4791931288700472,0.4800268148379255,0.47076428329257164
BTCUSDT,2025-01-07,2025-01-08,6,0,-0.01953491432743626,96954.6,95060.61,1,1,1,1,0,1,0.628090492723252,0.6793771685102858,0.5729378066981363
BTCUSDT,2025-01-08,2025-01-09,6,0,-0.026384429891623817,95060.61,92552.49,1,1,1,1,0,1,0.5391886835795998,0.503897857142322,0.5360615571641396
BTCUSDT,2025-01-09,2025-01-10,6,1,0.02348526765730452,92552.49,94726.11,1,1,1,1,0,1,0.5781384330675,0.7128687107214342,0.5438696340225708
BTCUSDT,2025-01-10,2025-01-11,6,0,-0.0013314174940783907,94726.1,94599.99,1,0,0,0,1,1,0.5680393321161374,0.4561244539464708,0.48799062807759175
BTCUSDT,2025-01-11,2025-01-12,6,0,-0.0005806554525006336,94599.99,94545.06,1,0,1,1,0,1,0.561283540788382,0.44391753008878804,0.5154983205241465
BTCUSDT,2025-01-12,2025-01-13,6,0,-9.476962625010188e-05,94545.07,94536.1,1,1,1,1,0,1,0.56506456635595,0.5703775398005836,0.5146567118917609
BTCUSDT,2025-01-13,2025-01-14,6,1,0.021417849900725594,94536.11,96560.86,1,1,1,1,0,1,0.5609509699442833,0.5815271950872722,0.5141123233899006
BTCUSDT,2025-01-14,2025-01-15,6,1,0.04076693186038316,96560.85,100497.35,1,0,0,0,1,1,0.5241963728141965,0.38566673726029016,0.4902561433699608
BTCUSDT,2025-01-15,2025-01-16,6,0,-0.005075258203325772,100497.35,99987.3,1,1,0,0,1,1,0.5193239126978317,0.592322904817099,0.4692577356758903
BTCUSDT,2025-01-16,2025-01-17,6,1,0.04090699518838892,99987.3,104077.48,1,1,1,1,0,1,0.5389066771633245,0.5453855099156198,0.5197032419496623
BTCUSDT,2025-01-17,2025-01-18,6,1,0.0045999384304846735,104077.47,104556.23,1,1,0,0,1,1,0.6164087636057726,0.5228686961178963,0.46910746424451527
BTCUSDT,2025-01-18,2025-01-19,6,0,-0.030841395103859304,104556.23,101331.57,1,0,1,0,1,1,0.5197528527786716,0.43916560712380376,0.5088644117168547
BTCUSDT,2025-01-19,2025-01-20,6,1,0.009162396279856155,101331.57,102260.01,1,1,1,1,0,1,0.6456212907853938,0.693849289336031,0.5489684816302887
BTCUSDT,2025-01-20,2025-01-21,6,1,0.03797975376689289,102260.0,106143.82,1,0,1,0,1,1,0.6349591751248455,0.42642465473026836,0.5037859077031207
BTCUSDT,2025-01-21,2025-01-22,6,0,-0.022960922265658046,106143.82,103706.66,0,0,0,0,1,1,0.4984100316137484,0.4862584723095211,0.47225338857256594
BTCUSDT,2025-01-22,2025-01-23,6,1,0.0019640011547956693,103706.66,103910.34,1,1,1,1,0,1,0.5867424898481465,0.634198563301947,0.5399626306445703
BTCUSDT,2025-01-23,2025-01-24,6,1,0.009240273874573157,103910.35,104870.5,1,1,1,0,1,1,0.6152500648925162,0.5416503449180953,0.5118082440418674
BTCUSDT,2025-01-24,2025-01-25,6,0,-0.0011790732379457491,104870.51,104746.85,1,1,1,0,1,1,0.581933644292881,0.6079138936965833,0.5036994113034975
BTCUSDT,2025-01-25,2025-01-26,6,0,-0.020304667873067395,104746.86,102620.0,1,0,1,1,0,1,0.5774129912025483,0.3897080392134206,0.5153274975237453
BTCUSDT,2025-01-26,2025-01-27,6,0,-0.0052345546677060595,102620.01,102082.83,1,1,1,1,0,1,0.6648909348373299,0.6428913124061127,0.5369372608358619
BTCUSDT,2025-01-27,2025-01-28,6,0,-0.0073206238502596666,102082.83,101335.52,1,0,1,1,0,1,0.5270052432159389,0.44792406323352824,0.5198824498856047
BTCUSDT,2025-01-28,2025-01-29,6,1,0.023661199942527578,101335.52,103733.24,1,1,1,1,0,1,0.584438327342479,0.600997823401153,0.5222314318889708
BTCUSDT,2025-01-29,2025-01-30,6,1,0.00954081835292131,103733.25,104722.94,1,0,0,0,1,1,0.5176994222605564,0.4122177555312132,0.48779807094120264
BTCUSDT,2025-01-30,2025-01-31,6,0,-0.021899499765762886,104722.94,102429.56,1,1,1,0,1,1,0.5997531163866541,0.598385308230055,0.5033656657552382
BTCUSDT,2025-01-31,2025-02-01,6,0,-0.01751359666096397,102429.56,100635.65,1,1,1,1,0,1,0.6595071034553831,0.6173938278570773,0.5387530671683641
BTCUSDT,2025-02-01,2025-02-02,6,0,-0.029165211334154395,100635.66,97700.59,1,1,1,1,0,1,0.6378636620171427,0.706715998467328,0.5337642483450641
BTCUSDT,2025-02-02,2025-02-03,6,1,0.03713314320824468,97700.59,101328.52,1,1,1,1,0,1,0.6143079624386032,0.6245960789714313,0.5470493000537371
BTCUSDT,2025-02-03,2025-02-04,6,0,-0.03518644109279401,101328.51,97763.13,1,0,0,0,1,1,0.566376518945989,0.47045507951447263,0.4731653233026721
BTCUSDT,2025-02-04,2025-02-05,6,0,-0.011770285996367091,97763.14,96612.43,1,1,1,1,0,1,0.6266264435439646,0.8466781576481145,0.5539519750956129
BTCUSDT,2025-02-05,2025-02-06,6,0,-0.0006011648811647952,96612.44,96554.35,1,1,1,1,0,1,0.5831046588282086,0.6541960971521487,0.5272550003029729
BTCUSDT,2025-02-06,2025-02-07,6,0,-0.0004924687494659574,96554.35,96506.8,1,1,1,1,0,1,0.6179551988203097,0.636062794921189,0.5146796958060724
BTCUSDT,2025-02-07,2025-02-08,6,0,-0.0006430634939713631,96506.8,96444.74,1,1,1,1,0,1,0.6592648155236789,0.6915884649501767,0.5145578900325443
BTCUSDT,2025-02-08,2025-02-09,6,1,0.00018673905907151678,96444.75,96462.75,1,0,1,1,0,1,0.5491140568767119,0.3783907204120995,0.5147266508066207
BTCUSDT,2025-02-09,2025-02-10,6,1,0.010035687350816946,96462.75,97430.82,1,1,1,0,1,1,0.5649979688131226,0.6001097849519308,0.5137970255094679
BTCUSDT,2025-02-10,2025-02-11,6,0,-0.016961983897908373,97430.82,95778.2,1,0,1,0,1,1,0.5152812288681253,0.4874408268509562,0.5028163387462227
BTCUSDT,2025-02-11,2025-02-12,6,1,0.021839938524633062,95778.21,97869.99,1,1,1,1,0,1,0.574969262615861,0.6424822280038396,0.5331378865737612
BTCUSDT,2025-02-12,2025-02-13,6,0,-0.0128931248485874,97870.0,96608.14,0,0,0,0,1,1,0.45707593827751525,0.4739934923455296,0.48979320283280614
BTCUSDT,2025-02-13,2025-02-14,6,1,0.009236695789816451,96608.13,97500.48,1,1,1,1,0,1,0.5342462645622974,0.6220679112551324,0.528525400016826
BTCUSDT,2025-02-14,2025-02-15,6,1,0.0007095349684433927,97500.47,97569.66,1,1,1,0,1,1,0.5572203486145703,0.6240471549878959,0.5037033852377042
BTCUSDT,2025-02-15,2025-02-16,6,0,-0.014876960727340904,97569.67,96118.12,1,1,1,0,1,1,0.5412080287869225,0.6524222392169918,0.5132116853888613
BTCUSDT,2025-02-16,2025-02-17,6,0,-0.0035177550289164916,96118.12,95780.0,1,1,1,1,0,1,0.6194115469356131,0.5600041543437475,0.5307725676474794
BTCUSDT,2025-02-17,2025-02-18,6,0,-0.0011302986009604776,95780.01,95671.74,1,1,1,1,0,1,0.5679779697821928,0.6567543710958121,0.5179523071965388
BTCUSDT,2025-02-18,2025-02-19,6,1,0.01016632497746972,95671.74,96644.37,1,1,1,1,0,1,0.5119248549812228,0.5180464460032137,0.5152728114672933
BTCUSDT,2025-02-19,2025-02-20,6,1,0.017182894357943512,96644.37,98305.0,0,0,1,0,1,1,0.4393025271915497,0.4120193253375794,0.5026713687762422
BTCUSDT,2025-02-20,2025-02-21,6,0,-0.02159625654849706,98305.01,96181.98,0,1,0,0,1,1,0.49692296135740993,0.5264581407729448,0.4949123930956054
BTCUSDT,2025-02-21,2025-02-22,6,1,0.0038367893861199764,96181.99,96551.01,1,1,1,1,0,1,0.6410604550369027,0.638333721168507,0.5384076574804239
BTCUSDT,2025-02-22,2025-02-23,6,0,-0.003034768875022631,96551.01,96258.0,1,0,1,0,1,1,0.5402787731449109,0.4959734686729306,0.5097159787026337
BTCUSDT,2025-02-23,2025-02-24,6,0,-0.04888030085811046,96258.0,91552.88,0,0,1,1,0,1,0.4947317773110825,0.4920860481456842,0.5174098017768749
BTCUSDT,2025-02-24,2025-02-25,6,0,-0.0313750916410277,91552.88,88680.4,1,1,1,1,0,1,0.6406754174910955,0.7691110750948369,0.5697294279118412
BTCUSDT,2025-02-25,2025-02-26,6,0,-0.04995816437454048,88680.39,84250.09,1,1,1,1,0,1,0.5992672864001707,0.6131142548364278,0.5495799420332966
BTCUSDT,2025-02-26,2025-02-27,6,1,0.005442011990729023,84250.09,84708.58,1,1,1,1,0,1,0.6182123860161429,0.718130408344287,0.5709753126398146
BTCUSDT,2025-02-27,2025-02-28,6,0,-0.0042338096093689215,84708.57,84349.94,1,1,1,0,1,1,0.5638996443560161,0.6132632215648666,0.5079254670259392
BTCUSDT,2025-02-28,2025-03-01,6,1,0.02032710396711601,84349.95,86064.53,1,1,1,1,0,1,0.5691818211725761,0.5172800240819929,0.5187570082436639
BTCUSDT,2025-03-01,2025-03-02,6,1,0.09534090292481712,86064.54,94270.0,1,0,0,0,1,1,0.5083925150077754,0.46252240764152136,0.4914534193779326
BTCUSDT,2025-03-02,2025-03-03,6,0,-0.08538654927336375,94269.99,86220.61,1,0,0,0,1,1,0.5530557620273048,0.38095637160198936,0.4128291249938619
BTCUSDT,2025-03-03,2025-03-04,6,1,0.012309933784973248,86221.16,87281.98,1,1,1,1,0,1,0.6485896879892479,0.72202770732407,0.6121210274092869
BTCUSDT,2025-03-04,2025-03-05,6,1,0.038083806073143656,87281.98,90606.01,0,0,1,0,1,1,0.4550166326023216,0.45324779402687043,0.5002952110147417
BTCUSDT,2025-03-05,2025-03-06,6,0,-0.007440124556858829,90606.0,89931.89,0,0,0,0,1,1,0.3913035083198879,0.3668544623626458,0.4721413716034762
BTCUSDT,2025-03-06,2025-03-07,6,0,-0.034805673493573885,89931.88,86801.75,1,0,1,1,0,1,0.5148337242436484,0.4961711368112471,0.5223661142184537
BTCUSDT,2025-03-07,2025-03-08,6,0,-0.006673828580645025,86801.74,86222.45,1,1,1,1,0,1,0.5967774005583197,0.7113988317272567,0.5535147816664118
BTCUSDT,2025-03-08,2025-03-09,6,0,-0.0636502442229373,86222.46,80734.37,1,0,1,1,0,1,0.5028901530376081,0.4904728145205934,0.5215026920632971
BTCUSDT,2025-03-09,2025-03-10,6,0,-0.026488223045525672,80734.48,78595.86,1,1,1,1,0,1,0.6130958502652956,0.7840150812566193,0.5868413360793479
BTCUSDT,2025-03-10,2025-03-11,6,1,0.055182677560879245,78595.86,82932.99,1,1,1,1,0,1,0.59406261769247,0.757747714348355,0.5439882181803175
BTCUSDT,2025-03-11,2025-03-12,6,1,0.009008839546240877,82932.99,83680.12,0,0,0,0,1,1,0.4738506826686205,0.4949586078329938,0.45393007885784165
BTCUSDT,2025-03-12,2025-03-13,6,0,-0.030644554525017353,83680.12,81115.78,1,1,1,0,1,1,0.5141440585362944,0.5176394156624063,0.5039564776301204
BTCUSDT,2025-03-13,2025-03-14,6,1,0.03534971863674374,81115.78,83983.2,1,1,1,1,0,1,0.6184638362678763,0.8083848083721162,0.5487430073760213
BTCUSDT,2025-03-14,2025-03-15,6,1,0.004229893597767154,83983.19,84338.44,1,0,0,0,1,1,0.5710301741426975,0.456013115072148,0.4750893743661073
BTCUSDT,2025-03-15,2025-03-16,6,0,-0.020914662400679962,84338.44,82574.53,1,1,1,0,1,1,0.5195614447121563,0.5220180313514116,0.5092772556096697
BTCUSDT,2025-03-16,2025-03-17,6,1,0.017384295133135996,82574.52,84010.03,1,1,1,1,0,1,0.5900596727550314,0.7207817190537884,0.5376315431195008
BTCUSDT,2025-03-17,2025-03-18,6,0,-0.015414826063030795,84010.02,82715.03,0,0,0,0,1,1,0.44739190905970116,0.42780495033435506,0.49469049182259106
BTCUSDT,2025-03-18,2025-03-19,6,1,0.04994146771149088,82715.03,86845.94,0,1,1,1,0,1,0.4491452289983051,0.559066744928392,0.531382396869172
BTCUSDT,2025-03-19,2025-03-20,6,0,-0.030197727147636355,86845.93,84223.39,0,0,0,0,1,1,0.4013523537417832,0.3749840794094101,0.4594699348890222
BTCUSDT,2025-03-20,2025-03-21,6,0,-0.0015981308755205204,84223.38,84088.79,1,1,1,1,0,1,0.5680703291267495,0.706500052637615,0.5482312774418358
BTCUSDT,2025-03-21,2025-03-22,6,0,-0.0029516419489445944,84088.79,83840.59,0,1,1,1,0,1,0.4760978621766629,0.6151267609983512,0.5157974391726624
BTCUSDT,2025-03-22,2025-03-23,6,1,0.02674015056430301,83840.59,86082.5,1,1,1,1,0,1,0.5255142893234622,0.5617740342623375,0.5173164533040975
BTCUSDT,2025-03-23,2025-03-24,6,1,0.01644538669299811,86082.5,87498.16,0,0,0,0,1,1,0.4576721547450282,0.39229209895028655,0.4844341546272726
BTCUSDT,2025-03-24,2025-03-25,6,0,-0.0012033395902268929,87498.16,87392.87,1,1,0,0,1,1,0.5371409203871763,0.5854534840596607,0.49572536299970216
BTCUSDT,2025-03-25,2025-03-26,6,0,-0.005534776464029556,87392.88,86909.17,0,1,1,1,0,1,0.46218887983264356,0.5413877366247212,0.5153547057829707
BTCUSDT,2025-03-26,2025-03-27,6,1,0.003714682811951864,86909.17,87232.01,1,1,1,1,0,1,0.5055981380117469,0.5603142345896359,0.5202202623740941
BTCUSDT,2025-03-27,2025-03-28,6,0,-0.0321857767578666,87232.01,84424.38,0,1,1,0,1,1,0.47553676073315343,0.5054600620955617,0.5098522874330838
BTCUSDT,2025-03-28,2025-03-29,6,0,-0.02103468216171689,84424.38,82648.54,1,1,1,1,0,1,0.6062085959447385,0.6163329041072445,0.5505091079478368
BTCUSDT,2025-03-29,2025-03-30,6,0,-0.0031283069247198814,82648.53,82389.99,1,1,1,1,0,1,0.5852078273994774,0.6923905133263303,0.5377681807807749
BTCUSDT,2025-03-30,2025-03-31,6,1,0.0019422262340362817,82390.0,82550.01,1,1,1,1,0,1,0.5387651041636785,0.6798788386969491,0.5175148494112483
BTCUSDT,2025-03-31,2025-04-01,6,1,0.031596967704788925,82550.0,85158.34,1,1,1,0,1,1,0.5246959615100397,0.6200448468721986,0.511832591523446
BTCUSDT,2025-04-01,2025-04-02,6,0,-0.0310251468030025,85158.35,82516.29,0,0,0,0,1,1,0.4689415976230192,0.4246537180237179,0.47915124274549203
BTCUSDT,2025-04-02,2025-04-03,6,1,0.008444393222235336,82516.28,83213.09,1,1,1,1,0,1,0.6814428989125035,0.7247784054335868,0.5491789861964702
BTCUSDT,2025-04-03,2025-04-04,6,1,0.00813309540602325,83213.09,83889.87,1,0,1,0,1,1,0.5262075959874914,0.3590403187615249,0.504583676257516
BTCUSDT,2025-04-04,2025-04-05,6,0,-0.004194546969735313,83889.87,83537.99,1,0,1,0,1,1,0.5239186160854388,0.41949307530324603,0.5049297267612809
BTCUSDT,2025-04-05,2025-04-06,6,0,-0.061145713465215135,83537.99,78430.0,0,0,1,1,0,1,0.4873340829564592,0.4154281741941642,0.5187128724405898
BTCUSDT,2025-04-06,2025-04-07,6,1,0.009348973607038236,78430.0,79163.24,1,1,1,1,0,1,0.6530286345832019,0.6227583991099166,0.5839343694043033
BTCUSDT,2025-04-07,2025-04-08,6,0,-0.03588559538492875,79163.24,76322.42,1,1,1,0,1,1,0.5852636295073772,0.5335708721355591,0.5035786924338236
BTCUSDT,2025-04-08,2025-04-09,6,1,0.0824502158081466,76322.42,82615.22,1,1,1,1,0,1,0.6069931700430591,0.7268462271424445,0.5547549683143435
BTCUSDT,2025-04-09,2025-04-10,6,0,-0.036408787630172745,82615.22,79607.3,1,1,0,0,1,1,0.5687058611217322,0.6155288707645516,0.42575289352698403
BTCUSDT,2025-04-10,2025-04-11,6,1,0.047942085713244875,79607.3,83423.84,1,1,1,1,0,1,0.6315756917702823,0.8193100918698409,0.5553560595978978
BTCUSDT,2025-04-11,2025-04-12,6,1,0.022212595344448305,83423.83,85276.9,1,0,0,0,1,1,0.5352109388714035,0.40596554156052755,0.46159326218271013
BTCUSDT,2025-04-12,2025-04-13,6,0,-0.017787935537056265,85276.91,83760.0,1,0,0,0,1,1,0.515882833360554,0.4671597973755202,0.4893846517984661
BTCUSDT,2025-04-13,2025-04-14,6,1,0.009928127984718316,83760.0,84591.58,1,1,1,1,0,1,0.5748669004874853,0.592701811015707,0.5340758542843662
BTCUSDT,2025-04-14,2025-04-15,6,0,-0.011201942320973268,84591.58,83643.99,1,1,1,0,1,1,0.5310452003798474,0.5845243245906018,0.5029357122445073
BTCUSDT,2025-04-15,2025-04-16,6,1,0.004619459210398746,83643.99,84030.38,1,1,1,1,0,1,0.5645565234688904,0.5728712084338687,0.5266123808933076
BTCUSDT,2025-04-16,2025-04-17,6,1,0.010919027142326287,84030.38,84947.91,1,0,1,0,1,1,0.5052878496476848,0.49271380345242877,0.5088426370629563
BTCUSDT,2025-04-17,2025-04-18,6,0,-0.005570707978571843,84947.92,84474.69,0,0,1,0,1,1,0.454707238298649,0.4200371291587998,0.5018364441851051
BTCUSDT,2025-04-18,2025-04-19,6,1,0.007130183016948566,84474.7,85077.01,1,1,1,1,0,1,0.5459247014557217,0.5064310225040565,0.5202606984641726
BTCUSDT,2025-04-19,2025-04-20,6,1,0.0012016172171542827,85077.0,85179.24,1,0,1,0,1,1,0.6151187621773312,0.4192029721366234,0.5060452956498318
BTCUSDT,2025-04-20,2025-04-21,6,1,0.02743614523914495,85179.24,87516.23,0,0,1,0,1,1,0.46606150442925776,0.2928839557217323,0.5126609795253564
BTCUSDT,2025-04-21,2025-04-22,6,1,0.0677218385664009,87516.22,93442.99,1,1,0,0,1,1,0.5405739372630258,0.5628098711117879,0.48367532569751476
BTCUSDT,2025-04-22,2025-04-23,6,1,0.0026549878166355345,93442.99,93691.08,1,1,0,0,1,1,0.5215847739561913,0.5827500194316003,0.44083530083186245
BTCUSDT,2025-04-23,2025-04-24,6,1,0.0030887678955136,93691.07,93980.47,1,0,1,0,1,1,0.5088086927368902,0.4565902854853836,0.5110358681572741
BTCUSDT,2025-04-24,2025-04-25,6,1,0.007003689170739236,93980.47,94638.68,0,1,1,0,1,1,0.4356880143222584,0.5541066995266125,0.5105512392166182
BTCUSDT,2025-04-25,2025-04-26,6,0,-0.0001128502637609552,94638.68,94628.0,1,1,1,0,1,1,0.5442082694083611,0.514011385612545,0.5061860733067041
BTCUSDT,2025-04-26,2025-04-27,6,0,-0.009285835059390402,94628.0,93749.3,1,0,1,1,0,1,0.5040985107126469,0.45939502225319473,0.5141325768799389
BTCUSDT,2025-04-27,2025-04-28,6,1,0.013460153835815225,93749.29,95011.18,1,1,1,1,0,1,0.6017194883296332,0.592661320663608,0.5244479437745296
BTCUSDT,2025-04-28,2025-04-29,6,0,-0.007939697201950202,95011.18,94256.82,1,1,0,0,1,1,0.5157421604228717,0.5457342548743758,0.4990222707099187
BTCUSDT,2025-04-29,2025-04-30,6,0,-0.0008998818334843284,94256.82,94172.0,1,1,1,1,0,1,0.5085886786742179,0.669960860535007,0.5229292938144666
BTCUSDT,2025-04-30,2025-05-01,6,1,0.024613579407891883,94172.0,96489.91,1,1,1,1,0,1,0.5216578799538024,0.6380910539384643,0.5150144996792069
BTCUSDT,2025-05-01,2025-05-02,6,1,0.004116803508263045,96489.9,96887.14,1,1,0,0,1,1,0.5262478309120197,0.6629679686114547,0.4867563340609293
BTCUSDT,2025-05-02,2025-05-03,7,0,-0.010638357164841517,96887.13,95856.42,1,1,1,0,1,1,0.5866673429193205,0.6738568989921672,0.5102540669633249
BTCUSDT,2025-05-03,2025-05-04,7,0,-0.016470466975503584,95856.42,94277.62,1,1,1,1,0,1,0.5789279747590189,0.5889927113838499,0.5262522749624245
BTCUSDT,2025-05-04,2025-05-05,7,1,0.0048374152847727725,94277.61,94733.68,1,1,1,1,0,1,0.570528733885815,0.6208924616226236,0.5326284031668319
BTCUSDT,2025-05-05,2025-05-06,7,1,0.022170995574119168,94733.68,96834.02,1,0,1,0,1,1,0.5242679209969606,0.4337783902595479,0.5094779813947863
BTCUSDT,2025-05-06,2025-05-07,7,1,0.0020290389679165077,96834.02,97030.5,0,0,0,0,1,1,0.43693850894707315,0.42136907287407604,0.4909707642359538
BTCUSDT,2025-05-07,2025-05-08,7,1,0.06421795208723036,97030.5,103261.6,1,0,1,0,1,1,0.5272082667172538,0.44840007908580765,0.5125054060127114
BTCUSDT,2025-05-08,2025-05-09,7,0,-0.002804624371499198,103261.61,102971.99,1,1,0,0,1,1,0.5321284349623107,0.7010413916387829,0.44753756876542883
BTCUSDT,2025-05-09,2025-05-10,7,1,0.017845046988020696,102971.99,104809.53,1,1,1,1,0,1,0.6157600819687998,0.596246836214859,0.5177337229760104
BTCUSDT,2025-05-10,2025-05-11,7,0,-0.006597968715249425,104809.53,104118.0,1,1,0,0,1,1,0.5204256972652296,0.5586584587280253,0.49555972197795894
BTCUSDT,2025-05-11,2025-05-12,7,0,-0.01274208110028996,104118.0,102791.32,1,1,1,1,0,1,0.5328154718404632,0.6808259068370289,0.5218518836915106
BTCUSDT,2025-05-12,2025-05-13,7,1,0.012767615008738131,102791.32,104103.72,1,1,1,1,0,1,0.5752650050915336,0.5475419118466145,0.5285489857491218
BTCUSDT,2025-05-13,2025-05-14,7,0,-0.005724099004339123,104103.72,103507.82,0,0,1,0,1,1,0.4790850051721625,0.4831622385943065,0.5009716990990964
BTCUSDT,2025-05-14,2025-05-15,7,1,0.0024721803627976158,103507.83,103763.71,1,0,1,1,0,1,0.5134599790420097,0.43163197663581193,0.5209020370694981
BTCUSDT,2025-05-15,2025-05-16,7,0,-0.002889353127408567,103763.71,103463.9,0,0,1,0,1,1,0.4674953517182206,0.484416686470134,0.5120271923282861
BTCUSDT,2025-05-16,2025-05-17,7,0,-0.00325959102643536,103463.9,103126.65,1,1,1,1,0,1,0.5857562927935032,0.6334260098336115,0.5178255640638821
BTCUSDT,2025-05-17,2025-05-18,7,1,0.0322672170578604,103126.65,106454.26,1,1,1,1,0,1,0.5650106048964941,0.5656906830014019,0.5182269579688344
BTCUSDT,2025-05-18,2025-05-19,7,0,-0.008271345834351629,106454.27,105573.74,1,0,0,0,1,1,0.5368236340446522,0.4641932100060648,0.4803429777366614
BTCUSDT,2025-05-19,2025-05-20,7,1,0.012088706907607882,105573.73,106849.99,1,1,1,1,0,1,0.5306647177031493,0.5576020286188458,0.5236726358293088
BTCUSDT,2025-05-20,2025-05-21,7,1,0.02614880918566298,106850.0,109643.99,1,1,1,0,1,1,0.503414293179739,0.5576044559649728,0.501697405766063
BTCUSDT,2025-05-21,2025-05-22,7,1,0.018717122570968137,109643.99,111696.21,1,0,0,0,1,1,0.5340900989250632,0.487676756851653,0.4867695300163246
BTCUSDT,2025-05-22,2025-05-23,7,0,-0.03919479452346686,111696.22,107318.3,1,1,0,0,1,1,0.5017980685434226,0.5762328909112749,0.49463297309495524
BTCUSDT,2025-05-23,2025-05-24,7,1,0.004133591381898505,107318.3,107761.91,1,0,1,1,0,1,0.6184219006261039,0.4995391392355535,0.5577145048413795
BTCUSDT,2025-05-24,2025-05-25,7,1,0.011528006509906819,107761.9,109004.19,1,0,1,0,1,1,0.5941474375733629,0.46829813484351485,0.510235980945883
BTCUSDT,2025-05-25,2025-05-26,7,1,0.003950306864350717,109004.2,109434.79,0,0,1,0,1,1,0.43427770540834987,0.401954485518765,0.5022971182977032
BTCUSDT,2025-05-26,2025-05-27,7,0,-0.004538044985511469,109434.78,108938.17,1,1,1,0,1,1,0.5372147917491074,0.5235095592132312,0.5104334530843908
BTCUSDT,2025-05-27,2025-05-28,7,0,-0.010615103962183348,108938.17,107781.78,1,1,1,1,0,1,0.5272348729592163,0.5744333897823725,0.5196139583535366
BTCUSDT,2025-05-28,2025-05-29,7,0,-0.02033766746104948,107781.78,105589.75,1,1,1,1,0,1,0.5263382027222415,0.5641566403601962,0.5262269095241094
BTCUSDT,2025-05-29,2025-05-30,7,0,-0.015193425498213675,105589.75,103985.48,1,1,1,1,0,1,0.6490347518645656,0.6377434650406811,0.5368714370311363
BTCUSDT,2025-05-30,2025-05-31,7,1,0.005831583409529939,103985.47,104591.88,1,1,1,1,0,1,0.6531268408480428,0.6362886690190852,0.531229851923367
BTCUSDT,2025-05-31,2025-06-01,7,1,0.0100490592577549,104591.88,105642.93,1,0,1,0,1,1,0.533949946397049,0.4837441323607192,0.5084081196667305
BTCUSDT,2025-06-01,2025-06-02,7,1,0.0020357254385126033,105642.93,105857.99,1,0,1,0,1,1,0.5133299687544164,0.3814944356163817,0.5038805269402539
BTCUSDT,2025-06-02,2025-06-03,7,0,-0.004544767948078454,105858.0,105376.89,0,1,1,0,1,1,0.4835991958664965,0.570500116584308,0.5124981889400465
BTCUSDT,2025-06-03,2025-06-04,7,0,-0.00645331248625769,105376.9,104696.86,1,1,1,1,0,1,0.5693921476488054,0.6657158110307705,0.5196212560520345
BTCUSDT,2025-06-04,2025-06-05,7,0,-0.030451534076571196,104696.86,101508.68,1,1,1,1,0,1,0.5993057713901566,0.6136630484741614,0.5216946036434282
BTCUSDT,2025-06-05,2025-06-06,7,1,0.027384456186406947,101508.69,104288.44,1,1,1,1,0,1,0.6134274434130245,0.5383808238544816,0.5480207982638015
BTCUSDT,2025-06-06,2025-06-07,7,1,0.012117450409652175,104288.43,105552.15,1,0,0,0,1,1,0.5350598775371909,0.44497543300296133,0.48546814706975383
BTCUSDT,2025-06-07,2025-06-08,7,1,0.0017228450581063814,105552.15,105734.0,1,0,1,0,1,1,0.5100548789478064,0.4865351033054262,0.5016666711698293
BTCUSDT,2025-06-08,2025-06-09,7,1,0.042834093101556725,105734.01,110263.02,1,0,1,0,1,1,0.5944370451534559,0.4457085710925068,0.5128359437835054
BTCUSDT,2025-06-09,2025-06-10,7,1,0.00010311707406529536,110263.02,110274.39,0,0,0,0,1,1,0.4925975588708919,0.48050643416243144,0.4693493684243506
BTCUSDT,2025-06-10,2025-06-11,7,0,-0.014774690660270262,110274.39,108645.12,0,0,1,0,1,1,0.42379391843870606,0.4527352237591861,0.5145859363802309
BTCUSDT,2025-06-11,2025-06-12,7,0,-0.027367911232460296,108645.13,105671.73,1,0,1,1,0,1,0.5162205196293209,0.368890171698418,0.530771561710862
BTCUSDT,2025-06-12,2025-06-13,7,1,0.003736666372359032,105671.74,106066.59,1,1,1,1,0,1,0.5891310186052936,0.6017504544989846,0.5446137764209454
BTCUSDT,2025-06-13,2025-06-14,7,0,-0.0061466103511010894,106066.59,105414.64,0,0,1,0,1,1,0.4880832563869345,0.37958373357778674,0.510663672373165
BTCUSDT,2025-06-14,2025-06-15,7,1,0.0017015663099546607,105414.63,105594.01,1,1,1,1,0,1,0.5246880397491377,0.5394420297043265,0.5213611978597944
BTCUSDT,2025-06-15,2025-06-16,7,1,0.011369205507016922,105594.02,106794.53,1,0,1,0,1,1,0.506987843803111,0.42013212898621,0.5128589176331351
BTCUSDT,2025-06-16,2025-06-17,7,0,-0.02100631933114927,106794.53,104551.17,1,1,1,0,1,1,0.5559274633096556,0.5823030322730852,0.502467027559335
BTCUSDT,2025-06-17,2025-06-18,7,1,0.0032100071190022117,104551.17,104886.78,1,1,1,1,0,1,0.5619617052792621,0.502388565588885,0.5376062445864729
BTCUSDT,2025-06-18,2025-06-19,7,0,-0.002175583996381625,104886.79,104658.59,0,0,1,0,1,1,0.4888751702461809,0.36746822352840647,0.5112313909292204
BTCUSDT,2025-06-19,2025-06-20,7,0,-0.013000366238452021,104658.59,103297.99,1,0,1,1,0,1,0.5258172728038696,0.42368569919755367,0.517052086361498
BTCUSDT,2025-06-20,2025-06-21,7,0,-0.011403706887229914,103297.98,102120.01,1,1,1,1,0,1,0.6041364472130236,0.6734131162312684,0.5288312207166417
BTCUSDT,2025-06-21,2025-06-22,7,0,-0.01132138549535977,102120.02,100963.87,1,1,1,1,0,1,0.5538500680668988,0.5719896700079259,0.5270874026905634
BTCUSDT,2025-06-22,2025-06-23,7,1,0.043283404251441615,100963.87,105333.93,1,1,1,1,0,1,0.5890997575339537,0.5559414910511422,0.5269975521105875
BTCUSDT,2025-06-23,2025-06-24,7,1,0.007111383767794521,105333.94,106083.0,0,0,0,0,1,1,0.4814511012843087,0.41435475040463304,0.4688849644877568
BTCUSDT,2025-06-24,2025-06-25,7,1,0.01185467982617383,106083.0,107340.58,0,0,1,0,1,1,0.4300967532735937,0.43129309703783114,0.50703232228587
BTCUSDT,2025-06-25,2025-06-26,7,0,-0.0036660878858676416,107340.59,106947.06,1,0,1,0,1,1,0.5155521578791361,0.3412425890307552,0.5019476761540744
BTCUSDT,2025-06-26,2025-06-27,7,1,0.0009399977895605538,106947.06,107047.59,1,1,1,1,0,1,0.5115273466603674,0.5521216175743076,0.5186678066969757
BTCUSDT,2025-06-27,2025-06-28,7,1,0.002327936574751499,107047.58,107296.79,0,1,1,0,1,1,0.45283510919626896,0.5032573750067614,0.5136814389245187
BTCUSDT,2025-06-28,2025-06-29,7,1,0.009880444699230884,107296.79,108356.93,0,1,1,0,1,1,0.4881607999553036,0.5053793575442366,0.5121828314960717
BTCUSDT,2025-06-29,2025-06-30,7,0,-0.011170766835125301,108356.93,107146.5,1,0,1,0,1,1,0.5387533313914306,0.3508625947723642,0.5040611939886077
BTCUSDT,2025-06-30,2025-07-01,7,0,-0.013676228341569674,107146.51,105681.14,1,1,1,1,0,1,0.5352871449873174,0.561016058944914,0.5268331725757152
BTCUSDT,2025-07-01,2025-07-02,7,1,0.02998131927797143,105681.13,108849.6,1,0,1,1,0,1,0.5243000060863977,0.48481046266032557,0.5295700149064609
BTCUSDT,2025-07-02,2025-07-03,7,1,0.006754090047184302,108849.59,109584.78,1,0,0,0,1,1,0.5424911709144311,0.46174577285316637,0.4827388866673134
BTCUSDT,2025-07-03,2025-07-04,7,0,-0.014605495398174795,109584.77,107984.24,1,1,1,0,1,1,0.5593497162207417,0.5007330639571144,0.5074162519998568
BTCUSDT,2025-07-04,2025-07-05,7,1,0.001980659399927198,107984.25,108198.12,1,1,1,1,0,1,0.5491670788281607,0.5602810784265099,0.5305864240730941
BTCUSDT,2025-07-05,2025-07-06,7,1,0.009295170747883663,108198.12,109203.84,1,1,1,0,1,1,0.5181881883749913,0.5330143479419394,0.5125576260003517
BTCUSDT,2025-07-06,2025-07-07,7,0,-0.00861599738617247,109203.85,108262.94,1,1,1,0,1,1,0.5080129824079201,0.5291797936873472,0.5046885286679745
BTCUSDT,2025-07-07,2025-07-08,7,1,0.006096638424931022,108262.94,108922.98,0,1,1,1,0,1,0.4844535807121707,0.6431100105231968,0.5240479458821155
BTCUSDT,2025-07-08,2025-07-09,7,1,0.02121691859697572,108922.99,111233.99,0,0,1,0,1,1,0.4624038380674338,0.4469130602405371,0.5081230491370313
BTCUSDT,2025-07-09,2025-07-10,7,1,0.04293660597808269,111234.0,116010.0,1,1,0,0,1,1,0.5695725326163313,0.611733732750602,0.49198107208213193
BTCUSDT,2025-07-10,2025-07-11,7,1,0.013082148090681978,116010.01,117527.66,1,1,0,0,1,1,0.6017596669554626,0.7170216428944978,0.46924338972377555
BTCUSDT,2025-07-11,2025-07-12,7,0,-0.000916039679510372,117527.66,117420.0,1,1,1,0,1,1,0.6064500187267766,0.6333169560209478,0.5006356479004896
BTCUSDT,2025-07-12,2025-07-13,7,1,0.014193834099812674,117420.0,119086.64,1,1,1,1,0,1,0.5478696378471923,0.5590258318487252,0.5156883299541946
BTCUSDT,2025-07-13,2025-07-14,7,1,0.006336059191862198,119086.65,119841.18,1,0,0,0,1,1,0.5101495882523042,0.4504209667742486,0.49944874117829946
BTCUSDT,2025-07-14,2025-07-15,7,0,-0.01738208852749945,119841.17,117758.09,1,1,1,0,1,1,0.6449395253237408,0.6208975675257808,0.5078656086210229
BTCUSDT,2025-07-15,2025-07-16,7,1,0.007407898684498093,117758.08,118630.43,1,1,1,1,0,1,0.6218909607114178,0.7229892364755733,0.5336275635055444
BTCUSDT,2025-07-16,2025-07-17,7,1,0.004612054428193568,118630.44,119177.56,1,1,1,0,1,1,0.5562491748963855,0.6414581594460872,0.5067137994864996
BTCUSDT,2025-07-17,2025-07-18,7,0,-0.010511374792368633,119177.56,117924.84,1,1,1,0,1,1,0.577939151025494,0.7067728551351866,0.509720636130579
BTCUSDT,2025-07-18,2025-07-19,7,0,-0.0007194412983727583,117924.84,117840.0,1,1,1,1,0,1,0.6228165057972039,0.6322965435716256,0.5261137635908375
BTCUSDT,2025-07-19,2025-07-20,7,0,-0.004878479293957905,117840.01,117265.12,1,1,1,1,0,1,0.5624977324571174,0.6102551387741029,0.5154755989831001
BTCUSDT,2025-07-20,2025-07-21,7,1,0.00098273041463659,117265.11,117380.36,1,1,1,1,0,1,0.6761519199986243,0.7622520962999362,0.5199835472431789
BTCUSDT,2025-07-21,2025-07-22,7,1,0.02192922223104432,117380.36,119954.42,1,1,1,0,1,1,0.6420355962832154,0.730700874771063,0.5136352715095966
BTCUSDT,2025-07-22,2025-07-23,7,0,-0.009990711471907332,119954.43,118755.99,1,1,0,0,1,1,0.5347798764548262,0.6837654541441114,0.4912266912023738
BTCUSDT,2025-07-23,2025-07-24,7,0,-0.0034945605691132364,118756.0,118340.99,1,1,1,1,0,1,0.578589563544557,0.6005155788578588,0.5255459721741597
BTCUSDT,2025-07-24,2025-07-25,7,0,-0.0061405604262733116,118340.98,117614.31,1,1,1,1,0,1,0.5842218981333799,0.6245930917314184,0.5184817656786687
BTCUSDT,2025-07-25,2025-07-26,7,1,0.0025990034716014687,117614.31,117919.99,1,1,1,1,0,1,0.5922861310775832,0.6915167476416963,0.5213546220283829
BTCUSDT,2025-07-26,2025-07-27,7,1,0.01268283689644134,117919.99,119415.55,1,1,1,0,1,1,0.5476273333179871,0.6789334046000325,0.5118903666605394
BTCUSDT,2025-07-27,2025-07-28,7,0,-0.011332108758030257,119415.56,118062.32,1,1,1,0,1,1,0.5800516498889788,0.694916473910589,0.5010622948458506
BTCUSDT,2025-07-28,2025-07-29,7,0,-0.0009449246804570377,118062.32,117950.76,1,1,1,1,0,1,0.6192833607678633,0.6666397566706468,0.527009255807832
BTCUSDT,2025-07-29,2025-07-30,7,0,-0.000936492482117024,117950.75,117840.3,1,1,1,1,0,1,0.5922059800872781,0.6418827356938943,0.51571958826791
BTCUSDT,2025-07-30,2025-07-31,7,0,-0.017618930026484958,117840.29,115764.08,1,1,1,1,0,1,0.5409707818787053,0.5467943650576417,0.5157104631641027
BTCUSDT,2025-07-31,2025-08-01,7,0,-0.021303240176054672,115764.07,113297.93,1,1,1,1,0,1,0.6585437509386015,0.7834616190018321,0.5338872556442843
BTCUSDT,2025-08-01,2025-08-02,7,0,-0.00663366047376146,113297.92,112546.35,1,1,1,1,0,1,0.6351784920891683,0.5230820274837785,0.5379326511682474
BTCUSDT,2025-08-02,2025-08-03,7,1,0.014771247579330682,112546.35,114208.8,1,1,1,1,0,1,0.5738121869811966,0.7024643955309516,0.5218906930456908
BTCUSDT,2025-08-03,2025-08-04,7,1,0.00740949909288946,114208.81,115055.03,1,1,0,0,1,1,0.5376518865484498,0.5497645903644398,0.49883277267220494
BTCUSDT,2025-08-04,2025-08-05,7,0,-0.008042064740672372,115055.03,114129.75,1,1,1,0,1,1,0.5256182210768597,0.5272173214551366,0.5067120805322212
BTCUSDT,2025-08-05,2025-08-06,7,1,0.007557363439418818,114129.75,114992.27,0,1,1,1,0,1,0.49599545566607417,0.6516483565398105,0.5234230164303355
BTCUSDT,2025-08-06,2025-08-07,7,1,0.021564406024856986,114992.27,117472.01,1,1,1,0,1,1,0.5015505652764265,0.5526581775262884,0.5065532746385889
BTCUSDT,2025-08-07,2025-08-08,7,0,-0.006786893320374743,117472.02,116674.74,0,1,0,0,1,1,0.4931608934020858,0.5119379233029443,0.49161298736820974
BTCUSDT,2025-08-08,2025-08-09,7,0,-0.0018212168289383213,116674.74,116462.25,1,1,1,1,0,1,0.5238701631825129,0.6255866961881985,0.522057323276968
BTCUSDT,2025-08-09,2025-08-10,7,1,0.024314831629991707,116462.25,119294.01,1,1,1,1,0,1,0.6228620885488284,0.6192359919757381,0.5166682504407653
BTCUSDT,2025-08-10,2025-08-11,7,0,-0.005096735368355865,119294.27,118686.0,0,1,0,0,1,1,0.4996415273215299,0.6420173215922952,0.48870429261346027
BTCUSDT,2025-08-11,2025-08-12,7,1,0.012200933555769122,118686.0,120134.08,1,1,1,1,0,1,0.5893655865248335,0.5895757999800844,0.5202205496670453
BTCUSDT,2025-08-12,2025-08-13,7,1,0.02640674486373884,120134.09,123306.43,0,1,1,0,1,1,0.48331473741882713,0.6047463106708751,0.5015774099320405
BTCUSDT,2025-08-13,2025-08-14,7,0,-0.0406413517932519,123306.44,118295.09,0,0,0,0,1,1,0.45406052127451757,0.4685950845109694,0.4864977274813057
BTCUSDT,2025-08-14,2025-08-15,7,0,-0.008056462867562786,118295.09,117342.05,1,1,1,1,0,1,0.6106460923951312,0.640702460715537,0.5593227585016174
BTCUSDT,2025-08-15,2025-08-16,7,1,0.00032903805583761603,117342.04,117380.66,1,0,1,1,0,1,0.5381946087475348,0.4705006789972216,0.5234386903861168
BTCUSDT,2025-08-16,2025-08-17,7,1,0.0002074447357851561,117380.66,117405.01,1,1,1,0,1,1,0.5451550957325093,0.5234655042620927,0.5143416964607997
BTCUSDT,2025-08-17,2025-08-18,7,0,-0.010033302667407429,117405.01,116227.05,1,1,1,0,1,1,0.5709148568063165,0.5894263961656353,0.5144731432508312
BTCUSDT,2025-08-18,2025-08-19,7,0,-0.028858256318128994,116227.05,112872.94,0,0,1,1,0,1,0.4971759859155773,0.4551229949862902,0.5255924098172795
BTCUSDT,2025-08-19,2025-08-20,7,1,0.012388265956393196,112872.95,114271.24,1,1,1,1,0,1,0.6163042864391843,0.5888690999891768,0.5462596140635053
BTCUSDT,2025-08-20,2025-08-21,7,0,-0.01550031311465605,114271.23,112500.0,0,0,1,0,1,1,0.45285609101680585,0.311693950547678,0.5013771381900596
BTCUSDT,2025-08-21,2025-08-22,7,1,0.03943102222222228,112500.0,116935.99,1,1,1,1,0,1,0.5999806655620386,0.6732113111300402,0.5315658197114626
BTCUSDT,2025-08-22,2025-08-23,7,0,-0.012809914210329953,116936.0,115438.05,1,0,0,0,1,1,0.5316692753748024,0.45111917152281766,0.4728749348622066
BTCUSDT,2025-08-23,2025-08-24,7,0,-0.01684418612407268,115438.06,113493.59,1,0,1,1,0,1,0.5625848243108602,0.39595837606365236,0.5286231033980294
BTCUSDT,2025-08-24,2025-08-25,7,0,-0.029795603434519924,113493.59,110111.98,1,0,1,1,0,1,0.5344701323619707,0.3915179566937886,0.5330379288855003
BTCUSDT,2025-08-25,2025-08-26,7,1,0.01499600679235824,110111.98,111763.22,1,1,1,1,0,1,0.5504570730081078,0.5536524432256102,0.5472955357069667
BTCUSDT,2025-08-26,2025-08-27,7,0,-0.004484570147495814,111763.22,111262.01,0,0,0,0,1,1,0.47630391838219366,0.41689174178291255,0.49859310146417646
BTCUSDT,2025-08-27,2025-08-28,7,1,0.011728082208833035,111262.01,112566.9,0,1,1,1,0,1,0.496317081445057,0.5385574165514141,0.519555913489532
BTCUSDT,2025-08-28,2025-08-29,7,0,-0.03721786777462999,112566.9,108377.4,0,0,1,0,1,1,0.4714587375382495,0.40888728003673075,0.5020830843621535
BTCUSDT,2025-08-29,2025-08-30,7,1,0.004050014117334522,108377.4,108816.33,1,1,1,1,0,1,0.6120020572391077,0.5444641149555546,0.5555185613835376
BTCUSDT,2025-08-30,2025-08-31,7,0,-0.005238000583184466,108816.33,108246.35,1,0,1,0,1,1,0.5245640581942621,0.41666159655212887,0.5103260236576787
BTCUSDT,2025-08-31,2025-09-01,7,1,0.009155689776144893,108246.36,109237.42,1,1,1,1,0,1,0.5714705836131443,0.6401825635541715,0.5203739712399792
BTCUSDT,2025-09-01,2025-09-02,7,1,0.018332454208457083,109237.43,111240.01,0,0,1,0,1,1,0.45225950349727134,0.4845519617015786,0.5048380850162241
BTCUSDT,2025-09-02,2025-09-03,7,1,0.004186443348935365,111240.01,111705.71,0,0,0,0,1,1,0.44956318796894934,0.39681080520157597,0.4950416555890352
BTCUSDT,2025-09-03,2025-09-04,7,0,-0.008726859173089796,111705.72,110730.87,0,0,1,0,1,1,0.4422127758200363,0.3044739550291056,0.5101790439325112
BTCUSDT,2025-09-04,2025-09-05,7,0,-0.0006401105671796081,110730.87,110659.99,1,1,1,1,0,1,0.5115624831365216,0.563919510979184,0.5241686913668817
BTCUSDT,2025-09-05,2025-09-06,7,0,-0.004265498307021387,110660.0,110187.97,1,1,1,1,0,1,0.5819409542790241,0.5248773912404773,0.5153897687414386
BTCUSDT,2025-09-06,2025-09-07,7,1,0.008615913334277803,110187.98,111137.34,1,1,1,1,0,1,0.5226272119977824,0.5184747740660788,0.5193181465510759
BTCUSDT,2025-09-07,2025-09-08,7,1,0.008349039125823854,111137.35,112065.23,0,0,1,0,1,1,0.4212432088719206,0.4410089703163907,0.5054170385303844
BTCUSDT,2025-09-08,2025-09-09,7,0,-0.0046298035528057335,112065.23,111546.39,0,0,1,0,1,1,0.4427282538224352,0.4240785119163139,0.505703391717659
BTCUSDT,2025-09-09,2025-09-10,7,1,0.02163772399985331,111546.38,113960.0,1,1,1,1,0,1,0.5114285660019096,0.5525553265919854,0.5197135647530369
BTCUSDT,2025-09-10,2025-09-11,7,1,0.013361618111618068,113960.0,115482.69,0,0,0,0,1,1,0.4032706192895114,0.4129937660384976,0.491535340620738
BTCUSDT,2025-09-11,2025-09-12,7,1,0.004734302604139096,115482.69,116029.42,0,1,1,0,1,1,0.4157314877547899,0.7033168558334423,0.5003371455618604
BTCUSDT,2025-09-12,2025-09-13,7,0,-0.0009577743299932218,116029.41,115918.29,1,1,1,0,1,1,0.5252850993944755,0.7496617139827123,0.5095890006061314
BTCUSDT,2025-09-13,2025-09-14,7,0,-0.005609813602322822,115918.29,115268.01,0,1,1,1,0,1,0.4449249140989466,0.6010962566694881,0.5157334939494502
BTCUSDT,2025-09-14,2025-09-15,7,1,0.000708782948538822,115268.01,115349.71,1,1,1,1,0,1,0.5584267771341388,0.7090212243018327,0.5207778657602492
BTCUSDT,2025-09-15,2025-09-16,7,1,0.012477274541912609,115349.71,116788.96,1,1,1,0,1,1,0.5002365550165631,0.7960506341121607,0.5139312686163839
BTCUSDT,2025-09-16,2025-09-17,7,0,-0.0029229646363835293,116788.96,116447.59,0,1,1,0,1,1,0.3996860143270947,0.7218699290397611,0.5012819944703978
BTCUSDT,2025-09-17,2025-09-18,7,1,0.005375293726559649,116447.6,117073.53,0,1,1,1,0,1,0.45746212808405146,0.533797280072652,0.5178619988310178
BTCUSDT,2025-09-18,2025-09-19,7,0,-0.01230978514101344,117073.53,115632.38,0,1,1,0,1,1,0.49180757665441144,0.6622371558208506,0.5088990289644406
BTCUSDT,2025-09-19,2025-09-20,7,1,0.0004605111474831336,115632.39,115685.63,1,1,1,1,0,1,0.5366267672336534,0.6525426975653383,0.5280767290213737
BTCUSDT,2025-09-20,2025-09-21,7,0,-0.003918723526854739,115685.63,115232.29,1,1,1,0,1,1,0.5568267281878063,0.744077989701088,0.5141995850245066
BTCUSDT,2025-09-21,2025-09-22,7,0,-0.022400839209218093,115232.29,112650.99,1,1,1,1,0,1,0.5524225964049099,0.7103564399032415,0.5189418678724446
BTCUSDT,2025-09-22,2025-09-23,7,0,-0.005789474198140687,112650.99,111998.8,1,1,1,1,0,1,0.5745539299358616,0.8021259847504784,0.5391398227662613
BTCUSDT,2025-09-23,2025-09-24,7,1,0.011680482290881589,111998.8,113307.0,1,1,1,1,0,1,0.507992573011464,0.8347273047484087,0.5209730726005369
BTCUSDT,2025-09-24,2025-09-25,7,0,-0.03806040226993912,113307.01,108994.49,0,1,1,0,1,1,0.47641489370868584,0.5506284750800592,0.5021340013125968
BTCUSDT,2025-09-25,2025-09-26,7,1,0.0059541541962351285,108994.49,109643.46,1,1,1,1,0,1,0.5800216431027021,0.6743179987962572,0.5564541556745767
BTCUSDT,2025-09-26,2025-09-27,7,0,-6.940678449951498e-05,109643.46,109635.85,0,1,1,0,1,1,0.4979498218018901,0.5667728790684835,0.508276284332734
BTCUSDT,2025-09-27,2025-09-28,7,1,0.02305906325348861,109635.85,112163.95,0,1,1,1,0,1,0.4550134804730954,0.7382915110173619,0.5147724819090528
BTCUSDT,2025-09-28,2025-09-29,7,1,0.01915062727373651,112163.96,114311.96,0,1,0,0,1,1,0.45698306143922,0.521033669724883,0.49003126915616146
BTCUSDT,2025-09-29,2025-09-30,7,0,-0.002300984079006363,114311.97,114048.93,0,0,0,0,1,1,0.4643660774044788,0.42572043394224324,0.49417259902589006
BTCUSDT,2025-09-30,2025-10-01,7,1,0.03986061070454605,114048.94,118594.99,0,1,1,1,0,1,0.4467427395644255,0.5684256301178846,0.5171879424230607
BTCUSDT,2025-10-01,2025-10-02,7,1,0.01631063841735636,118594.99,120529.35,0,1,0,0,1,1,0.4365731015154211,0.6233242148369481,0.4724290902898905
BTCUSDT,2025-10-02,2025-10-03,7,1,0.014126434764644369,120529.35,122232.0,0,1,0,0,1,1,0.48098548392128593,0.6340229096481901,0.49719232725572043
BTCUSDT,2025-10-03,2025-10-04,7,1,0.0013008050265068682,122232.21,122391.0,1,1,0,0,1,1,0.5177146245051313,0.5581433214082259,0.499520663899145
BTCUSDT,2025-10-04,2025-10-05,7,1,0.008916587003946264,122390.99,123482.31,0,0,1,0,1,1,0.458149339662625,0.45903797021335746,0.5132916851608956
BTCUSDT,2025-10-05,2025-10-06,7,1,0.009525493975614863,123482.32,124658.54,1,0,1,0,1,1,0.5938545037972364,0.4242766372552792,0.5050945053893483
BTCUSDT,2025-10-06,2025-10-07,7,0,-0.02667759465175834,124658.54,121332.95,1,0,1,0,1,1,0.5138754534972316,0.4093442695036822,0.504441611507625
BTCUSDT,2025-10-07,2025-10-08,7,1,0.016261452474369165,121332.96,123306.0,1,0,1,1,0,1,0.5242084473302395,0.41125306471087925,0.543851959167324
BTCUSDT,2025-10-08,2025-10-09,7,0,-0.013329440578722873,123306.01,121662.4,0,0,0,0,1,1,0.47561296948078335,0.31751227588590486,0.4972447028654437
BTCUSDT,2025-10-09,2025-10-10,7,0,-0.07305379476321361,121662.41,112774.5,1,1,1,1,0,1,0.5361193858226441,0.6840182371389285,0.5291908891827815
BTCUSDT,2025-10-10,2025-10-11,7,0,-0.01888813517240162,112774.49,110644.4,1,0,1,1,0,1,0.6899352475471371,0.4977677033691955,0.5956074794855671
BTCUSDT,2025-10-11,2025-10-12,7,1,0.03899338782622541,110644.4,114958.8,1,1,1,1,0,1,0.5646217131230187,0.6666588756006726,0.535279665423143
BTCUSDT,2025-10-12,2025-10-13,7,1,0.0018023848543999854,114958.81,115166.0,1,0,0,0,1,1,0.5364254691327492,0.38564556722277404,0.473329363840098
BTCUSDT,2025-10-13,2025-10-14,7,0,-0.018563291249153346,115166.0,113028.14,0,0,1,0,1,1,0.4948713013575937,0.49290626522317527,0.5127500715528348
BTCUSDT,2025-10-14,2025-10-15,7,0,-0.020038018850880857,113028.13,110763.28,1,1,1,1,0,1,0.5207860677734045,0.5114860555966699,0.5349231682251702
BTCUSDT,2025-10-15,2025-10-16,7,0,-0.023193607123227156,110763.28,108194.28,1,1,1,1,0,1,0.5427809228833924,0.5982059607168528,0.5365422521101624
BTCUSDT,2025-10-16,2025-10-17,7,0,-0.016291064555353674,108194.27,106431.68,1,1,1,1,0,1,0.5622526357601768,0.5630703090904176,0.5400122904227476
BTCUSDT,2025-10-17,2025-10-18,7,1,0.007078061719969053,106431.68,107185.01,1,1,1,1,0,1,0.5816037835924394,0.6296951829839235,0.5324318515712995
BTCUSDT,2025-10-18,2025-10-19,7,1,0.01360050253295686,107185.0,108642.78,0,0,1,0,1,1,0.4863544131228286,0.38826383090819416,0.5070681230667436
BTCUSDT,2025-10-19,2025-10-20,7,1,0.017390110967337113,108642.77,110532.09,0,0,1,0,1,1,0.4904184051136793,0.426856834909,0.5000820578135716
BTCUSDT,2025-10-20,2025-10-21,7,0,-0.0202151248565009,110532.09,108297.67,0,0,0,0,1,1,0.48326322786710985,0.41418093935137257,0.4960435071670215
BTCUSDT,2025-10-21,2025-10-22,7,0,-0.006742804346575482,108297.66,107567.44,1,1,1,1,0,1,0.6023429920806188,0.5708232380140985,0.5367368071243678
BTCUSDT,2025-10-22,2025-10-23,7,1,0.02334107793213258,107567.45,110078.18,1,1,1,1,0,1,0.5421656033050717,0.560761318651213,0.5220093774033209
BTCUSDT,2025-10-23,2025-10-24,7,1,0.008418652997351561,110078.19,111004.89,0,0,0,0,1,1,0.4821968000918679,0.42447156359055094,0.48973310820645694
BTCUSDT,2025-10-24,2025-10-25,7,1,0.005777943656356088,111004.9,111646.27,1,0,1,0,1,1,0.5249948549126985,0.4030320411586564,0.5056286898215185
BTCUSDT,2025-10-25,2025-10-26,7,1,0.026092497313165763,111646.27,114559.4,0,0,1,0,1,1,0.4774610526123304,0.3983208610975126,0.5084658184826311
BTCUSDT,2025-10-26,2025-10-27,7,0,-0.0039433691168074825,114559.41,114107.65,0,0,0,0,1,1,0.4877372416036985,0.3851639170548761,0.48682887939874736
BTCUSDT,2025-10-27,2025-10-28,7,0,-0.010597010805147522,114107.65,112898.45,1,0,1,1,0,1,0.5732442254972607,0.4573572507856093,0.518968606720194
BTCUSDT,2025-10-28,2025-10-29,7,0,-0.02548449513700146,112898.44,110021.29,1,0,1,1,0,1,0.5140964000913655,0.4764455100064268,0.5262071731697852
BTCUSDT,2025-10-29,2025-10-30,7,0,-0.015437103127948992,110021.3,108322.88,1,0,1,1,0,1,0.5465087613572006,0.4988838089797152,0.5425360743080698
BTCUSDT,2025-10-30,2025-10-31,7,1,0.011863883235009975,108322.87,109608.01,1,1,1,1,0,1,0.5156543961546944,0.5603646836559288,0.531496613816296
BTCUSDT,2025-10-31,2025-11-01,7,1,0.004471297307560018,109608.01,110098.1,1,0,1,0,1,1,0.527189199636505,0.4926728914688752,0.5019378328810594
BTCUSDT,2025-11-01,2025-11-02,7,1,0.004019869552698729,110098.1,110540.68,0,0,1,0,1,1,0.4705470419995573,0.3797419020248573,0.5098722200582897
BTCUSDT,2025-11-02,2025-11-03,7,0,-0.03580256607793619,110540.69,106583.04,1,0,1,0,1,1,0.5018433318693417,0.42752813417744223,0.5103585018484723
BTCUSDT,2025-11-03,2025-11-04,7,0,-0.04771697260652341,106583.05,101497.22,1,1,1,1,0,1,0.531374028283398,0.593786552626477,0.5539478963914457
BTCUSDT,2025-11-04,2025-11-05,7,1,0.023527146851904046,101497.23,103885.16,1,1,1,1,0,1,0.5708818080287354,0.594074770221243,0.5672057075810124
BTCUSDT,2025-11-05,2025-11-06,7,0,-0.024441604556416086,103885.16,101346.04,0,1,0,0,1,1,0.4972438137017773,0.5302900126818333,0.48953643519985607
BTCUSDT,2025-11-06,2025-11-07,7,1,0.01966569192047385,101346.04,103339.08,1,1,1,1,0,1,0.5499397679103304,0.6735286539163011,0.5413866895458707
BTCUSDT,2025-11-07,2025-11-08,7,0,-0.009929834869828569,103339.09,102312.94,1,0,0,0,1,1,0.5118461714024664,0.4842394121295814,0.49362587717308015
BTCUSDT,2025-11-08,2025-11-09,7,1,0.023555378234659363,102312.95,104722.96,1,1,1,1,0,1,0.5223064100715741,0.6522488827051385,0.5254796004550724
BTCUSDT,2025-11-09,2025-11-10,7,1,0.012300740926345144,104722.95,106011.13,0,0,0,0,1,1,0.46797617272585135,0.46108092894191044,0.48950659831311877
BTCUSDT,2025-11-10,2025-11-11,7,0,-0.027847453375886122,106011.13,103058.99,0,0,1,0,1,1,0.4685442999229283,0.4083688024789025,0.5014707041566959
BTCUSDT,2025-11-11,2025-11-12,7,0,-0.013629281637633106,103059.0,101654.37,1,1,1,1,0,1,0.5070484041049493,0.6024437792142577,0.5451431834929709
BTCUSDT,2025-11-12,2025-11-13,7,0,-0.0193041381300183,101654.37,99692.02,1,1,1,1,0,1,0.5325397113287687,0.6594560548275219,0.5295186846089467
BTCUSDT,2025-11-13,2025-11-14,7,0,-0.05113769386957956,99692.03,94594.0,1,1,1,1,0,1,0.5646823129569563,0.6113301152580244,0.5357363240169802
BTCUSDT,2025-11-14,2025-11-15,7,1,0.010595175169672455,94594.0,95596.24,1,1,1,1,0,1,0.6225031175343397,0.5762641661804158,0.5710257591391386
BTCUSDT,2025-11-15,2025-11-16,7,0,-0.013962892264381965,95596.23,94261.44,1,0,1,0,1,1,0.5063275265991657,0.47288946578018787,0.5032955751713877
BTCUSDT,2025-11-16,2025-11-17,7,0,-0.02170877083991085,94261.45,92215.14,1,1,1,1,0,1,0.5477620864086763,0.6801302964757422,0.5298834851404934
BTCUSDT,2025-11-17,2025-11-18,7,1,0.0080864161785148,92215.14,92960.83,1,1,1,1,0,1,0.5989340261141356,0.6258445764932506,0.5383785604779774
BTCUSDT,2025-11-18,2025-11-19,7,0,-0.015123251373723723,92960.83,91554.96,0,0,1,0,1,1,0.49649543092798404,0.46419575820456993,0.5059852536894232
BTCUSDT,2025-11-19,2025-11-20,7,0,-0.05371341978632305,91554.96,86637.23,1,1,1,1,0,1,0.5009845315548201,0.6224321988284223,0.5311530389327469
BTCUSDT,2025-11-20,2025-11-21,7,0,-0.01740360350856096,86637.22,85129.43,1,1,1,1,0,1,0.6502892468831126,0.5098460888752675,0.5739056972469558
BTCUSDT,2025-11-21,2025-11-22,7,0,-0.00457761786963673,85129.42,84739.74,1,1,1,1,0,1,0.5970076262610992,0.603316697714498,0.533651152437342
BTCUSDT,2025-11-22,2025-11-23,7,1,0.02466682102163631,84739.75,86830.0,1,1,1,1,0,1,0.5076663426644349,0.594057451021707,0.5196569148521651
BTCUSDT,2025-11-23,2025-11-24,7,1,0.01692974778302414,86830.0,88300.01,1,1,0,0,1,1,0.5419698444759705,0.557953358449894,0.4883326633426849
BTCUSDT,2025-11-24,2025-11-25,7,0,-0.010532841389259029,88300.01,87369.96,0,1,0,0,1,1,0.4714440146229256,0.5043847148435283,0.4965332914849936
BTCUSDT,2025-11-25,2025-11-26,7,1,0.035642227603171595,87369.97,90484.02,0,1,1,1,0,1,0.4794212929096114,0.5928931739413617,0.5261371782199532
BTCUSDT,2025-11-26,2025-11-27,7,1,0.009393150304329856,90484.01,91333.95,0,0,0,0,1,1,0.4078056470927927,0.36023621216813334,0.4768168999224588
BTCUSDT,2025-11-27,2025-11-28,7,0,-0.004853069422706469,91333.94,90890.7,0,0,1,0,1,1,0.47762211112022185,0.435256988890143,0.5045834834352457
BTCUSDT,2025-11-28,2025-11-29,7,0,-0.000971056444718732,90890.71,90802.44,1,0,1,1,0,1,0.5224811480298694,0.4997872211539109,0.5199559576707672
BTCUSDT,2025-11-29,2025-11-30,7,0,-0.004872556288134988,90802.44,90360.0,0,0,1,1,0,1,0.42211239246320853,0.35500127312080726,0.5157478678001568
BTCUSDT,2025-11-30,2025-12-01,7,0,-0.0450862107127048,90360.01,86286.01,1,1,1,1,0,1,0.5681933835952968,0.5143889972708184,0.5199771160999527
BTCUSDT,2025-12-01,2025-12-02,7,1,0.05785259974357393,86286.01,91277.88,1,1,1,1,0,1,0.5174800981577341,0.528637926728417,0.5642717120970612
BTCUSDT,2025-12-02,2025-12-03,7,1,0.023577125147954625,91277.88,93429.95,0,1,0,0,1,1,0.3773200822882643,0.5536538631362172,0.4539669817967248
BTCUSDT,2025-12-03,2025-12-04,7,0,-0.014469557138797606,93429.95,92078.06,0,0,0,0,1,1,0.4147091856941832,0.2875166233830326,0.4894836152763153
BTCUSDT,2025-12-04,2025-12-05,7,0,-0.029844460232980596,92078.06,89330.04,0,0,1,1,0,1,0.4317396133236908,0.48780561420763285,0.5304376939981122
BTCUSDT,2025-12-05,2025-12-06,7,0,-0.0010438817669845557,89330.04,89236.79,1,1,1,1,0,1,0.5106973959607944,0.5114323702779416,0.5473495467281897
BTCUSDT,2025-12-06,2025-12-07,7,1,0.01298253780755676,89236.8,90395.31,1,1,1,1,0,1,0.5142462988608193,0.5628842030428273,0.5158266820014956
BTCUSDT,2025-12-07,2025-12-08,7,1,0.0026442743544992098,90395.32,90634.34,0,0,1,0,1,1,0.4641227036624982,0.4351023991833139,0.5007420615971448
BTCUSDT,2025-12-08,2025-12-09,7,1,0.022557233825501566,90634.35,92678.8,0,1,1,0,1,1,0.4636861235199682,0.6076923536174061,0.5118415290150019
BTCUSDT,2025-12-09,2025-12-10,7,0,-0.007158379262571457,92678.81,92015.37,0,0,0,0,1,1,0.4481886348011486,0.49160309391435425,0.490562050698392
BTCUSDT,2025-12-10,2025-12-11,7,1,0.005412247975528528,92015.38,92513.38,0,1,1,1,0,1,0.4988030981493621,0.596994889575825,0.5224613750835679
BTCUSDT,2025-12-11,2025-12-12,7,0,-0.02426632774632176,92513.38,90268.42,0,0,1,0,1,1,0.40883849884434764,0.383937444885965,0.5088592632578938
BTCUSDT,2025-12-12,2025-12-13,7,0,-0.00031472800786813693,90268.43,90240.01,1,1,1,1,0,1,0.5557604245171147,0.6539525365771706,0.5411935915135311
BTCUSDT,2025-12-13,2025-12-14,7,0,-0.022914891077693733,90240.0,88172.17,0,0,1,1,0,1,0.41732134224495976,0.42648482848562075,0.5150377896487998
BTCUSDT,2025-12-14,2025-12-15,7,0,-0.019735138649757622,88172.16,86432.08,1,1,1,1,0,1,0.5245327587861613,0.5561554678205103,0.5397055010663101
BTCUSDT,2025-12-15,2025-12-16,7,1,0.016560286412174774,86432.08,87863.42,1,1,1,1,0,1,0.5776226794630015,0.6420780508574935,0.5362095869830611
BTCUSDT,2025-12-16,2025-12-17,7,0,-0.018439983328670806,87863.43,86243.22,0,0,0,0,1,1,0.44198317709444096,0.41162585796851303,0.49692652985086727
BTCUSDT,2025-12-17,2025-12-18,7,0,-0.008427445079160933,86243.23,85516.41,1,1,1,1,0,1,0.5741825973323519,0.6122441530740158,0.5347878665324297
BTCUSDT,2025-12-18,2025-12-19,7,1,0.03064359226492308,85516.41,88136.94,1,1,1,1,0,1,0.6161773853151745,0.6550047581759628,0.5238426080684961
BTCUSDT,2025-12-19,2025-12-20,7,1,0.002541045786250251,88136.95,88360.9,1,0,0,0,1,1,0.5277088188928069,0.417917708602856,0.48204410785538704
BTCUSDT,2025-12-20,2025-12-21,7,1,0.003372079732098854,88360.91,88658.86,1,0,1,0,1,1,0.5028653215011117,0.41147170341626427,0.5119528935525682
BTCUSDT,2025-12-21,2025-12-22,7,0,-0.00042939870871350205,88658.87,88620.79,0,0,1,0,1,1,0.46631048146838666,0.37529206889825945,0.511056654122124
BTCUSDT,2025-12-22,2025-12-23,7,0,-0.012805008847246668,88620.79,87486.0,1,1,1,1,0,1,0.5195995312524354,0.5059295902599625,0.515161822094781
BTCUSDT,2025-12-23,2025-12-24,7,1,0.002096906933680698,87486.0,87669.45,0,0,1,1,0,1,0.473000121922715,0.4495788899806547,0.5286177434388986
BTCUSDT,2025-12-24,2025-12-25,7,0,-0.00506653115766087,87669.44,87225.27,0,0,1,0,1,1,0.44850625519339976,0.3422001547990502,0.5124321544076469
BTCUSDT,2025-12-25,2025-12-26,7,1,0.0016542224518192317,87225.27,87369.56,1,1,1,1,0,1,0.5456856799964694,0.6139775304002697,0.5201877486109882
BTCUSDT,2025-12-26,2025-12-27,7,1,0.005808086935541468,87369.56,87877.01,1,1,1,0,1,1,0.5861365556044662,0.5245853804857474,0.5129100345398281
BTCUSDT,2025-12-27,2025-12-28,7,1,0.0008614312207482211,87877.0,87952.71,0,0,1,0,1,1,0.4657167798089816,0.4631883132236336,0.5084333938303037
BTCUSDT,2025-12-28,2025-12-29,7,0,-0.008135963064696994,87952.71,87237.13,0,0,1,0,1,1,0.48465392931598994,0.3323764058948778,0.5137663251000673
BTCUSDT,2025-12-29,2025-12-30,7,1,0.014309961824741313,87237.13,88485.49,1,1,1,1,0,1,0.6379702248004965,0.6043822853622715,0.5235252384200036
BTCUSDT,2025-12-30,2025-12-31,7,0,-0.009462229344042727,88485.5,87648.22,0,0,0,0,1,1,0.4748432421155235,0.43443772595264496,0.4993248310158594
BTCUSDT,2025-12-31,2026-01-01,7,1,0.013586356916318376,87648.21,88839.04,1,0,1,1,0,1,0.5582156413154066,0.4645393100833924,0.5249698920163116
BTCUSDT,2026-01-01,2026-01-02,7,1,0.013013310364452524,88839.05,89995.13,0,1,1,0,1,1,0.45261417571260165,0.5059021878273396,0.5000971612431833
BTCUSDT,2026-01-02,2026-01-03,7,1,0.007032380529924165,89995.14,90628.01,1,1,1,0,1,1,0.5246809220180266,0.5440889649247428,0.5007091861547491
BTCUSDT,2026-01-03,2026-01-04,7,1,0.00994968332637991,90628.01,91529.73,1,0,1,0,1,1,0.5132483229814641,0.49907034505749587,0.507117204158778
BTCUSDT,2026-01-04,2026-01-05,7,1,0.025455991184503812,91529.74,93859.71,1,0,1,0,1,1,0.5103358906957858,0.4870894340517066,0.5039870026924982
BTCUSDT,2026-01-05,2026-01-06,7,0,-0.0011905001624232803,93859.71,93747.97,1,1,0,0,1,1,0.503784424114686,0.759039201425266,0.48749997121466326
BTCUSDT,2026-01-06,2026-01-07,7,0,-0.02542785726453589,93747.97,91364.16,0,1,1,1,0,1,0.42505563663044693,0.7602780117385145,0.515985372776678
BTCUSDT,2026-01-07,2026-01-08,8,0,-0.0028913963637382523,91364.16,91099.99,1,0,1,1,0,1,0.5225453732530744,0.48925281964911405,0.5407950635105685
BTCUSDT,2026-01-08,2026-01-09,8,0,-0.0050352365571061375,91100.0,90641.28,1,1,1,1,0,1,0.501114147805388,0.5313911154513606,0.5170794275186125
BTCUSDT,2026-01-09,2026-01-10,8,0,-0.0015068189681346489,90641.27,90504.7,1,1,1,1,0,1,0.6203243249257882,0.5637603575723554,0.5193172079213316
BTCUSDT,2026-01-10,2026-01-11,8,1,0.005623464858730998,90504.7,91013.65,1,1,1,1,0,1,0.6089081502374517,0.6351503389939971,0.5156363665437202
BTCUSDT,2026-01-11,2026-01-12,8,1,0.003104479383037706,91013.66,91296.2,1,1,1,0,1,1,0.5507357474753868,0.5058434549678733,0.5082328706813967
BTCUSDT,2026-01-12,2026-01-13,8,1,0.04510373925749378,91296.2,95414.0,1,1,1,0,1,1,0.548287560855916,0.5418888342470847,0.510842941946887
BTCUSDT,2026-01-13,2026-01-14,8,1,0.01611692204498283,95413.99,96951.78,1,0,0,0,1,1,0.5532440097169159,0.4750681073546133,0.4681869696506655
BTCUSDT,2026-01-14,2026-01-15,8,0,-0.013893298297359746,96951.78,95604.8,1,1,0,0,1,1,0.5656301437824488,0.5077763685388486,0.4974266723199663
BTCUSDT,2026-01-15,2026-01-16,8,0,-0.0005633608354392861,95604.81,95550.94,1,1,1,1,0,1,0.642352269942539,0.6388828551961823,0.5286055226930675
BTCUSDT,2026-01-16,2026-01-17,8,0,-0.00421942473825998,95550.94,95147.77,0,1,1,1,0,1,0.4966265511703852,0.5024552250556366,0.5146540526433617
BTCUSDT,2026-01-17,2026-01-18,8,0,-0.015498313833314237,95147.77,93673.14,1,1,1,1,0,1,0.6203989440358239,0.5267405925832047,0.5184651670095812
BTCUSDT,2026-01-18,2026-01-19,8,0,-0.011125280950334271,93673.14,92631.0,1,1,1,1,0,1,0.6542767419238608,0.529718951836859,0.5302954806704833
BTCUSDT,2026-01-19,2026-01-20,8,0,-0.045377249516900364,92630.99,88427.66,1,1,1,1,0,1,0.5991218808983305,0.5632814176362478,0.5256959513810696
BTCUSDT,2026-01-20,2026-01-21,8,1,0.01161480468893994,88427.66,89454.73,1,1,1,1,0,1,0.5841503093736925,0.5584444227891084,0.562095294774152
BTCUSDT,2026-01-21,2026-01-22,8,1,0.0011731073359675381,89454.73,89559.67,1,0,1,0,1,1,0.5027526626908856,0.3846639319308624,0.5020495293494107
BTCUSDT,2026-01-22,2026-01-23,8,1,0.0004532173912654702,89559.68,89600.26,1,0,1,0,1,1,0.5382512109758743,0.48971940240372874,0.5128482008061293
BTCUSDT,2026-01-23,2026-01-24,8,0,-0.004184362857875601,89600.26,89225.34,1,1,1,0,1,1,0.5838883289120838,0.5556768273452938,0.5135965182493993
BTCUSDT,2026-01-24,2026-01-25,8,0,-0.02863513885181046,89225.34,86670.36,1,1,1,1,0,1,0.6285153358463881,0.5305875061745268,0.5184285612842227
BTCUSDT,2026-01-25,2026-01-26,8,1,0.019345944795891024,86670.36,88347.08,1,1,1,1,0,1,0.6177692927238527,0.6312102738460782,0.5442020049010319
BTCUSDT,2026-01-26,2026-01-27,8,1,0.010220145363038613,88347.08,89250.0,1,0,0,0,1,1,0.5414985587546102,0.40491787525739237,0.4941238717928431
BTCUSDT,2026-01-27,2026-01-28,8,1,0.0005601120448179842,89249.99,89299.99,0,0,1,0,1,1,0.4842068451448529,0.43683440492162184,0.5034857314106336
BTCUSDT,2026-01-28,2026-01-29,8,0,-0.052069770668507376,89300.0,84650.16,1,0,1,0,1,1,0.5362340632558941,0.4488948109689717,0.5134853722061703
BTCUSDT,2026-01-29,2026-01-30,8,0,-0.004603299036883057,84650.16,84260.49,1,1,1,1,0,1,0.6401085344364562,0.7162438131385638,0.5692929431832533
BTCUSDT,2026-01-30,2026-01-31,8,0,-0.06550401024252306,84260.5,78741.09,1,1,1,1,0,1,0.5103119194384591,0.6744801893529586,0.518866015335895
BTCUSDT,2026-01-31,2026-02-01,8,0,-0.02251530935119128,78741.1,76968.21,1,1,1,1,0,1,0.6767132097652403,0.5812553873644785,0.5838031822007339
BTCUSDT,2026-02-01,2026-02-02,8,1,0.023001704210088736,76968.22,78738.61,1,1,1,1,0,1,0.5621910438071841,0.5384796740828226,0.5377076025666893
BTCUSDT,2026-02-02,2026-02-03,8,0,-0.03769942090671896,78738.6,75770.21,1,0,0,0,1,1,0.5372715007145377,0.48389066092450783,0.49039781924494624
BTCUSDT,2026-02-03,2026-02-04,8,0,-0.03437208369885747,75770.21,73165.83,1,1,1,1,0,1,0.5787073837899248,0.5592169664097199,0.553868088926032
BTCUSDT,2026-02-04,2026-02-05,8,0,-0.14017431361060217,73165.84,62909.86,1,1,1,1,0,1,0.5786114686120676,0.6493864927341667,0.5503136462583351
BTCUSDT,2026-02-05,2026-02-06,8,1,0.12192683309102881,62909.87,70580.26,1,1,1,1,0,1,0.7980201032979576,0.6864693990458064,0.664897068834722
BTCUSDT,2026-02-06,2026-02-07,8,0,-0.01828953307907888,70580.26,69289.38,1,0,0,0,1,1,0.6453731591920394,0.2926128201959364,0.39584683171265367
BTCUSDT,2026-02-07,2026-02-08,8,1,0.015023947392803993,69289.37,70330.38,1,0,1,1,0,1,0.6658335400867816,0.4409203804699246,0.5332393096869867
BTCUSDT,2026-02-08,2026-02-09,8,0,-0.0027353755233514576,70330.38,70138.0,1,1,0,0,1,1,0.6165057255191233,0.5573485465769947,0.4985470630619627
BTCUSDT,2026-02-09,2026-02-10,8,0,-0.01848798083777703,70138.0,68841.29,1,1,1,1,0,1,0.5139658624382595,0.5101133937942832,0.5169167301236047
BTCUSDT,2026-02-10,2026-02-11,8,0,-0.025548184817570818,68841.28,67082.52,1,1,1,1,0,1,0.5291497907758351,0.5753872375550597,0.5334488403419168
BTCUSDT,2026-02-11,2026-02-12,8,0,-0.01207989801217968,67082.52,66272.17,1,1,1,1,0,1,0.592469582201894,0.6888481413650233,0.5409227499254566
BTCUSDT,2026-02-12,2026-02-13,8,1,0.03895737833844892,66272.17,68853.96,1,1,1,1,0,1,0.5832930596953363,0.6644122229250082,0.5266986727426255
BTCUSDT,2026-02-13,2026-02-14,8,1,0.014073119396473155,68853.97,69822.95,1,0,0,0,1,1,0.5014607626451602,0.4703299057771477,0.4743072518272444
BTCUSDT,2026-02-14,2026-02-15,8,0,-0.014184018291979905,69822.94,68832.58,1,0,0,0,1,1,0.5120138815035861,0.4186914647733289,0.49952273555231996
BTCUSDT,2026-02-15,2026-02-16,8,1,0.0008695010415125104,68832.59,68892.43,1,1,1,1,0,1,0.5369090521056048,0.5064748811595325,0.5289114741587229
BTCUSDT,2026-02-16,2026-02-17,8,0,-0.02016056045635184,68892.43,67503.52,1,0,1,0,1,1,0.5084980625990881,0.46567964649891425,0.5131637376943292
BTCUSDT,2026-02-17,2026-02-18,8,0,-0.015443935368111283,67503.52,66461.0,1,0,1,1,0,1,0.5049484110581826,0.38100823043219123,0.5352160382302341
BTCUSDT,2026-02-18,2026-02-19,8,1,0.008166142549765887,66461.0,67003.73,1,1,1,1,0,1,0.5755733318879122,0.5760281857287494,0.530238190407098
BTCUSDT,2026-02-19,2026-02-20,8,1,0.01516751380855963,67003.73,68020.01,0,0,1,0,1,1,0.4806009130730777,0.43423477926176474,0.5056044194049848
BTCUSDT,2026-02-20,2026-02-21,8,0,-0.0006480445974648141,68020.0,67975.93,1,0,0,0,1,1,0.510166396432727,0.42936924649372665,0.4983998255544631
BTCUSDT,2026-02-21,2026-02-22,8,0,-0.004891878639983305,67975.93,67643.4,1,1,1,1,0,1,0.572784490965102,0.530620969543953,0.5147421909034318
BTCUSDT,2026-02-22,2026-02-23,8,0,-0.04416365824308055,67643.39,64656.02,1,1,1,1,0,1,0.515147468463716,0.5335224140784539,0.519167441087925
BTCUSDT,2026-02-23,2026-02-24,8,0,-0.009246934778849636,64656.01,64058.15,1,1,1,1,0,1,0.59573168869347,0.6777920813778783,0.5607926300762758
BTCUSDT,2026-02-24,2026-02-25,8,1,0.06134879012272432,64058.15,67988.04,0,1,1,1,0,1,0.4642435207402074,0.5938117463409848,0.5237251799328718
BTCUSDT,2026-02-25,2026-02-26,8,0,-0.007396300878801609,67988.04,67485.18,0,0,0,0,1,1,0.47363778768411036,0.3940053894705138,0.45223231351768856
BTCUSDT,2026-02-26,2026-02-27,8,0,-0.023902729458526895,67485.19,65872.1,1,1,1,1,0,1,0.5089663001533833,0.5592399898176772,0.5217864138880245
BTCUSDT,2026-02-27,2026-02-28,8,1,0.016716637240956178,65872.09,66973.26,1,1,1,1,0,1,0.5734434492718797,0.5692799599024642,0.5391775705279439
BTCUSDT,2026-02-28,2026-03-01,8,0,-0.01786966917841526,66973.26,65776.47,0,0,0,0,1,1,0.4900193051242576,0.3440634720121199,0.4968124360993719
BTCUSDT,2026-03-01,2026-03-02,8,1,0.04642374393153048,65776.48,68830.06,1,1,1,1,0,1,0.5694693621283704,0.5607503797543204,0.5327960982856604
BTCUSDT,2026-03-02,2026-03-03,8,0,-0.007148911391331003,68830.06,68338.0,0,0,0,0,1,1,0.433057225892979,0.3852456368088479,0.46687844089883984
BTCUSDT,2026-03-03,2026-03-04,8,1,0.06334352775907992,68338.01,72666.77,0,1,1,1,0,1,0.440660597405509,0.5142335808118005,0.5215274660221544
BTCUSDT,2026-03-04,2026-03-05,8,0,-0.02444102029029227,72666.77,70890.72,0,0,0,0,1,1,0.4773065119209834,0.3558884048630364,0.45029611399343716
BTCUSDT,2026-03-05,2026-03-06,8,0,-0.0391687374595715,70891.02,68114.02,1,0,1,1,0,1,0.5371193367004555,0.41828015214015374,0.5397482686693318
BTCUSDT,2026-03-06,2026-03-07,8,0,-0.012495371731106153,68114.02,67262.91,1,0,1,1,0,1,0.5714915288618939,0.4694236213634567,0.5554398711199731
BTCUSDT,2026-03-07,2026-03-08,8,0,-0.01920389706600567,67262.91,65971.2,1,1,1,1,0,1,0.5843707237837398,0.5032153568233544,0.5271353184955043
BTCUSDT,2026-03-08,2026-03-09,8,1,0.03730355064027946,65971.2,68432.16,1,1,1,1,0,1,0.6633222620356798,0.5845224503087507,0.5342049925764647
BTCUSDT,2026-03-09,2026-03-10,8,1,0.022160194855752158,68432.16,69948.63,1,0,0,0,1,1,0.5116829562833723,0.45967322080332346,0.47596164697225857
BTCUSDT,2026-03-10,2026-03-11,8,1,0.0034772661022810514,69948.64,70191.86,1,0,0,0,1,1,0.5476184749421442,0.4816815328305058,0.49125424869091705
BTCUSDT,2026-03-11,2026-03-12,8,1,0.0049789249066771735,70191.86,70541.34,1,0,1,0,1,1,0.5284871596129674,0.34420657211747385,0.5104562962875082
BTCUSDT,2026-03-12,2026-03-13,8,1,0.005509677020595349,70541.34,70930.0,0,0,1,0,1,1,0.46173195236316494,0.3857156123047369,0.5089001424383068
BTCUSDT,2026-03-13,2026-03-14,8,1,0.0039750458198222205,70930.01,71211.95,1,0,1,0,1,1,0.6418809053362007,0.49415870652598975,0.5083506427261372
BTCUSDT,2026-03-14,2026-03-15,8,1,0.022514339236602954,71211.95,72815.24,1,0,1,0,1,1,0.5310613629810415,0.4803879681948053,0.5099402152943299
BTCUSDT,2026-03-15,2026-03-16,8,1,0.028420286742171008,72815.25,74884.67,1,0,0,0,1,1,0.5036182646904321,0.47381837412179045,0.49089373283530574
BTCUSDT,2026-03-16,2026-03-17,8,0,-0.013024161019872249,74884.67,73909.36,0,0,0,0,1,1,0.46957431398135524,0.4950128990105221,0.4849015385719669
BTCUSDT,2026-03-17,2026-03-18,8,0,-0.03602818371042593,73909.37,71246.54,1,0,1,1,0,1,0.5387642061728111,0.4777542153768616,0.5276912598538982
BTCUSDT,2026-03-18,2026-03-19,8,0,-0.018478651735228002,71246.55,69930.0,1,1,1,1,0,1,0.5779467360328251,0.5138779259640315,0.5520819141200312
BTCUSDT,2026-03-19,2026-03-20,8,1,0.008304447304447349,69930.01,70510.73,1,0,1,1,0,1,0.5299869635378749,0.40335182644045686,0.5334389895431678
BTCUSDT,2026-03-20,2026-03-21,8,0,-0.022586775090826627,70510.73,68918.12,1,0,1,0,1,1,0.5368689385850172,0.374879176752106,0.5054616291146118
BTCUSDT,2026-03-21,2026-03-22,8,0,-0.015367801675379322,68918.12,67859.0,1,1,1,1,0,1,0.6957340201289149,0.7292769469777931,0.5377832855749569
BTCUSDT,2026-03-22,2026-03-23,8,1,0.044908560397294295,67859.0,70906.45,1,1,1,1,0,1,0.6258811411076419,0.6835161843006016,0.5301579839688844
BTCUSDT,2026-03-23,2026-03-24,8,0,-0.004931991377371103,70906.45,70556.74,1,0,0,0,1,1,0.5079936363636759,0.44963667975774807,0.46838062950248394
BTCUSDT,2026-03-24,2026-03-25,8,1,0.011051956198656399,70556.74,71336.53,1,1,1,1,0,1,0.5099675277852709,0.5100301897135778,0.5192093452675535
BTCUSDT,2026-03-25,2026-03-26,8,0,-0.035272531478612756,71336.53,68820.31,1,0,1,0,1,1,0.5224323581398341,0.3714398200355926,0.5026289103788589
BTCUSDT,2026-03-26,2026-03-27,8,0,-0.035062759816106626,68820.31,66407.28,1,1,1,1,0,1,0.628912997396915,0.6183682245843836,0.5512748655801321
BTCUSDT,2026-03-27,2026-03-28,8,0,-0.00045552234634516076,66407.28,66377.03,1,1,1,1,0,1,0.6770737182505429,0.628943288337024,0.5510508901775044
BTCUSDT,2026-03-28,2026-03-29,8,0,-0.00551546220130672,66377.04,66010.93,1,1,1,1,0,1,0.6320268286831295,0.5735825479881539,0.5145418245983522
BTCUSDT,2026-03-29,2026-03-30,8,1,0.01191378458082637,66010.93,66797.37,1,1,1,1,0,1,0.5639554195655124,0.5826274310548872,0.519819034194014
BTCUSDT,2026-03-30,2026-03-31,8,1,0.022263002270897836,66797.38,68284.48,1,1,1,0,1,1,0.5620849501934817,0.5140164816088746,0.5017418962728717
ETHUSDT,2020-07-17,2020-07-18,0,1,0.012893798083122077,232.66,235.67,1,1,0,1,0,0,0.5223413836752335,0.7098735281041468,0.49505401250911624
ETHUSDT,2020-07-18,2020-07-19,0,1,0.014596681800823186,235.67,239.11,0,0,0,0,1,0,0.4270679174950985,0.20493949972684855,0.4722285366204773
ETHUSDT,2020-07-19,2020-07-20,0,0,-0.012964744259964078,239.12,236.01,0,0,0,0,1,0,0.3715734528326077,0.26368932833419206,0.4699335939220541
ETHUSDT,2020-07-20,2020-07-21,0,1,0.04059150036015424,236.0,245.59,0,0,1,1,0,0,0.4413593153054549,0.37526705535883437,0.5076492474949802
ETHUSDT,2020-07-21,2020-07-22,0,1,0.07390366057249897,245.53,263.74,0,0,0,0,1,0,0.33147133149529373,0.34008699196100106,0.43557886732849105
ETHUSDT,2020-07-22,2020-07-23,0,1,0.04383104572685226,263.75,275.3,0,0,0,0,1,0,0.42264037256620646,0.3163334301653363,0.39367156365206124
ETHUSDT,2020-07-23,2020-07-24,0,1,0.013984743915728126,275.31,279.15,1,0,0,0,1,0,0.5051276416417272,0.21955455838016716,0.4313934070160413
ETHUSDT,2020-07-24,2020-07-25,0,1,0.09353394232491508,279.15,305.26,1,0,0,0,1,0,0.5742574985840572,0.3094835289591862,0.4707577056070444
ETHUSDT,2020-07-25,2020-07-26,0,1,0.018803642796304754,305.31,311.0,0,0,0,0,1,0,0.4604432723756755,0.30203665082046777,0.3702303678905588
ETHUSDT,2020-07-26,2020-07-27,0,1,0.03514469453376212,311.02,321.93,1,0,0,0,1,0,0.5140023882831385,0.4381377038647577,0.4642860476159543
ETHUSDT,2020-07-27,2020-07-28,0,0,-0.016028329139875175,321.95,316.77,0,0,0,0,1,0,0.4776576463911573,0.20268619650282924,0.4426661246533838
ETHUSDT,2020-07-28,2020-07-29,0,1,0.0029674527259526684,316.77,317.71,0,0,1,1,0,0,0.47704869784950943,0.48909565106432473,0.5119089073598343
ETHUSDT,2020-07-29,2020-07-30,0,1,0.054011519939567654,317.76,334.87,1,1,0,0,1,0,0.5201654504723653,0.6044262114660824,0.4857038254295118
ETHUSDT,2020-07-30,2020-07-31,0,1,0.03422223549437087,334.82,346.33,1,1,0,0,1,0,0.5171510284845945,0.616764911052815,0.4183898962160805
ETHUSDT,2020-07-31,2020-08-01,0,1,0.1174313516010741,346.32,387.0,0,0,0,0,1,0,0.49647454025539833,0.4990413501763787,0.4438725037543268
ETHUSDT,2020-08-01,2020-08-02,0,0,-0.03767441860465115,387.01,372.42,0,0,0,0,1,0,0.43691686496311366,0.2674499958375426,0.343042748937985
ETHUSDT,2020-08-02,2020-08-03,0,1,0.036303098652059385,372.45,385.94,1,0,1,1,0,0,0.6147790852985057,0.4419691922693517,0.5423020654309735
ETHUSDT,2020-08-03,2020-08-04,0,1,0.00950925014250914,385.91,389.61,0,0,0,0,1,0,0.42500888661245195,0.2439105674389407,0.4411536593276974
ETHUSDT,2020-08-04,2020-08-05,0,1,0.028515695182361966,389.59,400.72,1,0,0,0,1,0,0.5029470789457549,0.2026819210625699,0.4768047081349846
ETHUSDT,2020-08-05,2020-08-06,0,0,-0.014848273108404975,400.72,394.77,0,0,0,0,1,0,0.4563793387959127,0.12543544425463163,0.45137370691810047
ETHUSDT,2020-08-06,2020-08-07,0,0,-0.03908605010512456,394.77,379.34,1,0,1,1,0,0,0.6263692104741444,0.40199655500688747,0.5102667403171777
ETHUSDT,2020-08-07,2020-08-08,0,1,0.046633626825539176,379.34,397.03,1,1,1,1,0,0,0.6417302682203831,0.6814098293369193,0.5442992566412932
ETHUSDT,2020-08-08,2020-08-09,0,0,-0.01735385235372644,397.05,390.14,0,1,0,0,1,0,0.46797750918002295,0.6892587253778806,0.42779079950496446
ETHUSDT,2020-08-09,2020-08-10,0,1,0.013584866970830944,390.14,395.44,1,1,1,1,0,0,0.5795127966302765,0.5605030989163924,0.5137555479862651
ETHUSDT,2020-08-10,2020-08-11,0,0,-0.041573942949625686,395.43,379.0,0,0,0,0,1,0,0.4337429174703962,0.16836123011391135,0.47129658486083525
ETHUSDT,2020-08-11,2020-08-12,0,1,0.021583113456464353,378.99,387.18,1,0,1,1,0,0,0.5689979219213971,0.38384440704555217,0.547822789806311
ETHUSDT,2020-08-12,2020-08-13,0,1,0.09649258742703659,387.18,424.54,0,0,0,0,1,0,0.43449835063196807,0.1987733235498363,0.46057248860436106
ETHUSDT,2020-08-13,2020-08-14,0,1,0.0319640081028878,424.54,438.11,0,0,0,0,1,0,0.4382074995509408,0.425925466915416,0.3667827667053776
ETHUSDT,2020-08-14,2020-08-15,0,0,-0.013215859030836996,438.12,432.32,1,0,0,0,1,0,0.5152632221536206,0.3214232643415871,0.44683310305049034
ETHUSDT,2020-08-15,2020-08-16,0,1,0.0030070318282753306,432.3,433.62,1,0,1,1,0,0,0.6165408788108375,0.4783403893388772,0.5079979540278071
ETHUSDT,2020-08-16,2020-08-17,0,0,-0.006295835062958388,433.61,430.89,0,0,0,0,1,0,0.4166962317785366,0.2036796023395453,0.48564977668685666
ETHUSDT,2020-08-17,2020-08-18,0,0,-0.020747754647357786,430.89,421.95,0,0,0,1,0,0,0.4973190260973686,0.1590662951772971,0.49841923335297705
ETHUSDT,2020-08-18,2020-08-19,0,0,-0.034340561677923986,421.92,407.46,0,0,1,1,0,0,0.49267744213080356,0.21919385200169075,0.5184932712686441
ETHUSDT,2020-08-19,2020-08-20,0,1,0.020811858832768815,407.46,415.94,1,0,1,1,0,0,0.5286817524279479,0.31881327819590616,0.5375916302941801
ETHUSDT,2020-08-20,2020-08-21,0,0,-0.06724527576092698,415.94,387.97,0,0,0,0,1,0,0.4694660302023559,0.25917689271781835,0.46160150201533967
ETHUSDT,2020-08-21,2020-08-22,0,1,0.018738562259968505,387.93,395.24,1,1,1,1,0,0,0.6548108857025402,0.5075024439595056,0.5843718402884299
ETHUSDT,2020-08-22,2020-08-23,0,0,-0.011461390547515493,395.23,390.71,0,0,0,0,1,0,0.41673617262182316,0.41835123969462734,0.46437317007318946
ETHUSDT,2020-08-23,2020-08-24,0,1,0.04343374881625772,390.72,407.68,0,1,1,1,0,0,0.4715120896551194,0.6171997790832631,0.5055633492018977
ETHUSDT,2020-08-24,2020-08-25,0,0,-0.06070937990580849,407.68,382.93,0,0,0,0,1,0,0.3415033201538683,0.2675545699351711,0.43190549745535267
ETHUSDT,2020-08-25,2020-08-26,0,1,0.0075209568328415966,382.91,385.81,0,0,1,1,0,0,0.479957081787609,0.30771548398058185,0.5750436299651958
ETHUSDT,2020-08-26,2020-08-27,0,0,-0.006583551489074968,385.81,383.27,0,1,0,0,1,0,0.402930872931647,0.5765926797319327,0.47950206755096925
ETHUSDT,2020-08-27,2020-08-28,0,1,0.030892060427375023,383.31,395.11,0,0,0,1,0,0,0.4996908518994497,0.3891648670264275,0.4988161859843538
ETHUSDT,2020-08-28,2020-08-29,0,1,0.008959530257396597,395.1,398.65,0,0,0,0,1,0,0.40918868865776153,0.1992237979719917,0.448242061654632
ETHUSDT,2020-08-29,2020-08-30,0,1,0.07598143735105989,398.65,428.94,0,0,0,0,1,0,0.49164092155079986,0.2722072243511356,0.47754980911544403
ETHUSDT,2020-08-30,2020-08-31,0,1,0.01130694269594823,428.94,433.79,0,0,0,0,1,0,0.2847411847868831,0.08576651597918923,0.3911446282434263
ETHUSDT,2020-08-31,2020-09-01,0,1,0.09592198990294842,433.8,475.4,0,0,0,0,1,0,0.3501892784750936,0.10024291232055792,0.4743716473179848
ETHUSDT,2020-09-01,2020-09-02,0,0,-0.07551535549011357,475.4,439.5,0,0,0,0,1,0,0.29575191231456394,0.06529093299840347,0.3674458915637211
ETHUSDT,2020-09-02,2020-09-03,0,0,-0.13219567690557454,439.5,381.4,1,0,1,1,0,0,0.5671442339173642,0.2741074139898835,0.5961812703333768
ETHUSDT,2020-09-03,2020-09-04,0,1,0.010120608285264954,381.35,385.26,1,1,1,1,0,0,0.6563984274134599,0.8805529563121713,0.6762299782842182
ETHUSDT,2020-09-04,2020-09-05,0,0,-0.1304313969786638,385.3,335.01,0,0,0,0,1,0,0.4439573406510862,0.36365324949620575,0.4759766591232325
ETHUSDT,2020-09-05,2020-09-06,0,1,0.05310289245097177,335.04,352.8,1,1,1,1,0,0,0.676027676197711,0.861225453638901,0.6737870209077009
ETHUSDT,2020-09-06,2020-09-07,0,1,0.0022392290249431124,352.85,353.59,0,0,0,0,1,0,0.3257313286956029,0.11556526353984879,0.41954106585330353
ETHUSDT,2020-09-07,2020-09-08,0,0,-0.04581577533301273,353.59,337.39,0,0,0,0,1,0,0.3539743263790311,0.16994056949053615,0.486698718129431
ETHUSDT,2020-09-08,2020-09-09,0,1,0.039894484128160324,337.41,350.85,0,0,1,1,0,0,0.4417774646507196,0.4350837352087887,0.5538402310208
ETHUSDT,2020-09-09,2020-09-10,0,1,0.04868177283739494,350.85,367.93,0,0,0,0,1,0,0.36562477520820896,0.4653131450854318,0.4364823338870057
ETHUSDT,2020-09-10,2020-09-11,0,1,0.015492077297311946,367.93,373.63,0,0,0,0,1,0,0.41515061920707075,0.16757325915332874,0.4251688801913263
ETHUSDT,2020-09-11,2020-09-12,0,1,0.037871691245349615,373.62,387.78,0,0,0,0,1,0,0.43544764916096584,0.20044131848138486,0.4687289345383726
ETHUSDT,2020-09-12,2020-09-13,0,0,-0.05508277889524982,387.78,366.42,0,0,0,0,1,0,0.38331489618343023,0.2335461595658064,0.43911006639895284
ETHUSDT,2020-09-13,2020-09-14,0,1,0.02920146280224878,366.43,377.12,1,0,1,1,0,0,0.5275374670960203,0.32610933999537833,0.5670221404499175
ETHUSDT,2020-09-14,2020-09-15,0,0,-0.03463088672040726,377.12,364.06,0,0,0,0,1,0,0.3512823961511563,0.1629241462150627,0.4504688329029673
ETHUSDT,2020-09-15,2020-09-16,0,1,0.002884139976926825,364.05,365.11,1,1,1,1,0,0,0.5341884460702216,0.6369898450868895,0.5380014648402297
ETHUSDT,2020-09-16,2020-09-17,0,1,0.06641833967845301,365.04,389.36,0,0,0,0,1,0,0.4195529846500165,0.2992692905484799,0.4858176043720318
ETHUSDT,2020-09-17,2020-09-18,0,0,-0.012764536675570204,389.35,384.39,0,0,0,0,1,0,0.38679599380193075,0.22040377048229232,0.40286245983842583
ETHUSDT,2020-09-18,2020-09-19,0,1,0.002237311064283709,384.4,385.25,1,0,1,1,0,0,0.5087533080952711,0.45836995952133475,0.5073712906252014
ETHUSDT,2020-09-19,2020-09-20,0,0,-0.03688513951979233,385.25,371.04,0,0,0,0,1,0,0.3973083175982659,0.21977786564414112,0.48670133952714284
ETHUSDT,2020-09-20,2020-09-21,0,0,-0.08268650280293233,371.04,340.36,1,0,1,1,0,0,0.508165674766503,0.26926506635569963,0.5411860654420825
ETHUSDT,2020-09-21,2020-09-22,0,1,0.011311552473851183,340.31,344.21,1,0,1,1,0,0,0.5157012322020278,0.3150654731696838,0.6064172538852116
ETHUSDT,2020-09-22,2020-09-23,0,0,-0.06824322361349167,344.18,320.72,0,0,0,0,1,0,0.2832419566625058,0.17306148757020373,0.47436541535530985
ETHUSDT,2020-09-23,2020-09-24,0,1,0.08808306310800695,320.72,348.97,0,0,1,1,0,0,0.48502882528561664,0.30234943795160396,0.5857967337319264
ETHUSDT,2020-09-24,2020-09-25,0,1,0.00845344872052034,348.97,351.92,0,0,0,0,1,0,0.2916575173408949,0.16462144447081387,0.37664134156690815
ETHUSDT,2020-09-25,2020-09-26,0,1,0.005683109797681274,351.93,353.92,0,0,0,0,1,0,0.41932209154863354,0.3130974767747494,0.47823620930702954
ETHUSDT,2020-09-26,2020-09-27,0,1,0.010087025316455778,353.95,357.49,0,0,0,0,1,0,0.3663386463273006,0.1259486306105783,0.48200113665497496
ETHUSDT,2020-09-27,2020-09-28,0,0,-0.00987440208117718,357.58,353.96,0,0,0,0,1,0,0.3207830946518475,0.11156397394564391,0.4760221289033619
ETHUSDT,2020-09-28,2020-09-29,0,1,0.01647078765962262,353.91,359.79,0,0,1,1,0,0,0.3978168463010341,0.2221497334890461,0.5033646387397819
ETHUSDT,2020-09-29,2020-09-30,0,1,0.00011117596375642691,359.78,359.83,0,0,0,0,1,0,0.25171548772112273,0.05977089289368503,0.4674138150019246
ETHUSDT,2020-09-30,2020-10-01,0,0,-0.01939804907873155,359.83,352.85,0,0,0,0,1,0,0.3138924025996263,0.05068630101360095,0.48961076988079943
ETHUSDT,2020-10-01,2020-10-02,0,0,-0.020546974635114124,352.83,345.6,0,0,1,1,0,0,0.4296638476146599,0.4207464947932454,0.5166075347420769
ETHUSDT,2020-10-02,2020-10-03,0,1,0.0010127314814813992,345.6,345.95,0,0,1,1,0,0,0.4119896862639956,0.3420022271949167,0.5182126197213244
ETHUSDT,2020-10-03,2020-10-04,0,1,0.018557595028183327,345.94,352.37,0,0,0,0,1,0,0.46797256715578917,0.36605250101746856,0.48837621784236457
ETHUSDT,2020-10-04,2020-10-05,0,1,0.0035474075545591788,352.34,353.62,0,0,0,0,1,0,0.30153579835142175,0.036115581819815626,0.46461546919824365
ETHUSDT,2020-10-05,2020-10-06,0,0,-0.036395000282789414,353.63,340.75,0,0,0,0,1,0,0.2937367733851044,0.06572066168867555,0.4849120934950529
ETHUSDT,2020-10-06,2020-10-07,0,1,0.0024358033749083408,340.8,341.58,0,0,1,1,0,0,0.4005065717957098,0.24409058972590078,0.5404932854784171
ETHUSDT,2020-10-07,2020-10-08,0,1,0.027431348439604264,341.58,350.95,0,0,0,0,1,0,0.2522196490109214,0.19324202884625846,0.4864300780836359
ETHUSDT,2020-10-08,2020-10-09,0,1,0.04009118107992582,350.94,365.02,0,0,0,0,1,0,0.3289160853690586,0.1952212054987868,0.4528063951966599
ETHUSDT,2020-10-09,2020-10-10,0,1,0.015067667525067163,365.01,370.52,0,0,0,0,1,0,0.3673746484385078,0.22451231622488607,0.4362272726643229
ETHUSDT,2020-10-10,2020-10-11,0,1,0.009824031091439256,370.51,374.16,0,0,0,0,1,0,0.4341665657712049,0.3479400602210533,0.46929975569703936
ETHUSDT,2020-10-11,2020-10-12,0,1,0.03300726961727585,374.17,386.51,0,0,0,0,1,0,0.3500398794440315,0.09119358203469374,0.47637827684496886
ETHUSDT,2020-10-12,2020-10-13,0,0,-0.014152285839952317,386.51,381.04,0,0,0,0,1,0,0.29980559385107536,0.09464459458513635,0.44546407200097465
ETHUSDT,2020-10-13,2020-10-14,0,0,-0.006167331513751928,381.05,378.69,0,0,1,1,0,0,0.36199292640553643,0.13741626924120529,0.5092990197215169
ETHUSDT,2020-10-14,2020-10-15,0,0,-0.002772716469935821,378.69,377.64,0,0,0,1,0,0,0.38961492239887036,0.17920185236389752,0.4982419790905316
ETHUSDT,2020-10-15,2020-10-16,0,0,-0.03214701832432998,377.63,365.5,0,0,0,1,0,0,0.3695148038472956,0.39529351552643227,0.4935681167553951
ETHUSDT,2020-10-16,2020-10-17,0,1,0.0077154582763336865,365.5,368.32,0,0,1,1,0,0,0.466207549237361,0.33939150019860787,0.534497513022289
ETHUSDT,2020-10-17,2020-10-18,0,1,0.026580147697654377,368.31,378.11,0,0,0,0,1,0,0.3531561945621978,0.2664611776530503,0.4792379127883902
ETHUSDT,2020-10-18,2020-10-19,0,1,0.003147232286900614,378.12,379.3,0,0,0,0,1,0,0.3000908132867488,0.06162627604087242,0.4539326501331555
ETHUSDT,2020-10-19,2020-10-20,0,0,-0.028420775112048546,379.3,368.52,0,0,0,0,1,0,0.31926309955662996,0.1348232438173228,0.4854583405042756
ETHUSDT,2020-10-20,2020-10-21,0,1,0.05931835449907741,368.53,390.38,0,0,1,1,0,0,0.37352777475466475,0.09432453108703337,0.529251539241167
ETHUSDT,2020-10-21,2020-10-22,0,1,0.06045391669655209,390.31,413.98,0,0,0,0,1,0,0.28734365859949684,0.041141287503820734,0.4117042778983256
ETHUSDT,2020-10-22,2020-10-23,0,0,-0.01176385332624763,413.94,409.11,0,0,0,0,1,0,0.33530806704599453,0.09414809812150605,0.4102821522917763
ETHUSDT,2020-10-23,2020-10-24,0,1,0.007406321038351482,409.19,412.14,0,0,1,1,0,0,0.4808500616539708,0.4545450516686296,0.5059827781719674
ETHUSDT,2020-10-24,2020-10-25,0,0,-0.01523754064152949,412.14,405.86,0,0,0,0,1,0,0.428947426603252,0.36148971070588987,0.4796577850749029
ETHUSDT,2020-10-25,2020-10-26,0,0,-0.032868476814665204,405.85,392.52,0,0,1,1,0,0,0.42889183794052826,0.16874963959028114,0.5108082540775053
ETHUSDT,2020-10-26,2020-10-27,0,1,0.027845714868032223,392.52,403.45,0,0,1,1,0,0,0.3746335035027731,0.18518135479912412,0.5355147011892925
ETHUSDT,2020-10-27,2020-10-28,0,0,-0.03772462510843966,403.41,388.23,0,0,0,0,1,0,0.31413852446413965,0.17099994539183688,0.45225864334449206
ETHUSDT,2020-10-28,2020-10-29,0,0,-0.00283337197022393,388.22,387.13,0,0,1,1,0,0,0.4467570886078036,0.25975133930847405,0.5423730715575178
ETHUSDT,2020-10-29,2020-10-30,0,0,-0.011985637899413648,387.12,382.49,0,0,0,1,0,0,0.4193513367029785,0.3671305922534276,0.49365148293534533
ETHUSDT,2020-10-30,2020-10-31,0,1,0.010379356323040989,382.59,386.46,0,0,1,1,0,0,0.46074527068948057,0.4171886754431671,0.506290405915756
ETHUSDT,2020-10-31,2020-11-01,0,1,0.026419293070434335,386.44,396.67,0,1,0,0,1,0,0.43933120127163217,0.5192319218031668,0.47562639038967647
ETHUSDT,2020-11-01,2020-11-02,0,0,-0.03441147553381918,396.68,383.02,0,0,0,0,1,0,0.34800556935586213,0.14881042405853653,0.45414564106376465
ETHUSDT,2020-11-02,2020-11-03,0,1,0.012688632447391823,383.01,387.88,0,0,1,1,0,0,0.4477449187498486,0.14347945380460084,0.537691728491028
ETHUSDT,2020-11-03,2020-11-04,0,1,0.03766628854284826,387.88,402.49,0,0,0,0,1,0,0.2571802475721387,0.13777288399338744,0.4725053759391783
ETHUSDT,2020-11-04,2020-11-05,0,1,0.03528037963676112,402.5,416.69,0,0,0,0,1,0,0.3329311709315757,0.05754847368952273,0.4393773773513621
ETHUSDT,2020-11-05,2020-11-06,0,1,0.0941227291271689,416.73,455.91,0,0,0,0,1,0,0.38502293440020274,0.11661682906417985,0.4424888249317272
ETHUSDT,2020-11-06,2020-11-07,0,0,-0.04540369809830902,455.91,435.21,0,0,0,0,1,0,0.4289144804535081,0.3462818862598793,0.36954246421710557
ETHUSDT,2020-11-07,2020-11-08,0,1,0.043863881804186544,435.2,454.3,1,0,1,1,0,0,0.6525679842168043,0.4308110242472629,0.5532551523244427
ETHUSDT,2020-11-08,2020-11-09,0,0,-0.02196786264582884,454.29,444.32,0,0,0,0,1,0,0.3797244460977168,0.20108371047033557,0.431351098667331
ETHUSDT,2020-11-09,2020-11-10,0,1,0.013548793662225389,444.32,450.34,0,0,1,1,0,0,0.4485260814182924,0.2343903535494868,0.5201997264259239
ETHUSDT,2020-11-10,2020-11-11,0,1,0.028311942088200093,450.34,463.09,0,0,0,0,1,0,0.35762349472777916,0.1502960682582596,0.4713452114736434
ETHUSDT,2020-11-11,2020-11-12,0,0,-0.0015115852210153546,463.09,462.39,0,0,0,0,1,0,0.45826911943972093,0.1527800607813538,0.4516427387544848
ETHUSDT,2020-11-12,2020-11-13,0,1,0.030363978459741814,462.48,476.43,0,0,0,1,0,0,0.4596818805077752,0.37233161763125877,0.4918360273680574
ETHUSDT,2020-11-13,2020-11-14,0,0,-0.032617593350544705,476.42,460.89,0,0,0,0,1,0,0.4400391612966418,0.32171653847382975,0.448937014059827
ETHUSDT,2020-11-14,2020-11-15,0,0,-0.027794050641150814,460.9,448.08,1,0,1,1,0,0,0.5301011462934337,0.4390499562484634,0.5351609263032414
ETHUSDT,2020-11-15,2020-11-16,0,1,0.027829851812176454,448.07,460.55,0,0,1,1,0,0,0.46954868235074415,0.18771493592421173,0.5283705197924604
ETHUSDT,2020-11-16,2020-11-17,0,1,0.04690044511996527,460.51,482.15,0,0,0,0,1,0,0.35876320481292895,0.14346096358464547,0.4522796065663042
ETHUSDT,2020-11-17,2020-11-18,0,0,-0.0077569221196721605,482.11,478.41,0,0,0,0,1,0,0.31544987884711884,0.10928305069658051,0.42744871016782077
ETHUSDT,2020-11-18,2020-11-19,0,0,-0.014966242344432668,478.43,471.25,0,0,1,1,0,0,0.47955372686115033,0.1285002016890976,0.5004362473062919
ETHUSDT,2020-11-19,2020-11-20,0,1,0.08248275862068977,471.26,510.12,1,0,1,1,0,0,0.5011593512452124,0.3800122678162764,0.5104308284439867
ETHUSDT,2020-11-20,2020-11-21,0,1,0.08278444287618614,510.12,552.35,0,0,0,0,1,0,0.40693581379859517,0.11496010807669778,0.38330720848718364
ETHUSDT,2020-11-21,2020-11-22,0,1,0.013904227392051993,552.42,560.03,0,0,0,0,1,0,0.3825521019649518,0.18617469867996256,0.38294609718179196
ETHUSDT,2020-11-22,2020-11-23,0,1,0.08669178436869474,560.03,608.58,0,0,0,0,1,0,0.463531632601735,0.11066811851926223,0.47086618816916065
ETHUSDT,2020-11-23,2020-11-24,0,0,-0.005931841335568011,608.58,604.97,0,0,0,0,1,0,0.31674568686625637,0.13732417241235684,0.37828988999039465
ETHUSDT,2020-11-24,2020-11-25,0,0,-0.05863100649618991,604.98,569.5,0,0,0,1,0,0,0.4589316712389377,0.18569496139411054,0.49791721106892695
ETHUSDT,2020-11-25,2020-11-26,0,0,-0.08721685689201042,569.38,519.83,1,0,1,1,0,0,0.5462787917420819,0.30724714765012556,0.5720794120945736
ETHUSDT,2020-11-26,2020-11-27,0,0,-0.0022122617009409096,519.83,518.68,1,1,1,1,0,0,0.6350081877260834,0.8221285204479781,0.6128774957915432
ETHUSDT,2020-11-27,2020-11-28,0,1,0.0363229737024755,518.59,537.52,1,0,0,1,0,0,0.5048060018854233,0.29982475195946856,0.49279807338602966
ETHUSDT,2020-11-28,2020-11-29,0,1,0.07214615270129476,537.5,576.3,0,0,0,0,1,0,0.45377272416332465,0.3061131597558127,0.4411277337478413
ETHUSDT,2020-11-29,2020-11-30,0,1,0.07003296893978828,576.32,616.66,0,0,0,0,1,0,0.32367154890300315,0.17451188083914934,0.3958172841047111
ETHUSDT,2020-11-30,2020-12-01,0,0,-0.05091946939966918,616.65,585.26,0,0,0,0,1,0,0.2823437245845985,0.1259065466494334,0.398407236399881
ETHUSDT,2020-12-01,2020-12-02,0,1,0.019871510098075973,585.26,596.89,1,0,1,1,0,0,0.5201857544138566,0.31989430577969413,0.5610946837481486
ETHUSDT,2020-12-02,2020-12-03,0,1,0.031764646752332926,596.88,615.85,0,0,0,0,1,0,0.37958800048639135,0.20637300903054603,0.46285761684844695
ETHUSDT,2020-12-03,2020-12-04,0,0,-0.07893155800925555,615.84,567.24,0,0,0,0,1,0,0.4378555031410935,0.28171050481846704,0.44709496711523955
ETHUSDT,2020-12-04,2020-12-05,0,1,0.052111980819406156,567.24,596.8,1,0,1,1,0,0,0.6787013314541703,0.49000518112500074,0.6010585983129021
ETHUSDT,2020-12-05,2020-12-06,0,1,0.007942359249329733,596.82,601.54,0,0,0,0,1,0,0.39026549436405716,0.3293957315154791,0.42079861664080853
ETHUSDT,2020-12-06,2020-12-07,0,0,-0.017056222362602624,601.59,591.28,0,0,0,0,1,0,0.42635599903868304,0.14865699550392825,0.47892983493410024
ETHUSDT,2020-12-07,2020-12-08,0,0,-0.06145988364226751,591.27,554.94,0,0,1,1,0,0,0.4258497075008351,0.2686021924360611,0.5133407216045063
ETHUSDT,2020-12-08,2020-12-09,0,1,0.03270623851227161,554.92,573.09,1,0,1,1,0,0,0.5281838956945206,0.25284699552197437,0.576114309872386
ETHUSDT,2020-12-09,2020-12-10,0,0,-0.024603465424278936,573.2,558.99,0,0,0,0,1,0,0.3392477266610298,0.2377823717876039,0.44585887732876056
ETHUSDT,2020-12-10,2020-12-11,0,0,-0.026046977584572306,558.99,544.43,1,1,1,1,0,0,0.506071748727444,0.512241785616614,0.523891517871667
ETHUSDT,2020-12-11,2020-12-12,0,1,0.043366456661095176,544.46,568.04,1,1,1,1,0,0,0.5009823661693218,0.5406167219420652,0.5259166484787059
ETHUSDT,2020-12-12,2020-12-13,0,1,0.039891556932610595,568.09,590.7,0,0,0,0,1,0,0.382874905992533,0.22895722145966546,0.4319922665220383
ETHUSDT,2020-12-13,2020-12-14,0,0,-0.007465718638903107,590.81,586.29,0,0,0,0,1,0,0.29879568784322486,0.13443434504651725,0.4364861302636812
ETHUSDT,2020-12-14,2020-12-15,0,1,0.004008255300278041,586.29,588.64,0,0,1,1,0,0,0.3405245591905623,0.09130173102727758,0.5000340063912037
ETHUSDT,2020-12-15,2020-12-16,0,1,0.0824612666485458,588.78,637.18,0,0,0,0,1,0,0.3453622082908968,0.13396136123888824,0.48428334188414307
ETHUSDT,2020-12-16,2020-12-17,0,1,0.0086631721020749,637.18,642.7,0,0,0,0,1,0,0.26684756722439346,0.12934107996682898,0.3833329427990349
ETHUSDT,2020-12-17,2020-12-18,0,1,0.017348685234168215,642.71,653.85,0,0,0,0,1,0,0.4901706093743527,0.29038371768935767,0.4779517088290019
ETHUSDT,2020-12-18,2020-12-19,0,1,0.006392903571155406,653.76,658.03,0,0,0,0,1,0,0.42961765893455406,0.2069882812086438,0.4662356212712158
ETHUSDT,2020-12-19,2020-12-20,0,0,-0.030165797911949288,658.05,638.18,0,0,0,0,1,0,0.45717944917057574,0.3637762999731526,0.4810353182093941
ETHUSDT,2020-12-20,2020-12-21,0,0,-0.047948854555141085,638.1,607.58,0,0,1,1,0,0,0.4334460257295275,0.272243205865025,0.5317066274514852
ETHUSDT,2020-12-21,2020-12-22,0,1,0.04751637644425433,607.68,636.45,0,0,1,1,0,0,0.44947405096441534,0.2160591753807126,0.5568704558333208
ETHUSDT,2020-12-22,2020-12-23,0,0,-0.0799591484012886,636.41,585.56,0,0,0,0,1,0,0.24055031687706155,0.10834110563282631,0.4266596189642861
ETHUSDT,2020-12-23,2020-12-24,0,1,0.04568276521620329,585.48,612.31,0,0,1,1,0,0,0.4714987849069624,0.28182726838655525,0.6025253551294745
ETHUSDT,2020-12-24,2020-12-25,0,1,0.023697146870049757,612.31,626.82,0,0,0,0,1,0,0.310406130920714,0.43310181083247384,0.42901117440613806
ETHUSDT,2020-12-25,2020-12-26,0,1,0.016942662965444555,626.78,637.44,0,0,0,0,1,0,0.39721299968771334,0.28576546346355086,0.4577576522459749
ETHUSDT,2020-12-26,2020-12-27,0,1,0.07478350903614461,637.44,685.11,0,0,0,0,1,0,0.41501230151891644,0.3445762085893245,0.4667803562410784
ETHUSDT,2020-12-27,2020-12-28,0,1,0.06612076892761731,685.1,730.41,0,0,0,0,1,0,0.3414331556170572,0.11423500376674095,0.39260021644812915
ETHUSDT,2020-12-28,2020-12-29,0,1,0.0021768595720212947,730.4,732.0,0,0,0,0,1,0,0.3119208735269444,0.22605662373531418,0.40323063160019806
ETHUSDT,2020-12-29,2020-12-30,0,1,0.027554644808743145,732.0,752.17,0,0,0,0,1,0,0.32619174598936695,0.22408640295278726,0.486783965336661
ETHUSDT,2020-12-30,2020-12-31,0,0,-0.020939415291755803,752.17,736.42,0,0,0,0,1,0,0.3482160035338352,0.2670939866620694,0.4526433743767689
ETHUSDT,2020-12-31,2021-01-01,0,0,-0.010197984845604413,736.42,728.91,1,1,1,1,0,0,0.5087454934385948,0.6985357127571928,0.5187612185079072
ETHUSDT,2021-01-01,2021-01-02,0,1,0.06262775925697261,728.91,774.56,1,1,1,1,0,0,0.514059095752267,0.5763544156124554,0.5038126771692004
ETHUSDT,2021-01-02,2021-01-03,0,1,0.26301384011567874,774.44,978.28,0,0,0,0,1,0,0.4052840881587694,0.20087415702944855,0.40756816271956386
ETHUSDT,2021-01-03,2021-01-04,0,1,0.06455207098172311,978.33,1041.43,0,0,0,0,1,0,0.22543226395714014,0.1888010657147865,0.21060581647456425
ETHUSDT,2021-01-04,2021-01-05,0,1,0.055817481731849306,1041.45,1099.56,0,0,0,0,1,0,0.3947892190938959,0.09914232146608569,0.40517501252551924
ETHUSDT,2021-01-05,2021-01-06,0,1,0.0990032376587,1100.16,1208.42,0,0,0,0,1,0,0.3307856799214487,0.09521132219587226,0.41610745098054824
ETHUSDT,2021-01-06,2021-01-07,0,1,0.013612816735902866,1208.75,1224.87,0,0,0,0,1,0,0.28838928196585983,0.09775336728835719,0.363875088053116
ETHUSDT,2021-01-07,2021-01-08,0,0,-0.006482320572795297,1224.86,1216.93,0,0,0,0,1,0,0.471992078061142,0.2654874482510549,0.47125891030243133
ETHUSDT,2021-01-08,2021-01-09,0,1,0.048540178974961545,1216.72,1276.0,1,0,0,1,0,0,0.5414209222342538,0.4138768416510368,0.4986765078062877
ETHUSDT,2021-01-09,2021-01-10,0,0,-0.017045454545454586,1276.0,1254.25,0,0,0,0,1,0,0.45748106459371574,0.22402832931006886,0.42534984219868877
ETHUSDT,2021-01-10,2021-01-11,0,0,-0.13333864859477773,1254.24,1087.01,1,0,1,1,0,0,0.5112741412284234,0.2328885459138934,0.5133257158001676
ETHUSDT,2021-01-11,2021-01-12,0,0,-0.03390033210366039,1087.0,1050.16,1,1,1,1,0,0,0.6056722412437331,0.6226190726559807,0.6778101629483054
ETHUSDT,2021-01-12,2021-01-13,0,1,0.07592176430258246,1050.36,1129.89,1,0,1,1,0,0,0.5039066157745956,0.3790754282756679,0.536970322785423
ETHUSDT,2021-01-13,2021-01-14,0,1,0.09003531317207858,1129.79,1231.62,0,0,0,0,1,0,0.33213290713839405,0.3091821015218841,0.3912170523199187
ETHUSDT,2021-01-14,2021-01-15,0,0,-0.05122521556973736,1231.89,1168.53,0,0,0,0,1,0,0.3727979431663619,0.304047738882436,0.3743364425923255
ETHUSDT,2021-01-15,2021-01-16,0,1,0.05074752038886454,1168.48,1227.83,1,0,1,1,0,0,0.6321096356684743,0.41164191550416807,0.5615297140664414
ETHUSDT,2021-01-16,2021-01-17,0,1,0.0037627358836322955,1227.83,1232.45,0,0,0,0,1,0,0.4856524335031171,0.38672580609533663,0.42253385532029936
ETHUSDT,2021-01-17,2021-01-18,0,1,0.02109619051482814,1232.5,1258.45,0,0,0,0,1,0,0.45957266485090986,0.18160226686657804,0.48461827110285666
ETHUSDT,2021-01-18,2021-01-19,0,1,0.08495371290079046,1258.52,1365.36,0,0,0,0,1,0,0.32281256282071524,0.12005038818578982,0.4612220156584489
ETHUSDT,2021-01-19,2021-01-20,0,1,0.008517900041014936,1365.36,1376.99,0,0,0,0,1,0,0.3147959050759956,0.20563625396082527,0.38035629015891675
ETHUSDT,2021-01-20,2021-01-21,0,0,-0.19319675524150504,1376.72,1110.96,0,0,0,0,1,0,0.3935595087951929,0.19468157412995232,0.47814876999070316
ETHUSDT,2021-01-21,2021-01-22,0,1,0.10950889320947632,1111.98,1232.62,1,1,1,1,0,0,0.78609186084342,0.7256969492572258,0.7569717659745357
ETHUSDT,2021-01-22,2021-01-23,0,1,0.00079505443689043,1232.61,1233.6,0,1,0,0,1,0,0.35566385773120307,0.6217025179957777,0.35188804377734073
ETHUSDT,2021-01-23,2021-01-24,0,1,0.1288180933852141,1233.46,1392.51,0,0,0,0,1,0,0.4800996400453925,0.32394294178322114,0.4886741813283398
ETHUSDT,2021-01-24,2021-01-25,0,0,-0.05359387006197436,1392.19,1317.88,0,0,0,0,1,0,0.24736694388824856,0.2822965883362489,0.33062598821541966
ETHUSDT,2021-01-25,2021-01-26,0,1,0.036490424014326006,1317.6,1365.97,0,0,1,1,0,0,0.4942020451375932,0.36307270788624524,0.5649014447107731
ETHUSDT,2021-01-26,2021-01-27,0,0,-0.09293029861563584,1366.54,1239.03,0,0,0,0,1,0,0.23673776356913515,0.15454350192445082,0.44090933930447107
ETHUSDT,2021-01-27,2021-01-28,0,1,0.07317014115880971,1238.93,1329.69,1,0,1,1,0,0,0.5314387564767453,0.377328120725139,0.621013654218155
ETHUSDT,2021-01-28,2021-01-29,0,1,0.037459859064894685,1329.44,1379.5,0,0,0,0,1,0,0.3029450172768263,0.3428794561089289,0.3945661880905299
ETHUSDT,2021-01-29,2021-01-30,0,0,-0.0010511054729974711,1379.56,1378.05,0,0,0,0,1,0,0.37368427516772845,0.2341642114082987,0.439646113315341
ETHUSDT,2021-01-30,2021-01-31,0,0,-0.04753093138855624,1378.04,1312.55,0,0,0,1,0,0,0.4020752521606186,0.35528201499691975,0.49120417737298744
ETHUSDT,2021-01-31,2021-02-01,0,1,0.04694678297969612,1312.45,1374.17,0,0,1,1,0,0,0.4344347056676527,0.401133203399785,0.5562765514006933
ETHUSDT,2021-02-01,2021-02-02,0,1,0.10020594249619763,1374.09,1511.87,0,0,0,0,1,0,0.2348441132703258,0.21638199913732253,0.4273893160650984
ETHUSDT,2021-02-02,2021-02-03,0,1,0.10094783281631359,1511.93,1664.49,0,0,0,0,1,0,0.2310035422860173,0.18975096309883055,0.36248803468608964
ETHUSDT,2021-02-03,2021-02-04,0,0,-0.04134599787322235,1664.67,1595.67,0,0,0,0,1,0,0.25450701929251035,0.15012090830636082,0.3616343219416599
ETHUSDT,2021-02-04,2021-02-05,0,1,0.07740948943077197,1595.53,1719.19,1,1,1,1,0,0,0.5116858043358142,0.6027953960070463,0.5474997713471301
ETHUSDT,2021-02-05,2021-02-06,0,0,-0.02491871171889093,1718.95,1676.35,0,0,0,0,1,0,0.35487479496461416,0.2630395787796489,0.3894140599406625
ETHUSDT,2021-02-06,2021-02-07,0,0,-0.03861365466638833,1676.35,1611.62,0,1,1,1,0,0,0.4990423959993643,0.550533588045269,0.5243335963233177
ETHUSDT,2021-02-07,2021-02-08,0,1,0.08595698737915902,1611.46,1750.15,0,0,1,1,0,0,0.4104083006975966,0.40535896322605997,0.5436307355328573
ETHUSDT,2021-02-08,2021-02-09,0,1,0.010844784732737311,1749.68,1769.13,0,0,0,0,1,0,0.2401393226352195,0.15018199732251483,0.37916255527726633
ETHUSDT,2021-02-09,2021-02-10,0,0,-0.016024825761815187,1769.14,1740.78,0,0,0,0,1,0,0.3262907008423523,0.25551212838556153,0.47499662350943467
ETHUSDT,2021-02-10,2021-02-11,0,1,0.025758567998253712,1740.76,1785.62,0,0,1,1,0,0,0.3845135297173266,0.46035442920431324,0.5119040295046948
ETHUSDT,2021-02-11,2021-02-12,0,1,0.03060001568082793,1785.83,1840.26,0,0,0,0,1,0,0.33887682004783676,0.3481681107688975,0.4550210464023919
ETHUSDT,2021-02-12,2021-02-13,0,0,-0.01374805733972373,1840.24,1814.96,0,0,0,0,1,0,0.3301672929601502,0.3972043043893917,0.44862632180739154
ETHUSDT,2021-02-13,2021-02-14,0,0,-0.008011195839026763,1815.25,1800.42,0,0,1,1,0,0,0.39604275423383495,0.48227965620911006,0.5087372500011634
ETHUSDT,2021-02-14,2021-02-15,0,0,-0.011758367492029631,1800.03,1779.25,0,0,1,1,0,0,0.3624104980544758,0.28790558738670086,0.5007875730562579
ETHUSDT,2021-02-15,2021-02-16,0,1,0.0015399747084445803,1779.33,1781.99,0,0,1,1,0,0,0.2549594006251488,0.29927921594349205,0.5059751698263367
ETHUSDT,2021-02-16,2021-02-17,0,1,0.03809785689033052,1781.99,1849.88,0,0,0,0,1,0,0.23078335707273934,0.33228150570986004,0.4876548130791752
ETHUSDT,2021-02-17,2021-02-18,0,1,0.048505849028045,1849.7,1939.61,0,0,0,0,1,0,0.20902780387114314,0.1505685027871872,0.4388158366098351
ETHUSDT,2021-02-18,2021-02-19,0,1,0.007934584787663512,1938.91,1955.0,0,0,0,0,1,0,0.2393766898271387,0.27742076450322245,0.4253937237913368
ETHUSDT,2021-02-19,2021-02-20,0,0,-0.02148337595907923,1955.46,1913.0,0,0,0,0,1,0,0.30110085709847,0.4620900659599842,0.4789403894029507
ETHUSDT,2021-02-20,2021-02-21,0,1,0.010731834814427632,1912.9,1933.53,0,1,1,1,0,0,0.36001549116453346,0.5175666631486016,0.5195219180452735
ETHUSDT,2021-02-21,2021-02-22,0,0,-0.0806555884832405,1933.54,1777.58,0,0,0,0,1,0,0.2779094776435197,0.23798475690597656,0.4751494211194849
ETHUSDT,2021-02-22,2021-02-23,0,0,-0.11233812261614096,1777.42,1577.89,0,0,1,1,0,0,0.29069881180486434,0.4937121582982475,0.6035193221086963
ETHUSDT,2021-02-23,2021-02-24,0,1,0.02883597715937114,1577.79,1623.39,0,1,1,1,0,0,0.31478400350706504,0.5466559137731652,0.6484983418711724
ETHUSDT,2021-02-24,2021-02-25,0,0,-0.08724952106394646,1623.16,1481.75,0,0,0,0,1,0,0.1881401015477517,0.18825068596339228,0.45095097769149656
ETHUSDT,2021-02-25,2021-02-26,0,0,-0.02507845453011648,1482.08,1444.59,0,1,1,1,0,0,0.3823508966393129,0.5170055950621919,0.6129240496709116
ETHUSDT,2021-02-26,2021-02-27,0,1,0.009372901653756482,1444.56,1458.13,0,1,1,1,0,0,0.2983282471316445,0.5942531915571849,0.5245576480575254
ETHUSDT,2021-02-27,2021-02-28,0,0,-0.026712295885826354,1458.27,1419.18,0,0,0,0,1,0,0.2478161227879492,0.33257170696945176,0.4769894701760176
ETHUSDT,2021-02-28,2021-03-01,0,1,0.10617398779576925,1418.67,1569.86,0,0,1,1,0,0,0.19040319465351177,0.307357357268788,0.526850763539279
ETHUSDT,2021-03-01,2021-03-02,0,0,-0.05292191660402834,1570.0,1486.78,0,0,0,0,1,0,0.09358808610453483,0.17088577765593654,0.3556615538984825
ETHUSDT,2021-03-02,2021-03-03,0,1,0.054419618235381106,1486.79,1567.69,0,0,1,1,0,0,0.24219226496902999,0.3293927582217469,0.5639446724073385
ETHUSDT,2021-03-03,2021-03-04,0,0,-0.018154099343620222,1567.68,1539.23,0,0,0,0,1,0,0.1806910973079417,0.14251723786397796,0.4178734742631746
ETHUSDT,2021-03-04,2021-03-05,0,0,-0.007094456319068687,1539.22,1528.31,0,0,1,1,0,0,0.31910574108826295,0.39265512314048717,0.5148714322695276
ETHUSDT,2021-03-05,2021-03-06,0,1,0.07985290942282641,1528.08,1650.35,0,0,0,1,0,0,0.2464657986360496,0.3391852779920431,0.4995213508900806
ETHUSDT,2021-03-06,2021-03-07,0,1,0.045935710606840985,1650.68,1726.16,0,0,0,0,1,0,0.20962704226872805,0.28112194030181226,0.3864647960019568
ETHUSDT,2021-03-07,2021-03-08,0,1,0.06199888770450013,1726.46,1833.18,0,0,0,0,1,0,0.20361377319926532,0.12041952577810461,0.42868634064946093
ETHUSDT,2021-03-08,2021-03-09,0,1,0.02036352131269159,1833.22,1870.51,0,0,0,0,1,0,0.18481918367751554,0.13873100368010888,0.4083521508817929
ETHUSDT,2021-03-09,2021-03-10,0,0,-0.040304515880695724,1870.5,1795.12,0,0,0,0,1,0,0.17104078072376508,0.2627147805461219,0.4622001856286415
ETHUSDT,2021-03-10,2021-03-11,0,1,0.01707963813004154,1795.28,1825.78,0,0,1,1,0,0,0.3366656290705885,0.26924732561083503,0.5460243707255892
ETHUSDT,2021-03-11,2021-03-12,0,0,-0.032687399358082625,1825.78,1766.1,0,0,0,0,1,0,0.26234299251778204,0.38480072521364084,0.4665965519077282
ETHUSDT,2021-03-12,2021-03-13,0,1,0.08847177396523409,1766.13,1922.35,0,1,1,1,0,0,0.430962117373126,0.537410416562447,0.53525935525326
ETHUSDT,2021-03-13,2021-03-14,0,0,-0.03862460009883739,1922.35,1848.1,0,0,0,0,1,0,0.28442402244090603,0.2678336029618095,0.3761816361892109
ETHUSDT,2021-03-14,2021-03-15,0,0,-0.029554677777176463,1848.1,1793.48,0,0,1,1,0,0,0.4509929734299149,0.3035490726049977,0.5436462232798969
ETHUSDT,2021-03-15,2021-03-16,0,1,0.006490175524678232,1793.99,1805.12,0,0,1,1,0,0,0.3714628316771599,0.38224549224928095,0.5308465033615188
ETHUSDT,2021-03-16,2021-03-17,0,1,0.010226466938486167,1805.01,1823.58,0,0,0,0,1,0,0.23250371183563273,0.23991061829501975,0.4809030239290178
ETHUSDT,2021-03-17,2021-03-18,0,0,-0.026047664484146527,1823.58,1776.08,0,0,0,0,1,0,0.2514902905066134,0.15749564143279854,0.47583334392463184
ETHUSDT,2021-03-18,2021-03-19,0,1,0.01859150488716721,1775.92,1809.1,0,0,1,1,0,0,0.40910685861086576,0.35936430687899995,0.5259176126596902
ETHUSDT,2021-03-19,2021-03-20,0,0,-0.0016582831242053508,1809.01,1806.1,0,0,0,0,1,0,0.31921916254030064,0.19488129816576547,0.46457006234223835
ETHUSDT,2021-03-20,2021-03-21,0,0,-0.012801063064060592,1806.57,1782.98,0,0,0,1,0,0,0.4613754422674943,0.3734427182142376,0.49203738653941065
ETHUSDT,2021-03-21,2021-03-22,0,0,-0.0572132048592805,1783.23,1680.97,0,0,1,1,0,0,0.3096575656164465,0.23970499331781225,0.507421997934762
ETHUSDT,2021-03-22,2021-03-23,0,0,-0.0076681915798616496,1681.17,1668.08,0,0,1,1,0,0,0.38714067658263096,0.22763109705038154,0.5700580888817124
ETHUSDT,2021-03-23,2021-03-24,0,0,-0.05170015826579066,1668.2,1581.84,0,0,1,1,0,0,0.27717739747690695,0.22577380423588056,0.5003136708724899
ETHUSDT,2021-03-24,2021-03-25,1,1,0.002465483234713961,1581.88,1585.74,1,1,1,1,0,1,0.6146159541534495,0.6817362260302761,0.5776639970877614
ETHUSDT,2021-03-25,2021-03-26,1,1,0.0713231677324151,1585.83,1698.84,1,1,1,0,1,1,0.5646923632484245,0.7052653814307787,0.5119072210161728
ETHUSDT,2021-03-26,2021-03-27,1,1,0.008117303571849144,1698.84,1712.63,0,1,0,0,1,1,0.4195935562381378,0.5739434096902634,0.43291850513596813
ETHUSDT,2021-03-27,2021-03-28,1,0,-0.014959448333849212,1712.52,1687.01,1,0,1,0,1,1,0.5362548719761676,0.45939161536071393,0.5051899142261012
ETHUSDT,2021-03-28,2021-03-29,1,1,0.07689936633452077,1687.16,1816.74,0,1,1,1,0,1,0.4984049746364643,0.5679199908028926,0.5328194964575903
ETHUSDT,2021-03-29,2021-03-30,1,1,0.013056353688474909,1816.76,1840.46,0,1,0,0,1,1,0.36430540674778483,0.5409023241559571,0.4268359225226038
ETHUSDT,2021-03-30,2021-03-31,1,1,0.04287515077752291,1840.41,1919.37,0,1,0,0,1,1,0.37915934896676023,0.682741193616898,0.49934890431008827
ETHUSDT,2021-03-31,2021-04-01,1,1,0.025362488733282396,1919.37,1968.05,0,0,0,0,1,1,0.430605276349942,0.435229187461354,0.4647360119764339
ETHUSDT,2021-04-01,2021-04-02,1,1,0.08416452834023525,1968.05,2133.69,0,0,0,0,1,1,0.4953355991784085,0.4400306269253291,0.4849225342367001
ETHUSDT,2021-04-02,2021-04-03,1,0,-0.05866362967441385,2133.69,2008.52,1,1,0,0,1,1,0.5015534607411127,0.5050928395118122,0.4189911033584038
ETHUSDT,2021-04-03,2021-04-04,1,1,0.03344253480174464,2008.59,2075.69,1,0,1,1,0,1,0.713873233485756,0.46855213946149094,0.586235806458852
ETHUSDT,2021-04-04,2021-04-05,1,1,0.015267212348664794,2075.7,2107.38,0,0,0,0,1,1,0.454369204416061,0.3013179282516571,0.4755561851343812
ETHUSDT,2021-04-05,2021-04-06,1,1,0.0022919454488512514,2107.43,2112.21,0,0,0,0,1,1,0.44729431162984656,0.32466063959513614,0.49674348599226975
ETHUSDT,2021-04-06,2021-04-07,1,0,-0.07041913446106207,2112.22,1963.47,0,0,1,0,1,1,0.4596072077937062,0.33784347123077774,0.5121140172897011
ETHUSDT,2021-04-07,2021-04-08,1,1,0.05958328876937258,1963.46,2080.46,1,1,1,1,0,1,0.6632989281331313,0.666594904610479,0.6007290199097344
ETHUSDT,2021-04-08,2021-04-09,1,0,-0.006532209222960383,2080.39,2066.87,0,0,0,0,1,1,0.39409792701881097,0.30431771814089664,0.4458936739354202
ETHUSDT,2021-04-09,2021-04-10,1,1,0.03223231262730608,2067.19,2133.49,1,0,1,1,0,1,0.6130537278217244,0.430654559701415,0.522669712557958
ETHUSDT,2021-04-10,2021-04-11,1,1,0.008375947391363603,2133.49,2151.36,1,1,0,0,1,1,0.5768570750994453,0.5288329711288229,0.4769534652714929
ETHUSDT,2021-04-11,2021-04-12,1,0,-0.006354120184441481,2151.42,2137.69,0,0,1,0,1,1,0.4510958088412244,0.30840285547434765,0.504883349337727
ETHUSDT,2021-04-12,2021-04-13,1,1,0.07554884010310192,2137.86,2299.19,1,0,1,1,0,1,0.5492866192086014,0.428219034527955,0.5224559210901333
ETHUSDT,2021-04-13,2021-04-14,1,1,0.0580247826408431,2299.19,2432.6,0,0,0,0,1,1,0.38803130117447565,0.4983544697163233,0.4283042428504805
ETHUSDT,2021-04-14,2021-04-15,1,1,0.03347858258653291,2432.59,2514.04,0,0,0,0,1,1,0.4655999542307575,0.44222222340338185,0.4476329646363811
ETHUSDT,2021-04-15,2021-04-16,1,0,-0.03634389269860461,2514.04,2422.67,1,0,0,0,1,1,0.5387358090751102,0.46795562157321796,0.4755145964805021
ETHUSDT,2021-04-16,2021-04-17,1,0,-0.04336950554553454,2422.38,2317.6,1,0,1,1,0,1,0.6909703557409386,0.47775020153676895,0.5588251209410832
ETHUSDT,2021-04-17,2021-04-18,1,0,-0.03536416983085955,2317.65,2235.64,1,1,1,1,0,1,0.7102730668507679,0.6946297121290385,0.5674309156254606
ETHUSDT,2021-04-18,2021-04-19,1,0,-0.033332736934390095,2235.65,2161.12,1,1,1,1,0,1,0.6259920591684056,0.7139946971761698,0.5576271077019233
ETHUSDT,2021-04-19,2021-04-20,1,1,0.0781585474198565,2161.12,2330.03,1,1,1,1,0,1,0.6125802316281109,0.7058893651884972,0.5551448100665706
ETHUSDT,2021-04-20,2021-04-21,1,1,0.011600709003746656,2330.26,2357.06,0,1,0,0,1,1,0.4562390092278774,0.5878196296663578,0.42546973042913244
ETHUSDT,2021-04-21,2021-04-22,1,1,0.017343639958253165,2357.06,2397.94,1,0,1,0,1,1,0.6185514643932886,0.48135312603301117,0.5010674640755522
ETHUSDT,2021-04-22,2021-04-23,1,0,-0.012740101920815428,2397.94,2367.39,1,1,0,0,1,1,0.7452023278345441,0.6111320463180934,0.4943018091825716
ETHUSDT,2021-04-23,2021-04-24,1,0,-0.06506743713541074,2367.39,2213.35,1,1,1,1,0,1,0.704286173121476,0.6998849202725795,0.5301404060778805
ETHUSDT,2021-04-24,2021-04-25,1,1,0.048406262001039035,2214.08,2320.49,1,1,1,1,0,1,0.7826679623172024,0.773465910789508,0.5941286294045645
ETHUSDT,2021-04-25,2021-04-26,1,1,0.09140741826079846,2320.44,2532.6,1,1,0,0,1,1,0.5439339251801687,0.5337920168545203,0.45845128825574716
ETHUSDT,2021-04-26,2021-04-27,1,1,0.05272447287372661,2532.06,2666.13,0,1,0,0,1,1,0.4527243340131506,0.5797407608708661,0.4112626294386427
ETHUSDT,2021-04-27,2021-04-28,1,1,0.030797447986407045,2666.13,2748.24,1,0,0,0,1,1,0.5279967543345054,0.48169591822728547,0.45357673452868613
ETHUSDT,2021-04-28,2021-04-29,1,1,0.0032020493115594295,2748.23,2757.04,1,0,0,0,1,1,0.5573638642116886,0.42850084539691813,0.4786127005237809
ETHUSDT,2021-04-29,2021-04-30,1,1,0.005578446449815866,2757.04,2772.42,1,0,1,0,1,1,0.6544016958987487,0.40336572622923866,0.5110298459418265
ETHUSDT,2021-04-30,2021-05-01,1,1,0.06216590559871871,2772.42,2944.77,1,0,1,0,1,1,0.6418282481769718,0.40798417959961925,0.5082031046343796
ETHUSDT,2021-05-01,2021-05-02,1,1,0.001626612604719524,2944.83,2949.56,1,1,0,0,1,1,0.5689126036752468,0.5475045695617731,0.44302002686610015
ETHUSDT,2021-05-02,2021-05-03,1,1,0.16323790667082538,2949.33,3431.04,1,0,1,0,1,1,0.5943883719499521,0.4249089634877922,0.5129071539112212
ETHUSDT,2021-05-03,2021-05-04,1,0,-0.055968452714045824,3431.04,3239.01,0,1,0,0,1,1,0.4498890664037186,0.735329210727221,0.339961313037675
ETHUSDT,2021-05-04,2021-05-05,1,1,0.08806703282793205,3239.01,3524.26,1,1,1,1,0,1,0.7190374365035139,0.5858442673647223,0.5829165309633526
ETHUSDT,2021-05-05,2021-05-06,1,0,-0.00979780152429166,3524.33,3489.73,0,0,0,0,1,1,0.46473305527303793,0.4136947922939278,0.4148153780665305
ETHUSDT,2021-05-06,2021-05-07,1,0,-0.0029228622271636473,3489.74,3479.53,1,0,1,1,0,1,0.6752040870799654,0.4892739462798602,0.5265952263541991
ETHUSDT,2021-05-07,2021-05-08,1,1,0.12378970723057425,3479.79,3910.26,1,1,1,1,0,1,0.6803103426130828,0.5232675877135566,0.5183427369308803
ETHUSDT,2021-05-08,2021-05-09,1,1,0.0035010459662527804,3910.26,3923.95,1,1,0,0,1,1,0.5471270520095002,0.6647005078270134,0.3778864457302125
ETHUSDT,2021-05-09,2021-05-10,1,1,0.005588756227780767,3923.95,3945.88,1,0,1,0,1,1,0.5856337607593924,0.4861350021247719,0.5106738543565087
ETHUSDT,2021-05-10,2021-05-11,1,1,0.05767281316208295,3946.63,4173.45,1,1,1,0,1,1,0.6295217421691512,0.5086870913658352,0.5081908543672642
ETHUSDT,2021-05-11,2021-05-12,1,0,-0.08392097665001375,4173.46,3823.21,0,0,0,0,1,1,0.4472103273066402,0.33788920034834735,0.44802629590152865
ETHUSDT,2021-05-12,2021-05-13,1,0,-0.027542300841439604,3810.15,3717.91,1,1,1,1,0,1,0.7783629787968962,0.5490868682160777,0.617381987901994
ETHUSDT,2021-05-13,2021-05-14,1,1,0.09604858643700376,3717.92,4075.01,1,1,1,1,0,1,0.7510746286324228,0.8032618108985883,0.5480831365069935
ETHUSDT,2021-05-14,2021-05-15,1,0,-0.10511139849963569,4075.02,3646.68,1,0,0,0,1,1,0.6193758292241879,0.43666428095638266,0.4063597110763469
ETHUSDT,2021-05-15,2021-05-16,1,0,-0.017709258832691588,3646.24,3582.1,1,1,1,1,0,1,0.86327740133863,0.8350136739562973,0.6434420741714341
ETHUSDT,2021-05-16,2021-05-17,1,0,-0.08363529773038159,3581.81,3282.51,1,1,1,1,0,1,0.7304465777878381,0.8405853738997149,0.536144672285762
ETHUSDT,2021-05-17,2021-05-18,1,1,0.028197933898145067,3282.25,3375.07,1,1,1,1,0,1,0.7764510921936111,0.6964001094012234,0.6170298084714735
ETHUSDT,2021-05-18,2021-05-19,1,0,-0.27737202487652113,3375.08,2438.92,1,1,0,0,1,1,0.6693016033705507,0.7054009615401597,0.48162577396320067
ETHUSDT,2021-05-19,2021-05-20,1,1,0.13518278582323306,2438.92,2768.62,1,1,1,1,0,1,0.9216809434776486,0.7340609761648564,0.8337541264113412
ETHUSDT,2021-05-20,2021-05-21,1,0,-0.12195245284654443,2767.87,2430.98,1,0,0,0,1,1,0.5652859141883819,0.280728833613094,0.3666183019209189
ETHUSDT,2021-05-21,2021-05-22,1,0,-0.05598976544438872,2430.98,2294.87,1,1,1,1,0,1,0.8575231260836588,0.5966822894194813,0.663997846848618
ETHUSDT,2021-05-22,2021-05-23,1,0,-0.08648855926479493,2295.45,2096.39,1,1,1,1,0,1,0.766974100025742,0.7212466377497503,0.5829427715840805
ETHUSDT,2021-05-23,2021-05-24,1,1,0.2633288653351713,2096.63,2648.43,1,0,1,1,0,1,0.7719880182543658,0.49888568929315424,0.6205466062426357
ETHUSDT,2021-05-24,2021-05-25,1,1,0.02140135854072045,2647.92,2705.11,0,0,0,0,1,1,0.3600127138990893,0.31173758540798785,0.2576768116942961
ETHUSDT,2021-05-25,2021-05-26,1,1,0.0664778881450292,2705.1,2884.94,1,0,0,0,1,1,0.5718699681168352,0.1764207406221508,0.4895455649662875
ETHUSDT,2021-05-26,2021-05-27,1,0,-0.04946723328734737,2884.82,2742.23,0,0,0,0,1,1,0.48556366927783645,0.18956723334204606,0.4382462062450896
ETHUSDT,2021-05-27,2021-05-28,1,0,-0.12038742191574014,2742.23,2412.1,1,1,1,1,0,1,0.686994713136928,0.7130691770637103,0.5749185249811404
ETHUSDT,2021-05-28,2021-05-29,1,0,-0.055287923386260984,2412.34,2278.74,1,1,1,1,0,1,0.8125289650258098,0.5443953316214802,0.6620957957372938
ETHUSDT,2021-05-29,2021-05-30,1,1,0.047061095166627265,2278.74,2385.98,1,1,1,1,0,1,0.7851564556243608,0.5813523771020134,0.5820787162163326
ETHUSDT,2021-05-30,2021-05-31,1,1,0.13418804851675215,2385.82,2706.15,1,0,0,0,1,1,0.6045560000114722,0.3826791117607765,0.45997553962087845
ETHUSDT,2021-05-31,2021-06-01,1,0,-0.026450861925613856,2706.15,2634.57,0,0,0,0,1,1,0.4343435065810183,0.33819686373474517,0.3675920485712596
ETHUSDT,2021-06-01,2021-06-02,1,1,0.027196088925327322,2634.31,2706.22,1,1,1,1,0,1,0.6190009004126981,0.6361179679693602,0.5467545427243311
ETHUSDT,2021-06-02,2021-06-03,1,1,0.055808470856028025,2706.21,2857.25,1,1,0,0,1,1,0.5484558898768592,0.5347660977437249,0.482789407277554
ETHUSDT,2021-06-03,2021-06-04,1,0,-0.058706798495056334,2857.25,2689.51,1,1,0,0,1,1,0.5280738451220328,0.5048779807109545,0.45011298742348693
ETHUSDT,2021-06-04,2021-06-05,1,0,-0.022970727009752778,2689.54,2627.73,1,1,1,1,0,1,0.7307611775108988,0.8165329994946975,0.5862889858663479
ETHUSDT,2021-06-05,2021-06-06,1,1,0.0320390603296381,2627.63,2711.92,1,1,1,1,0,1,0.7161914522719871,0.780974145524282,0.5425238047630095
ETHUSDT,2021-06-06,2021-06-07,1,0,-0.04420115637629429,2711.92,2592.05,0,1,0,0,1,1,0.47468555251873,0.5781719224423733,0.47717677328010855
ETHUSDT,2021-06-07,2021-06-08,1,0,-0.03272313419880024,2592.05,2507.23,1,1,1,1,0,1,0.7178589748905675,0.826597311344861,0.568451203927305
ETHUSDT,2021-06-08,2021-06-09,1,1,0.04106125086250567,2507.43,2610.18,1,1,1,1,0,1,0.5915039758642048,0.7298911044329541,0.5544003850593272
ETHUSDT,2021-06-09,2021-06-10,1,0,-0.05328751273858501,2610.2,2471.09,0,1,0,0,1,1,0.48192115801090724,0.6951797311794824,0.466806865797915
ETHUSDT,2021-06-10,2021-06-11,1,0,-0.047379901177213246,2471.01,2354.01,1,1,1,1,0,1,0.755912587431098,0.7533614187868998,0.579616735936082
ETHUSDT,2021-06-11,2021-06-12,1,1,0.007107021635421873,2354.09,2370.74,1,1,1,1,0,1,0.7137583864725016,0.7710436385001705,0.5723537158940567
ETHUSDT,2021-06-12,2021-06-13,1,1,0.05845854037136089,2370.64,2509.33,1,1,1,0,1,1,0.5793977235370783,0.7633494275539499,0.5063880939343183
ETHUSDT,2021-06-13,2021-06-14,1,1,0.028469750889679846,2509.33,2580.77,0,1,0,0,1,1,0.4031012402953809,0.5604415165667272,0.4471485038291482
ETHUSDT,2021-06-14,2021-06-15,1,0,-0.014425927145774287,2580.58,2543.54,0,0,0,0,1,1,0.4033101269869177,0.4470740423052044,0.48131029049161517
ETHUSDT,2021-06-15,2021-06-16,1,0,-0.06905729809635397,2543.55,2367.89,0,1,1,1,0,1,0.49567881852262335,0.5019639727103787,0.5321750711199427
ETHUSDT,2021-06-16,2021-06-17,1,1,0.0022762881721702932,2368.02,2373.28,1,1,1,1,0,1,0.5996610489917441,0.5526331957915431,0.5990492034392884
ETHUSDT,2021-06-17,2021-06-18,1,0,-0.058648789860446304,2373.28,2234.09,0,1,1,0,1,1,0.49490845343801226,0.7008656616626806,0.5121326768388599
ETHUSDT,2021-06-18,2021-06-19,1,0,-0.031073054353226603,2234.09,2164.67,1,1,1,1,0,1,0.613440914704861,0.7257586780907326,0.5862175254810891
ETHUSDT,2021-06-19,2021-06-20,1,1,0.03640277732864572,2165.34,2243.47,1,1,1,1,0,1,0.6377143160912704,0.642790789631994,0.5523865048699157
ETHUSDT,2021-06-20,2021-06-21,1,0,-0.15956531622887749,2243.49,1885.49,0,0,0,0,1,1,0.3935223503105676,0.471432120771114,0.47214692807537684
ETHUSDT,2021-06-21,2021-06-22,1,0,-0.003293573553824203,1885.27,1879.28,1,1,1,1,0,1,0.6559119398887148,0.697634678880143,0.7089866243397009
ETHUSDT,2021-06-22,2021-06-23,1,1,0.04728406623813375,1879.29,1968.14,0,0,1,1,0,1,0.38515220695845426,0.40305313056175274,0.5187865702039524
ETHUSDT,2021-06-23,2021-06-24,1,1,0.010863048360380878,1967.95,1989.52,0,1,0,0,1,1,0.376266607731784,0.5146224014543573,0.45972269608454774
ETHUSDT,2021-06-24,2021-06-25,1,0,-0.09082592786199684,1989.53,1808.82,0,1,1,0,1,1,0.4575932499056203,0.6118259136578196,0.501939296486257
ETHUSDT,2021-06-25,2021-06-26,1,1,0.011510266361495436,1808.97,1829.64,1,1,1,1,0,1,0.6804893305537276,0.7385176480786309,0.625889311044367
ETHUSDT,2021-06-26,2021-06-27,1,1,0.0834262477864498,1829.84,1982.28,0,1,1,0,1,1,0.4219842945192248,0.6128986522414452,0.5011743234219256
ETHUSDT,2021-06-27,2021-06-28,1,1,0.05152148031559611,1982.27,2084.41,0,0,0,0,1,1,0.2862419957120335,0.4864069648075569,0.419784092231041
ETHUSDT,2021-06-28,2021-06-29,1,1,0.03882153702966318,2084.42,2165.33,0,0,0,0,1,1,0.34687040393799695,0.49023873158641923,0.45493185133649855
ETHUSDT,2021-06-29,2021-06-30,1,1,0.0509622089935482,2165.46,2275.68,0,0,0,0,1,1,0.33241709914988604,0.373863521386424,0.46937041341382324
ETHUSDT,2021-06-30,2021-07-01,1,0,-0.0743821626942277,2275.68,2106.41,0,1,0,0,1,1,0.27034848136034545,0.6548930402691012,0.4555626020890479
ETHUSDT,2021-07-01,2021-07-02,1,1,0.022654658874578182,2106.41,2154.13,1,1,1,1,0,1,0.5608470445248745,0.6660243400244775,0.6056177634094417
ETHUSDT,2021-07-02,2021-07-03,1,1,0.03382339970196768,2153.95,2226.99,0,1,0,0,1,1,0.39967514957296035,0.5226778098321697,0.4880806722793932
ETHUSDT,2021-07-03,2021-07-04,1,1,0.04297280185362329,2226.99,2322.69,0,0,0,0,1,1,0.3940862672881189,0.48756793819844785,0.47511686839573536
ETHUSDT,2021-07-04,2021-07-05,1,0,-0.054316331494947634,2322.69,2196.53,0,1,0,0,1,1,0.4019062904420039,0.5141454840389061,0.4646246638203914
ETHUSDT,2021-07-05,2021-07-06,1,1,0.05734954678515658,2196.85,2322.5,1,1,1,1,0,1,0.50248677246676,0.5827203505155572,0.5808827941346325
ETHUSDT,2021-07-06,2021-07-07,1,0,-0.002553283100107606,2322.51,2316.57,0,0,0,0,1,1,0.29628377840145675,0.3084844057954594,0.4483877236837743
ETHUSDT,2021-07-07,2021-07-08,1,0,-0.08643813914537446,2316.25,2116.33,1,0,1,1,0,1,0.521083291276598,0.32727225677685906,0.5179003946123721
ETHUSDT,2021-07-08,2021-07-09,1,1,0.014487343656234941,2116.32,2146.99,1,1,1,1,0,1,0.6900927410251501,0.739443711215567,0.6204844741888662
ETHUSDT,2021-07-09,2021-07-10,1,0,-0.016907391278021655,2146.99,2110.69,1,1,0,0,1,1,0.5443270184952042,0.5335762189221542,0.4976618723602601
ETHUSDT,2021-07-10,2021-07-11,1,1,0.01409965461531515,2110.68,2140.45,1,1,1,1,0,1,0.6103453758865214,0.5727032605575408,0.535174381785869
ETHUSDT,2021-07-11,2021-07-12,1,0,-0.0508631362563946,2140.54,2031.58,0,0,0,0,1,1,0.48368505244836274,0.4225512088701305,0.49811869044840124
ETHUSDT,2021-07-12,2021-07-13,1,0,-0.04500438082674563,2031.57,1940.15,1,1,1,1,0,1,0.5730514320036291,0.68124303198432,0.5766346405881927
ETHUSDT,2021-07-13,2021-07-14,1,1,0.028054531866092747,1940.44,1994.58,1,1,1,1,0,1,0.5225643196215621,0.7579375077817446,0.5694369094113159
ETHUSDT,2021-07-14,2021-07-15,1,0,-0.037636996259864164,1994.41,1919.51,0,1,0,0,1,1,0.3828990120462516,0.6128320526188158,0.4817922525758834
ETHUSDT,2021-07-15,2021-07-16,1,0,-0.0225317919677418,1919.54,1876.26,1,1,1,1,0,1,0.5906320097953002,0.701008430955898,0.5604071526044659
ETHUSDT,2021-07-16,2021-07-17,1,1,0.012434310809802396,1876.47,1899.59,1,1,1,1,0,1,0.6017042456254252,0.7041406312037202,0.5419908220920304
ETHUSDT,2021-07-17,2021-07-18,1,0,-0.004185113629783133,1899.5,1891.64,0,1,1,0,1,1,0.451042522938011,0.5124382216436578,0.5000829972275619
ETHUSDT,2021-07-18,2021-07-19,1,0,-0.03854327461884932,1891.65,1818.73,1,1,1,1,0,1,0.5735809085262842,0.5713547092277583,0.5198545178794806
ETHUSDT,2021-07-19,2021-07-20,1,0,-0.017979579156884196,1818.73,1786.03,1,1,1,1,0,1,0.5584383159916119,0.5916104112400875,0.5615164648936828
ETHUSDT,2021-07-20,2021-07-21,1,1,0.11728246446028345,1786.03,1995.5,0,1,1,1,0,1,0.44650100187342,0.6396555666831607,0.5364718874319183
ETHUSDT,2021-07-21,2021-07-22,1,1,0.014562766224003987,1995.5,2024.56,0,0,0,0,1,1,0.3578280063804636,0.44751512285951556,0.3844349389708519
ETHUSDT,2021-07-22,2021-07-23,1,1,0.04924032876279294,2024.27,2124.25,0,1,0,0,1,1,0.4341060454216142,0.5346313379659371,0.4975730218674525
ETHUSDT,2021-07-23,2021-07-24,1,1,0.028480640225962084,2124.26,2184.75,0,0,0,0,1,1,0.4513027087423854,0.4967381838713849,0.4575075506178401
ETHUSDT,2021-07-24,2021-07-25,1,1,0.002306900102986509,2184.9,2189.79,0,0,0,0,1,1,0.446614627821309,0.49575159076268926,0.4812976538661578
ETHUSDT,2021-07-25,2021-07-26,1,1,0.017485694975317267,2189.82,2228.08,0,1,1,0,1,1,0.38682866192157084,0.5622211098067578,0.5120961953311339
ETHUSDT,2021-07-26,2021-07-27,1,1,0.0320500161574091,2227.81,2299.49,1,0,0,0,1,1,0.545124677220995,0.44423275940488044,0.4941349570843117
ETHUSDT,2021-07-27,2021-07-28,1,1,0.0006131794441377458,2299.47,2300.9,0,0,0,0,1,1,0.3782281565661737,0.32392436119273627,0.4771641121759906
ETHUSDT,2021-07-28,2021-07-29,1,1,0.03564692077013332,2300.9,2382.92,0,0,1,0,1,1,0.4779170998466534,0.27107747869178367,0.5141161440151701
ETHUSDT,2021-07-29,2021-07-30,1,1,0.033106440837292084,2382.93,2461.81,0,0,0,0,1,1,0.437225085983857,0.2168254391718002,0.4730162734839709
ETHUSDT,2021-07-30,2021-07-31,1,1,0.02812564738952239,2461.77,2531.05,0,0,0,0,1,1,0.47566096244663003,0.3672690079270713,0.47594402584272455
ETHUSDT,2021-07-31,2021-08-01,1,1,0.009735090179964878,2531.1,2555.69,1,0,0,0,1,1,0.5030703494540727,0.397758311038078,0.4817096895710185
ETHUSDT,2021-08-01,2021-08-02,1,1,0.020049380010877638,2555.5,2606.93,1,0,1,0,1,1,0.5893869366425734,0.44660181559237494,0.503273623249636
ETHUSDT,2021-08-02,2021-08-03,1,0,-0.03754991503415894,2606.92,2509.04,0,0,0,0,1,1,0.42055980888840094,0.34577735873979576,0.49112801318757066
ETHUSDT,2021-08-03,2021-08-04,1,1,0.0859850779581035,2508.51,2724.78,1,1,1,1,0,1,0.5239855069117144,0.5020924772682674,0.5603005856014449
ETHUSDT,2021-08-04,2021-08-05,1,1,0.037511285314777654,2724.55,2826.99,0,0,0,0,1,1,0.41237573929165655,0.4033870344458649,0.4170397440111638
ETHUSDT,2021-08-05,2021-08-06,1,1,0.022847622382817123,2827.01,2891.58,1,1,0,0,1,1,0.5049305211311111,0.5552324157344043,0.4708734345955071
ETHUSDT,2021-08-06,2021-08-07,1,1,0.0929353502237531,2891.54,3160.31,1,1,0,0,1,1,0.5539174541831803,0.5016683484990759,0.48785530813990297
ETHUSDT,2021-08-07,2021-08-08,1,0,-0.04697640421351068,3160.48,3011.85,0,1,0,0,1,1,0.49629715296620674,0.5835348223125875,0.4096442289040515
ETHUSDT,2021-08-08,2021-08-09,1,1,0.04936168799907037,3011.84,3160.52,1,0,1,1,0,1,0.6838455512496685,0.4899921498722966,0.5718581146246896
ETHUSDT,2021-08-09,2021-08-10,1,0,-0.005967372457696851,3160.51,3141.66,0,0,0,0,1,1,0.4343068458169923,0.4488526002348656,0.45737032169585545
ETHUSDT,2021-08-10,2021-08-11,1,1,0.005996829701495399,3141.14,3160.5,1,0,1,1,0,1,0.5277587418308278,0.42134655945616173,0.5219917437611283
ETHUSDT,2021-08-11,2021-08-12,1,0,-0.03624110109159939,3160.4,3045.96,1,0,1,0,1,1,0.558407358480674,0.41683589904375645,0.5077060670848031
ETHUSDT,2021-08-12,2021-08-13,1,1,0.09073001615254306,3046.11,3322.32,1,1,1,1,0,1,0.6573183543064781,0.6999822725797898,0.5586994012551375
ETHUSDT,2021-08-13,2021-08-14,1,0,-0.01780683377880532,3322.33,3263.16,0,0,0,0,1,1,0.4764015549467683,0.4288771565754133,0.41198148319469735
ETHUSDT,2021-08-14,2021-08-15,1,1,0.013462410669412561,3263.16,3307.09,1,0,1,1,0,1,0.6401451958690896,0.46984500059685236,0.5362627772300458
ETHUSDT,2021-08-15,2021-08-16,1,0,-0.04855023600809172,3307.35,3146.53,0,0,0,0,1,1,0.4863971389309983,0.4662761660529375,0.49886994776922783
ETHUSDT,2021-08-16,2021-08-17,1,0,-0.04284402182721936,3147.18,3011.72,1,1,1,1,0,1,0.6376608185245409,0.7401616360597412,0.5737915599607273
ETHUSDT,2021-08-17,2021-08-18,1,1,0.0009396623856137154,3011.73,3014.55,1,1,1,1,0,1,0.6864756701649912,0.8322275489538707,0.5667864020646378
ETHUSDT,2021-08-18,2021-08-19,1,1,0.05625051831948369,3014.18,3184.12,1,1,1,0,1,1,0.674800653764924,0.732392593044742,0.5137265450669062
ETHUSDT,2021-08-19,2021-08-20,1,1,0.03162569249902658,3184.11,3284.82,1,1,0,0,1,1,0.5294820386000744,0.5670601148113265,0.4496177248319373
ETHUSDT,2021-08-20,2021-08-21,1,0,-0.01868899970165805,3284.81,3223.43,1,0,0,0,1,1,0.6053413510694771,0.49688377771193637,0.47765460140500293
ETHUSDT,2021-08-21,2021-08-22,1,1,0.004520029906031731,3223.36,3238.0,1,1,1,1,0,1,0.7700006515528225,0.6734346213106431,0.5373308993949117
ETHUSDT,2021-08-22,2021-08-23,1,1,0.025719579987646846,3238.0,3321.28,1,1,1,0,1,1,0.5601763798287062,0.5501373620730098,0.5094613482120128
ETHUSDT,2021-08-23,2021-08-24,1,0,-0.04536202909721565,3321.28,3170.62,1,0,0,0,1,1,0.5325855115909861,0.4078264082228496,0.4845067660553928
ETHUSDT,2021-08-24,2021-08-25,1,1,0.01774100964480141,3170.63,3226.87,1,1,1,1,0,1,0.6873212389985072,0.6896631226619578,0.5698759003338013
ETHUSDT,2021-08-25,2021-08-26,1,0,-0.04142404249318998,3226.88,3093.2,0,1,0,0,1,1,0.4923022212719969,0.5269078146490653,0.4938351366201556
ETHUSDT,2021-08-26,2021-08-27,1,1,0.058272985904564756,3093.06,3273.45,1,1,1,1,0,1,0.6710574289342977,0.6699743166666383,0.5650454219484711
ETHUSDT,2021-08-27,2021-08-28,1,0,-0.008849990071636893,3273.89,3244.48,1,1,0,0,1,1,0.5860794681770506,0.5391339827596259,0.44735571171239175
ETHUSDT,2021-08-28,2021-08-29,1,0,-0.006475613965874372,3244.75,3223.47,1,1,1,1,0,1,0.6712860841477286,0.6538871655570723,0.5254548634521774
ETHUSDT,2021-08-29,2021-08-30,1,1,0.0019140863727598045,3223.47,3229.64,1,1,1,1,0,1,0.6293111852891551,0.5773062317510499,0.5226017681000111
ETHUSDT,2021-08-30,2021-08-31,1,1,0.061790168563678805,3229.14,3429.2,1,1,1,0,1,1,0.5956243528329566,0.6527512001465506,0.5125644024313399
ETHUSDT,2021-08-31,2021-09-01,1,1,0.11595124227225018,3429.19,3826.82,0,1,0,0,1,1,0.44352851343664185,0.6512223171720565,0.4434374382845752
ETHUSDT,2021-09-01,2021-09-02,1,0,-0.010713856413418932,3826.82,3785.82,0,1,0,0,1,1,0.4834255520796559,0.5257056708843483,0.3857845833894745
ETHUSDT,2021-09-02,2021-09-03,1,1,0.040226423865899585,3785.82,3938.11,1,0,1,1,0,1,0.6081478019729458,0.47100602329484215,0.5276981551391516
ETHUSDT,2021-09-03,2021-09-04,1,0,-0.013354121647186079,3938.11,3885.52,1,0,0,0,1,1,0.6144845163914211,0.44401470585925024,0.4677615551745649
ETHUSDT,2021-09-04,2021-09-05,1,1,0.01666958347917391,3885.61,3950.29,1,0,1,1,0,1,0.6347712463620391,0.4362746585872449,0.5308811990059529
ETHUSDT,2021-09-05,2021-09-06,1,0,-0.005953993251128442,3950.28,3926.77,1,0,0,0,1,1,0.5002934117082737,0.30274808804126363,0.4950938631295436
ETHUSDT,2021-09-06,2021-09-07,1,0,-0.12534474899217418,3926.67,3434.57,1,0,1,1,0,1,0.5779475379725817,0.2668029314490154,0.5219756884916077
ETHUSDT,2021-09-07,2021-09-08,1,1,0.01875926244042181,3434.84,3499.0,1,1,1,1,0,1,0.7040941663023906,0.7986169695747587,0.6681139618710105
ETHUSDT,2021-09-08,2021-09-09,1,0,-0.02116890540154337,3499.01,3424.93,0,0,0,0,1,1,0.482536753184814,0.42379763559718225,0.49264017850575265
ETHUSDT,2021-09-09,2021-09-10,1,0,-0.06308742076480389,3424.94,3208.86,1,1,1,1,0,1,0.7149906065578101,0.7287108423946432,0.5403368368418137
ETHUSDT,2021-09-10,2021-09-11,1,1,0.01818402797255092,3208.85,3267.21,1,1,1,1,0,1,0.7927592830275882,0.8171539809160041,0.5916874537939174
ETHUSDT,2021-09-11,2021-09-12,1,1,0.041931801139198255,3267.1,3404.21,1,1,0,0,1,1,0.6590515922005035,0.6685987969106731,0.4933150815624433
ETHUSDT,2021-09-12,2021-09-13,1,0,-0.034915589813789394,3404.3,3285.35,1,1,0,0,1,1,0.5095981755647976,0.6139824542362267,0.4658123977826948
ETHUSDT,2021-09-13,2021-09-14,1,1,0.04535894196965318,3285.09,3434.37,1,1,1,1,0,1,0.5928068563686267,0.6878446407550303,0.5570787618442484
ETHUSDT,2021-09-14,2021-09-15,1,1,0.0521725964296218,3434.37,3613.55,0,1,0,0,1,1,0.40801482559326435,0.582861988582819,0.4619081852326464
ETHUSDT,2021-09-15,2021-09-16,1,0,-0.012610867429536099,3613.55,3567.98,0,1,0,0,1,1,0.45634525129032294,0.5498340714166091,0.45419812190603537
ETHUSDT,2021-09-16,2021-09-17,1,0,-0.04713311173268908,3567.97,3399.81,1,1,1,1,0,1,0.6303865133744717,0.6592782039923331,0.5299845309375388
ETHUSDT,2021-09-17,2021-09-18,1,1,0.010538824228412791,3399.89,3435.64,1,1,1,1,0,1,0.7432361468123313,0.7611880560080029,0.5720505852677205
ETHUSDT,2021-09-18,2021-09-19,1,0,-0.031149945861615347,3435.64,3328.62,1,1,1,0,1,1,0.6360588730367214,0.6201687278978015,0.5023226910300573
ETHUSDT,2021-09-19,2021-09-20,1,0,-0.10555124946674588,3328.57,2977.28,1,1,1,1,0,1,0.6567105175511705,0.6383973986502182,0.5524803114562211
ETHUSDT,2021-09-20,2021-09-21,1,0,-0.07099768916595017,2977.32,2765.9,1,1,1,1,0,1,0.7295237480880812,0.7844168506248955,0.6439811221753786
ETHUSDT,2021-09-21,2021-09-22,1,1,0.11244802776673057,2766.72,3076.92,1,1,1,1,0,1,0.6284428232136569,0.6904202635925258,0.6014426932092743
ETHUSDT,2021-09-22,2021-09-23,1,1,0.024563524563524508,3076.92,3152.5,0,1,0,0,1,1,0.39951633654410107,0.5314444857434883,0.3893523699261583
ETHUSDT,2021-09-23,2021-09-24,1,0,-0.07104520222045985,3152.41,2928.53,1,1,0,0,1,1,0.5123300895631693,0.5658346544799941,0.4858533829619357
ETHUSDT,2021-09-24,2021-09-25,1,0,-0.0023219840670917202,2928.22,2921.73,1,1,1,1,0,1,0.6897183882690707,0.8380201125635575,0.6015013033379532
ETHUSDT,2021-09-25,2021-09-26,1,1,0.04710907578729029,2921.84,3059.37,1,1,1,1,0,1,0.5356609302000009,0.650769566548382,0.5176236262075266
ETHUSDT,2021-09-26,2021-09-27,1,0,-0.043727957063055434,3059.36,2925.59,0,1,0,0,1,1,0.4464638047176742,0.5444654895927762,0.4599211245241947
ETHUSDT,2021-09-27,2021-09-28,1,0,-0.0412497991858054,2924.76,2804.91,1,1,1,1,0,1,0.6328694085601437,0.7998870839697647,0.5678706340140216
ETHUSDT,2021-09-28,2021-09-29,1,1,0.016235815052889402,2805.15,2850.45,1,1,1,1,0,1,0.6133736167640507,0.7948551719050376,0.5648318554883197
ETHUSDT,2021-09-29,2021-09-30,1,1,0.052679401498009204,2850.45,3000.61,1,1,0,0,1,1,0.541121218443934,0.5564554546702515,0.4956038562482925
ETHUSDT,2021-09-30,2021-10-01,1,1,0.103079040595079,3000.62,3309.91,0,1,0,0,1,1,0.47897663470866897,0.6012505253192181,0.45362746520210917
ETHUSDT,2021-10-01,2021-10-02,1,1,0.02352027698638337,3309.91,3387.76,0,0,0,0,1,1,0.4496878493216203,0.3460629152777527,0.39900755770539115
ETHUSDT,2021-10-02,2021-10-03,1,1,0.008846553474862295,3387.77,3417.73,1,0,0,0,1,1,0.5667137823176883,0.4639162381318413,0.48707007910532085
ETHUSDT,2021-10-03,2021-10-04,1,0,-0.009193236446413233,3417.73,3386.31,1,1,1,0,1,1,0.5581271231073563,0.5977382821701518,0.5043257425844135
ETHUSDT,2021-10-04,2021-10-05,1,1,0.03808275084088586,3386.31,3515.27,0,1,1,1,0,1,0.45340507501618943,0.5050662256866965,0.5258677469037701
ETHUSDT,2021-10-05,2021-10-06,1,1,0.01696029039021174,3515.48,3574.89,0,0,0,0,1,1,0.3767219619843971,0.3702574806041086,0.47021759294651033
ETHUSDT,2021-10-06,2021-10-07,1,1,0.0035189893954779006,3574.88,3587.47,1,0,0,0,1,1,0.5098200825070406,0.3249492059593061,0.49475219866443365
ETHUSDT,2021-10-07,2021-10-08,1,0,-0.006784725725929364,3587.47,3563.13,1,0,1,0,1,1,0.5870303520757179,0.3932949922003496,0.5106524935654401
ETHUSDT,2021-10-08,2021-10-09,1,1,0.0032808233210688265,3563.13,3574.82,1,0,1,1,0,1,0.6721278822265299,0.43090668036464885,0.5229729037917078
ETHUSDT,2021-10-09,2021-10-10,1,0,-0.0449253388981824,3574.83,3414.22,1,0,1,0,1,1,0.5896490329939598,0.3279398410358381,0.5109360467584972
ETHUSDT,2021-10-10,2021-10-11,1,1,0.037460972052181685,3414.22,3542.12,1,1,1,1,0,1,0.6829346621277947,0.7247410786985989,0.5693398978102919
ETHUSDT,2021-10-11,2021-10-12,1,0,-0.014302169322326752,3542.12,3491.46,0,0,0,0,1,1,0.47732994575235055,0.45555312994598646,0.4709311986974299
ETHUSDT,2021-10-12,2021-10-13,1,1,0.033212466990886425,3491.43,3607.42,1,1,1,1,0,1,0.5090428238561213,0.5653315516055025,0.5320256219364782
ETHUSDT,2021-10-13,2021-10-14,1,1,0.05083965825991976,3607.41,3790.82,0,0,0,0,1,1,0.4220001004090662,0.32835200006458226,0.47582165858371855
ETHUSDT,2021-10-14,2021-10-15,1,1,0.020620868308175888,3790.82,3868.99,0,1,0,0,1,1,0.443149488935073,0.6357585527380911,0.45570087976069523
ETHUSDT,2021-10-15,2021-10-16,1,0,-0.010087904078325272,3868.38,3829.96,1,1,0,0,1,1,0.5231515023793804,0.5810222861425236,0.49045882487573433
ETHUSDT,2021-10-16,2021-10-17,1,1,0.00440996772812241,3829.96,3846.85,1,1,1,1,0,1,0.6501804605148298,0.5104333100168059,0.5269444275723347
ETHUSDT,2021-10-17,2021-10-18,1,0,-0.02648660592432761,3847.0,3744.96,0,0,1,0,1,1,0.4680269153783284,0.35008685439610293,0.5095922593998702
ETHUSDT,2021-10-18,2021-10-19,1,1,0.03526606425702816,3744.96,3877.03,1,0,1,1,0,1,0.5622774278761371,0.4981770701803321,0.5467980404634583
ETHUSDT,2021-10-19,2021-10-20,1,1,0.07328289953907996,3876.98,4161.15,0,0,0,0,1,1,0.399352825254316,0.2711637027615759,0.4734546168876663
ETHUSDT,2021-10-20,2021-10-21,1,0,-0.02599281448637991,4161.37,4052.99,0,1,0,0,1,1,0.43240912590467545,0.5722410969599525,0.4307748013082826
ETHUSDT,2021-10-21,2021-10-22,1,0,-0.01993343186141594,4053.0,3972.2,1,1,1,1,0,1,0.7229643596398496,0.5669848303045513,0.5461972120643023
ETHUSDT,2021-10-22,2021-10-23,1,1,0.04907104375409088,3972.19,4167.12,1,1,1,1,0,1,0.6701897516146129,0.5115887176272558,0.538838699858021
ETHUSDT,2021-10-23,2021-10-24,1,0,-0.020347386204380924,4167.13,4082.33,0,0,0,0,1,1,0.4624795417620194,0.3482584774182492,0.45769900966698746
ETHUSDT,2021-10-24,2021-10-25,1,1,0.033814022874191885,4082.33,4220.37,1,0,1,1,0,1,0.571540231931701,0.361982741815661,0.5393405305058295
ETHUSDT,2021-10-25,2021-10-26,1,0,-0.021052656520636703,4220.36,4131.52,0,0,0,0,1,1,0.41623567976408127,0.255547683131908,0.4751276818946953
ETHUSDT,2021-10-26,2021-10-27,1,0,-0.050712570676167745,4131.52,3922.0,1,0,1,1,0,1,0.5705875809899329,0.410835327725757,0.54019582337013
ETHUSDT,2021-10-27,2021-10-28,1,1,0.09281489036206025,3921.99,4286.02,1,1,1,1,0,1,0.6888358039683332,0.6968744020322132,0.5764495028981393
ETHUSDT,2021-10-28,2021-10-29,1,1,0.031000788610412444,4286.01,4418.89,0,0,0,0,1,1,0.46546203851822254,0.3589181503000404,0.40977166847514046
ETHUSDT,2021-10-29,2021-10-30,1,0,-0.021772436064260492,4418.89,4322.68,1,1,0,0,1,1,0.5685376532685932,0.507999025857595,0.47837739343064684
ETHUSDT,2021-10-30,2021-10-31,1,0,-0.008205557663301555,4322.68,4287.21,1,1,1,1,0,1,0.6217779412002639,0.5517806309459892,0.541069103020318
ETHUSDT,2021-10-31,2021-11-01,1,1,0.007515377133380463,4287.48,4319.43,1,0,1,1,0,1,0.5598523201636317,0.4240246480596942,0.524679982583003
ETHUSDT,2021-11-01,2021-11-02,1,1,0.0626147431489803,4319.43,4589.89,0,0,1,0,1,1,0.4749131538093544,0.3622050727599446,0.505903653637467
ETHUSDT,2021-11-02,2021-11-03,1,1,0.0029325321521866954,4589.68,4603.35,0,1,0,0,1,1,0.40693820192046826,0.6183593099545505,0.442521706021345
ETHUSDT,2021-11-03,2021-11-04,1,0,-0.01543006723364515,4603.35,4532.32,1,0,1,0,1,1,0.5206398348732154,0.33887489582815955,0.5113508199871678
ETHUSDT,2021-11-04,2021-11-05,1,0,-0.012814629152398727,4532.31,4474.24,1,0,1,1,0,1,0.6038547699172904,0.4055265972548892,0.5333881427942773
ETHUSDT,2021-11-05,2021-11-06,1,1,0.009780431983979376,4474.24,4518.0,1,0,1,1,0,1,0.6639932169110241,0.44773043078524577,0.5302303031028088
ETHUSDT,2021-11-06,2021-11-07,1,1,0.020936254980079783,4518.0,4612.59,1,0,1,0,1,1,0.5497363849573642,0.4055887037584863,0.5032199578400549
ETHUSDT,2021-11-07,2021-11-08,1,1,0.042360149070261865,4612.59,4807.98,1,0,0,0,1,1,0.5053315815233356,0.33590606967047754,0.4900896955112444
ETHUSDT,2021-11-08,2021-11-09,1,0,-0.015734258461973516,4807.98,4732.33,0,1,0,0,1,1,0.4588560384770336,0.563890838297858,0.46532348114603994
ETHUSDT,2021-11-09,2021-11-10,1,0,-0.021881398803549224,4732.33,4628.78,1,0,1,1,0,1,0.5938384504131529,0.43029952389915893,0.5337557940060481
ETHUSDT,2021-11-10,2021-11-11,1,1,0.019491097006122615,4628.68,4719.0,1,1,1,1,0,1,0.6323354740402185,0.5412263537531193,0.5412013372794414
ETHUSDT,2021-11-11,2021-11-12,1,0,-0.011345624072896743,4719.0,4665.46,1,0,0,0,1,1,0.5681611397697967,0.37595816299944884,0.4917821315324944
ETHUSDT,2021-11-12,2021-11-13,1,0,-0.004539745276993079,4665.47,4644.28,1,1,1,1,0,1,0.7042800646696908,0.7777644178196117,0.5284592406884993
ETHUSDT,2021-11-13,2021-11-14,1,0,-0.0038283652148448644,4644.27,4626.5,1,1,1,1,0,1,0.6464575291158501,0.7433619096132322,0.520279535814437
ETHUSDT,2021-11-14,2021-11-15,1,0,-0.013556684318599466,4626.5,4563.78,1,1,1,1,0,1,0.5914185804822604,0.6126646812251205,0.5194270867548602
ETHUSDT,2021-11-15,2021-11-16,1,0,-0.0775716620871294,4563.77,4209.76,1,1,1,1,0,1,0.6621992872238194,0.73381783409084,0.5311256550823727
ETHUSDT,2021-11-16,2021-11-17,1,1,0.018537873893048618,4209.59,4287.8,1,1,1,1,0,1,0.6614771826840455,0.7074675780656161,0.6095521871955523
ETHUSDT,2021-11-17,2021-11-18,1,0,-0.06784364942394705,4288.07,3996.9,0,1,0,0,1,1,0.41892482993110786,0.5051652036474151,0.4928998780058548
ETHUSDT,2021-11-18,2021-11-19,1,1,0.07452275513522988,3996.9,4294.76,1,1,1,1,0,1,0.7026856653290244,0.7235243617133732,0.5975522839819305
ETHUSDT,2021-11-19,2021-11-20,1,1,0.027337965334500502,4294.75,4412.17,1,1,0,0,1,1,0.5139253777048077,0.5301438999480242,0.42942190433147304
ETHUSDT,2021-11-20,2021-11-21,1,0,-0.03487172978375708,4412.17,4258.31,1,1,0,0,1,1,0.5508573360874796,0.5091799188292683,0.4826245385862204
ETHUSDT,2021-11-21,2021-11-22,1,0,-0.04047145463810775,4259.7,4085.97,1,1,1,1,0,1,0.6796352400205088,0.6780871277138962,0.5570251533752223
ETHUSDT,2021-11-22,2021-11-23,1,1,0.06203422932620639,4086.28,4339.44,1,1,1,1,0,1,0.6218457989624139,0.7766194603793805,0.5638780356961238
ETHUSDT,2021-11-23,2021-11-24,1,0,-0.01614954925059453,4339.45,4269.36,0,1,0,0,1,1,0.4239329085895921,0.5645804601842616,0.4431662819055058
ETHUSDT,2021-11-24,2021-11-25,1,1,0.05984269305001244,4270.1,4524.85,1,1,1,1,0,1,0.5800045195725655,0.6600556824224263,0.5342578464094405
ETHUSDT,2021-11-25,2021-11-26,1,0,-0.10688752113329736,4524.48,4041.2,0,1,0,0,1,1,0.48609038563930085,0.5184476579303378,0.4456045547499363
ETHUSDT,2021-11-26,2021-11-27,1,1,0.013384638226269452,4041.2,4095.29,1,1,1,1,0,1,0.759179718944829,0.8372620433614847,0.645618137248201
ETHUSDT,2021-11-27,2021-11-28,1,1,0.04871205702160286,4095.29,4294.78,1,1,0,0,1,1,0.5607534708031902,0.5959373254455036,0.49896166773500467
ETHUSDT,2021-11-28,2021-11-29,1,1,0.03486790941561613,4294.77,4444.53,0,1,0,0,1,1,0.4326540663425734,0.5481905244229639,0.4581051623312176
ETHUSDT,2021-11-29,2021-11-30,2,1,0.041788445572422894,4444.54,4630.26,0,0,0,0,1,1,0.4386267228646162,0.4246817209136419,0.4867671621761036
ETHUSDT,2021-11-30,2021-12-01,2,0,-0.010217568775835573,4630.25,4582.95,1,0,0,0,1,1,0.550103293308376,0.40445051263742954,0.47988646344960856
ETHUSDT,2021-12-01,2021-12-02,2,0,-0.015653672852638523,4582.95,4511.21,1,1,1,1,0,1,0.6415373701743886,0.6796670406176191,0.5327538179253379
ETHUSDT,2021-12-02,2021-12-03,2,0,-0.0654990567940753,4511.35,4215.73,1,0,1,1,0,1,0.6537574715467575,0.49625486684268405,0.5384168514644067
ETHUSDT,2021-12-03,2021-12-04,2,0,-0.023360129799583795,4215.01,4117.25,1,1,1,1,0,1,0.7205117268910821,0.7846218678514817,0.5911683850596168
ETHUSDT,2021-12-04,2021-12-05,2,1,0.01923371182221123,4117.25,4196.44,1,1,1,1,0,1,0.5982432007868278,0.6274278313992447,0.5464813433861562
ETHUSDT,2021-12-05,2021-12-06,2,1,0.03601862531097799,4196.44,4347.59,1,0,1,0,1,1,0.5547322485565287,0.29898123341393407,0.5024969212643378
ETHUSDT,2021-12-06,2021-12-07,2,0,-0.009474214449844753,4347.57,4306.4,1,0,0,0,1,1,0.535738709762965,0.44483481607503217,0.48561946767109937
ETHUSDT,2021-12-07,2021-12-08,2,1,0.030306056102544998,4306.4,4436.91,1,0,1,1,0,1,0.6287799408400948,0.42671588672434885,0.5319811637680266
ETHUSDT,2021-12-08,2021-12-09,2,0,-0.07466232130018402,4436.91,4105.64,1,0,0,0,1,1,0.5435759221793162,0.34940369238287,0.49133089168521443
ETHUSDT,2021-12-09,2021-12-10,2,0,-0.05058894593778318,4105.64,3897.94,1,1,1,1,0,1,0.7158335417810926,0.6968058535837715,0.6009761555052546
ETHUSDT,2021-12-10,2021-12-11,2,1,0.049110555832054814,3898.31,4089.37,1,1,1,1,0,1,0.6985207788273204,0.7223198093150526,0.5752633812697916
ETHUSDT,2021-12-11,2021-12-12,2,1,0.009935515739588174,4089.68,4130.0,1,0,0,0,1,1,0.5047905165212776,0.32443730066873105,0.4726643487695385
ETHUSDT,2021-12-12,2021-12-13,2,0,-0.08427845036319614,4130.0,3781.93,1,0,1,0,1,1,0.520765781597401,0.25310165450072236,0.5119663882655667
ETHUSDT,2021-12-13,2021-12-14,2,1,0.02037583984896596,3781.92,3858.99,1,1,1,1,0,1,0.627773930286549,0.6784169946336357,0.6112857489724561
ETHUSDT,2021-12-14,2021-12-15,2,1,0.04148494813409731,3858.99,4019.08,0,1,1,0,1,1,0.41529125159273284,0.5815986763770781,0.5013394582369001
ETHUSDT,2021-12-15,2021-12-16,2,0,-0.015170138439642877,4019.54,3958.11,0,1,0,0,1,1,0.48292242237516847,0.5736767850313168,0.4801871138584898
ETHUSDT,2021-12-16,2021-12-17,2,0,-0.020891283971390395,3959.11,3875.42,1,1,1,1,0,1,0.6364964517060155,0.6687942602865637,0.5379122470527398
ETHUSDT,2021-12-17,2021-12-18,2,1,0.02180666869655412,3875.43,3959.93,1,1,1,1,0,1,0.574106280035971,0.7036380896705067,0.5438933427382354
ETHUSDT,2021-12-18,2021-12-19,2,0,-0.009038038551186456,3959.93,3924.14,0,0,0,0,1,1,0.4876409227397643,0.21397153915272363,0.499891226164
ETHUSDT,2021-12-19,2021-12-20,2,1,0.005247009535847447,3924.14,3944.73,1,0,1,1,0,1,0.5905100381590725,0.4456685842864192,0.5315279939941808
ETHUSDT,2021-12-20,2021-12-21,2,1,0.017598162611889734,3944.72,4014.15,0,1,1,0,1,1,0.4535417139589709,0.5698243504048821,0.5167715126279397
ETHUSDT,2021-12-21,2021-12-22,2,0,-0.008629473238419005,4014.41,3979.51,0,0,1,0,1,1,0.4861648563196844,0.4431614593254066,0.5041566412248359
ETHUSDT,2021-12-22,2021-12-23,2,1,0.0331447841568433,3979.51,4111.41,1,0,1,1,0,1,0.5830336120687074,0.3173431549785354,0.5311036442716548
ETHUSDT,2021-12-23,2021-12-24,2,0,-0.015821822683702136,4111.41,4046.36,1,1,0,0,1,1,0.5477636826822602,0.6573284022563185,0.48848840935212845
ETHUSDT,2021-12-24,2021-12-25,2,1,0.011978667246611785,4046.35,4094.83,1,1,1,1,0,1,0.6407773146927351,0.5064376261007162,0.5385923681085195
ETHUSDT,2021-12-25,2021-12-26,2,0,-0.007636458656403278,4094.36,4063.56,1,0,1,0,1,1,0.5732449462555717,0.38559930270354337,0.5098786503054391
ETHUSDT,2021-12-26,2021-12-27,2,0,-0.006479540107688808,4063.57,4037.23,1,0,1,1,0,1,0.5533786009158524,0.45539098949136186,0.5300728083400976
ETHUSDT,2021-12-27,2021-12-28,2,0,-0.06055637157159732,4037.22,3792.75,1,0,1,1,0,1,0.6134075593471171,0.3562237785378483,0.5288728033848571
ETHUSDT,2021-12-28,2021-12-29,2,0,-0.04286072111264916,3792.75,3630.19,1,1,1,1,0,1,0.623377144806555,0.6250086966777155,0.5858873886496114
ETHUSDT,2021-12-29,2021-12-30,2,1,0.02178398375842594,3630.18,3709.27,1,1,1,1,0,1,0.5818670505698538,0.5104757316864137,0.5670545313808429
ETHUSDT,2021-12-30,2021-12-31,2,0,-0.008907413048928725,3709.27,3676.23,1,0,0,0,1,1,0.5231124823323985,0.38560481535195595,0.4999141712447896
ETHUSDT,2021-12-31,2022-01-01,2,1,0.024293909793456914,3676.22,3765.54,1,1,1,1,0,1,0.6101116854413716,0.5012825271345146,0.5313923078454007
ETHUSDT,2022-01-01,2022-01-02,2,1,0.016658965248012247,3765.54,3828.27,0,0,0,0,1,1,0.4675622583075333,0.3252222940622623,0.49737857102682703
ETHUSDT,2022-01-02,2022-01-03,2,0,-0.016294566475196448,3828.11,3765.89,0,0,1,0,1,1,0.47028944834203423,0.3631579673321186,0.5051108854310272
ETHUSDT,2022-01-03,2022-01-04,2,1,0.005103707224587195,3765.89,3785.11,0,0,1,1,0,1,0.47260002605955226,0.2742213759769239,0.5390859325662397
ETHUSDT,2022-01-04,2022-01-05,2,0,-0.06458993265717505,3785.1,3540.63,1,0,1,0,1,1,0.5105737684562668,0.34134797124921945,0.5169186876340625
ETHUSDT,2022-01-05,2022-01-06,2,0,-0.03779553356323595,3539.82,3406.81,1,1,1,1,0,1,0.549265589397416,0.6573180370139852,0.5901964830745688
ETHUSDT,2022-01-06,2022-01-07,2,0,-0.06092796487036267,3406.81,3199.24,1,1,1,1,0,1,0.5613379796237785,0.763529098403886,0.5616900673209486
ETHUSDT,2022-01-07,2022-01-08,2,0,-0.03697440642152505,3198.68,3080.95,1,1,1,1,0,1,0.6041665210308611,0.6920703423549771,0.5862841510178107
ETHUSDT,2022-01-08,2022-01-09,2,1,0.023051331569807987,3080.98,3151.97,1,1,1,1,0,1,0.5594170072175529,0.7453266505846705,0.5608216953387745
ETHUSDT,2022-01-09,2022-01-10,2,0,-0.021983077250100735,3151.97,3082.68,0,0,0,0,1,1,0.4712876731890133,0.4676133988715065,0.49863307340257157
ETHUSDT,2022-01-10,2022-01-11,2,1,0.05094268623405607,3082.87,3239.72,0,1,1,1,0,1,0.49035180446105847,0.6512787135442157,0.5450373245806359
ETHUSDT,2022-01-11,2022-01-12,2,1,0.04060227427061602,3239.73,3371.26,0,1,0,0,1,1,0.40184271917797243,0.5408825658899185,0.4708667839278955
ETHUSDT,2022-01-12,2022-01-13,2,0,-0.03875405634688511,3371.6,3240.61,0,1,0,0,1,1,0.4634007978393137,0.507785504376615,0.481062086635875
ETHUSDT,2022-01-13,2022-01-14,2,1,0.020616488870922378,3240.61,3307.42,1,1,1,1,0,1,0.6198401558534061,0.6257237720314152,0.5627041992511428
ETHUSDT,2022-01-14,2022-01-15,2,1,0.005629765799323838,3307.42,3326.04,0,0,1,0,1,1,0.491117184078466,0.3694484257228953,0.5010957411027476
ETHUSDT,2022-01-15,2022-01-16,2,1,0.006265709372106132,3326.51,3346.88,1,0,1,0,1,1,0.5256891023158733,0.43095341579291135,0.5163785011554871
ETHUSDT,2022-01-16,2022-01-17,2,0,-0.040996390668323945,3346.89,3209.67,1,0,1,0,1,1,0.5237556030711346,0.3923910557814333,0.5157258048042569
ETHUSDT,2022-01-17,2022-01-18,2,0,-0.015521844924867745,3209.68,3159.85,1,1,1,1,0,1,0.6002512332863813,0.5880589725753024,0.565078512652669
ETHUSDT,2022-01-18,2022-01-19,2,0,-0.023997974587401272,3159.85,3084.02,1,1,1,1,0,1,0.5597278520954234,0.5597808525483715,0.5382792623272288
ETHUSDT,2022-01-19,2022-01-20,2,0,-0.02676376936595737,3084.02,3001.48,1,1,1,1,0,1,0.5843439764790609,0.6753083405339306,0.5471506329403921
ETHUSDT,2022-01-20,2022-01-21,2,0,-0.14437210975918546,3001.48,2568.15,1,1,1,1,0,1,0.682327783149493,0.6388605686306761,0.5500558377260377
ETHUSDT,2022-01-21,2022-01-22,2,0,-0.06073243385316285,2567.47,2412.18,1,1,1,1,0,1,0.7322761039758245,0.7931003351719595,0.6755347290818036
ETHUSDT,2022-01-22,2022-01-23,2,1,0.052578994934043166,2412.18,2539.01,1,1,1,1,0,1,0.586263328743201,0.860636971357862,0.5860753704890364
ETHUSDT,2022-01-23,2022-01-24,2,0,-0.03927515055080533,2539.0,2439.29,0,1,0,0,1,1,0.4032244259969552,0.5731093989431163,0.46926462919574374
ETHUSDT,2022-01-24,2022-01-25,2,1,0.00801052765353849,2439.56,2458.83,1,1,1,1,0,1,0.5057176552372166,0.6896112555693634,0.563255729855792
ETHUSDT,2022-01-25,2022-01-26,2,1,0.0016918615764407452,2459.04,2462.99,0,1,1,0,1,1,0.4501660641243842,0.6840205657829455,0.5139368703013515
ETHUSDT,2022-01-26,2022-01-27,2,0,-0.015728849893828167,2463.0,2424.25,1,1,1,0,1,1,0.5993702395242408,0.7329323504207877,0.5204280209119266
ETHUSDT,2022-01-27,2022-01-28,2,1,0.04980509435907998,2424.02,2544.99,1,1,1,1,0,1,0.5807719162471606,0.7422019379546412,0.538495319560969
ETHUSDT,2022-01-28,2022-01-29,2,1,0.0221769044279152,2544.99,2601.43,0,1,0,0,1,1,0.48733306116297737,0.6878472553231479,0.4719824584753199
ETHUSDT,2022-01-29,2022-01-30,2,1,9.610099060908261e-05,2601.43,2601.68,1,1,0,0,1,1,0.5618363202718294,0.521148868861592,0.49951681682123455
ETHUSDT,2022-01-30,2022-01-31,2,1,0.032771132499000766,2601.67,2686.94,1,1,1,0,1,1,0.5308554141393403,0.5077113884534042,0.5220728095195045
ETHUSDT,2022-01-31,2022-02-01,2,1,0.0373249867879446,2686.94,2787.23,0,1,0,0,1,1,0.481849533527963,0.640179253481816,0.48886206996507386
ETHUSDT,2022-02-01,2022-02-02,2,0,-0.038231505831955004,2787.48,2680.67,1,1,0,0,1,1,0.5023270224761269,0.6075637124237486,0.48431826441102965
ETHUSDT,2022-02-02,2022-02-03,2,1,0.005517277397068643,2680.25,2695.46,1,1,1,1,0,1,0.6656618006429487,0.655893646302096,0.5621512718390195
ETHUSDT,2022-02-03,2022-02-04,2,1,0.11112388979988563,2695.21,2994.99,1,1,1,0,1,1,0.5983096284915325,0.6612066875907561,0.5164939900662817
ETHUSDT,2022-02-04,2022-02-05,2,1,0.00589651384478751,2994.99,3012.65,1,1,0,0,1,1,0.5223819777613895,0.6161894935995912,0.41414226326328124
ETHUSDT,2022-02-05,2022-02-06,2,1,0.014054071996415063,3012.64,3054.99,1,1,1,0,1,1,0.6482855023718151,0.7466807909743235,0.5161046825514907
ETHUSDT,2022-02-06,2022-02-07,2,1,0.02775131833492095,3055.0,3139.77,1,1,1,0,1,1,0.5556541610100922,0.5447168573201052,0.5077619147891063
ETHUSDT,2022-02-07,2022-02-08,2,0,-0.007350856909901005,3139.77,3116.69,1,1,0,0,1,1,0.5707033055499807,0.6675652872453026,0.493896198091623
ETHUSDT,2022-02-08,2022-02-09,2,1,0.04082857133689899,3116.69,3243.94,1,1,1,1,0,1,0.6409700660766326,0.7683098987278109,0.5297764718921687
ETHUSDT,2022-02-09,2022-02-10,2,0,-0.05285239554369081,3243.6,3072.49,1,1,0,0,1,1,0.5887274982222779,0.7203654165589065,0.48083768193202897
ETHUSDT,2022-02-10,2022-02-11,2,0,-0.04717671985913696,3072.36,2927.54,1,0,1,1,0,1,0.749140372804187,0.44640773481602486,0.5776725718746214
ETHUSDT,2022-02-11,2022-02-12,2,0,-0.0029581150044063476,2927.54,2918.88,1,1,1,1,0,1,0.6971491626351968,0.8259521210697028,0.5716355784428707
ETHUSDT,2022-02-12,2022-02-13,2,0,-0.01635901441648857,2918.58,2871.13,1,1,1,1,0,1,0.6135373706111668,0.7304229004571012,0.5252268245406244
ETHUSDT,2022-02-13,2022-02-14,2,1,0.02041704833985225,2871.14,2929.75,1,0,1,1,0,1,0.6273112455678238,0.4957428617575171,0.5391532313908813
ETHUSDT,2022-02-14,2022-02-15,2,1,0.08661831214267424,2929.75,3183.52,1,0,1,0,1,1,0.5608247045711399,0.2761415417427381,0.5012977203292601
ETHUSDT,2022-02-15,2022-02-16,2,0,-0.019230285972759664,3183.53,3122.3,0,1,0,0,1,1,0.4996439001419104,0.6945945351882028,0.4366740347227715
ETHUSDT,2022-02-16,2022-02-17,2,0,-0.07380136437882334,3122.31,2891.87,1,1,1,1,0,1,0.5809354197899808,0.5923786622059913,0.5421545093897595
ETHUSDT,2022-02-17,2022-02-18,2,0,-0.03886412598076672,2891.88,2779.48,1,1,1,1,0,1,0.7025910658106603,0.7287372980959389,0.6000538404160827
ETHUSDT,2022-02-18,2022-02-19,2,0,-0.005702505504626698,2779.3,2763.63,1,1,1,1,0,1,0.6767568430593537,0.6549540105138028,0.562820685951374
ETHUSDT,2022-02-19,2022-02-20,2,0,-0.05125143380264374,2763.63,2621.99,1,1,1,1,0,1,0.5650971410804541,0.6353465535391069,0.5280674263520592
ETHUSDT,2022-02-20,2022-02-21,2,0,-0.02058360253090208,2621.99,2568.02,1,1,1,1,0,1,0.6185573487379897,0.751138064000757,0.5759683063181518
ETHUSDT,2022-02-21,2022-02-22,2,1,0.026584683919907093,2568.03,2636.29,1,1,1,1,0,1,0.6278698310962618,0.7019634882753675,0.5435711001620038
ETHUSDT,2022-02-22,2022-02-23,2,0,-0.021461978765613732,2636.28,2579.71,0,1,0,0,1,1,0.45801197523207504,0.612286829892866,0.49506989562648707
ETHUSDT,2022-02-23,2022-02-24,2,1,0.006392191370347744,2579.7,2596.2,1,1,1,1,0,1,0.6233769831025996,0.6396957545443788,0.5444912165147828
ETHUSDT,2022-02-24,2022-02-25,2,1,0.06636237577998605,2596.26,2768.49,1,0,1,0,1,1,0.6004205971980555,0.3346703654632209,0.5155960335826196
ETHUSDT,2022-02-25,2022-02-26,2,1,0.003966060921296366,2768.05,2779.47,1,1,0,0,1,1,0.5466607148765115,0.66259871434143,0.45589489161686564
ETHUSDT,2022-02-26,2022-02-27,2,0,-0.05852914404544751,2779.47,2616.79,1,1,1,0,1,1,0.6051987216125041,0.6874781278570862,0.5180877171407049
ETHUSDT,2022-02-27,2022-02-28,2,1,0.11623401190007598,2616.79,2920.95,1,1,1,1,0,1,0.6397577774622072,0.7440107438093829,0.5837236651047232
ETHUSDT,2022-02-28,2022-03-01,2,1,0.018959585066502305,2920.83,2976.33,0,1,0,0,1,1,0.4155807427816679,0.6117059278307397,0.4095474282393024
ETHUSDT,2022-03-01,2022-03-02,2,0,-0.009753622750165336,2976.33,2947.3,1,1,1,0,1,1,0.5148666630663016,0.57422348747847,0.5027749181269334
ETHUSDT,2022-03-02,2022-03-03,2,0,-0.038445356767210837,2947.31,2833.99,1,1,1,1,0,1,0.6333954372853441,0.5981212940520868,0.5322715352956964
ETHUSDT,2022-03-03,2022-03-04,2,0,-0.07476737744311024,2834.0,2622.1,1,1,1,1,0,1,0.6482019953878114,0.7181196018715325,0.562377536772947
ETHUSDT,2022-03-04,2022-03-05,2,1,0.01641813813355708,2622.11,2665.15,1,1,1,1,0,1,0.6853390951668795,0.783027185889176,0.6010887085557832
ETHUSDT,2022-03-05,2022-03-06,2,0,-0.042721798022625435,2665.16,2551.29,0,1,1,0,1,1,0.4955393204605341,0.5268900792618174,0.5053557071048375
ETHUSDT,2022-03-06,2022-03-07,2,0,-0.023584147627278784,2551.3,2491.12,1,1,1,1,0,1,0.6356959936527697,0.6684757815997818,0.5669072258087059
ETHUSDT,2022-03-07,2022-03-08,2,1,0.034060984617360734,2491.12,2575.97,1,0,1,1,0,1,0.622310108121583,0.4910372226594977,0.5467163744020438
ETHUSDT,2022-03-08,2022-03-09,2,1,0.05862257712628649,2575.98,2726.98,0,0,0,0,1,1,0.4929409193701777,0.37449433444460223,0.48757281380897455
ETHUSDT,2022-03-09,2022-03-10,2,0,-0.044107400861025825,2726.98,2606.7,1,0,0,0,1,1,0.5350002995615214,0.3731743926888976,0.4633744080318405
ETHUSDT,2022-03-10,2022-03-11,2,0,-0.019119960102811917,2606.69,2556.86,1,1,1,1,0,1,0.6541813541322581,0.6085743091649648,0.5683768580535584
ETHUSDT,2022-03-11,2022-03-12,2,1,0.004669790289652198,2556.86,2568.8,1,1,1,1,0,1,0.654454216366684,0.537648401976509,0.5420390810839616
ETHUSDT,2022-03-12,2022-03-13,2,0,-0.020690594830271025,2568.8,2515.65,1,1,1,0,1,1,0.6164069792179246,0.5521973228562068,0.5173644410072032
ETHUSDT,2022-03-13,2022-03-14,2,1,0.02932045395822147,2515.66,2589.41,1,0,1,1,0,1,0.5793518848767636,0.4933960771009517,0.5436831485788765
ETHUSDT,2022-03-14,2022-03-15,2,1,0.0109368543413364,2589.42,2617.73,0,1,0,0,1,1,0.47377495812171594,0.5358615865669283,0.49231977004091615
ETHUSDT,2022-03-15,2022-03-16,2,1,0.059624178200196276,2617.74,2773.81,1,1,1,0,1,1,0.5004237895403009,0.6478742994087905,0.5109427184853804
ETHUSDT,2022-03-16,2022-03-17,2,1,0.013739225109145936,2773.8,2811.92,0,1,0,0,1,1,0.4555491600324464,0.6183093197116929,0.4624024111726948
ETHUSDT,2022-03-17,2022-03-18,2,1,0.04516486955532173,2811.91,2938.92,1,0,1,0,1,1,0.5586254216769866,0.35221956339419147,0.5080827725736283
ETHUSDT,2022-03-18,2022-03-19,2,1,0.00405591169545283,2938.84,2950.84,1,0,0,0,1,1,0.5951418685443801,0.3510242502386016,0.47654863602761355
ETHUSDT,2022-03-19,2022-03-20,2,0,-0.030316791150994282,2950.85,2861.38,1,1,1,0,1,1,0.6023433546933848,0.5505645938547333,0.5179953466047764
ETHUSDT,2022-03-20,2022-03-21,2,1,0.01001265123821371,2861.39,2890.03,1,1,1,1,0,1,0.6181705624215121,0.6498713139025047,0.5537950320299737
ETHUSDT,2022-03-21,2022-03-22,2,1,0.027546426853700456,2890.03,2969.64,1,0,1,0,1,1,0.5699552747320475,0.35270994460037447,0.511887499929848
ETHUSDT,2022-03-22,2022-03-23,2,1,0.022346142966824356,2969.64,3036.0,1,0,0,0,1,1,0.5810322920037143,0.3980894361794148,0.49410222906219425
ETHUSDT,2022-03-23,2022-03-24,2,1,0.0246245059288539,3035.99,3110.76,1,0,0,0,1,1,0.5193871226645836,0.47526364792502296,0.49934571579765796
ETHUSDT,2022-03-24,2022-03-25,2,0,-0.0027710270159061468,3110.75,3102.14,1,0,0,0,1,1,0.5941023475640096,0.2107224476937417,0.49704506360326334
ETHUSDT,2022-03-25,2022-03-26,2,1,0.01381626876930131,3102.13,3145.0,1,0,1,1,0,1,0.6916768261612332,0.3666210884891735,0.5250334010486865
ETHUSDT,2022-03-26,2022-03-27,2,1,0.04790143084260734,3145.01,3295.65,1,0,1,0,1,1,0.534862207076546,0.3069560229550594,0.5080042494321553
ETHUSDT,2022-03-27,2022-03-28,2,1,0.011308846509793247,3295.65,3332.92,1,1,0,0,1,1,0.5300301973245488,0.5115850215019792,0.4738527743656894
ETHUSDT,2022-03-28,2022-03-29,2,1,0.02027951465981781,3332.91,3400.51,1,0,1,0,1,1,0.6140696321704184,0.2740341906134968,0.5105626648628674
ETHUSDT,2022-03-29,2022-03-30,2,0,-0.004328762450338419,3400.51,3385.79,1,0,1,0,1,1,0.5691474622659451,0.33633834388556383,0.5014370274437384
ETHUSDT,2022-03-30,2022-03-31,2,0,-0.030799311239031235,3385.8,3281.51,1,0,1,1,0,1,0.6026505807646633,0.208408239614217,0.5266447603016049
ETHUSDT,2022-03-31,2022-04-01,2,1,0.05293294855112429,3281.51,3455.21,1,1,1,1,0,1,0.6762407731796628,0.5385742787785432,0.5543034310968593
ETHUSDT,2022-04-01,2022-04-02,2,0,-0.003310942026678587,3455.2,3443.77,1,0,0,0,1,1,0.5743243791205725,0.2496520481912536,0.46891847325691777
ETHUSDT,2022-04-02,2022-04-03,2,1,0.022690249348824132,3443.77,3521.91,1,0,1,1,0,1,0.7128769338840397,0.47829802498494983,0.5255916777462303
ETHUSDT,2022-04-03,2022-04-04,2,0,-0.0006842877870245623,3521.9,3519.5,1,0,0,0,1,1,0.5967113304356128,0.19830839014488846,0.49899791033587654
ETHUSDT,2022-04-04,2022-04-05,2,0,-0.031967609035374434,3519.5,3406.99,1,0,1,1,0,1,0.5421560198368568,0.25999924732002766,0.5228779584015063
ETHUSDT,2022-04-05,2022-04-06,2,0,-0.06999727031778769,3407.0,3168.51,1,0,1,1,0,1,0.6432627920063468,0.4648504666836744,0.5555349640018905
ETHUSDT,2022-04-06,2022-04-07,2,1,0.018519745874243654,3168.52,3227.19,1,1,1,1,0,1,0.6959890667256279,0.5482047680488135,0.5959804978615109
ETHUSDT,2022-04-07,2022-04-08,2,0,-0.010783375010458118,3227.2,3192.39,1,0,1,0,1,1,0.5593137430271701,0.2911425547206489,0.5032211195930789
ETHUSDT,2022-04-08,2022-04-09,2,1,0.020730549838835488,3192.39,3258.57,1,0,1,1,0,1,0.6719993763278637,0.32769399158915585,0.5333422096636287
ETHUSDT,2022-04-09,2022-04-10,2,0,-0.017041217466557512,3258.57,3203.04,1,0,1,0,1,1,0.5170944681293682,0.22000402390756726,0.5009802458183846
ETHUSDT,2022-04-10,2022-04-11,2,0,-0.06971502073030622,3203.04,2979.74,1,0,1,1,0,1,0.578081127175273,0.40644709892343234,0.5398657944304229
ETHUSDT,2022-04-11,2022-04-12,2,1,0.016081940035036713,2979.75,3027.66,1,1,1,1,0,1,0.6006529095576356,0.5471373370845021,0.5956784013398159
ETHUSDT,2022-04-12,2022-04-13,2,1,0.029930705561390658,3027.65,3118.28,0,0,1,0,1,1,0.47957416755663174,0.28929383585373614,0.5056975743731867
ETHUSDT,2022-04-13,2022-04-14,2,0,-0.030882409533460775,3118.28,3021.98,0,0,0,0,1,1,0.43759779699259166,0.20028514317986484,0.4917073707662766
ETHUSDT,2022-04-14,2022-04-15,2,1,0.006148286884757548,3021.98,3040.56,1,0,1,1,0,1,0.6077765914402167,0.49043107740358316,0.5543910003044897
ETHUSDT,2022-04-15,2022-04-16,2,1,0.006163338332412449,3040.57,3059.3,1,0,1,0,1,1,0.50773244149071,0.26339336200009333,0.5158462936215967
ETHUSDT,2022-04-16,2022-04-17,2,0,-0.023286372699637292,3059.3,2988.06,1,0,1,0,1,1,0.5094332961066406,0.2899721652353265,0.5158308484426384
ETHUSDT,2022-04-17,2022-04-18,2,1,0.022589907833175937,2988.07,3055.56,1,1,1,1,0,1,0.579592932578671,0.5033701106975644,0.5464039674900466
ETHUSDT,2022-04-18,2022-04-19,2,1,0.015123250729817128,3055.56,3101.77,0,0,0,0,1,1,0.44190768919832535,0.3277415770087849,0.4990993183304699
ETHUSDT,2022-04-19,2022-04-20,2,0,-0.008295263672032371,3101.74,3076.04,0,0,1,0,1,1,0.48718522120611246,0.23846330082689596,0.5066730208164195
ETHUSDT,2022-04-20,2022-04-21,2,0,-0.030058126682357855,3076.03,2983.58,1,0,1,1,0,1,0.5690771435330619,0.2770396638381594,0.5307566194953338
ETHUSDT,2022-04-21,2022-04-22,2,0,-0.007102206074581563,2983.57,2962.39,1,0,1,1,0,1,0.6844777107992424,0.48946582037290065,0.5535225523826746
ETHUSDT,2022-04-22,2022-04-23,2,0,-0.009910916523482638,2962.39,2933.03,1,1,1,1,0,1,0.6146573969951064,0.6231571520093196,0.5295185275253042
ETHUSDT,2022-04-23,2022-04-24,2,0,-0.004101560502279278,2933.04,2921.0,1,1,1,1,0,1,0.5785562240266777,0.6418108812262533,0.53243502729237
ETHUSDT,2022-04-24,2022-04-25,2,1,0.029311879493324255,2920.99,3006.62,1,1,1,1,0,1,0.599723688141362,0.5549894651943725,0.5264096139233388
ETHUSDT,2022-04-25,2022-04-26,2,0,-0.06550545130412222,3006.63,2809.67,0,0,0,0,1,1,0.4803857707718652,0.3932757391463405,0.4923283774369737
ETHUSDT,2022-04-26,2022-04-27,2,1,0.028220395989564606,2809.68,2888.96,1,1,1,1,0,1,0.6336472319733375,0.6489445679658407,0.5911752219635957
ETHUSDT,2022-04-27,2022-04-28,2,1,0.0166045912715993,2888.95,2936.93,0,0,0,0,1,1,0.48483317694787187,0.27331536651964344,0.49342467422685315
ETHUSDT,2022-04-28,2022-04-29,2,0,-0.04079089389260204,2936.92,2817.13,1,0,1,0,1,1,0.5551732399361238,0.30954478852962447,0.5051661564488323
ETHUSDT,2022-04-29,2022-04-30,2,0,-0.032114243929105224,2817.13,2726.66,1,1,1,1,0,1,0.6565537507864022,0.6881026102555792,0.5648608124565339
ETHUSDT,2022-04-30,2022-05-01,2,1,0.035996420529145645,2726.67,2824.81,1,1,1,1,0,1,0.6036061789036434,0.6676497985598338,0.555689592710195
ETHUSDT,2022-05-01,2022-05-02,2,1,0.011232613874915476,2824.81,2856.54,1,0,0,0,1,1,0.5015367137306398,0.31412671386015867,0.48564160069120077
ETHUSDT,2022-05-02,2022-05-03,2,0,-0.026199528100429248,2856.54,2781.7,1,0,1,0,1,1,0.5345465561467811,0.3039873466494205,0.5106405391566149
ETHUSDT,2022-05-03,2022-05-04,2,1,0.057137721537189545,2781.7,2940.64,1,0,1,1,0,1,0.5873760542181782,0.4049547923588297,0.5494627568654795
ETHUSDT,2022-05-04,2022-05-05,2,0,-0.06551975080254646,2940.65,2747.97,0,0,0,0,1,1,0.49307816622746437,0.2713174673345362,0.4648175805398762
ETHUSDT,2022-05-05,2022-05-06,2,0,-0.020058443141664495,2747.96,2692.85,1,1,1,1,0,1,0.6509798034811582,0.7342364965139828,0.5911905107915729
ETHUSDT,2022-05-06,2022-05-07,2,0,-0.02135655532242786,2692.86,2635.34,1,1,1,1,0,1,0.6001949349848484,0.5616063936654246,0.543021237133142
ETHUSDT,2022-05-07,2022-05-08,2,0,-0.04387669143260453,2635.35,2519.71,1,1,1,1,0,1,0.580171189400093,0.6019344580090776,0.5443807557000278
ETHUSDT,2022-05-08,2022-05-09,2,0,-0.11555298030328887,2519.71,2228.55,1,1,1,1,0,1,0.6289305677013398,0.7379087306663291,0.5681320924138601
ETHUSDT,2022-05-09,2022-05-10,2,1,0.05092997689080336,2229.0,2342.05,1,1,1,1,0,1,0.6992655349751503,0.6070214232777684,0.644827022185996
ETHUSDT,2022-05-10,2022-05-11,2,0,-0.10975854486454195,2342.04,2084.99,0,0,0,0,1,1,0.45985204551749714,0.422292931619543,0.47087924014954824
ETHUSDT,2022-05-11,2022-05-12,2,0,-0.05984201363076069,2084.99,1960.22,1,1,1,1,0,1,0.688607293311896,0.8136225602278162,0.6386204127532803
ETHUSDT,2022-05-12,2022-05-13,2,1,0.0252369631980085,1960.22,2009.69,1,1,1,1,0,1,0.6267781041407694,0.8118081568909179,0.5851247734237776
ETHUSDT,2022-05-13,2022-05-14,2,1,0.023282197751891998,2009.69,2056.48,1,1,0,0,1,1,0.5765859795534207,0.5959501350856948,0.4964275043254093
ETHUSDT,2022-05-14,2022-05-15,2,1,0.043185443087216946,2056.47,2145.29,0,1,0,0,1,1,0.4730755214469037,0.5934714058828039,0.49839987477645087
ETHUSDT,2022-05-15,2022-05-16,2,0,-0.05669629747027205,2145.29,2023.66,0,1,0,0,1,1,0.4764992132909689,0.6374249859830456,0.47850389022428474
ETHUSDT,2022-05-16,2022-05-17,2,1,0.033137977723530554,2023.66,2090.72,1,1,1,1,0,1,0.6129766391172776,0.7577541679738439,0.5817686420761944
ETHUSDT,2022-05-17,2022-05-18,2,0,-0.08399498737277111,2090.72,1915.11,0,1,0,0,1,1,0.44993486421499623,0.6320036281322,0.48849521462630824
ETHUSDT,2022-05-18,2022-05-19,2,1,0.0545347264647984,1915.11,2019.55,1,1,1,1,0,1,0.6948254589287577,0.8071591166254782,0.6109816757680845
ETHUSDT,2022-05-19,2022-05-20,2,0,-0.02994231388180535,2019.55,1959.08,0,1,0,0,1,1,0.488735233010757,0.6311713198995932,0.4673538144107059
ETHUSDT,2022-05-20,2022-05-21,2,1,0.008161994405537332,1959.08,1975.07,1,1,1,1,0,1,0.6742288271858059,0.7358475736153473,0.5534005671800748
ETHUSDT,2022-05-21,2022-05-22,2,1,0.034489916813075006,1975.06,2043.19,1,0,1,0,1,1,0.5382092066823048,0.4239614249311819,0.5137817024560464
ETHUSDT,2022-05-22,2022-05-23,2,0,-0.03419652602058554,2043.19,1973.32,1,1,0,0,1,1,0.5083644190510879,0.5391602167172665,0.48714447183613563
ETHUSDT,2022-05-23,2022-05-24,2,1,0.003086169501145264,1973.33,1979.41,1,1,1,1,0,1,0.6395098393314436,0.6257271214856636,0.5578867419631498
ETHUSDT,2022-05-24,2022-05-25,2,0,-0.01858129442611689,1979.4,1942.63,1,1,1,0,1,1,0.5243339399902498,0.5875891689999108,0.5189926548526574
ETHUSDT,2022-05-25,2022-05-26,2,0,-0.07742081611011875,1942.64,1792.23,1,1,1,1,0,1,0.659390384291375,0.5693983163666277,0.5414756246172251
ETHUSDT,2022-05-26,2022-05-27,2,0,-0.03624534797431134,1792.24,1727.27,1,1,1,1,0,1,0.7115039779066714,0.7256561247503887,0.6039321637552029
ETHUSDT,2022-05-27,2022-05-28,2,1,0.03760269095161739,1727.26,1792.22,1,1,1,1,0,1,0.6820085410452916,0.7250378734303535,0.5600509976357495
ETHUSDT,2022-05-28,2022-05-29,2,1,0.011951657720592479,1792.21,1813.64,1,0,0,0,1,1,0.5066926389705476,0.4804674991820007,0.4840418947575918
ETHUSDT,2022-05-29,2022-05-30,2,1,0.10208200083809338,1813.64,1998.78,1,1,1,0,1,1,0.5371351667580286,0.6751764827647384,0.5099062241477343
ETHUSDT,2022-05-30,2022-05-31,2,0,-0.028457358988983272,1998.78,1941.9,0,0,0,0,1,1,0.46832485263774587,0.4631941071709292,0.42236104312788114
ETHUSDT,2022-05-31,2022-06-01,2,0,-0.06382923940470675,1941.9,1817.95,1,1,1,1,0,1,0.6150279690994203,0.5314417309042389,0.5518371948756627
ETHUSDT,2022-06-01,2022-06-02,2,1,0.008872631260485653,1817.96,1834.08,1,1,1,1,0,1,0.6262045646746764,0.5567074369826208,0.5893834458032174
ETHUSDT,2022-06-02,2022-06-03,2,0,-0.03214690744133297,1834.09,1775.12,1,0,1,0,1,1,0.5030474677038069,0.33155684488118614,0.5130539773482533
ETHUSDT,2022-06-03,2022-06-04,2,1,0.016596061111361582,1775.13,1804.58,1,1,1,1,0,1,0.6048192871959073,0.754703871419843,0.5557240385991477
ETHUSDT,2022-06-04,2022-06-05,2,1,0.000914340178878259,1804.58,1806.23,1,1,1,0,1,1,0.5264635093448035,0.5908208579776343,0.5051748275932801
ETHUSDT,2022-06-05,2022-06-06,2,1,0.029680605459991183,1806.22,1859.84,1,1,1,0,1,1,0.557959927960118,0.5741567276383241,0.5212291607757547
ETHUSDT,2022-06-06,2022-06-07,2,0,-0.02500752752924984,1859.84,1813.33,1,0,0,0,1,1,0.5492908055403548,0.3519325238034468,0.49195830425177556
ETHUSDT,2022-06-07,2022-06-08,2,0,-0.011829065862253296,1813.33,1791.88,1,1,1,1,0,1,0.5715466812040866,0.5851591142550637,0.5482105000335549
ETHUSDT,2022-06-08,2022-06-09,2,0,-0.0017132843717213575,1791.88,1788.81,1,0,1,1,0,1,0.6050138129522898,0.4332310047087223,0.5344302824156391
ETHUSDT,2022-06-09,2022-06-10,2,0,-0.07038198578943533,1788.8,1662.91,1,1,1,1,0,1,0.626228085005853,0.5630485925871893,0.5239403818951455
ETHUSDT,2022-06-10,2022-06-11,2,0,-0.07818823628458549,1662.91,1532.89,1,1,1,1,0,1,0.7005195103165757,0.7413966789851775,0.596392295793872
ETHUSDT,2022-06-11,2022-06-12,2,0,-0.06396414615530155,1532.89,1434.84,1,1,1,1,0,1,0.6816006403205532,0.7245265580705202,0.6047547628280772
ETHUSDT,2022-06-12,2022-06-13,2,0,-0.15682584817819412,1434.84,1209.82,1,1,1,1,0,1,0.6580082556849556,0.7055998430896552,0.589527623161177
ETHUSDT,2022-06-13,2022-06-14,2,0,-0.0007604437023688293,1209.35,1208.9,1,1,1,1,0,1,0.7048849116221264,0.7989909821150876,0.6886766428597358
ETHUSDT,2022-06-14,2022-06-15,2,1,0.02367441475721721,1208.9,1237.52,0,1,1,1,0,1,0.4914174291653322,0.6463811098943195,0.522956557953062
ETHUSDT,2022-06-15,2022-06-16,2,0,-0.13657961083457237,1237.53,1068.5,0,1,0,0,1,1,0.4757422731406783,0.6581576068517985,0.49800381743879046
ETHUSDT,2022-06-16,2022-06-17,2,1,0.01725783809078152,1068.5,1086.94,1,1,1,1,0,1,0.7509484938950708,0.7012003948894395,0.6672661867165396
ETHUSDT,2022-06-17,2022-06-18,2,0,-0.08446648389055522,1086.93,995.13,1,1,1,0,1,1,0.5376238803628516,0.7315708879053956,0.5045023201477639
ETHUSDT,2022-06-18,2022-06-19,2,1,0.13405283731773743,995.12,1128.53,1,1,1,1,0,1,0.6829963363273682,0.7755907475404946,0.6114874583279069
ETHUSDT,2022-06-19,2022-06-20,2,0,-0.0002569714584459426,1128.53,1128.24,0,1,0,0,1,1,0.45167634893552466,0.6289424613986171,0.3938138735478602
ETHUSDT,2022-06-20,2022-06-21,2,0,-0.002118343614833762,1128.24,1125.85,1,1,1,1,0,1,0.5507924128380483,0.7393245133474426,0.5224370208265985
ETHUSDT,2022-06-21,2022-06-22,2,0,-0.06720255806723796,1125.86,1050.19,1,1,1,1,0,1,0.5865299426011739,0.6662497494441472,0.5243588409414004
ETHUSDT,2022-06-22,2022-06-23,2,1,0.09001228349155865,1050.19,1144.72,1,1,1,1,0,1,0.6769074881165315,0.8595285681788509,0.592990139497242
ETHUSDT,2022-06-23,2022-06-24,2,1,0.07014815850164235,1144.71,1225.02,0,1,0,0,1,1,0.4708423405221161,0.621391175734156,0.43350529615789907
ETHUSDT,2022-06-24,2022-06-25,2,1,0.014154870940882525,1225.02,1242.36,1,1,0,0,1,1,0.5350250088536617,0.661350573501127,0.4522631391717797
ETHUSDT,2022-06-25,2022-06-26,2,0,-0.03587526964808907,1242.31,1197.79,1,1,1,0,1,1,0.5536231242156273,0.6975196636826527,0.5076592111307547
ETHUSDT,2022-06-26,2022-06-27,2,0,-0.0044081182845072675,1197.79,1192.51,1,1,1,1,0,1,0.6806429857101676,0.6861208905226379,0.5596598948393926
ETHUSDT,2022-06-27,2022-06-28,2,0,-0.04063697579055947,1192.51,1144.05,1,1,1,1,0,1,0.5558302366936786,0.7137995848910094,0.5267269007857717
ETHUSDT,2022-06-28,2022-06-29,2,0,-0.03832000349635056,1144.05,1100.21,1,1,1,1,0,1,0.6495591303260521,0.79441168347006,0.5646977680935549
ETHUSDT,2022-06-29,2022-06-30,2,0,-0.02654038774415801,1100.21,1071.01,1,1,1,1,0,1,0.6691285113498449,0.6784259756728862,0.5622449038116468
ETHUSDT,2022-06-30,2022-07-01,2,0,-0.010532114546082605,1071.02,1059.73,1,1,1,1,0,1,0.6172248173337327,0.6830475968839599,0.5498210143972414
ETHUSDT,2022-07-01,2022-07-02,2,1,0.006869674351013932,1059.73,1067.01,1,1,1,1,0,1,0.6773247012917932,0.7677603458460277,0.5330808893603822
ETHUSDT,2022-07-02,2022-07-03,2,1,0.006794687959812862,1067.01,1074.26,1,1,1,0,1,1,0.5561601259063594,0.5952629980430255,0.5151062615909303
ETHUSDT,2022-07-03,2022-07-04,2,1,0.0714352205238955,1074.26,1151.0,1,1,1,0,1,1,0.5317105399519729,0.5216914723965027,0.5151831644805328
ETHUSDT,2022-07-04,2022-07-05,2,0,-0.016072980017376226,1151.01,1132.5,0,1,0,0,1,1,0.45700273394580126,0.6037928448616386,0.45103250290104385
ETHUSDT,2022-07-05,2022-07-06,2,1,0.04774392935982341,1132.51,1186.57,1,1,1,1,0,1,0.5685658226314158,0.6468880035630479,0.5388545669147092
ETHUSDT,2022-07-06,2022-07-07,2,1,0.042913608130999537,1186.57,1237.49,0,1,0,0,1,1,0.47352107715685826,0.540109178398363,0.4740077025816077
ETHUSDT,2022-07-07,2022-07-08,2,0,-0.018949648077964287,1237.49,1214.04,1,1,0,0,1,1,0.5206573825637503,0.6001454931636129,0.4787727481539831
ETHUSDT,2022-07-08,2022-07-09,2,1,0.002454614345491102,1214.03,1217.02,1,1,1,1,0,1,0.6617109491653859,0.7698593701880079,0.5418609089710966
ETHUSDT,2022-07-09,2022-07-10,2,0,-0.03998290907298163,1217.02,1168.36,1,1,1,0,1,1,0.5698953998710026,0.5670018768787456,0.5196426003020357
ETHUSDT,2022-07-10,2022-07-11,2,0,-0.06159060563524921,1168.37,1096.4,1,1,1,1,0,1,0.6334680363944923,0.7325430497044844,0.5640050558960814
ETHUSDT,2022-07-11,2022-07-12,2,0,-0.05273622765414099,1096.37,1038.58,1,1,1,1,0,1,0.6196902702100592,0.7156054298918851,0.5869917856706611
ETHUSDT,2022-07-12,2022-07-13,2,1,0.07358123591827304,1038.58,1115.0,1,1,1,1,0,1,0.5743689360491253,0.7157711716916876,0.5775488729729705
ETHUSDT,2022-07-13,2022-07-14,2,1,0.07033183856502245,1115.01,1193.42,0,1,0,0,1,1,0.42260082004743693,0.6337625024989761,0.4489851892855667
ETHUSDT,2022-07-14,2022-07-15,2,1,0.03169881516984785,1193.42,1231.25,1,1,0,0,1,1,0.5020535409529079,0.5872904339549706,0.4520873851833518
ETHUSDT,2022-07-15,2022-07-16,2,1,0.10119796954314708,1231.25,1355.85,1,1,0,0,1,1,0.6057438138891696,0.6693286775986532,0.48993523191117344
ETHUSDT,2022-07-16,2022-07-17,2,0,-0.012685769074750053,1355.84,1338.65,1,0,0,0,1,1,0.5648865663121038,0.4548788180239434,0.4231706155150659
ETHUSDT,2022-07-17,2022-07-18,2,1,0.18107048145519733,1338.65,1581.04,1,1,1,1,0,1,0.6228967712937433,0.7508390729719178,0.5353223222807166
ETHUSDT,2022-07-18,2022-07-19,2,0,-0.024490208976369998,1581.03,1542.32,0,1,0,0,1,1,0.43261377132480316,0.5418377087612826,0.35451576024905646
ETHUSDT,2022-07-19,2022-07-20,2,0,-0.013447274236215612,1542.33,1521.58,1,1,1,1,0,1,0.603237332300216,0.7941796649511809,0.5476673163224269
ETHUSDT,2022-07-20,2022-07-21,2,1,0.035403987959883976,1521.63,1575.45,1,1,1,1,0,1,0.5897778810015768,0.6994951459942065,0.5361156977522166
ETHUSDT,2022-07-21,2022-07-22,2,0,-0.02550382430416709,1575.45,1535.27,1,1,0,0,1,1,0.5323047801619111,0.6458288752001824,0.4862323143997628
ETHUSDT,2022-07-22,2022-07-23,2,1,0.008728106456844742,1535.27,1548.67,1,1,1,1,0,1,0.6806112851518303,0.7662081538097698,0.5487317738523835
ETHUSDT,2022-07-23,2022-07-24,2,1,0.031659423892759664,1548.66,1597.7,1,1,1,0,1,1,0.5951138485108491,0.7407155942531312,0.5132019405019813
ETHUSDT,2022-07-24,2022-07-25,2,0,-0.0982099267697315,1597.7,1440.79,1,1,0,0,1,1,0.5773206694844054,0.7349223565891773,0.48997467727978583
ETHUSDT,2022-07-25,2022-07-26,2,1,0.0057815503994336215,1440.79,1449.12,1,1,1,1,0,1,0.6945617075465949,0.7300494158280582,0.6262347595541622
ETHUSDT,2022-07-26,2022-07-27,2,1,0.1287816053880977,1449.12,1635.74,0,1,1,0,1,1,0.4477850985776515,0.6155690048973453,0.5162226855666769
ETHUSDT,2022-07-27,2022-07-28,2,1,0.05427512929927736,1635.74,1724.52,0,1,0,0,1,1,0.43131297837262955,0.6574218686483109,0.39842109103267936
ETHUSDT,2022-07-28,2022-07-29,2,0,-0.0016468350613503269,1724.52,1721.68,1,1,0,0,1,1,0.5747404406024439,0.5577128005449454,0.46760719155639147
ETHUSDT,2022-07-29,2022-07-30,2,0,-0.014334835741833585,1721.68,1697.0,1,1,1,1,0,1,0.6107489813401766,0.7344809398533657,0.5238717473565047
ETHUSDT,2022-07-30,2022-07-31,2,0,-0.01112551561579267,1697.0,1678.12,1,1,1,1,0,1,0.5900017709066546,0.6129808744750803,0.5370409472159787
ETHUSDT,2022-07-31,2022-08-01,2,0,-0.028508092389102013,1678.12,1630.28,1,1,1,1,0,1,0.6068990207915346,0.6177640938743918,0.5336981260100722
ETHUSDT,2022-08-01,2022-08-02,2,1,0.00038643668572269085,1630.28,1630.91,1,1,1,1,0,1,0.5684045095856305,0.6407857993108627,0.5518905850417243
ETHUSDT,2022-08-02,2022-08-03,2,0,-0.007817721394804078,1630.91,1618.16,0,1,1,0,1,1,0.498633408762719,0.6513719321786049,0.5217733929403101
ETHUSDT,2022-08-03,2022-08-04,2,0,-0.00630345577693181,1618.16,1607.96,1,1,1,1,0,1,0.5676863177962994,0.5301648922113921,0.5302609173221446
ETHUSDT,2022-08-04,2022-08-05,2,1,0.0801325903629444,1607.97,1736.81,1,1,1,1,0,1,0.5842018559862847,0.550471057342049,0.5286902541982686
ETHUSDT,2022-08-05,2022-08-06,2,0,-0.026606249388246295,1736.81,1690.6,0,1,0,0,1,1,0.4687994314395744,0.6607943948308572,0.4427712657656662
ETHUSDT,2022-08-06,2022-08-07,3,1,0.0056725422926773295,1690.6,1700.19,1,1,1,1,0,1,0.6292384505828467,0.5388077326284685,0.5418941786566676
ETHUSDT,2022-08-07,2022-08-08,3,1,0.04520671219099026,1700.2,1777.05,1,0,1,0,1,1,0.5072783939550418,0.3994537150319659,0.5112363972264385
ETHUSDT,2022-08-08,2022-08-09,3,0,-0.04180523901972366,1777.05,1702.76,0,1,0,0,1,1,0.4402711503852926,0.546979085072644,0.4749099714583981
ETHUSDT,2022-08-09,2022-08-10,3,1,0.0885679719984025,1702.76,1853.57,1,1,1,1,0,1,0.51002931944818,0.6045452283059906,0.5565852972242443
ETHUSDT,2022-08-10,2022-08-11,3,1,0.01436147542310251,1853.58,1880.19,0,1,0,0,1,1,0.4353399612997396,0.5829926187927001,0.4369071089316074
ETHUSDT,2022-08-11,2022-08-12,3,1,0.04153303655481633,1880.19,1958.28,1,1,1,0,1,1,0.5520329949903414,0.6174489341699549,0.5031282370416225
ETHUSDT,2022-08-12,2022-08-13,3,1,0.012904181220254607,1958.28,1983.55,0,1,0,0,1,1,0.49237531695409165,0.5269861000712447,0.4782219487806618
ETHUSDT,2022-08-13,2022-08-14,3,0,-0.024320032265382818,1983.55,1935.31,1,1,1,0,1,1,0.5540817997275399,0.6001186382035114,0.504483495853106
ETHUSDT,2022-08-14,2022-08-15,3,0,-0.018730849321297316,1935.32,1899.06,1,1,1,1,0,1,0.5488838161762375,0.5660691460612115,0.5396973364516691
ETHUSDT,2022-08-15,2022-08-16,3,0,-0.011790043495202851,1899.05,1876.67,1,1,1,1,0,1,0.555373356991105,0.5683726896457382,0.5343419668122676
ETHUSDT,2022-08-16,2022-08-17,3,0,-0.022603867488690144,1876.67,1834.25,0,0,1,1,0,1,0.4803093589873178,0.45368935530730053,0.5277230227753944
ETHUSDT,2022-08-17,2022-08-18,3,1,0.006618508927354494,1834.24,1846.39,1,0,1,1,0,1,0.5818476016387071,0.49849541559331223,0.5380506254790232
ETHUSDT,2022-08-18,2022-08-19,3,0,-0.12856438780539325,1846.39,1609.01,1,0,1,0,1,1,0.5351123914242502,0.4702704736607351,0.5103504792071901
ETHUSDT,2022-08-19,2022-08-20,3,0,-0.020490860839895375,1609.0,1576.04,1,1,1,1,0,1,0.7162536326860158,0.6530964119214507,0.6422640383328097
ETHUSDT,2022-08-20,2022-08-21,3,1,0.026706174970178465,1576.03,1618.13,1,1,1,1,0,1,0.5644996739022535,0.6458484845908348,0.536025966170695
ETHUSDT,2022-08-21,2022-08-22,3,1,0.004035522485832388,1618.13,1624.66,0,0,0,0,1,1,0.4734261694740992,0.3795135937311357,0.49172549992766046
ETHUSDT,2022-08-22,2022-08-23,3,1,0.025082171038863565,1624.65,1665.41,0,1,1,0,1,1,0.45590689370919796,0.6763028523240656,0.5127713016803092
ETHUSDT,2022-08-23,2022-08-24,3,0,-0.005314006761097945,1665.4,1656.56,0,1,0,0,1,1,0.4233353043561265,0.5004738722825535,0.4932174930933131
ETHUSDT,2022-08-24,2022-08-25,3,1,0.02327111604771326,1656.56,1695.11,0,0,1,1,0,1,0.46941853185778926,0.40482989453790075,0.5215803209327403
ETHUSDT,2022-08-25,2022-08-26,3,0,-0.11027602928423519,1695.11,1508.18,0,0,0,0,1,1,0.4675576523711144,0.3108080790292697,0.49488426441033356
ETHUSDT,2022-08-26,2022-08-27,3,0,-0.011351430200639223,1508.18,1491.06,1,1,1,1,0,1,0.6703273845399761,0.7405802690684251,0.6240762268098037
ETHUSDT,2022-08-27,2022-08-28,3,0,-0.04312368382224718,1491.06,1426.76,0,1,1,1,0,1,0.4905169489994855,0.6982641695825171,0.5273059612942056
ETHUSDT,2022-08-28,2022-08-29,3,1,0.08763912641229066,1426.76,1551.8,1,1,1,1,0,1,0.5399913002140805,0.5050823647874949,0.5578663334225625
ETHUSDT,2022-08-29,2022-08-30,3,0,-0.017534476092279982,1551.79,1524.59,0,1,0,0,1,1,0.379976275214842,0.650794760685903,0.4376991930913618
ETHUSDT,2022-08-30,2022-08-31,3,1,0.019356023586669213,1524.59,1554.1,1,1,1,1,0,1,0.5228078631360377,0.6963906936720154,0.5331985380951196
ETHUSDT,2022-08-31,2022-09-01,3,1,0.020629303133646637,1554.11,1586.16,0,0,0,0,1,1,0.49181196969650803,0.406335401107066,0.498497893430018
ETHUSDT,2022-09-01,2022-09-02,3,0,-0.006815201492913814,1586.17,1575.35,0,1,0,0,1,1,0.4494716178219436,0.5042503846813351,0.4973211006285669
ETHUSDT,2022-09-02,2022-09-03,3,0,-0.011356206557272874,1575.35,1557.46,1,1,1,1,0,1,0.5472562935805512,0.6831687457283743,0.5230013260990597
ETHUSDT,2022-09-03,2022-09-04,3,1,0.01400999062576247,1557.45,1579.28,0,0,1,1,0,1,0.4905081244059218,0.40915419583463164,0.5273105021682868
ETHUSDT,2022-09-04,2022-09-05,3,1,0.02439086165847737,1579.29,1617.8,0,0,1,0,1,1,0.4046279377983205,0.2729939339280003,0.5034549386251851
ETHUSDT,2022-09-05,2022-09-06,3,0,-0.036339473358882435,1617.8,1559.01,0,0,0,0,1,1,0.41795662931830735,0.36115528100685723,0.4938533635028946
ETHUSDT,2022-09-06,2022-09-07,3,1,0.04553530766319658,1559.01,1630.0,1,1,1,1,0,1,0.5610138204997255,0.5742959480167417,0.5512855510073852
ETHUSDT,2022-09-07,2022-09-08,3,1,0.0032944785276072253,1630.0,1635.37,0,1,0,0,1,1,0.4461731849522057,0.6189947287039379,0.47461439881550954
ETHUSDT,2022-09-08,2022-09-09,3,1,0.0506674330579624,1635.37,1718.23,1,1,1,0,1,1,0.5028375493784496,0.6106436871440031,0.513466865646552
ETHUSDT,2022-09-09,2022-09-10,3,1,0.03252765927727941,1718.24,1774.12,1,1,0,0,1,1,0.5172576179716689,0.6315553174635474,0.4700124786826857
ETHUSDT,2022-09-10,2022-09-11,3,0,-0.004514914436453021,1774.12,1766.11,0,0,0,0,1,1,0.4954306152040082,0.3137059367284296,0.48639794142181303
ETHUSDT,2022-09-11,2022-09-12,3,0,-0.028163591169293012,1766.12,1716.37,0,0,1,1,0,1,0.488703344086038,0.42395974104115935,0.5208246445226796
ETHUSDT,2022-09-12,2022-09-13,3,0,-0.08271526535653728,1716.37,1574.4,1,1,1,1,0,1,0.5196485454595406,0.5232761204700465,0.5433926663486168
ETHUSDT,2022-09-13,2022-09-14,3,1,0.040644054878048674,1574.4,1638.39,1,1,1,1,0,1,0.5711676563706448,0.5906521874359049,0.5967278776203232
ETHUSDT,2022-09-14,2022-09-15,3,0,-0.10109924987335128,1638.4,1472.75,0,1,0,0,1,1,0.39581411286492424,0.6061687247533669,0.47902545931442664
ETHUSDT,2022-09-15,2022-09-16,3,0,-0.026379222542861958,1472.76,1433.9,1,1,1,1,0,1,0.6344917321230005,0.646433954180179,0.6149557203707439
ETHUSDT,2022-09-16,2022-09-17,3,1,0.024360136690145584,1433.9,1468.83,1,1,1,1,0,1,0.509483645032558,0.6261227043727652,0.5416758678150856
ETHUSDT,2022-09-17,2022-09-18,3,0,-0.09144693395423564,1468.82,1334.51,0,0,0,0,1,1,0.41481589941232067,0.3043902576287032,0.49388163494417775
ETHUSDT,2022-09-18,2022-09-19,3,1,0.031075076245213662,1334.51,1375.98,1,1,1,1,0,1,0.5787011649781363,0.6763158943501292,0.6053760534671937
ETHUSDT,2022-09-19,2022-09-20,3,0,-0.03855433945260833,1375.98,1322.93,0,0,0,0,1,1,0.39904017030895683,0.494165453396548,0.4877242200753337
ETHUSDT,2022-09-20,2022-09-21,3,0,-0.058317522469064964,1322.94,1245.78,0,1,1,1,0,1,0.48336381599981354,0.5872413667272927,0.5534309827943219
ETHUSDT,2022-09-21,2022-09-22,3,1,0.06476263866814369,1245.79,1326.46,1,1,1,1,0,1,0.5621660777518059,0.6402589638852404,0.5726970436520805
ETHUSDT,2022-09-22,2022-09-23,3,1,0.0005955701641964239,1326.47,1327.25,0,1,0,0,1,1,0.4062635841409221,0.5678377361674178,0.4575162197030363
ETHUSDT,2022-09-23,2022-09-24,3,0,-0.007624788095686452,1327.24,1317.13,1,1,1,0,1,1,0.5090527137772797,0.6064957334837455,0.5160040220131502
ETHUSDT,2022-09-24,2022-09-25,3,0,-0.017082596250939552,1317.13,1294.63,1,1,1,1,0,1,0.5415202794019148,0.5626135148684536,0.5237684053462603
ETHUSDT,2022-09-25,2022-09-26,3,1,0.03208638761653915,1294.62,1336.17,1,1,1,1,0,1,0.5224611631087053,0.6084555518064108,0.5327669267447506
ETHUSDT,2022-09-26,2022-09-27,3,0,-0.006099523264255335,1336.17,1328.02,0,1,0,0,1,1,0.3856588431332733,0.5215379703872721,0.4868006270121256
ETHUSDT,2022-09-27,2022-09-28,3,1,0.0069125464977937146,1328.01,1337.2,0,0,1,1,0,1,0.49769814332648726,0.4989419697998344,0.5223236546950544
ETHUSDT,2022-09-28,2022-09-29,3,0,-0.0011217469338916652,1337.2,1335.7,0,1,1,0,1,1,0.460945195380939,0.5518306766260819,0.5100752628291884
ETHUSDT,2022-09-29,2022-09-30,3,0,-0.005225724339297799,1335.69,1328.72,0,1,1,1,0,1,0.4823731480009124,0.53459712643422,0.5176215588915581
ETHUSDT,2022-09-30,2022-10-01,3,0,-0.01274158588716967,1328.71,1311.79,1,1,1,1,0,1,0.5693802946300099,0.5671749898693851,0.5214968099980437
ETHUSDT,2022-10-01,2022-10-02,3,0,-0.02673446207091068,1311.79,1276.72,1,1,1,1,0,1,0.564598218497025,0.5473888969852645,0.5286283127455939
ETHUSDT,2022-10-02,2022-10-03,3,1,0.03631963155586182,1276.72,1323.09,1,1,1,1,0,1,0.5624428104118016,0.5461763089405669,0.5420174843990926
ETHUSDT,2022-10-03,2022-10-04,3,1,0.029022968959027784,1323.1,1361.49,0,0,0,0,1,1,0.41373396366450255,0.34668475280426664,0.4829454060548726
ETHUSDT,2022-10-04,2022-10-05,3,0,-0.006823406708826307,1361.5,1352.2,0,0,0,0,1,1,0.4189846789465009,0.26027582548558964,0.4896013722618831
ETHUSDT,2022-10-05,2022-10-06,3,0,-0.00010353498003257133,1352.2,1352.06,0,0,1,1,0,1,0.4445196844510731,0.4280718821834915,0.523009097913266
ETHUSDT,2022-10-06,2022-10-07,3,0,-0.015502270609292546,1352.07,1331.1,1,1,1,1,0,1,0.5087413543592689,0.5916177624142733,0.5166622145747418
ETHUSDT,2022-10-07,2022-10-08,3,0,-0.011734655548042872,1331.1,1315.48,1,1,1,1,0,1,0.5342925712448336,0.5824394471151355,0.5312586626089161
ETHUSDT,2022-10-08,2022-10-09,3,1,0.005815367774500535,1315.48,1323.13,0,0,1,1,0,1,0.49868080382708235,0.4297074853788778,0.5276703482964609
ETHUSDT,2022-10-09,2022-10-10,3,0,-0.025016438294045318,1323.13,1290.03,0,0,1,0,1,1,0.4555868857434646,0.42070361260206984,0.5111025890941147
ETHUSDT,2022-10-10,2022-10-11,3,0,-0.007689743649372582,1290.03,1280.11,1,0,1,1,0,1,0.5048552851023567,0.47439380329671577,0.5403661395418098
ETHUSDT,2022-10-11,2022-10-12,3,1,0.011194350485505211,1280.11,1294.44,0,0,1,1,0,1,0.4098658345317595,0.47831799369473826,0.5238299727106297
ETHUSDT,2022-10-12,2022-10-13,3,0,-0.005685856432125158,1294.44,1287.08,0,0,1,0,1,1,0.414292168462637,0.3673921135594811,0.5060760118273684
ETHUSDT,2022-10-13,2022-10-14,3,1,0.007140193305777531,1287.08,1296.27,0,0,1,1,0,1,0.4534595197093242,0.36900612568779084,0.5219321409546385
ETHUSDT,2022-10-14,2022-10-15,3,0,-0.01647033411249188,1296.26,1274.92,1,1,1,0,1,1,0.5269428776000644,0.5029562732509342,0.5098622385652926
ETHUSDT,2022-10-15,2022-10-16,3,1,0.024338782041226192,1274.93,1305.95,1,1,1,1,0,1,0.5163461440209292,0.51562402133629,0.5321823652312907
ETHUSDT,2022-10-16,2022-10-17,3,1,0.01948772923925124,1305.96,1331.4,0,0,0,0,1,1,0.42717224107735785,0.2632261047318726,0.49390128485080226
ETHUSDT,2022-10-17,2022-10-18,3,0,-0.01554003304791951,1331.39,1310.71,0,0,0,0,1,1,0.4112601264988511,0.35184602353380656,0.4983760990513971
ETHUSDT,2022-10-18,2022-10-19,3,0,-0.019546657918227628,1310.71,1285.09,0,0,1,1,0,1,0.4645632963262019,0.4593661996347669,0.5312946816356335
ETHUSDT,2022-10-19,2022-10-20,3,0,-0.0019609521512111705,1285.09,1282.57,0,0,1,1,0,1,0.48253135991801893,0.48980515579918893,0.5351222657144479
ETHUSDT,2022-10-20,2022-10-21,3,1,0.013394980390933897,1282.57,1299.75,0,0,1,1,0,1,0.4833787055755304,0.45489614070174317,0.5184128836612919
ETHUSDT,2022-10-21,2022-10-22,3,1,0.010663589151759911,1299.76,1313.61,0,0,1,0,1,1,0.4768068543666436,0.4297176966203348,0.5040268497054713
ETHUSDT,2022-10-22,2022-10-23,3,1,0.03851219159415664,1313.62,1364.2,0,0,1,0,1,1,0.49582893688758306,0.4707840662350863,0.5065708807312977
ETHUSDT,2022-10-23,2022-10-24,3,0,-0.01509309485412702,1364.19,1343.61,0,0,0,0,1,1,0.4674847845572926,0.419154982018496,0.4809555902152207
ETHUSDT,2022-10-24,2022-10-25,3,1,0.08643133052001706,1343.61,1459.74,0,0,1,1,0,1,0.48031473681381864,0.43375029275224936,0.530868445401035
ETHUSDT,2022-10-25,2022-10-26,3,1,0.07286229054489146,1459.74,1566.1,0,1,0,0,1,1,0.4398571957082048,0.5623209021374711,0.4387306431001629
ETHUSDT,2022-10-26,2022-10-27,3,0,-0.033235425579464906,1566.11,1514.05,0,1,0,0,1,1,0.45194894029519056,0.5196233914984167,0.45043277114335833
ETHUSDT,2022-10-27,2022-10-28,3,1,0.026656979624186894,1514.04,1554.41,1,1,1,1,0,1,0.5831189080362442,0.6243315712439061,0.5482839127587454
ETHUSDT,2022-10-28,2022-10-29,3,1,0.041906575485232356,1554.4,1619.55,1,1,0,0,1,1,0.5126832562216785,0.5492538819000401,0.49177065961913713
ETHUSDT,2022-10-29,2022-10-30,3,0,-0.017974128615973473,1619.55,1590.44,1,1,0,0,1,1,0.5148174645794322,0.5271576445558321,0.4778845617173281
ETHUSDT,2022-10-30,2022-10-31,3,0,-0.01116043359070451,1590.45,1572.69,1,1,1,1,0,1,0.5623685873744654,0.6639257810479428,0.5336186134257079
ETHUSDT,2022-10-31,2022-11-01,3,1,0.00368159014173175,1572.69,1578.48,1,1,1,1,0,1,0.5381090726544883,0.6087244585194608,0.5271243954261938
ETHUSDT,2022-11-01,2022-11-02,3,0,-0.03809994425016483,1578.47,1518.34,0,1,1,0,1,1,0.49219280707174623,0.5884516768395034,0.5131034544522683
ETHUSDT,2022-11-02,2022-11-03,3,1,0.008344639540550869,1518.33,1531.01,1,1,1,1,0,1,0.5817233144232226,0.5197254722656336,0.5529905895061042
ETHUSDT,2022-11-03,2022-11-04,3,1,0.07431042253153142,1531.01,1644.78,1,1,1,0,1,1,0.5353871576169312,0.5779056133038807,0.5087359011083055
ETHUSDT,2022-11-04,2022-11-05,3,0,-0.010822116027675355,1644.78,1626.98,1,1,0,0,1,1,0.5133815603597772,0.5514463305268106,0.44917398302498984
ETHUSDT,2022-11-05,2022-11-06,3,0,-0.03607296955094719,1626.98,1568.29,1,1,1,1,0,1,0.6242984852641135,0.5158159366933731,0.5268028512846054
ETHUSDT,2022-11-06,2022-11-07,3,0,-0.00012115106262233777,1568.25,1568.1,1,1,1,1,0,1,0.6083857247342516,0.5736556236752548,0.5510276041933008
ETHUSDT,2022-11-07,2022-11-08,3,0,-0.14879790829666473,1568.09,1334.77,1,1,1,1,0,1,0.5115508044382815,0.5551641897183197,0.5166788049463535
ETHUSDT,2022-11-08,2022-11-09,3,0,-0.17384268450744322,1334.78,1102.73,1,1,1,1,0,1,0.6465639249308003,0.633753997677473,0.6623515092681145
ETHUSDT,2022-11-09,2022-11-10,3,1,0.17823946024865567,1102.73,1299.28,1,1,1,1,0,1,0.6492345400768905,0.670421879631155,0.6870590032781114
ETHUSDT,2022-11-10,2022-11-11,3,0,-0.007696570408226133,1299.28,1289.28,0,0,0,0,1,1,0.32721812222479807,0.4269121125503805,0.3653496747625252
ETHUSDT,2022-11-11,2022-11-12,3,0,-0.02484332340531148,1289.35,1257.25,1,1,1,1,0,1,0.5069336012140319,0.5280993671639855,0.5238364435664377
ETHUSDT,2022-11-12,2022-11-13,3,0,-0.02844303042354346,1257.25,1221.49,1,1,1,1,0,1,0.5420650373327174,0.6927660878734196,0.5401998551629055
ETHUSDT,2022-11-13,2022-11-14,3,1,0.017838868922381623,1221.5,1243.28,0,1,1,1,0,1,0.4765523325843718,0.6722863075806133,0.5436617168998779
ETHUSDT,2022-11-14,2022-11-15,3,1,0.00800302425841326,1243.29,1253.23,0,0,0,0,1,1,0.4050353039433235,0.4425181266233945,0.49990202233811776
ETHUSDT,2022-11-15,2022-11-16,3,0,-0.02957158701914253,1253.22,1216.17,0,1,1,0,1,1,0.4644508630819871,0.6072877469296564,0.5090552352816088
ETHUSDT,2022-11-16,2022-11-17,3,0,-0.012942269584022004,1216.16,1200.43,1,1,1,1,0,1,0.5061125200587905,0.6598654690683748,0.544748843969052
ETHUSDT,2022-11-17,2022-11-18,3,1,0.01012137317461237,1200.42,1212.58,1,1,1,1,0,1,0.5243278147897796,0.6410737615081267,0.5288193291953908
ETHUSDT,2022-11-18,2022-11-19,3,1,0.0041976611852414525,1212.58,1217.67,1,1,1,0,1,1,0.5292833273154447,0.6023566078077305,0.507076684783952
ETHUSDT,2022-11-19,2022-11-20,3,0,-0.061970813110284406,1217.67,1142.21,1,1,1,0,1,1,0.5701268184339288,0.5070730179950744,0.512619175663628
ETHUSDT,2022-11-20,2022-11-21,3,0,-0.030528536783954063,1142.21,1107.34,1,1,1,1,0,1,0.6836891051737206,0.6960763336316702,0.5762801120068962
ETHUSDT,2022-11-21,2022-11-22,3,1,0.029132876984485412,1107.34,1139.6,1,1,1,1,0,1,0.58680692731724,0.662272330178322,0.5456713207621446
ETHUSDT,2022-11-22,2022-11-23,3,1,0.03941733941733938,1139.59,1184.52,0,1,0,0,1,1,0.4443737538809618,0.5691446835134064,0.4895007318373683
ETHUSDT,2022-11-23,2022-11-24,3,1,0.016217539594097108,1184.52,1203.73,0,1,0,0,1,1,0.43398639560519575,0.5937730053210641,0.48013553769336714
ETHUSDT,2022-11-24,2022-11-25,3,0,-0.003680227293496152,1203.72,1199.3,1,0,1,0,1,1,0.5069895383278967,0.43228408348193087,0.501404881520303
ETHUSDT,2022-11-25,2022-11-26,3,1,0.0052530642875010525,1199.29,1205.6,1,1,1,1,0,1,0.5141356251414325,0.5137452201838204,0.5200358530708419
ETHUSDT,2022-11-26,2022-11-27,3,0,-0.009721300597212879,1205.61,1193.88,1,1,1,0,1,1,0.518534810220155,0.5659892491187242,0.5116294918134966
ETHUSDT,2022-11-27,2022-11-28,3,0,-0.02186986966864357,1193.88,1167.77,1,1,1,1,0,1,0.5256304515289458,0.5735634907546846,0.5257572213527489
ETHUSDT,2022-11-28,2022-11-29,3,1,0.04172054428526173,1167.77,1216.49,0,1,1,1,0,1,0.4814708743016458,0.5518763056158529,0.5373469601324509
ETHUSDT,2022-11-29,2022-11-30,3,1,0.06409423834145778,1216.49,1294.46,0,1,0,0,1,1,0.39433157227122423,0.550514235086658,0.4780525708093321
ETHUSDT,2022-11-30,2022-12-01,3,0,-0.01394403844073977,1294.46,1276.41,0,0,0,0,1,1,0.42518849980403817,0.4258370957995485,0.4581039768988772
ETHUSDT,2022-12-01,2022-12-02,3,1,0.015026519691948348,1276.4,1295.59,1,0,1,1,0,1,0.5338258819736453,0.4467243515824647,0.5297732949818238
ETHUSDT,2022-12-02,2022-12-03,3,0,-0.04251344947089741,1295.58,1240.51,0,0,1,0,1,1,0.4489174454257855,0.36790858668193915,0.5025103876262733
ETHUSDT,2022-12-03,2022-12-04,3,1,0.03135807047101613,1240.5,1279.41,1,1,1,1,0,1,0.5302681077876819,0.5161137126911395,0.5572732888090565
ETHUSDT,2022-12-04,2022-12-05,3,0,-0.01563220546970867,1279.4,1259.41,0,0,0,0,1,1,0.413865383252561,0.3437723313617418,0.4874656720062814
ETHUSDT,2022-12-05,2022-12-06,3,1,0.009456809140788058,1259.41,1271.32,0,0,1,1,0,1,0.49237191002449754,0.4718452910509159,0.5313826030837019
ETHUSDT,2022-12-06,2022-12-07,3,0,-0.03157348267941973,1271.31,1231.18,0,0,1,0,1,1,0.4003590283356612,0.37732317514972225,0.5076969713037498
ETHUSDT,2022-12-07,2022-12-08,3,1,0.039799217011322385,1231.18,1280.18,1,0,1,1,0,1,0.5219452793591921,0.44132512807619567,0.5466793055478177
ETHUSDT,2022-12-08,2022-12-09,3,0,-0.013341873798997095,1280.18,1263.1,0,0,0,0,1,1,0.432213335583093,0.4147590359482907,0.47978980740206395
ETHUSDT,2022-12-09,2022-12-10,3,1,0.0025730345974190882,1263.11,1266.35,1,1,1,1,0,1,0.5520753855923957,0.5845365251436049,0.5291997743343083
ETHUSDT,2022-12-10,2022-12-11,3,0,-0.002637501480633242,1266.35,1263.01,1,1,1,0,1,1,0.5199803091954579,0.5278621622363667,0.5141444760803597
ETHUSDT,2022-12-11,2022-12-12,3,1,0.009809898575624976,1263.0,1275.4,0,0,1,1,0,1,0.4805263416218869,0.44134433224874764,0.5190512502571144
ETHUSDT,2022-12-12,2022-12-13,3,1,0.03551042810098792,1275.41,1320.69,0,0,1,0,1,1,0.40028142524276916,0.4752933405801733,0.5073673589512733
ETHUSDT,2022-12-13,2022-12-14,3,0,-0.01003263445623126,1320.69,1307.44,0,0,0,0,1,1,0.4176776560499223,0.4367966545104056,0.48368098717832986
ETHUSDT,2022-12-14,2022-12-15,3,0,-0.031282506271798405,1307.45,1266.54,1,1,1,1,0,1,0.5152668723090985,0.5189990211473902,0.5260528529632742
ETHUSDT,2022-12-15,2022-12-16,3,0,-0.07872629368199979,1266.53,1166.83,1,1,1,1,0,1,0.5291336030451411,0.5406674196693166,0.5463985502351569
ETHUSDT,2022-12-16,2022-12-17,3,1,0.017423275027210527,1166.82,1187.16,1,1,1,1,0,1,0.5770137063550054,0.5974476117762716,0.5927841406221793
ETHUSDT,2022-12-17,2022-12-18,3,0,-0.0034536204050003017,1187.16,1183.06,0,0,1,0,1,1,0.40951413943835163,0.3869445831907379,0.5002870215083273
ETHUSDT,2022-12-18,2022-12-19,3,0,-0.012881848765066817,1183.06,1167.82,0,1,1,1,0,1,0.4604233783783943,0.5288466037122365,0.5198218029346277
ETHUSDT,2022-12-19,2022-12-20,3,1,0.0420612765665942,1167.82,1216.94,0,1,1,1,0,1,0.44331637019373893,0.5037500449389709,0.5287618157412867
ETHUSDT,2022-12-20,2022-12-21,3,0,-0.002596676910940676,1216.95,1213.78,0,0,0,0,1,1,0.37639511348896254,0.4058151388458628,0.4777448742338855
ETHUSDT,2022-12-21,2022-12-22,3,1,0.00323781904463738,1213.78,1217.71,0,0,1,1,0,1,0.41330098077202626,0.39920084996358024,0.5190127191909402
ETHUSDT,2022-12-22,2022-12-23,3,1,0.001872366983928897,1217.72,1219.99,0,0,1,0,1,1,0.448846720146995,0.31121766753285063,0.513520066801741
ETHUSDT,2022-12-23,2022-12-24,3,1,0.0003442651169272004,1219.98,1220.41,0,1,1,0,1,1,0.4644568575639938,0.5407600726538696,0.5148029896292647
ETHUSDT,2022-12-24,2022-12-25,3,0,-0.0015568538442000124,1220.42,1218.51,0,0,1,0,1,1,0.44840587801823795,0.41669285519360766,0.5162405739006664
ETHUSDT,2022-12-25,2022-12-26,3,1,0.00787847453036905,1218.52,1228.11,0,0,1,1,0,1,0.4288263252952428,0.43787042703476126,0.5180317692464077
ETHUSDT,2022-12-26,2022-12-27,3,0,-0.013484134157363714,1228.12,1211.55,0,1,1,0,1,1,0.39036693051851995,0.5293913551671294,0.5091716866234917
ETHUSDT,2022-12-27,2022-12-28,3,0,-0.017663323841360157,1211.55,1190.15,0,0,1,1,0,1,0.46751865657076225,0.3754988202452693,0.5293352430253446
ETHUSDT,2022-12-28,2022-12-29,3,1,0.008687980506658866,1190.15,1200.49,0,1,1,1,0,1,0.48272094625587847,0.5069805222410954,0.533321633836957
ETHUSDT,2022-12-29,2022-12-30,3,0,-0.00041649659722275967,1200.48,1199.99,0,1,1,0,1,1,0.4495192738616684,0.5241075896953308,0.5084150556151336
ETHUSDT,2022-12-30,2022-12-31,3,0,-0.0032166934724455754,1199.98,1196.13,0,1,1,1,0,1,0.4553387201228235,0.551899193821049,0.5169569917758854
ETHUSDT,2022-12-31,2023-01-01,3,1,0.003519684315249849,1196.13,1200.34,1,1,1,1,0,1,0.5200765218934263,0.5966836601126838,0.5195980488738519
ETHUSDT,2023-01-01,2023-01-02,3,1,0.011380108969125446,1200.33,1214.0,0,0,1,0,1,1,0.4393433603469798,0.4725101488646723,0.5132554324513968
ETHUSDT,2023-01-02,2023-01-03,3,1,0.0004530477759472351,1213.99,1214.55,0,0,1,0,1,1,0.4001254286604143,0.3924478571024068,0.5059028736537117
ETHUSDT,2023-01-03,2023-01-04,3,1,0.03486888147873701,1214.56,1256.9,0,0,1,0,1,1,0.39838288087932244,0.42380528777428766,0.516138171049757
ETHUSDT,2023-01-04,2023-01-05,3,0,-0.004503142652557912,1256.91,1251.24,0,0,0,0,1,1,0.4425574607792135,0.2798880682958355,0.4842646241939019
ETHUSDT,2023-01-05,2023-01-06,3,1,0.014305808637831374,1251.25,1269.14,0,1,1,1,0,1,0.49544151222131405,0.5710003842365423,0.5208135161317481
ETHUSDT,2023-01-06,2023-01-07,3,0,-0.003994831145500255,1269.13,1264.07,0,0,1,0,1,1,0.4873162076676076,0.3814706089033078,0.5031799713983438
ETHUSDT,2023-01-07,2023-01-08,3,1,0.02063967976457004,1264.06,1290.16,1,1,1,1,0,1,0.5252630997167118,0.5680556620936502,0.5203330925888239
ETHUSDT,2023-01-08,2023-01-09,3,1,0.02343120233149376,1290.15,1320.39,0,0,0,0,1,1,0.4785253324508692,0.4685396020503,0.4973115164556291
ETHUSDT,2023-01-09,2023-01-10,3,1,0.01153447087602899,1320.4,1335.62,0,0,0,0,1,1,0.48458798213368587,0.475450594166908,0.4947368079945084
ETHUSDT,2023-01-10,2023-01-11,3,1,0.040258456746679494,1335.63,1389.39,0,1,1,0,1,1,0.46920608911392836,0.5349660314822632,0.5057590221055955
ETHUSDT,2023-01-11,2023-01-12,3,1,0.019094710628405176,1389.4,1415.92,0,0,0,0,1,1,0.45480942311004185,0.46736459233413524,0.47937423159270887
ETHUSDT,2023-01-12,2023-01-13,3,1,0.024916661958302777,1415.91,1451.2,1,1,0,0,1,1,0.5139751450473412,0.5126274448657532,0.49873958885294767
ETHUSDT,2023-01-13,2023-01-14,3,1,0.06801267916207276,1451.21,1549.9,1,0,0,0,1,1,0.5579347170582045,0.47149303200254955,0.49336968834087713
ETHUSDT,2023-01-14,2023-01-15,3,1,0.001690431640750889,1549.91,1552.52,1,1,0,0,1,1,0.5648852408063377,0.5727842576479686,0.45466525724856904
ETHUSDT,2023-01-15,2023-01-16,3,1,0.01572926596758828,1552.52,1576.94,1,1,1,0,1,1,0.533937259317084,0.5542938019856968,0.5149740462484362
ETHUSDT,2023-01-16,2023-01-17,3,0,-0.00721016652504225,1576.94,1565.57,1,0,1,0,1,1,0.5030603966053339,0.48095564018691905,0.5018579431758033
ETHUSDT,2023-01-17,2023-01-18,3,0,-0.034581653966286985,1565.56,1511.43,1,1,1,1,0,1,0.524474865740342,0.5588591456366309,0.523375489121714
ETHUSDT,2023-01-18,2023-01-19,3,1,0.026240050812806226,1511.44,1551.09,1,1,1,1,0,1,0.6002655343259015,0.6343850997320294,0.5495849851940988
ETHUSDT,2023-01-19,2023-01-20,3,1,0.06926097131694497,1551.09,1658.52,1,0,0,0,1,1,0.5120883241032157,0.43520684567732015,0.4921534786283426
ETHUSDT,2023-01-20,2023-01-21,3,0,-0.019209897981332658,1658.53,1626.66,1,1,0,0,1,1,0.5269843123175698,0.6169775736975324,0.4535733275244564
ETHUSDT,2023-01-21,2023-01-22,3,1,0.0004795101619268216,1626.65,1627.44,1,1,1,1,0,1,0.6308643212167081,0.7194276287769017,0.5348001058825638
ETHUSDT,2023-01-22,2023-01-23,3,0,-0.000706631273656888,1627.43,1626.29,1,1,1,0,1,1,0.5606512969255327,0.6091092208551997,0.5161132620894857
ETHUSDT,2023-01-23,2023-01-24,3,0,-0.04323952062670244,1626.28,1555.97,0,0,1,1,0,1,0.49235522570536516,0.39329246007086327,0.517230340290442
ETHUSDT,2023-01-24,2023-01-25,3,1,0.03597113054878953,1555.97,1611.94,1,1,1,1,0,1,0.5684684699818646,0.5970473599356774,0.5579789313315828
ETHUSDT,2023-01-25,2023-01-26,3,0,-0.006731019765003787,1611.95,1601.09,1,1,0,0,1,1,0.516377208582931,0.5113703126021145,0.4832621206941163
ETHUSDT,2023-01-26,2023-01-27,3,0,-0.002167273544897541,1601.08,1597.62,1,1,1,1,0,1,0.5657164734932604,0.5497109043420597,0.5229215939383293
ETHUSDT,2023-01-27,2023-01-28,3,0,-0.01597376096944203,1597.61,1572.1,1,1,1,1,0,1,0.6081467170742137,0.5102259745105117,0.5186075213903579
ETHUSDT,2023-01-28,2023-01-29,3,1,0.046192990267794665,1572.1,1644.72,1,1,1,1,0,1,0.6152930947870967,0.6140795257527598,0.5317084608678966
ETHUSDT,2023-01-29,2023-01-30,3,0,-0.04774064886424434,1644.73,1566.2,0,1,0,0,1,1,0.49800111697702043,0.5374344435260773,0.4740231437982873
ETHUSDT,2023-01-30,2023-01-31,3,1,0.01221427659302754,1566.21,1585.33,1,1,1,1,0,1,0.5957610482493937,0.5587118031341074,0.5623600455985692
ETHUSDT,2023-01-31,2023-02-01,3,1,0.035544650009777135,1585.32,1641.68,0,1,1,0,1,1,0.48014839239044976,0.610417069354401,0.5051257538182495
ETHUSDT,2023-02-01,2023-02-02,3,1,0.0008771502363431605,1641.67,1643.12,0,0,0,0,1,1,0.4793645380764825,0.4911213411380114,0.4836498657269912
ETHUSDT,2023-02-02,2023-02-03,3,1,0.012415404839573485,1643.12,1663.52,1,1,1,0,1,1,0.6109534562432013,0.5299357033320681,0.5157390344886571
ETHUSDT,2023-02-03,2023-02-04,3,1,0.0017192459363277734,1663.52,1666.38,1,0,1,0,1,1,0.568827486950681,0.458078335118367,0.50493847248484
ETHUSDT,2023-02-04,2023-02-05,3,0,-0.022419856215269096,1666.39,1629.02,1,1,1,0,1,1,0.5928513080272577,0.5723555505213674,0.514946953050123
ETHUSDT,2023-02-05,2023-02-06,3,0,-0.009042246258486708,1629.01,1614.29,1,1,1,1,0,1,0.5902060673962521,0.5666574765933862,0.5378741829849174
ETHUSDT,2023-02-06,2023-02-07,3,1,0.035148579251559564,1614.28,1671.03,1,0,1,1,0,1,0.57398921689956,0.4850358919783182,0.525112675388258
ETHUSDT,2023-02-07,2023-02-08,3,0,-0.012327726013297124,1671.03,1650.43,0,0,0,0,1,1,0.4762284772122216,0.40905568439078166,0.4840101236712715
ETHUSDT,2023-02-08,2023-02-09,3,0,-0.06366825615142735,1650.42,1545.35,1,0,1,1,0,1,0.5615368245332607,0.4747644149200656,0.5282344853233526
ETHUSDT,2023-02-09,2023-02-10,3,0,-0.02089494289319571,1545.35,1513.06,1,1,1,1,0,1,0.6228781685157961,0.5989889615485533,0.5779469665709764
ETHUSDT,2023-02-10,2023-02-11,3,1,0.016820218629796546,1513.05,1538.51,1,1,1,1,0,1,0.5305087709987935,0.6829737910634902,0.5364129089573935
ETHUSDT,2023-02-11,2023-02-12,3,0,-0.015391515167272218,1538.5,1514.83,0,0,1,0,1,1,0.48113361739665284,0.4796671655374642,0.5008459618075957
ETHUSDT,2023-02-12,2023-02-13,3,0,-0.0063307433837459515,1514.82,1505.24,1,1,1,1,0,1,0.5485389035586364,0.6861301004133702,0.5311530266022971
ETHUSDT,2023-02-13,2023-02-14,3,1,0.033529536818049044,1505.25,1555.71,0,0,1,1,0,1,0.4912977778742441,0.49831707095541233,0.5225425513654688
ETHUSDT,2023-02-14,2023-02-15,3,1,0.07662739199465207,1555.7,1674.92,0,1,0,0,1,1,0.4469860815920019,0.5166726169342525,0.4854843758121975
ETHUSDT,2023-02-15,2023-02-16,3,0,-0.02213837078785863,1674.92,1637.84,0,1,0,0,1,1,0.4671328443389185,0.6332054406609576,0.44716483932574613
ETHUSDT,2023-02-16,2023-02-17,3,1,0.034209690812289306,1637.83,1693.87,1,1,1,1,0,1,0.6429457456009623,0.5890255993053325,0.5376043215735795
ETHUSDT,2023-02-17,2023-02-18,3,0,-0.0013283191744348777,1693.81,1691.62,1,0,0,0,1,1,0.5482614653797193,0.4875167488177894,0.48486473434076044
ETHUSDT,2023-02-18,2023-02-19,3,0,-0.007016942339295951,1691.62,1679.75,1,1,1,1,0,1,0.5503654005446252,0.5643991199831048,0.5178162919046444
ETHUSDT,2023-02-19,2023-02-20,3,1,0.014002083643399388,1679.74,1703.27,1,1,1,1,0,1,0.5651229058296117,0.6184051940116266,0.5231924263205496
ETHUSDT,2023-02-20,2023-02-21,3,0,-0.02554498112454273,1703.27,1659.76,1,0,1,0,1,1,0.5068129093710539,0.4260197899138667,0.5034622893552174
ETHUSDT,2023-02-21,2023-02-22,3,0,-0.010013495927121974,1659.77,1643.14,1,0,1,1,0,1,0.5598989327274262,0.45825111398659674,0.5408739548603164
ETHUSDT,2023-02-22,2023-02-23,3,1,0.004497486519712268,1643.15,1650.53,1,0,1,1,0,1,0.5227964094424211,0.4585195273165545,0.5260346775366138
ETHUSDT,2023-02-23,2023-02-24,3,0,-0.025888653947519935,1650.52,1607.8,1,0,1,0,1,1,0.5497697572450491,0.438466305870565,0.5123379242459012
ETHUSDT,2023-02-24,2023-02-25,3,0,-0.008222415723348697,1607.8,1594.58,1,1,1,1,0,1,0.5983132790909448,0.6380227078336805,0.5412042523916738
ETHUSDT,2023-02-25,2023-02-26,3,1,0.029336878676516687,1594.58,1641.36,1,1,1,1,0,1,0.5604298679671645,0.5543290680049,0.5243349843084887
ETHUSDT,2023-02-26,2023-02-27,3,0,-0.004819174343227428,1641.37,1633.45,0,0,0,0,1,1,0.4925023920789126,0.4419672601635315,0.489313962605491
ETHUSDT,2023-02-27,2023-02-28,3,0,-0.01727631699776544,1633.45,1605.23,1,0,1,1,0,1,0.5376857418450016,0.4710421068850282,0.521112313407395
ETHUSDT,2023-02-28,2023-03-01,3,1,0.03737159160992509,1605.24,1665.22,1,1,1,1,0,1,0.5452688081954709,0.5625091094384869,0.5329519401354829
ETHUSDT,2023-03-01,2023-03-02,3,0,-0.010425048942482196,1665.23,1647.86,0,0,0,0,1,1,0.437486109503882,0.48839470934733265,0.48199012364201876
ETHUSDT,2023-03-02,2023-03-03,3,0,-0.04758292573398215,1647.86,1569.45,1,0,1,1,0,1,0.5421227049247314,0.45309053384715225,0.526425582281822
ETHUSDT,2023-03-03,2023-03-04,3,0,-0.0017330912102966334,1569.45,1566.73,1,1,1,1,0,1,0.6172202038090684,0.6610132680101747,0.5622063386451039
ETHUSDT,2023-03-04,2023-03-05,3,0,-0.0013722849501829337,1566.74,1564.58,0,0,1,1,0,1,0.49505423512492125,0.4911663049339155,0.5181979663989861
ETHUSDT,2023-03-05,2023-03-06,3,1,0.0008053279474362629,1564.57,1565.84,1,1,1,1,0,1,0.5065616500986404,0.5476018635908145,0.51785774238218
ETHUSDT,2023-03-06,2023-03-07,3,0,-0.002477903234046841,1565.84,1561.96,0,1,1,0,1,1,0.48427061754556444,0.5499937638759518,0.5158066182999277
ETHUSDT,2023-03-07,2023-03-08,3,0,-0.01893774488463207,1561.95,1532.38,0,1,1,1,0,1,0.48068971807232674,0.5008669114928961,0.5189006258426511
ETHUSDT,2023-03-08,2023-03-09,3,0,-0.06203422127670688,1532.38,1437.32,1,1,1,1,0,1,0.5125509178475604,0.557428466955144,0.5345398114746984
ETHUSDT,2023-03-09,2023-03-10,3,0,-0.007569643503186452,1437.32,1426.44,1,1,1,1,0,1,0.558812274130247,0.5527770444155762,0.5763423547280926
ETHUSDT,2023-03-10,2023-03-11,3,1,0.03191862258489664,1426.43,1471.97,0,0,1,1,0,1,0.4669872628282119,0.478962340238134,0.5237161397828272
ETHUSDT,2023-03-11,2023-03-12,3,1,0.07361563075334399,1471.93,1580.33,0,1,0,0,1,1,0.4575805259554393,0.5423737230448102,0.48695377188244077
ETHUSDT,2023-03-12,2023-03-13,3,1,0.05892440186543335,1580.33,1673.45,0,0,0,0,1,1,0.4678569617906754,0.49975399755443495,0.4497776383638425
ETHUSDT,2023-03-13,2023-03-14,3,1,0.015506886970031886,1673.44,1699.4,0,1,0,0,1,1,0.49289177765336245,0.5569221292016825,0.4626664147902184
ETHUSDT,2023-03-14,2023-03-15,3,0,-0.029092620925032397,1699.41,1649.96,1,1,1,0,1,1,0.5549940960142324,0.5263827938780652,0.5020643564792521
ETHUSDT,2023-03-15,2023-03-16,3,1,0.01440640985235997,1649.95,1673.73,1,1,1,1,0,1,0.5312742716038236,0.5840739066020006,0.5442873579578287
ETHUSDT,2023-03-16,2023-03-17,3,1,0.0690314447372038,1673.73,1789.27,0,0,1,0,1,1,0.4927893088183686,0.4331900116398316,0.5030864789047058
ETHUSDT,2023-03-17,2023-03-18,3,0,-0.017006935789456112,1789.26,1758.84,1,1,0,0,1,1,0.5129171077848135,0.6164149116989446,0.4537739744915677
ETHUSDT,2023-03-18,2023-03-19,3,1,0.012417275022173824,1758.84,1780.68,1,1,1,1,0,1,0.6383615260589006,0.6621345999548128,0.5326946745201879
ETHUSDT,2023-03-19,2023-03-20,3,0,-0.026899836017701184,1780.67,1732.78,1,1,1,0,1,1,0.5866604800273892,0.65615803440577,0.5049367312251909
ETHUSDT,2023-03-20,2023-03-21,3,1,0.039502995186925016,1732.77,1801.23,1,1,1,1,0,1,0.5795253054771102,0.5747260048486412,0.5421765455597672
ETHUSDT,2023-03-21,2023-03-22,3,0,-0.03714128678736206,1801.23,1734.33,0,1,0,0,1,1,0.4979249402052013,0.555433332805604,0.48005797710704623
ETHUSDT,2023-03-22,2023-03-23,3,1,0.04581596351328754,1734.34,1813.79,1,1,1,1,0,1,0.600618422079918,0.5672707090292327,0.5520618828727988
ETHUSDT,2023-03-23,2023-03-24,3,0,-0.03540652445983272,1813.78,1749.57,1,1,0,0,1,1,0.5405714993957457,0.5250785180125469,0.4743620356250922
ETHUSDT,2023-03-24,2023-03-25,3,0,-0.004395365718433575,1749.57,1741.88,1,1,1,1,0,1,0.626565489288925,0.677364406184399,0.5503827498178241
ETHUSDT,2023-03-25,2023-03-26,3,1,0.018370955519323884,1741.88,1773.88,1,1,1,1,0,1,0.540918454067927,0.5756874932592004,0.5207116349604448
ETHUSDT,2023-03-26,2023-03-27,3,0,-0.03306875324148195,1773.88,1715.22,1,0,0,0,1,1,0.5227227640722635,0.44720154295772774,0.49940933593232334
ETHUSDT,2023-03-27,2023-03-28,3,1,0.033680810624876045,1715.21,1772.99,1,1,1,1,0,1,0.5663087912564736,0.6227295598234706,0.5481229108376584
ETHUSDT,2023-03-28,2023-03-29,3,1,0.011325500989853188,1773.0,1793.07,0,1,0,0,1,1,0.4939293103473776,0.5079158761409014,0.4853465214818871
ETHUSDT,2023-03-29,2023-03-30,3,1,0.00030115946393616255,1793.06,1793.61,1,1,1,0,1,1,0.5337816255928429,0.5809300727917458,0.505953768451034
ETHUSDT,2023-03-30,2023-03-31,3,1,0.015560796382714237,1793.6,1821.52,1,1,1,0,1,1,0.560488203122754,0.5392004427009383,0.5162811542276963
ETHUSDT,2023-03-31,2023-04-01,3,0,-0.00040076419693446663,1821.52,1820.79,1,0,1,0,1,1,0.5583085978061746,0.49779209493008975,0.5020143134029734
ETHUSDT,2023-04-01,2023-04-02,3,0,-0.01443329543769456,1820.8,1794.51,1,0,1,1,0,1,0.5433683769491741,0.47364678535666405,0.5169421715727551
ETHUSDT,2023-04-02,2023-04-03,3,1,0.008916082941861525,1794.51,1810.51,1,1,1,1,0,1,0.5404248486836878,0.6182736327986686,0.5302394789028866
ETHUSDT,2023-04-03,2023-04-04,3,1,0.03306250724933846,1810.51,1870.37,1,0,1,0,1,1,0.5051082480386818,0.4857052105964334,0.5082019548265679
ETHUSDT,2023-04-04,2023-04-05,3,1,0.02048792484909412,1870.38,1908.69,0,1,0,0,1,1,0.48492485202471025,0.6714617024868114,0.48591011645103066
ETHUSDT,2023-04-05,2023-04-06,3,0,-0.019007801162053584,1908.68,1872.41,1,0,0,0,1,1,0.5261734936691861,0.38547695051734066,0.49745169182798116
ETHUSDT,2023-04-06,2023-04-07,3,0,-0.004641077541777783,1872.41,1863.72,1,0,1,1,0,1,0.5582563237585728,0.4040842470835842,0.5346068100498368
ETHUSDT,2023-04-07,2023-04-08,3,0,-0.00799476316184844,1863.73,1848.82,1,0,1,1,0,1,0.5408904770809924,0.41644056515164213,0.5209439190813971
ETHUSDT,2023-04-08,2023-04-09,3,1,0.005462943931805242,1848.82,1858.92,1,1,1,1,0,1,0.5801848912181781,0.5485386615897209,0.5241191260866143
ETHUSDT,2023-04-09,2023-04-10,3,1,0.027585910098336663,1858.91,1910.2,1,0,1,0,1,1,0.5251607656007485,0.3648978209197847,0.5114327939917827
ETHUSDT,2023-04-10,2023-04-11,3,0,-0.010648099675426681,1910.21,1889.86,0,0,0,0,1,1,0.46777374891903295,0.4156607172215166,0.49091832094057053
ETHUSDT,2023-04-11,2023-04-12,3,1,0.014567216619220558,1889.86,1917.39,1,0,1,1,0,1,0.5450864973716341,0.4740327016196968,0.5266374966310213
ETHUSDT,2023-04-12,2023-04-13,3,1,0.049348332890022384,1917.4,2012.01,0,0,1,0,1,1,0.47585935142875707,0.4367933351016199,0.502937053934477
ETHUSDT,2023-04-13,2023-04-14,4,1,0.043727416861745194,2012.0,2099.99,0,1,0,0,1,1,0.48885762602798655,0.5250239809304842,0.46666660448981134
ETHUSDT,2023-04-14,2023-04-15,4,0,-0.004471449864046906,2099.99,2090.6,1,0,0,0,1,1,0.5472048036220057,0.4846306553979073,0.47182552798230815
ETHUSDT,2023-04-15,2023-04-16,4,1,0.013426767435186227,2090.61,2118.67,1,0,1,1,0,1,0.5466219588428156,0.4171655727002067,0.5173747003353172
ETHUSDT,2023-04-16,2023-04-17,4,0,-0.02108398193206118,2118.66,2074.0,1,0,1,0,1,1,0.5034851926290582,0.4564821178007133,0.500201153110645
ETHUSDT,2023-04-17,2023-04-18,4,1,0.014223722275795492,2073.99,2103.5,1,0,1,1,0,1,0.5187334822661136,0.40525364439444833,0.5335562715106222
ETHUSDT,2023-04-18,2023-04-19,4,0,-0.08070834323746134,2103.51,1933.73,0,0,0,0,1,1,0.4640908667876735,0.3576181711129635,0.4994432277049923
ETHUSDT,2023-04-19,2023-04-20,4,1,0.004783501316109273,1933.74,1942.98,1,0,1,1,0,1,0.6128429931566455,0.4811630901103354,0.593099036796933
ETHUSDT,2023-04-20,2023-04-21,4,0,-0.04848222832967919,1942.98,1848.78,1,1,1,0,1,1,0.5081283905462053,0.5347710298077507,0.508458825452051
ETHUSDT,2023-04-21,2023-04-22,4,1,0.013727971959887064,1848.77,1874.16,1,1,1,1,0,1,0.6029132112117757,0.6774361306736978,0.5606767882869308
ETHUSDT,2023-04-22,2023-04-23,4,0,-0.006488240064882467,1874.17,1862.0,0,0,0,0,1,1,0.4957021102354078,0.4872970435648037,0.49991462941734643
ETHUSDT,2023-04-23,2023-04-24,4,0,-0.010827067669172963,1862.01,1841.84,1,0,1,1,0,1,0.5224739910772177,0.4537920318022389,0.5193273183422443
ETHUSDT,2023-04-24,2023-04-25,4,1,0.013171610997698036,1841.84,1866.1,0,1,1,1,0,1,0.49590779534326795,0.5758498621480801,0.5235394702937471
ETHUSDT,2023-04-25,2023-04-26,4,0,-4.822892663836065e-05,1866.1,1866.01,0,1,1,0,1,1,0.4389311410646801,0.5122451629272823,0.5004439396566689
ETHUSDT,2023-04-26,2023-04-27,4,1,0.022866972845804634,1866.01,1908.68,1,1,1,1,0,1,0.5154919306232386,0.5341899294659781,0.5131042706640412
ETHUSDT,2023-04-27,2023-04-28,4,0,-0.009294381457342293,1908.68,1890.94,0,0,0,0,1,1,0.49579752952910516,0.39846615949399705,0.49126219562210166
ETHUSDT,2023-04-28,2023-04-29,4,1,0.008916200408262576,1890.93,1907.8,1,1,1,1,0,1,0.5424962212431029,0.5614175737631587,0.5220497770143686
ETHUSDT,2023-04-29,2023-04-30,4,0,-0.019766222874515127,1907.79,1870.09,0,0,1,0,1,1,0.4700276798196935,0.3775799445245706,0.5045019678152525
ETHUSDT,2023-04-30,2023-05-01,4,0,-0.02104711537947368,1870.08,1830.73,1,1,1,1,0,1,0.5660639204921133,0.5067294763650436,0.5322648485112252
ETHUSDT,2023-05-01,2023-05-02,4,1,0.02149415806809296,1830.73,1870.08,1,1,1,1,0,1,0.533304861651077,0.5472329856024911,0.5335201241593832
ETHUSDT,2023-05-02,2023-05-03,4,1,0.01873716632443534,1870.09,1905.12,0,0,0,0,1,1,0.43296656302788944,0.44364179713159096,0.4925567681685321
ETHUSDT,2023-05-03,2023-05-04,4,0,-0.014723481985386755,1905.12,1877.07,0,0,0,0,1,1,0.45385273016368516,0.4504766268866066,0.4951621764713707
ETHUSDT,2023-05-04,2023-05-05,4,1,0.06192097257960549,1877.07,1993.3,1,0,1,1,0,1,0.5400697752326596,0.4870460927556034,0.5273350491723727
ETHUSDT,2023-05-05,2023-05-06,4,0,-0.04864797070185123,1993.3,1896.33,0,1,0,0,1,1,0.46291861116297367,0.5352583695254824,0.45525363286562426
ETHUSDT,2023-05-06,2023-05-07,4,0,-0.013673780407418401,1896.33,1870.4,1,1,1,1,0,1,0.6123759532755945,0.6017678365039332,0.5608422697836174
ETHUSDT,2023-05-07,2023-05-08,4,0,-0.012211291702309723,1870.41,1847.56,1,1,1,1,0,1,0.5379066392173233,0.5803586248697433,0.5263113305196528
ETHUSDT,2023-05-08,2023-05-09,4,0,-0.0005629045876723859,1847.55,1846.52,0,1,1,1,0,1,0.4880803337994172,0.5719283070607994,0.5248864909754465
ETHUSDT,2023-05-09,2023-05-10,4,0,-0.0030760565821112973,1846.53,1840.84,0,0,1,1,0,1,0.4404750756310524,0.48384368402417594,0.5136003058445294
ETHUSDT,2023-05-10,2023-05-11,4,0,-0.02528193650724664,1840.83,1794.3,0,0,1,1,0,1,0.4932816021046526,0.43397668456584343,0.5160257074492427
ETHUSDT,2023-05-11,2023-05-12,4,1,0.0073287633060246105,1794.31,1807.45,1,0,1,1,0,1,0.5351803177055378,0.4777752197161067,0.5376788526158668
ETHUSDT,2023-05-12,2023-05-13,4,0,-0.006827298127195847,1807.45,1795.11,0,1,1,0,1,1,0.48105807572761555,0.5167039529174975,0.5060200345617053
ETHUSDT,2023-05-13,2023-05-14,4,1,0.002283982597166778,1795.12,1799.21,1,1,1,1,0,1,0.5265533270820091,0.5340219723666926,0.51965592067144
ETHUSDT,2023-05-14,2023-05-15,4,1,0.00944303333129537,1799.2,1816.2,1,1,1,0,1,1,0.509795902078898,0.5233078870763529,0.5108594136425619
ETHUSDT,2023-05-15,2023-05-16,4,1,0.004410307234886002,1816.21,1824.21,0,0,1,0,1,1,0.4758246972486893,0.40088575644473134,0.503998665421892
ETHUSDT,2023-05-16,2023-05-17,4,0,-0.0011457014269191657,1824.21,1822.12,0,1,1,0,1,1,0.4137385797063159,0.6724821007418584,0.5088168965206882
ETHUSDT,2023-05-17,2023-05-18,4,0,-0.011832371084231519,1822.12,1800.56,0,1,1,1,0,1,0.4554252442630158,0.5566426621490365,0.5141622710602168
ETHUSDT,2023-05-18,2023-05-19,4,1,0.006531301372906251,1800.56,1812.32,1,1,1,1,0,1,0.5071697945832645,0.6571156550200127,0.5245176021181526
ETHUSDT,2023-05-19,2023-05-20,4,1,0.003917630440540387,1812.31,1819.42,1,1,1,0,1,1,0.5238858116376743,0.6503416584408857,0.5067835105347334
ETHUSDT,2023-05-20,2023-05-21,4,0,-0.007975068978025912,1819.42,1804.91,0,1,1,0,1,1,0.498757631517294,0.6989381822453667,0.5092897983677868
ETHUSDT,2023-05-21,2023-05-22,4,1,0.006892310419910119,1804.91,1817.35,1,1,1,1,0,1,0.5000101406209991,0.720466804976149,0.520769002213771
ETHUSDT,2023-05-22,2023-05-23,4,1,0.0201942388642804,1817.36,1854.05,0,1,1,0,1,1,0.448893824643041,0.688631835570308,0.5064378156467476
ETHUSDT,2023-05-23,2023-05-24,4,0,-0.029211725681615897,1854.06,1799.89,0,1,0,0,1,1,0.45659370510990205,0.8010961763097584,0.49378429691592446
ETHUSDT,2023-05-24,2023-05-25,4,1,0.00317241609209451,1799.89,1805.6,0,1,1,1,0,1,0.4804158167237629,0.6521199036561306,0.5415495231121663
ETHUSDT,2023-05-25,2023-05-26,4,1,0.012289543642002743,1805.61,1827.79,0,1,1,0,1,1,0.44258267839729976,0.7404409999252091,0.5100055107643457
ETHUSDT,2023-05-26,2023-05-27,4,1,0.0011489284874084404,1827.8,1829.89,0,1,1,0,1,1,0.4761794073903861,0.7360556667900071,0.5012837136575005
ETHUSDT,2023-05-27,2023-05-28,4,1,0.04303537371098809,1829.89,1908.64,0,1,1,0,1,1,0.47347173525703656,0.691841692398891,0.5119513606536146
ETHUSDT,2023-05-28,2023-05-29,4,0,-0.008403889680610344,1908.64,1892.6,0,1,0,0,1,1,0.49107834875902606,0.6510786677926103,0.4724630511449847
ETHUSDT,2023-05-29,2023-05-30,4,1,0.004221705590193414,1892.6,1900.59,1,1,1,1,0,1,0.5190932185036891,0.6055629973469996,0.521185140703507
ETHUSDT,2023-05-30,2023-05-31,4,0,-0.014185068847042182,1900.58,1873.63,0,1,1,0,1,1,0.4522158781821235,0.5750688202798807,0.508997902617802
ETHUSDT,2023-05-31,2023-06-01,4,0,-0.006324621189882862,1873.63,1861.78,0,1,1,1,0,1,0.4694662842555433,0.5654626115872995,0.5268098552017598
ETHUSDT,2023-06-01,2023-06-02,4,1,0.02411670551837486,1861.78,1906.68,1,1,1,1,0,1,0.5021905531506838,0.6053519427054369,0.5191687791954599
ETHUSDT,2023-06-02,2023-06-03,4,0,-0.007667778547003179,1906.69,1892.06,0,1,0,0,1,1,0.4831289386076025,0.6352056161385298,0.49008530138110534
ETHUSDT,2023-06-03,2023-06-04,4,0,-0.0010834751540648169,1892.05,1890.01,1,1,1,1,0,1,0.5248271672445615,0.6095840205929426,0.5204708926528794
ETHUSDT,2023-06-04,2023-06-05,4,0,-0.042068560483806916,1890.0,1810.5,1,1,1,1,0,1,0.5379899530905142,0.598951299083307,0.5141022550669978
ETHUSDT,2023-06-05,2023-06-06,4,1,0.04095001380834029,1810.49,1884.64,1,0,1,1,0,1,0.5320922162036466,0.3877717096643173,0.5542853056748975
ETHUSDT,2023-06-06,2023-06-07,4,0,-0.027862085066644005,1884.65,1832.13,0,0,0,0,1,1,0.4406886749457175,0.4248483779401885,0.4743872207203871
ETHUSDT,2023-06-07,2023-06-08,4,1,0.007373930889183589,1832.12,1845.64,1,0,1,1,0,1,0.5247450113098949,0.46543682101069933,0.5402189641471974
ETHUSDT,2023-06-08,2023-06-09,4,0,-0.002855378080232396,1845.65,1840.37,0,0,1,0,1,1,0.4505048783201096,0.41549925774315044,0.5059768091299363
ETHUSDT,2023-06-09,2023-06-10,4,0,-0.04827290164477793,1840.37,1751.53,0,1,1,1,0,1,0.48356059832896403,0.5902762037059766,0.5158125181295115
ETHUSDT,2023-06-10,2023-06-11,4,1,0.0007022431816754438,1751.52,1752.76,1,1,1,1,0,1,0.5743309348714059,0.6102126969071573,0.5604678129942399
ETHUSDT,2023-06-11,2023-06-12,4,0,-0.0058136881261553475,1752.77,1742.57,0,1,1,0,1,1,0.4805159933718574,0.50065122826442,0.5123813905109249
ETHUSDT,2023-06-12,2023-06-13,4,0,-0.0014059693441296206,1742.57,1740.12,0,0,1,1,0,1,0.47292159618214297,0.37566258435475713,0.5186738519085206
ETHUSDT,2023-06-13,2023-06-14,4,0,-0.051243592395926685,1740.12,1650.95,0,0,1,1,0,1,0.46986474201825823,0.34861265132888763,0.5144133303329381
ETHUSDT,2023-06-14,2023-06-15,4,1,0.009697446924497921,1650.95,1666.96,1,1,1,1,0,1,0.5193892547037349,0.5094555640073866,0.5634357811744128
ETHUSDT,2023-06-15,2023-06-16,4,1,0.030570619570955637,1666.96,1717.92,0,0,1,0,1,1,0.4516019218571102,0.47313130777770096,0.5037557060705764
ETHUSDT,2023-06-16,2023-06-17,4,1,0.005727856943280152,1717.91,1727.76,0,0,0,0,1,1,0.4418828606579192,0.4308313367004248,0.48403233200375756
ETHUSDT,2023-06-17,2023-06-18,4,0,-0.003941519655507708,1727.75,1720.95,1,1,1,0,1,1,0.5055932573085022,0.5449726544627929,0.507553293963036
ETHUSDT,2023-06-18,2023-06-19,4,1,0.009390162410296554,1720.95,1737.11,0,0,1,1,0,1,0.4858299933935627,0.45799526471028973,0.5168621978676732
ETHUSDT,2023-06-19,2023-06-20,4,1,0.03159270282250404,1737.1,1791.99,0,0,1,0,1,1,0.41056852831253987,0.33174344272543027,0.5040491634330312
ETHUSDT,2023-06-20,2023-06-21,4,1,0.05419673100854361,1791.99,1889.11,0,0,0,0,1,1,0.4028218922474507,0.39758355727639394,0.48307760539670114
ETHUSDT,2023-06-21,2023-06-22,4,0,-0.00905188157386283,1889.1,1872.01,0,0,0,0,1,1,0.4462106080732068,0.4350320759301794,0.46224449027768194
ETHUSDT,2023-06-22,2023-06-23,4,1,0.011014898424688058,1872.0,1892.63,1,1,1,1,0,1,0.5636487460964428,0.5438180393409648,0.5218142540213225
ETHUSDT,2023-06-23,2023-06-24,4,0,-0.009336214685384925,1892.63,1874.96,1,1,1,0,1,1,0.5573910052639787,0.5667506203775625,0.5024985217642858
ETHUSDT,2023-06-24,2023-06-25,4,1,0.012714937918675506,1874.95,1898.8,1,1,1,1,0,1,0.5526548659858387,0.5238110446553538,0.5220904115128848
ETHUSDT,2023-06-25,2023-06-26,4,0,-0.0209764061512534,1898.8,1858.97,1,0,1,0,1,1,0.54112145862976,0.4538588610148302,0.500878625478155
ETHUSDT,2023-06-26,2023-06-27,4,1,0.01646610757570044,1858.97,1889.58,1,0,1,1,0,1,0.5861112505161062,0.37612917706801846,0.533450797167962
ETHUSDT,2023-06-27,2023-06-28,4,0,-0.03257866827548972,1889.58,1828.02,1,0,0,0,1,1,0.5183075495646089,0.45091604410188474,0.4973138752073736
ETHUSDT,2023-06-28,2023-06-29,4,1,0.013112548002757185,1828.03,1851.99,1,0,1,1,0,1,0.5485768632732905,0.41092986916198054,0.5448743095650986
ETHUSDT,2023-06-29,2023-06-30,4,1,0.04416870501460579,1851.99,1933.79,1,0,1,0,1,1,0.5078379704617021,0.3754749280518822,0.5005001479880891
ETHUSDT,2023-06-30,2023-07-01,4,0,-0.0048040376669648,1933.8,1924.5,1,0,0,0,1,1,0.5037695358294506,0.4518368093578251,0.47141927352337215
ETHUSDT,2023-07-01,2023-07-02,4,1,0.006744608989347922,1924.5,1937.48,1,1,1,1,0,1,0.5389385058312166,0.5403110465340067,0.5176964711145817
ETHUSDT,2023-07-02,2023-07-03,4,1,0.009321386543345023,1937.49,1955.54,1,0,1,0,1,1,0.5210231428596097,0.45896600589052944,0.5065792372981458
ETHUSDT,2023-07-03,2023-07-04,4,0,-0.00988985139654519,1955.55,1936.2,1,0,1,0,1,1,0.5031098328786523,0.4446774447007275,0.5041148563918404
ETHUSDT,2023-07-04,2023-07-05,4,0,-0.013345728747030328,1936.19,1910.36,1,0,1,1,0,1,0.5051782043777324,0.30559674023167727,0.522628317706761
ETHUSDT,2023-07-05,2023-07-06,4,0,-0.03360099667078442,1910.35,1846.17,1,0,1,1,0,1,0.5357573097042554,0.38925706882284156,0.525991576714397
ETHUSDT,2023-07-06,2023-07-07,4,1,0.01340071607706772,1846.17,1870.91,1,1,1,1,0,1,0.6250940680612553,0.5304985442941591,0.5458853485813641
ETHUSDT,2023-07-07,2023-07-08,4,0,-0.003030610772298048,1870.92,1865.24,0,0,1,0,1,1,0.4980415249629978,0.4266315143993514,0.5002259387125357
ETHUSDT,2023-07-08,2023-07-09,4,0,-0.0013081426518839478,1865.24,1862.8,1,0,1,1,0,1,0.5128604888445838,0.4482764217690338,0.5159818005532526
ETHUSDT,2023-07-09,2023-07-10,4,1,0.009448142581060859,1862.81,1880.4,1,0,1,1,0,1,0.5196741524453027,0.4960350297772656,0.5143189580584948
ETHUSDT,2023-07-10,2023-07-11,4,0,-0.001116783663050458,1880.41,1878.3,0,0,1,0,1,1,0.47736960859076333,0.44764720567596933,0.5039937856171451
ETHUSDT,2023-07-11,2023-07-12,4,0,-0.003449928126497359,1878.31,1871.82,0,1,1,1,0,1,0.4494200985837215,0.6048498363678866,0.5141343800421238
ETHUSDT,2023-07-12,2023-07-13,4,1,0.07087754164396154,1871.82,2004.49,1,1,1,1,0,1,0.5118718430106376,0.5511724266479723,0.5163869852541794
ETHUSDT,2023-07-13,2023-07-14,4,0,-0.03325534175775391,2004.49,1937.83,0,0,0,0,1,1,0.4838506214951626,0.35061221366851436,0.4472327683633776
ETHUSDT,2023-07-14,2023-07-15,4,0,-0.0033129841110932645,1937.82,1931.41,1,1,1,1,0,1,0.6045679422447284,0.5219430192257147,0.5455434329677548
ETHUSDT,2023-07-15,2023-07-16,4,0,-0.004815135056772113,1931.41,1922.11,1,0,1,1,0,1,0.5312194812096113,0.4710629985234069,0.5162546403925162
ETHUSDT,2023-07-16,2023-07-17,4,0,-0.005676053919910884,1922.12,1911.2,0,0,1,1,0,1,0.49686434074628827,0.4324715874755085,0.5177072091771774
ETHUSDT,2023-07-17,2023-07-18,4,0,-0.007320008371703657,1911.21,1897.21,0,0,1,1,0,1,0.49438752763344407,0.4135780552978315,0.5185405664922457
ETHUSDT,2023-07-18,2023-07-19,4,0,-0.004522430305553882,1897.21,1888.63,0,0,1,1,0,1,0.4927603451926958,0.419851261214464,0.5201336065244583
ETHUSDT,2023-07-19,2023-07-20,4,1,0.0015672736322094316,1888.64,1891.59,1,0,1,1,0,1,0.5345671117427406,0.4009271605946614,0.51742401666348
ETHUSDT,2023-07-20,2023-07-21,4,1,7.401181017030467e-05,1891.59,1891.73,1,0,1,0,1,1,0.5462304693276426,0.4602712941536715,0.5115487721573002
ETHUSDT,2023-07-21,2023-07-22,4,0,-0.013326426075602749,1891.73,1866.52,1,1,1,0,1,1,0.5174591207617786,0.7055717414286282,0.512986490924173
ETHUSDT,2023-07-22,2023-07-23,4,1,0.011899149218867144,1866.52,1888.73,1,1,1,1,0,1,0.5251454860070042,0.6175241649248212,0.5259727649370405
ETHUSDT,2023-07-23,2023-07-24,4,0,-0.02050584255028509,1888.74,1850.0,0,1,1,0,1,1,0.4902826229371623,0.6202631183857744,0.5016556210476648
ETHUSDT,2023-07-24,2023-07-25,4,1,0.004140540540540583,1850.0,1857.66,1,1,1,1,0,1,0.5386916625853696,0.5727764632924359,0.5329895269632816
ETHUSDT,2023-07-25,2023-07-26,4,1,0.00771938890862689,1857.66,1872.0,0,1,1,0,1,1,0.4574762343555548,0.5714523914755435,0.5090758086497248
ETHUSDT,2023-07-26,2023-07-27,4,0,-0.0057264957264957506,1871.99,1861.28,1,1,1,0,1,1,0.5059758757191033,0.6147945108527503,0.5056462665646789
ETHUSDT,2023-07-27,2023-07-28,4,1,0.006936086993896806,1861.29,1874.19,1,1,1,1,0,1,0.5058528802733616,0.7263706344745239,0.5185894126684564
ETHUSDT,2023-07-28,2023-07-29,4,1,0.0033454452323402606,1874.2,1880.46,0,1,1,0,1,1,0.4733788087486699,0.6911808661390226,0.5063959040952694
ETHUSDT,2023-07-29,2023-07-30,4,0,-0.00992842176914166,1880.45,1861.79,0,0,1,0,1,1,0.4415068814844358,0.49611893252603567,0.5098392877645398
ETHUSDT,2023-07-30,2023-07-31,4,0,-0.0030347139043608307,1861.79,1856.14,1,1,1,1,0,1,0.5178665959452017,0.8138513666775619,0.522665801441429
ETHUSDT,2023-07-31,2023-08-01,4,1,0.009336580214854395,1856.13,1873.47,0,1,1,1,0,1,0.4868212533754148,0.785803331482473,0.515985764670494
ETHUSDT,2023-08-01,2023-08-02,4,0,-0.017918621595221618,1873.48,1839.9,0,1,1,0,1,1,0.4204295006822366,0.7987226017959257,0.5041003434102005
ETHUSDT,2023-08-02,2023-08-03,4,0,-0.0022229468992880363,1839.9,1835.81,1,1,1,1,0,1,0.5038129995091583,0.7237938765006682,0.5304563704544567
ETHUSDT,2023-08-03,2023-08-04,4,0,-0.0030395302346103437,1835.81,1830.23,0,1,1,1,0,1,0.4992795782081835,0.7426674976493708,0.515201779476732
ETHUSDT,2023-08-04,2023-08-05,4,1,0.003414871354966209,1830.24,1836.48,1,1,1,1,0,1,0.5210121040021823,0.7683776691690091,0.5159904178408931
ETHUSDT,2023-08-05,2023-08-06,4,0,-0.0033760236975083346,1836.48,1830.28,0,1,1,0,1,1,0.46918458427882453,0.733134085295358,0.5097725999787798
ETHUSDT,2023-08-06,2023-08-07,4,0,-0.0006447100990012444,1830.28,1829.1,0,1,1,1,0,1,0.48320613028388837,0.7361664575019534,0.5163155608710096
ETHUSDT,2023-08-07,2023-08-08,4,1,0.01487070143786573,1829.1,1856.3,0,1,1,1,0,1,0.4755901339148676,0.7486576291578978,0.5136791696141468
ETHUSDT,2023-08-08,2023-08-09,4,0,-0.0005117707267144889,1856.3,1855.35,0,1,0,0,1,1,0.4483506061899661,0.6907032281644628,0.4988283727702363
ETHUSDT,2023-08-09,2023-08-10,4,0,-0.0015522677661895523,1855.36,1852.47,0,1,1,1,0,1,0.4669407910446071,0.7697562716502796,0.513551013701162
ETHUSDT,2023-08-10,2023-08-11,4,0,-0.0019595459035774976,1852.47,1848.84,0,1,1,1,0,1,0.48323224470450044,0.7216652926222271,0.5145544780548527
ETHUSDT,2023-08-11,2023-08-12,4,1,0.0005895588585276279,1848.84,1849.93,0,1,1,1,0,1,0.47693955243702957,0.7701795352226017,0.5149475138826117
ETHUSDT,2023-08-12,2023-08-13,4,0,-0.004973161146638039,1849.94,1840.73,0,1,1,0,1,1,0.49063672339588077,0.622994580342597,0.5124899006494531
ETHUSDT,2023-08-13,2023-08-14,4,1,0.0025913632091616456,1840.73,1845.5,1,1,1,1,0,1,0.562739274200725,0.8189741448162504,0.5178601296861144
ETHUSDT,2023-08-14,2023-08-15,4,0,-0.008951503657545379,1845.5,1828.98,0,1,1,0,1,1,0.43345681383117274,0.7572101896277602,0.5105639012608685
ETHUSDT,2023-08-15,2023-08-16,4,0,-0.011574757515117717,1828.98,1807.81,0,1,1,1,0,1,0.4455187630655429,0.7212279347612618,0.5217167780696328
ETHUSDT,2023-08-16,2023-08-17,4,0,-0.06987459965372467,1807.81,1681.49,0,1,1,1,0,1,0.45432113608517216,0.6874111547750522,0.5242668742272194
ETHUSDT,2023-08-17,2023-08-18,4,0,-0.011834741806374116,1681.49,1661.59,1,1,1,1,0,1,0.563901011258136,0.6173190768469892,0.582150220924626
ETHUSDT,2023-08-18,2023-08-19,4,1,0.004862812125735028,1661.6,1669.67,1,1,1,1,0,1,0.521498181921218,0.7806360943362659,0.5245199097202617
ETHUSDT,2023-08-19,2023-08-20,4,1,0.009325195996813695,1669.68,1685.24,1,1,1,0,1,1,0.5057120229228902,0.6903526249267454,0.5083827445739453
ETHUSDT,2023-08-20,2023-08-21,4,0,-0.010497021195794098,1685.23,1667.55,0,1,1,0,1,1,0.45325185975109317,0.5407815761359528,0.5041112175853727
ETHUSDT,2023-08-21,2023-08-22,4,0,-0.019525651404755484,1667.56,1634.99,0,1,1,1,0,1,0.46542816834908446,0.5405753725984073,0.5232185214305038
ETHUSDT,2023-08-22,2023-08-23,4,1,0.027290686793191243,1635.0,1679.61,0,1,1,1,0,1,0.47154270418544325,0.6286165232654124,0.5320292252539611
ETHUSDT,2023-08-23,2023-08-24,4,0,-0.010984692875131596,1679.61,1661.16,0,0,0,0,1,1,0.4265316885286581,0.401368700910958,0.4871032754487484
ETHUSDT,2023-08-24,2023-08-25,4,0,-0.00443063883069672,1661.16,1653.8,0,1,1,1,0,1,0.49520697481135306,0.5074252029899707,0.52369278155974
ETHUSDT,2023-08-25,2023-08-26,4,0,-0.004087555931793441,1653.79,1647.04,1,1,1,1,0,1,0.5290753378700523,0.5178259316876067,0.5173352230396003
ETHUSDT,2023-08-26,2023-08-27,4,1,0.00685472119681374,1647.03,1658.33,0,1,1,1,0,1,0.48930777653397994,0.5661814794535819,0.5170034078338068
ETHUSDT,2023-08-27,2023-08-28,4,0,-0.0031658355092171186,1658.33,1653.08,0,1,1,0,1,1,0.4620024096796603,0.5607041241072713,0.5064738048302417
ETHUSDT,2023-08-28,2023-08-29,4,1,0.04618046313548052,1653.08,1729.42,0,1,1,1,0,1,0.4770860774301407,0.5387238036189862,0.5161124513825076
ETHUSDT,2023-08-29,2023-08-30,4,0,-0.013987348359565721,1729.41,1705.23,0,0,0,0,1,1,0.45284764430562513,0.347608009586376,0.469569887597821
ETHUSDT,2023-08-30,2023-08-31,4,0,-0.034875060842232464,1705.23,1645.76,0,0,1,1,0,1,0.49103531231835373,0.41157607200990715,0.5266170462212628
ETHUSDT,2023-08-31,2023-09-01,4,0,-0.010110830254715153,1645.77,1629.12,1,0,1,1,0,1,0.5532129125524059,0.4991534725514953,0.5471463101871571
ETHUSDT,2023-09-01,2023-09-02,4,1,0.004855382046749179,1629.13,1637.03,1,0,1,1,0,1,0.527356465605233,0.4794963910855945,0.5228430872760041
ETHUSDT,2023-09-02,2023-09-03,4,0,-0.0007269262017189915,1637.02,1635.84,0,0,1,0,1,1,0.4692665891196453,0.3299938089537837,0.5083898718246855
ETHUSDT,2023-09-03,2023-09-04,4,0,-0.0032582648669796654,1635.84,1630.51,0,0,1,1,0,1,0.4913900057234153,0.3482689434113176,0.5137584350284619
ETHUSDT,2023-09-04,2023-09-05,4,1,0.0024164218557383155,1630.52,1634.45,0,0,1,1,0,1,0.45693612431257646,0.4553875063961913,0.5162017632958535
ETHUSDT,2023-09-05,2023-09-06,4,0,-0.0007953745908408916,1634.46,1633.15,0,1,1,0,1,1,0.4115924872783971,0.6082626880577282,0.5107320777861138
ETHUSDT,2023-09-06,2023-09-07,4,1,0.009160211860514744,1633.15,1648.11,0,1,1,1,0,1,0.4789084470097223,0.619408877216189,0.5138244312917256
ETHUSDT,2023-09-07,2023-09-08,4,0,-0.007080838050858129,1648.11,1636.44,0,1,1,0,1,1,0.45838334289681704,0.6885346269384612,0.5042688233273821
ETHUSDT,2023-09-08,2023-09-09,4,0,-0.0005499743345310781,1636.43,1635.54,1,1,1,1,0,1,0.5475542887675536,0.7123627754969543,0.5199017042495456
ETHUSDT,2023-09-09,2023-09-10,4,0,-0.011078909717891272,1635.53,1617.42,0,1,1,1,0,1,0.45435496081926197,0.6931359147773626,0.5135878410944578
ETHUSDT,2023-09-10,2023-09-11,4,0,-0.04053987214205346,1617.42,1551.85,1,1,1,1,0,1,0.5363916753529923,0.6730971287264514,0.5237844293812894
ETHUSDT,2023-09-11,2023-09-12,4,1,0.026497406321487338,1551.84,1592.97,1,1,1,1,0,1,0.5622887256628902,0.507785717233419,0.5527654997077619
ETHUSDT,2023-09-12,2023-09-13,4,1,0.009196657815275788,1592.97,1607.62,0,0,0,0,1,1,0.45857795809042634,0.2834160509430368,0.48784763788883156
ETHUSDT,2023-09-13,2023-09-14,4,1,0.011725407745611705,1607.61,1626.47,0,0,1,0,1,1,0.4462759357915238,0.3820811655686433,0.5042340051575498
ETHUSDT,2023-09-14,2023-09-15,4,1,0.00911175736410752,1626.48,1641.29,0,1,1,0,1,1,0.49778393434945717,0.5979358113752095,0.5018211806104058
ETHUSDT,2023-09-15,2023-09-16,4,0,-0.004197917491729042,1641.3,1634.4,0,1,1,0,1,1,0.4753136022051011,0.6761031245080489,0.5043151155846862
ETHUSDT,2023-09-16,2023-09-17,4,0,-0.007293196279980485,1634.4,1622.48,0,1,1,1,0,1,0.49074157686806263,0.5977977689326703,0.517110134023725
ETHUSDT,2023-09-17,2023-09-18,4,1,0.008739707115033912,1622.48,1636.66,0,1,1,1,0,1,0.4794461993599439,0.5608172468136271,0.5201076068634944
ETHUSDT,2023-09-18,2023-09-19,4,1,0.003947062920826472,1636.66,1643.12,1,1,1,0,1,1,0.5123201554703871,0.5922947184146248,0.5046706349717844
ETHUSDT,2023-09-19,2023-09-20,4,0,-0.012695360046740323,1643.13,1622.26,0,1,1,0,1,1,0.4774781700515371,0.6077863460953672,0.5092615411828401
ETHUSDT,2023-09-20,2023-09-21,4,0,-0.023621367721573527,1622.27,1583.94,1,1,1,1,0,1,0.5212721073013009,0.5804272245495106,0.5253579101409314
ETHUSDT,2023-09-21,2023-09-22,4,1,0.0057704205967397115,1583.94,1593.08,1,1,1,1,0,1,0.5465028230551711,0.6833824124093433,0.5360465648305974
ETHUSDT,2023-09-22,2023-09-23,4,1,0.0004896175961031091,1593.07,1593.86,0,1,1,0,1,1,0.48624584629805584,0.6925346007291673,0.5075124989936515
ETHUSDT,2023-09-23,2023-09-24,4,0,-0.008250410952028275,1593.85,1580.71,0,1,1,0,1,1,0.4809768529249297,0.6891374956588489,0.5125861490116577
ETHUSDT,2023-09-24,2023-09-25,4,1,0.004820618582788594,1580.71,1588.33,1,1,1,1,0,1,0.5452745845428911,0.7030965129209331,0.5210361837249174
ETHUSDT,2023-09-25,2023-09-26,4,1,0.0035760830557882706,1588.34,1594.01,0,1,1,0,1,1,0.46248397551875414,0.6694863686653448,0.5084232190864953
ETHUSDT,2023-09-26,2023-09-27,4,1,0.002904624186799376,1594.02,1598.64,0,1,1,0,1,1,0.4218709328116564,0.6574949669653346,0.5096177633213013
ETHUSDT,2023-09-27,2023-09-28,4,1,0.03399764800080063,1598.63,1652.99,0,1,1,0,1,1,0.49624083023628496,0.7053968669430214,0.5102628211692876
ETHUSDT,2023-09-28,2023-09-29,4,1,0.008747784318114515,1653.0,1667.45,0,1,0,0,1,1,0.484103588579343,0.5923247437879523,0.48083537376776503
ETHUSDT,2023-09-29,2023-09-30,4,1,0.002063030375723418,1667.45,1670.89,1,1,1,0,1,1,0.5447565428438733,0.7631459203608144,0.5046629153098668
ETHUSDT,2023-09-30,2023-10-01,4,1,0.03764460856190399,1670.89,1733.79,1,1,1,0,1,1,0.5966973833852257,0.7508406874485616,0.5110718860217064
ETHUSDT,2023-10-01,2023-10-02,4,0,-0.04117569025083767,1733.8,1662.4,1,1,0,0,1,1,0.5023096289130814,0.625812685021222,0.47744658468252277
ETHUSDT,2023-10-02,2023-10-03,4,0,-0.0033205004812318917,1662.41,1656.88,1,1,1,1,0,1,0.573919107971302,0.6672562916762185,0.55339745050963
ETHUSDT,2023-10-03,2023-10-04,4,0,-0.006216503307421295,1656.88,1646.58,0,1,1,1,0,1,0.46093134973427813,0.5525850342377852,0.5162619039191075
ETHUSDT,2023-10-04,2023-10-05,4,0,-0.021128642398182906,1646.58,1611.79,0,1,1,1,0,1,0.4547992610807163,0.6553981767585837,0.5190640301557345
ETHUSDT,2023-10-05,2023-10-06,4,1,0.0206230340180793,1611.79,1645.03,1,1,1,1,0,1,0.5491121535230087,0.6230768015843455,0.5336000620813723
ETHUSDT,2023-10-06,2023-10-07,4,0,-0.006966438302037026,1645.03,1633.57,1,1,0,0,1,1,0.5259886954491982,0.5336036158652079,0.4933791988897467
ETHUSDT,2023-10-07,2023-10-08,4,0,-0.00044687402437604273,1633.56,1632.84,1,1,1,1,0,1,0.5368472808112682,0.6011387009886686,0.5197907976575433
ETHUSDT,2023-10-08,2023-10-09,4,0,-0.03228117880502668,1632.85,1580.13,1,1,1,1,0,1,0.5067697700516729,0.6703385092429927,0.5134884576722828
ETHUSDT,2023-10-09,2023-10-10,4,0,-0.00791074152126725,1580.13,1567.63,1,0,1,1,0,1,0.5561547404737059,0.4041590529207088,0.544580236075443
ETHUSDT,2023-10-10,2023-10-11,4,0,-0.00048480827746355537,1567.62,1566.87,1,0,1,1,0,1,0.5018596520731643,0.405931071279748,0.5207065902345394
ETHUSDT,2023-10-11,2023-10-12,4,0,-0.017397741995187843,1566.86,1539.61,0,0,1,1,0,1,0.4865213764797398,0.4065145309060993,0.5135250232831338
ETHUSDT,2023-10-12,2023-10-13,4,1,0.008151414968726067,1539.61,1552.16,1,1,1,1,0,1,0.5035874612131526,0.5581158503725907,0.529946988907849
ETHUSDT,2023-10-13,2023-10-14,4,1,0.001791052468817611,1552.16,1554.94,1,1,1,0,1,1,0.5150640351831833,0.5341023013270744,0.5052330461299875
ETHUSDT,2023-10-14,2023-10-15,4,1,0.001820005916626899,1554.94,1557.77,0,1,1,0,1,1,0.44357492155323447,0.6874802308538278,0.511333484624416
ETHUSDT,2023-10-15,2023-10-16,4,1,0.02673693805889199,1557.78,1599.42,0,1,1,0,1,1,0.4926595181989877,0.7396338939385102,0.5113056330220541
ETHUSDT,2023-10-16,2023-10-17,4,0,-0.02151404884270558,1599.41,1565.01,1,1,0,0,1,1,0.5207923681116801,0.6746711307378485,0.4876228105548551
ETHUSDT,2023-10-17,2023-10-18,4,0,-0.001003188478028827,1565.01,1563.44,0,1,1,1,0,1,0.49693200064275966,0.589016936046675,0.5339780230314922
ETHUSDT,2023-10-18,2023-10-19,4,1,0.0020019955994472483,1563.45,1566.57,1,1,1,1,0,1,0.5092527764340552,0.6384317269459059,0.5140248250997479
ETHUSDT,2023-10-19,2023-10-20,4,1,0.023822746509891246,1566.57,1603.89,0,1,1,0,1,1,0.4633080276784922,0.7221253971069566,0.5111305859234271
ETHUSDT,2023-10-20,2023-10-21,4,1,0.015618278061463098,1603.88,1628.94,1,1,0,0,1,1,0.5240403393361138,0.5926862506070927,0.49036198888899835
ETHUSDT,2023-10-21,2023-10-22,4,1,0.02133903028963613,1628.94,1663.7,1,1,0,0,1,1,0.5333963464659753,0.6336719205762421,0.49811840777119176
ETHUSDT,2023-10-22,2023-10-23,4,1,0.061164873474785164,1663.69,1765.46,0,1,0,0,1,1,0.4933479823419881,0.7051884873381542,0.492703170590506
ETHUSDT,2023-10-23,2023-10-24,4,1,0.011056608475978003,1765.47,1784.98,1,1,0,0,1,1,0.5218659343563544,0.541118627682441,0.4559349636603912
ETHUSDT,2023-10-24,2023-10-25,4,1,0.0012156998957972842,1784.98,1787.15,1,1,1,0,1,1,0.5763184310785407,0.6767581914432744,0.5024587459109062
ETHUSDT,2023-10-25,2023-10-26,4,1,0.00908149847522588,1787.15,1803.38,1,0,1,0,1,1,0.5402811081097296,0.37359571576879,0.5118870938842921
ETHUSDT,2023-10-26,2023-10-27,4,0,-0.013297252936153248,1803.39,1779.4,1,0,1,0,1,1,0.5675816430156642,0.36652431703285726,0.5043440252873885
ETHUSDT,2023-10-27,2023-10-28,4,0,-0.0017983589974148728,1779.41,1776.2,1,0,1,1,0,1,0.5682490558458393,0.4312104213339098,0.52594433427005
ETHUSDT,2023-10-28,2023-10-29,4,1,0.010663213602071897,1776.21,1795.14,1,1,1,1,0,1,0.5810056445270173,0.5478030458766339,0.5147919466103783
ETHUSDT,2023-10-29,2023-10-30,4,1,0.007743128669630117,1795.14,1809.04,1,0,1,0,1,1,0.5078343672506149,0.4847035095303584,0.5028339620507349
ETHUSDT,2023-10-30,2023-10-31,4,1,0.003112147879538396,1809.03,1814.67,1,0,1,0,1,1,0.5163833847776478,0.4672569319846235,0.5056235557654266
ETHUSDT,2023-10-31,2023-11-01,4,1,0.017810400789124214,1814.67,1846.99,0,0,1,0,1,1,0.46939461413030115,0.4425131598720208,0.5100634145277642
ETHUSDT,2023-11-01,2023-11-02,4,0,-0.025008256677080065,1846.99,1800.8,1,0,0,0,1,1,0.5071128765657302,0.2835595813171962,0.49603963698189224
ETHUSDT,2023-11-02,2023-11-03,4,1,0.01771990226565978,1800.79,1832.71,1,0,1,1,0,1,0.6326165703702238,0.4675880400921704,0.5374096971741988
ETHUSDT,2023-11-03,2023-11-04,4,1,0.012456962640024827,1832.7,1855.54,1,0,0,0,1,1,0.5137161506330752,0.4349033671134194,0.49612536508697674
ETHUSDT,2023-11-04,2023-11-05,4,1,0.019492977785442456,1855.54,1891.71,1,1,1,0,1,1,0.5581493024544979,0.5630630271784777,0.501124266227398
ETHUSDT,2023-11-05,2023-11-06,4,1,0.004884469606863728,1891.71,1900.95,1,0,0,0,1,1,0.5418721254813128,0.323809626903096,0.4944471876164287
ETHUSDT,2023-11-06,2023-11-07,4,0,-0.008248507325284704,1900.95,1885.27,1,0,1,0,1,1,0.5081343423091532,0.4522649492434294,0.508361970069527
ETHUSDT,2023-11-07,2023-11-08,4,1,0.001511719806712053,1885.26,1888.12,0,0,1,1,0,1,0.49612662486836157,0.4265788612627158,0.5210343363035215
ETHUSDT,2023-11-08,2023-11-09,4,1,0.12350909899794527,1888.11,2121.32,1,0,1,0,1,1,0.5102189457987764,0.395479229903393,0.5116022247810358
ETHUSDT,2023-11-09,2023-11-10,4,0,-0.020553240435200903,2121.33,2077.72,0,1,0,0,1,1,0.47855276448864137,0.6008424329020838,0.40205824194785955
ETHUSDT,2023-11-10,2023-11-11,4,0,-0.011815836590108209,2077.72,2053.17,1,1,1,1,0,1,0.6228603999467335,0.6888186331392098,0.5330359812932984
ETHUSDT,2023-11-11,2023-11-12,4,0,-0.00413506918569817,2053.16,2044.68,1,1,1,1,0,1,0.5719900693245695,0.6124426134704004,0.5245015079766849
ETHUSDT,2023-11-12,2023-11-13,4,1,0.0043869945419332534,2044.69,2053.65,1,0,1,1,0,1,0.511588479348842,0.4413081160369873,0.5170493547160422
ETHUSDT,2023-11-13,2023-11-14,4,0,-0.036160007791006255,2053.65,1979.39,1,0,1,0,1,1,0.5338210226229315,0.41061977908722,0.5088392686274821
ETHUSDT,2023-11-14,2023-11-15,4,1,0.0399567543536139,1979.4,2058.48,1,1,1,1,0,1,0.5717095665590799,0.5770670182378724,0.5484191159201228
ETHUSDT,2023-11-15,2023-11-16,4,0,-0.04698126773153011,2058.49,1961.77,0,0,0,0,1,1,0.46045505489500094,0.4035542184151329,0.4753053322394908
ETHUSDT,2023-11-16,2023-11-17,4,0,-0.00048425656422523833,1961.77,1960.82,1,1,1,1,0,1,0.607885808682761,0.7093918654365019,0.5591788923456499
ETHUSDT,2023-11-17,2023-11-18,4,1,0.0009077834783406402,1960.82,1962.6,1,1,1,1,0,1,0.5381156583790203,0.5595201113823003,0.5135244914664282
ETHUSDT,2023-11-18,2023-11-19,4,1,0.024900642005502904,1962.59,2011.47,1,1,1,0,1,1,0.5001627220015119,0.5783120924619101,0.5121834925475867
ETHUSDT,2023-11-19,2023-11-20,4,1,0.004936688093782227,2011.47,2021.4,1,0,0,0,1,1,0.5126178184075881,0.485613602923764,0.4893478431851359
ETHUSDT,2023-11-20,2023-11-21,4,0,-0.04372711981794797,2021.41,1933.01,1,0,1,0,1,1,0.5562321956356393,0.4598383890796836,0.508311882255769
ETHUSDT,2023-11-21,2023-11-22,4,1,0.06735609231199002,1933.01,2063.21,1,1,1,1,0,1,0.6075376328766676,0.7323776679766855,0.5559358224866187
ETHUSDT,2023-11-22,2023-11-23,4,0,-0.000489528453235577,2063.22,2062.2,0,1,0,0,1,1,0.4624003786588381,0.5253790848561055,0.4503752583940079
ETHUSDT,2023-11-23,2023-11-24,4,1,0.009038890505285835,2062.21,2080.84,1,1,1,1,0,1,0.5287976350989914,0.5855996053291241,0.513529573245114
ETHUSDT,2023-11-24,2023-11-25,4,1,0.0010812940927702464,2080.84,2083.09,1,1,1,0,1,1,0.5893381340892672,0.6323733810237441,0.504384734869692
ETHUSDT,2023-11-25,2023-11-26,4,0,-0.00996596402459815,2083.1,2062.33,1,0,1,0,1,1,0.5130421059957256,0.47181534448834944,0.5120164620050103
ETHUSDT,2023-11-26,2023-11-27,4,0,-0.016888664762671368,2062.34,2027.5,1,1,1,1,0,1,0.5471847138095588,0.6079534165507172,0.5227022871811962
ETHUSDT,2023-11-27,2023-11-28,4,1,0.010180024660912501,2027.5,2048.14,1,1,1,1,0,1,0.5438538826298818,0.5444646645316179,0.5294493497986157
ETHUSDT,2023-11-28,2023-11-29,4,0,-0.009437831398244279,2048.14,2028.81,0,1,1,0,1,1,0.49180579483612263,0.519583354189253,0.5032950183799215
ETHUSDT,2023-11-29,2023-11-30,4,1,0.01141062987662722,2028.8,2051.96,1,0,1,1,0,1,0.5352250198747671,0.44797881114519505,0.5221891223306817
ETHUSDT,2023-11-30,2023-12-01,4,1,0.017193317608530156,2051.95,2087.24,0,0,1,0,1,1,0.4746642388600485,0.43887048957053415,0.5021212062082738
ETHUSDT,2023-12-01,2023-12-02,4,1,0.03713037312431733,2087.24,2164.74,1,0,0,0,1,1,0.5395139267360576,0.4140002026761338,0.4966243477036766
ETHUSDT,2023-12-02,2023-12-03,4,1,0.013031588089100765,2164.75,2192.95,1,1,0,0,1,1,0.5473017230161429,0.543642284880944,0.4779235766213751
ETHUSDT,2023-12-03,2023-12-04,4,1,0.02299186027953226,2192.96,2243.37,1,1,1,0,1,1,0.5314354545423058,0.5784660755991575,0.5005772002086676
ETHUSDT,2023-12-04,2023-12-05,4,1,0.022270066908267383,2243.36,2293.33,1,0,0,0,1,1,0.507536420678296,0.38979564437737785,0.4911445178071239
ETHUSDT,2023-12-05,2023-12-06,4,0,-0.02643753842665475,2293.33,2232.7,0,0,0,0,1,1,0.4789674698221077,0.36086006204928295,0.49182485449103885
ETHUSDT,2023-12-06,2023-12-07,4,1,0.05510368611994454,2232.7,2355.73,1,0,1,1,0,1,0.5447509180339327,0.3258344049359261,0.5388159400755942
ETHUSDT,2023-12-07,2023-12-08,4,1,0.0012692456266210073,2355.74,2358.72,0,0,0,0,1,1,0.4880037258087272,0.48687876884698433,0.46142017153995446
ETHUSDT,2023-12-08,2023-12-09,4,0,-0.007728768145434772,2358.71,2340.49,1,1,1,0,1,1,0.5603810436349606,0.5991228150997236,0.5118355595012913
ETHUSDT,2023-12-09,2023-12-10,4,1,0.005084405402287606,2340.48,2352.39,1,0,1,1,0,1,0.5875526050818275,0.4502617449674251,0.5205300538969998
ETHUSDT,2023-12-10,2023-12-11,4,0,-0.05410242349270311,2352.39,2225.12,1,0,1,0,1,1,0.5076403546578834,0.4098491355458295,0.5081702054563308
ETHUSDT,2023-12-11,2023-12-12,4,0,-0.009734306464370346,2225.11,2203.46,1,0,1,1,0,1,0.5862178172894359,0.4921869986887079,0.56629647917253
ETHUSDT,2023-12-12,2023-12-13,4,1,0.025732257449647244,2203.47,2260.16,0,0,1,1,0,1,0.4972312657924091,0.4925661618229598,0.5224771671560209
ETHUSDT,2023-12-13,2023-12-14,4,1,0.024405351833498568,2260.16,2315.32,0,0,0,0,1,1,0.47013961129885656,0.35740070636515064,0.4885661998498492
ETHUSDT,2023-12-14,2023-12-15,4,0,-0.04095330235129491,2315.32,2220.5,0,0,0,0,1,1,0.4988365796736781,0.4317781347020075,0.48981369759625004
ETHUSDT,2023-12-15,2023-12-16,4,1,0.0038099527133528266,2220.51,2228.96,1,1,1,1,0,1,0.614314384690549,0.5131560141641017,0.5531763871418098
ETHUSDT,2023-12-16,2023-12-17,4,0,-0.014553872658100708,2228.96,2196.52,1,1,1,0,1,1,0.550135913393134,0.5844207274741298,0.5093931828696179
ETHUSDT,2023-12-17,2023-12-18,4,1,0.010430134940724312,2196.53,2219.43,1,0,1,1,0,1,0.5568760289354177,0.49806066644638236,0.5271695796231666
ETHUSDT,2023-12-18,2023-12-19,4,0,-0.01870750598126547,2219.44,2177.91,0,0,1,0,1,1,0.48148450198771287,0.4462287788023804,0.5030563375997609
ETHUSDT,2023-12-19,2023-12-20,5,1,0.011139119614676618,2177.9,2202.17,1,1,1,1,0,1,0.5610581456912848,0.5059213977117952,0.5312599435605646
ETHUSDT,2023-12-20,2023-12-21,5,1,0.017001412243378144,2202.17,2239.61,1,0,1,0,1,1,0.5250814222160075,0.4757699975319045,0.5009855745998993
ETHUSDT,2023-12-21,2023-12-22,5,1,0.0379217810243746,2239.6,2324.54,1,0,0,0,1,1,0.5086301027054301,0.4496528419228438,0.4951366610507089
ETHUSDT,2023-12-22,2023-12-23,5,0,-0.007029347741918879,2324.54,2308.2,1,0,0,0,1,1,0.5181220578861757,0.4073095511655836,0.4745567217826936
ETHUSDT,2023-12-23,2023-12-24,5,0,-0.01912745862576881,2308.2,2264.05,1,0,1,1,0,1,0.5168999026016787,0.4724503262825301,0.51932124568509
ETHUSDT,2023-12-24,2023-12-25,5,1,0.003224310417172749,2264.04,2271.35,1,1,1,1,0,1,0.5559870691211479,0.579869326482333,0.5316913199052413
ETHUSDT,2023-12-25,2023-12-26,5,0,-0.017817597464063084,2271.36,2230.88,1,0,1,0,1,1,0.5032971308246683,0.4281115101064713,0.5089356084812715
ETHUSDT,2023-12-26,2023-12-27,5,1,0.0661039589758301,2230.88,2378.35,1,1,1,1,0,1,0.5204205900854092,0.5465644600291746,0.5303462837571111
ETHUSDT,2023-12-27,2023-12-28,5,0,-0.0143797170307145,2378.35,2344.15,0,0,0,0,1,1,0.4492836163424139,0.49620227825032365,0.44762159340324087
ETHUSDT,2023-12-28,2023-12-29,5,0,-0.019175394066079487,2344.15,2299.2,1,1,1,1,0,1,0.6158330994743177,0.6100591553562544,0.5268225576649287
ETHUSDT,2023-12-29,2023-12-30,5,0,-0.0032707028531663296,2299.2,2291.68,1,1,1,1,0,1,0.5961082754148409,0.5748841924097032,0.5317405680452889
ETHUSDT,2023-12-30,2023-12-31,5,0,-0.004280702366822542,2291.68,2281.87,1,0,1,1,0,1,0.5140688031390543,0.3929305696867504,0.5155032879317424
ETHUSDT,2023-12-31,2024-01-01,5,1,0.030751094497057263,2281.87,2352.04,1,0,1,1,0,1,0.5128941268816258,0.3904255642109842,0.5165280053874235
ETHUSDT,2024-01-01,2024-01-02,5,1,0.0014030373633102666,2352.05,2355.34,0,0,0,0,1,1,0.42030365832797467,0.42438272743389277,0.4815574348323476
ETHUSDT,2024-01-02,2024-01-03,5,0,-0.061825468934421535,2355.35,2209.72,1,1,1,0,1,1,0.5393187168108433,0.5296159002917978,0.510773366542211
ETHUSDT,2024-01-03,2024-01-04,5,1,0.025971616313379187,2209.72,2267.11,1,1,1,1,0,1,0.617329292074458,0.6070260172524413,0.5761671531544923
ETHUSDT,2024-01-04,2024-01-05,5,1,0.0007366206315528867,2267.11,2268.78,0,0,0,0,1,1,0.4862633887256147,0.46267893793643483,0.4862549496307832
ETHUSDT,2024-01-05,2024-01-06,5,0,-0.012341434603619583,2268.78,2240.78,0,1,1,0,1,1,0.4993470600556912,0.5064999878661228,0.511446580367593
ETHUSDT,2024-01-06,2024-01-07,5,0,-0.008639848624139912,2240.77,2221.42,1,0,1,1,0,1,0.5218015000939036,0.46673071607372474,0.5247378971393163
ETHUSDT,2024-01-07,2024-01-08,5,1,0.049076716694726796,2221.42,2330.44,0,0,1,1,0,1,0.49874971392401823,0.4796597966462964,0.5209609190482134
ETHUSDT,2024-01-08,2024-01-09,5,1,0.005943083709514019,2330.43,2344.29,0,0,0,0,1,1,0.4518658457273918,0.37798227158559217,0.4637823092142217
ETHUSDT,2024-01-09,2024-01-10,5,1,0.10241480362924382,2344.3,2584.38,0,0,1,0,1,1,0.4812965958277571,0.43565308052961216,0.5061979920211639
ETHUSDT,2024-01-10,2024-01-11,5,1,0.01301279223643581,2584.37,2618.01,0,1,0,0,1,1,0.4872014292782377,0.505225183151003,0.41439349629291083
ETHUSDT,2024-01-11,2024-01-12,5,0,-0.036466629233654624,2618.01,2522.54,1,1,0,0,1,1,0.5776059761063604,0.630246526352058,0.49911245181384045
ETHUSDT,2024-01-12,2024-01-13,5,1,0.022061097148112552,2522.55,2578.19,1,1,1,1,0,1,0.6408768508372906,0.6441748301701382,0.5496155407131359
ETHUSDT,2024-01-13,2024-01-14,5,0,-0.04085036401506492,2578.18,2472.87,0,0,0,0,1,1,0.49691278406339706,0.49438968029999547,0.4901165682773176
ETHUSDT,2024-01-14,2024-01-15,5,1,0.01573475354547571,2472.87,2511.78,1,1,1,1,0,1,0.5723743143114184,0.5671867472703959,0.5541795441118195
ETHUSDT,2024-01-15,2024-01-16,5,1,0.03010613986893751,2511.79,2587.4,1,0,0,0,1,1,0.5009132576969773,0.4753476851628452,0.496397510757169
ETHUSDT,2024-01-16,2024-01-17,5,0,-0.02211099945891626,2587.41,2530.19,0,0,0,0,1,1,0.45970244554142115,0.4180874739299923,0.4821898846760557
ETHUSDT,2024-01-17,2024-01-18,5,0,-0.023468593267699345,2530.2,2470.81,1,0,1,1,0,1,0.5367122323561879,0.4773974338443446,0.534759941915055
ETHUSDT,2024-01-18,2024-01-19,5,1,0.008576134951695957,2470.81,2492.0,1,1,1,1,0,1,0.5728216397648755,0.6315913526225034,0.5361584916145625
ETHUSDT,2024-01-19,2024-01-20,5,0,-0.008021669341893967,2491.99,2472.01,1,1,1,0,1,1,0.5113920456619906,0.5991783486697859,0.5035533806624916
ETHUSDT,2024-01-20,2024-01-21,5,0,-0.0060517554540636675,2472.02,2457.05,1,0,1,1,0,1,0.5312787833895437,0.29534963706935535,0.5203312788209858
ETHUSDT,2024-01-21,2024-01-22,5,0,-0.05813882501373613,2457.06,2314.2,1,0,1,1,0,1,0.5802735233114461,0.4439179400586317,0.5183270370244315
ETHUSDT,2024-01-22,2024-01-23,5,0,-0.030939417509290412,2314.19,2242.6,1,0,1,1,0,1,0.6308749755237445,0.49764859752381946,0.5722865341332988
ETHUSDT,2024-01-23,2024-01-24,5,0,-0.0033800053509319694,2242.6,2235.02,1,1,1,1,0,1,0.5562695170328826,0.650333465400776,0.5438788058427686
ETHUSDT,2024-01-24,2024-01-25,5,0,-0.007328793478358131,2235.02,2218.64,0,1,1,1,0,1,0.4808138704624733,0.5217308426930679,0.5156141395346935
ETHUSDT,2024-01-25,2024-01-26,5,1,0.022103631053257855,2218.64,2267.68,1,1,1,1,0,1,0.5135807476761872,0.5111667165577534,0.5196259467393753
ETHUSDT,2024-01-26,2024-01-27,5,1,0.00011465462499127277,2267.67,2267.94,0,0,0,0,1,1,0.487185884959674,0.4698682226465512,0.49007447963209405
ETHUSDT,2024-01-27,2024-01-28,5,0,-0.0048678536469218825,2267.94,2256.9,0,0,1,0,1,1,0.4718996091773853,0.3256592098701912,0.5120752572239481
ETHUSDT,2024-01-28,2024-01-29,5,1,0.026895298861269845,2256.9,2317.6,1,0,1,1,0,1,0.5121599054963718,0.4986913920537613,0.517124127240991
ETHUSDT,2024-01-29,2024-01-30,5,1,0.010963928201588091,2317.61,2343.01,0,0,0,0,1,1,0.40771759863507295,0.4762967815222535,0.48534518833560847
ETHUSDT,2024-01-30,2024-01-31,5,0,-0.025552601141267117,2343.0,2283.14,0,0,1,0,1,1,0.4408973261147073,0.4762637771083188,0.5011608914078589
ETHUSDT,2024-01-31,2024-02-01,5,1,0.009259178149390923,2283.15,2304.28,1,1,1,1,0,1,0.508788600201915,0.5915541958923785,0.5383080405124642
ETHUSDT,2024-02-01,2024-02-02,5,1,0.00207440068047271,2304.28,2309.06,0,0,1,0,1,1,0.4376806095889944,0.45177065488032897,0.5028684280636433
ETHUSDT,2024-02-02,2024-02-03,5,0,-0.0054437736568128114,2309.07,2296.49,0,1,1,0,1,1,0.49471685609986715,0.5707215461489492,0.5100955690668184
ETHUSDT,2024-02-03,2024-02-04,5,0,-0.0029174958305935306,2296.5,2289.79,1,1,1,1,0,1,0.5442493912156018,0.5923278986772723,0.5177091406511183
ETHUSDT,2024-02-04,2024-02-05,5,1,0.005258124107450968,2289.79,2301.83,0,0,1,1,0,1,0.4870341454608726,0.452412023092751,0.5151451477542603
ETHUSDT,2024-02-05,2024-02-06,5,1,0.030762480287423566,2301.84,2372.64,0,0,1,0,1,1,0.4631379827299594,0.379258121439549,0.5068870425125028
ETHUSDT,2024-02-06,2024-02-07,5,1,0.022110391799851747,2372.63,2425.1,0,0,0,0,1,1,0.41295068231479126,0.48767099821058696,0.4815462738765543
ETHUSDT,2024-02-07,2024-02-08,5,0,-0.002288565419982569,2425.09,2419.55,0,0,0,0,1,1,0.42739244342450755,0.4135325048543982,0.49006778983364985
ETHUSDT,2024-02-08,2024-02-09,5,1,0.027695232584571405,2419.56,2486.56,1,1,1,1,0,1,0.5430273124350113,0.67871283100458,0.5145077089502463
ETHUSDT,2024-02-09,2024-02-10,5,1,0.0055015764751302765,2486.56,2500.24,1,0,0,0,1,1,0.5358155791840741,0.488867611794715,0.4845580499098135
ETHUSDT,2024-02-10,2024-02-11,5,1,0.0027877323776919205,2500.24,2507.21,0,0,1,0,1,1,0.48298948981556683,0.45876754569093464,0.5066420852323419
ETHUSDT,2024-02-11,2024-02-12,5,1,0.060936259826659844,2507.22,2659.99,1,1,1,0,1,1,0.5097860329578798,0.7107535619770443,0.5093758578162947
ETHUSDT,2024-02-12,2024-02-13,5,0,-0.0075188252587415905,2659.99,2639.99,0,1,0,0,1,1,0.42606860796152246,0.5509066240307782,0.4524887987886025
ETHUSDT,2024-02-13,2024-02-14,5,1,0.05106837525899732,2639.99,2774.81,0,1,1,1,0,1,0.4902013590918621,0.6005866406549663,0.5198193537233065
ETHUSDT,2024-02-14,2024-02-15,5,1,0.017219196990064356,2774.8,2822.59,0,1,0,0,1,1,0.44390533341717126,0.5895068018878227,0.4618738881568909
ETHUSDT,2024-02-15,2024-02-16,5,0,-0.007365575588378026,2822.58,2801.8,1,1,0,0,1,1,0.5157411933501549,0.5897254035948439,0.49492003908585275
ETHUSDT,2024-02-16,2024-02-17,5,0,-0.005664215861232225,2801.81,2785.93,1,1,1,1,0,1,0.5383509436176204,0.5497173009364185,0.5196633797169923
ETHUSDT,2024-02-17,2024-02-18,5,1,0.034196839116560795,2785.92,2881.2,0,0,1,1,0,1,0.49761984747308047,0.37202620900497013,0.5179331403824328
ETHUSDT,2024-02-18,2024-02-19,5,1,0.022074135776759762,2881.2,2944.8,0,1,0,0,1,1,0.4770137341140322,0.5537283709922894,0.4781862359346899
ETHUSDT,2024-02-19,2024-02-20,5,1,0.023774110296115092,2944.8,3014.81,1,1,0,0,1,1,0.5008149669452587,0.5193026047592917,0.4901036659405474
ETHUSDT,2024-02-20,2024-02-21,5,0,-0.01555985285971584,3014.81,2967.9,0,1,0,0,1,1,0.4775401093460155,0.5529255742882749,0.48842298834132664
ETHUSDT,2024-02-21,2024-02-22,5,1,0.001179285016341458,2967.91,2971.4,1,1,1,1,0,1,0.5175685296011693,0.5885071622225947,0.5280310936423356
ETHUSDT,2024-02-22,2024-02-23,5,0,-0.016544389849902474,2971.4,2922.24,1,0,1,0,1,1,0.5451232781316064,0.47737057575716846,0.5109993555503596
ETHUSDT,2024-02-23,2024-02-24,5,1,0.024084264126149835,2922.25,2992.62,1,1,1,1,0,1,0.6090474617671704,0.6802282706604033,0.5290401815442863
ETHUSDT,2024-02-24,2024-02-25,5,1,0.04008861800028085,2992.62,3112.59,1,0,0,0,1,1,0.5044434512847168,0.46828640760434553,0.4881166832954684
ETHUSDT,2024-02-25,2024-02-26,5,1,0.020352825139192676,3112.6,3175.94,0,1,0,0,1,1,0.47928407932856854,0.5264463547884759,0.4724525904861021
ETHUSDT,2024-02-26,2024-02-27,5,1,0.020913493327959554,3175.95,3242.36,0,0,0,0,1,1,0.47629939425924034,0.47946247135355,0.4918085164963007
ETHUSDT,2024-02-27,2024-02-28,5,1,0.04340665441221825,3242.35,3383.1,1,1,0,0,1,1,0.5103358452531094,0.5531993619215165,0.49125287123451744
ETHUSDT,2024-02-28,2024-02-29,5,0,-0.012713192042800858,3383.11,3340.09,1,1,0,0,1,1,0.5391230124205704,0.6755311810719248,0.4692409676071574
ETHUSDT,2024-02-29,2024-03-01,5,1,0.02794535476588944,3340.1,3433.43,1,1,1,1,0,1,0.640476549135209,0.5599747118364191,0.5251178587909298
ETHUSDT,2024-03-01,2024-03-02,5,0,-0.0035037848448926656,3433.42,3421.4,1,0,0,0,1,1,0.510507820214233,0.42739333220467146,0.48431206980712405
ETHUSDT,2024-03-02,2024-03-03,5,1,0.01941018296603736,3421.39,3487.81,1,1,1,1,0,1,0.5547209812657877,0.507941692301602,0.5157396861354666
ETHUSDT,2024-03-03,2024-03-04,5,1,0.040125465550015615,3487.8,3627.76,0,1,0,0,1,1,0.4849129641978812,0.5008452913490532,0.49274344722186203
ETHUSDT,2024-03-04,2024-03-05,5,0,-0.020428584029814623,3627.75,3553.65,0,1,0,0,1,1,0.49641943896108925,0.5480502724901892,0.4724168554180673
ETHUSDT,2024-03-05,2024-03-06,5,1,0.07455433146201784,3553.66,3818.59,1,1,1,1,0,1,0.62755245978068,0.5329022943323902,0.5330287084812914
ETHUSDT,2024-03-06,2024-03-07,5,1,0.013138357351797358,3818.58,3868.76,1,1,0,0,1,1,0.506054992912552,0.5345147882766503,0.4397349650550389
ETHUSDT,2024-03-07,2024-03-08,5,1,0.0037738190014371398,3868.76,3883.36,1,1,0,0,1,1,0.5556696458714206,0.6275372532336846,0.49898704774826214
ETHUSDT,2024-03-08,2024-03-09,5,1,0.0056265708046638885,3883.37,3905.21,1,1,1,0,1,1,0.6206477069373618,0.5396262310053115,0.5083817315889088
ETHUSDT,2024-03-09,2024-03-10,5,0,-0.006847263015305249,3905.2,3878.47,1,1,1,0,1,1,0.5630473778813666,0.5467135183202008,0.50651634003975
ETHUSDT,2024-03-10,2024-03-11,5,1,0.0480421403285316,3878.47,4064.8,1,0,1,1,0,1,0.5568040335894722,0.48838528326243635,0.5191360032265343
ETHUSDT,2024-03-11,2024-03-12,5,0,-0.02087187561503645,4064.8,3979.96,0,1,0,0,1,1,0.48426119926935524,0.5374148477185448,0.4647755009893654
ETHUSDT,2024-03-12,2024-03-13,5,1,0.006238756168403636,3979.97,4004.79,1,1,1,1,0,1,0.5841383881205862,0.5607879584397641,0.5334846530813842
ETHUSDT,2024-03-13,2024-03-14,5,0,-0.030735694006427394,4004.79,3881.7,1,0,1,0,1,1,0.560620513381577,0.46576304010367825,0.5059006912131779
ETHUSDT,2024-03-14,2024-03-15,5,0,-0.03594043846768158,3881.69,3742.19,1,1,1,1,0,1,0.613503027957871,0.5532302997434162,0.5436677539960435
ETHUSDT,2024-03-15,2024-03-16,5,0,-0.05854860389237315,3742.19,3523.09,1,1,1,1,0,1,0.6643235158775219,0.6500362840197039,0.5490685326047544
ETHUSDT,2024-03-16,2024-03-17,5,1,0.03452083256459515,3523.09,3644.71,1,1,1,1,0,1,0.697050595396437,0.6007937561268825,0.5727175708260551
ETHUSDT,2024-03-17,2024-03-18,5,0,-0.03409050377121914,3644.7,3520.46,1,0,0,0,1,1,0.5397903759972483,0.4736450891157783,0.47786992692704044
ETHUSDT,2024-03-18,2024-03-19,5,0,-0.10277634172806971,3520.47,3158.64,1,1,1,1,0,1,0.6176403113609289,0.5443487011992441,0.5471468463240365
ETHUSDT,2024-03-19,2024-03-20,5,1,0.11330509333130734,3158.65,3516.53,1,1,1,1,0,1,0.6634063014518541,0.6606012976467702,0.6195609160049381
ETHUSDT,2024-03-20,2024-03-21,5,0,-0.0067339109861142,3516.53,3492.85,0,1,0,0,1,1,0.3875653427840281,0.5797692628421662,0.40477318217328906
ETHUSDT,2024-03-21,2024-03-22,5,0,-0.04480581759880897,3492.84,3336.35,1,1,1,1,0,1,0.535051807729186,0.5547022307140683,0.5190206999264279
ETHUSDT,2024-03-22,2024-03-23,5,0,-0.0020441500442098803,3336.35,3329.53,1,1,1,1,0,1,0.6343840962340166,0.6817068457891243,0.5583077372796584
ETHUSDT,2024-03-23,2024-03-24,5,1,0.03767799058725996,3329.53,3454.98,1,1,1,1,0,1,0.5303834550529324,0.6196530845078482,0.5142600826089494
ETHUSDT,2024-03-24,2024-03-25,5,1,0.03920138466792866,3454.99,3590.42,0,0,0,0,1,1,0.4306996272310977,0.4987283306678123,0.47479379009878553
ETHUSDT,2024-03-25,2024-03-26,5,0,-0.0008606235482200297,3590.43,3587.33,0,0,0,0,1,1,0.4932833995478674,0.476697980667833,0.47331350384869875
ETHUSDT,2024-03-26,2024-03-27,5,0,-0.024012287690287737,3587.32,3501.19,0,1,1,1,0,1,0.4971091929124451,0.6281909577119356,0.513061768242415
ETHUSDT,2024-03-27,2024-03-28,5,1,0.016937098529357097,3501.2,3560.49,1,1,1,1,0,1,0.5493125812189557,0.58333254362678,0.5367189751184218
ETHUSDT,2024-03-28,2024-03-29,5,0,-0.014253656097896639,3560.49,3509.74,0,0,0,0,1,1,0.4900688414275246,0.4842824583010835,0.49520064061034075
ETHUSDT,2024-03-29,2024-03-30,5,0,-0.0011681776997726212,3509.74,3505.64,1,1,1,1,0,1,0.5700291521658005,0.5431288565282338,0.52669352978837
ETHUSDT,2024-03-30,2024-03-31,5,1,0.03983580744172244,3505.65,3645.29,1,1,1,1,0,1,0.6192986844429671,0.5375199434729742,0.5133730436396782
ETHUSDT,2024-03-31,2024-04-01,5,0,-0.038814470179327265,3645.29,3503.8,0,1,0,0,1,1,0.4731842233411497,0.5405838225644573,0.4726978100629121
ETHUSDT,2024-04-01,2024-04-02,5,0,-0.06417032935669853,3503.8,3278.96,1,1,1,1,0,1,0.5697761746656337,0.6025277455846997,0.5520584298966413
ETHUSDT,2024-04-02,2024-04-03,5,1,0.009719545221655634,3278.96,3310.83,1,1,1,1,0,1,0.58694134209409,0.5656795112509332,0.5786384629187412
ETHUSDT,2024-04-03,2024-04-04,5,1,0.00500478731919185,3310.83,3327.4,0,1,1,0,1,1,0.4520496195550424,0.5067828090175257,0.5024070292983324
ETHUSDT,2024-04-04,2024-04-05,5,0,-0.0028701087936527925,3327.39,3317.85,1,1,1,0,1,1,0.525566855504315,0.5514654714956305,0.5071420047938944
ETHUSDT,2024-04-05,2024-04-06,5,1,0.010169236101692514,3317.85,3351.59,1,1,1,1,0,1,0.5420293902850378,0.5347419540932534,0.5150971073355167
ETHUSDT,2024-04-06,2024-04-07,5,1,0.03061531989294619,3351.59,3454.2,1,0,1,0,1,1,0.5035765402639051,0.4182411967318974,0.5019565297514512
ETHUSDT,2024-04-07,2024-04-08,5,1,0.06959932835388805,3454.2,3694.61,0,1,0,0,1,1,0.42836955741558724,0.5394797575102845,0.4816905392199034
ETHUSDT,2024-04-08,2024-04-09,5,0,-0.0509444839915445,3694.61,3506.39,0,1,0,0,1,1,0.4578431590438493,0.5614143819233012,0.4443484223558749
ETHUSDT,2024-04-09,2024-04-10,5,1,0.011193848944355933,3506.4,3545.64,1,1,1,1,0,1,0.5387064285309852,0.6076623928572151,0.5647321916045918
ETHUSDT,2024-04-10,2024-04-11,5,0,-0.012161415146489718,3545.64,3502.52,0,0,1,0,1,1,0.410196148076555,0.4222410236837991,0.5009308122723011
ETHUSDT,2024-04-11,2024-04-12,5,0,-0.07568550643536653,3502.52,3237.43,1,1,1,1,0,1,0.5046679190436136,0.5248393624776533,0.5245539459582985
ETHUSDT,2024-04-12,2024-04-13,5,0,-0.07117373966386908,3237.42,3007.01,1,1,1,1,0,1,0.607743486800104,0.7081488715254279,0.5908050659984764
ETHUSDT,2024-04-13,2024-04-14,5,1,0.0492515821364079,3007.01,3155.11,1,1,1,1,0,1,0.6114672602376618,0.6965437335183855,0.5860324845977327
ETHUSDT,2024-04-14,2024-04-15,5,0,-0.01683618003809706,3155.11,3101.99,0,1,0,0,1,1,0.4344773768781688,0.577748585127716,0.46361456356631947
ETHUSDT,2024-04-15,2024-04-16,5,0,-0.0057285806853020205,3102.0,3084.22,1,1,1,1,0,1,0.5355699025734865,0.5831238535700469,0.5293393967747286
ETHUSDT,2024-04-16,2024-04-17,5,0,-0.032037273605644234,3084.21,2985.41,0,1,1,1,0,1,0.45868942162281706,0.5159645455741636,0.5179985519460769
ETHUSDT,2024-04-17,2024-04-18,5,1,0.026458677367597883,2985.41,3064.4,1,1,1,1,0,1,0.5355968921010112,0.6217096075110486,0.5450166449291559
ETHUSDT,2024-04-18,2024-04-19,5,0,-0.002591045555410565,3064.4,3056.46,0,0,0,0,1,1,0.45888048723392916,0.47567032305601176,0.4857751155388698
ETHUSDT,2024-04-19,2024-04-20,5,1,0.03249838047937814,3056.45,3155.79,1,1,1,1,0,1,0.5491603552024921,0.5672532821889285,0.5148142369928422
ETHUSDT,2024-04-20,2024-04-21,5,0,-0.0025730482700052626,3155.79,3147.67,0,0,0,0,1,1,0.45181625365360417,0.32919492300061043,0.4798463146434372
ETHUSDT,2024-04-21,2024-04-22,5,1,0.01668853469391629,3147.66,3200.2,0,0,1,1,0,1,0.48796725417092546,0.32521090758392407,0.5147959965695431
ETHUSDT,2024-04-22,2024-04-23,5,1,0.006018373851634395,3200.19,3219.46,0,0,0,0,1,1,0.43188387412569806,0.46612225444876093,0.4954479524878725
ETHUSDT,2024-04-23,2024-04-24,5,0,-0.024432668832661375,3219.46,3140.8,0,0,1,0,1,1,0.43640975506421953,0.4580857711742135,0.5061222793513976
ETHUSDT,2024-04-24,2024-04-25,5,1,0.004775853285787113,3140.79,3155.8,1,1,1,1,0,1,0.5456781250529333,0.5838547899300693,0.5371524879881677
ETHUSDT,2024-04-25,2024-04-26,5,0,-0.007763483110463265,3155.81,3131.3,1,1,1,0,1,1,0.5095607108384959,0.5804193312349755,0.5073724598391156
ETHUSDT,2024-04-26,2024-04-27,5,1,0.03968319867147829,3131.3,3255.56,1,0,1,1,0,1,0.548576953894842,0.42757388287134973,0.5200684027851757
ETHUSDT,2024-04-27,2024-04-28,5,1,0.0024235461794590574,3255.55,3263.45,0,1,0,0,1,1,0.4948771547769882,0.5193908345519213,0.4728458717909714
ETHUSDT,2024-04-28,2024-04-29,5,0,-0.014316137829597397,3263.44,3216.73,1,1,1,0,1,1,0.5492810869630309,0.5512316515311315,0.5097432421016915
ETHUSDT,2024-04-29,2024-04-30,5,0,-0.06300808585115936,3216.74,3014.05,0,0,1,1,0,1,0.4899071978756241,0.46700750490403387,0.5267574804612054
ETHUSDT,2024-04-30,2024-05-01,5,0,-0.013798709377747631,3014.04,2972.46,1,1,1,1,0,1,0.5331852221473973,0.5435701167967224,0.5774132553901179
ETHUSDT,2024-05-01,2024-05-02,5,1,0.004619069726758296,2972.46,2986.19,0,1,1,1,0,1,0.4380522884716588,0.5285194066958614,0.5262279832150756
ETHUSDT,2024-05-02,2024-05-03,5,1,0.03898613283146757,2986.19,3102.61,0,1,1,0,1,1,0.487823563429556,0.530280583850741,0.5075303135436033
ETHUSDT,2024-05-03,2024-05-04,5,1,0.0047121616961203205,3102.61,3117.23,0,0,0,0,1,1,0.46430493018078894,0.4415034159161492,0.4735225051179498
ETHUSDT,2024-05-04,2024-05-05,5,1,0.006152898566996967,3117.24,3136.41,1,0,1,0,1,1,0.5012594635009031,0.4252984487596957,0.5074365833717818
ETHUSDT,2024-05-05,2024-05-06,5,0,-0.02353327530520566,3136.4,3062.6,0,0,1,0,1,1,0.46201729025004246,0.2842208179237901,0.5059870130936066
ETHUSDT,2024-05-06,2024-05-07,5,0,-0.018582250375497877,3062.59,3005.69,1,1,1,1,0,1,0.5010155420026834,0.5491666503102675,0.5362251594676112
ETHUSDT,2024-05-07,2024-05-08,5,0,-0.01047346865445209,3005.69,2974.21,0,1,1,1,0,1,0.4810101001248195,0.5646065648496507,0.5311313073776464
ETHUSDT,2024-05-08,2024-05-09,5,1,0.02085259615158308,2974.2,3036.23,0,1,1,1,0,1,0.4698093038504463,0.5141374578518634,0.5228304459272158
ETHUSDT,2024-05-09,2024-05-10,5,0,-0.04157787782875477,3036.24,2909.99,0,0,0,0,1,1,0.4398256807324459,0.3868524864900764,0.4913132070484943
ETHUSDT,2024-05-10,2024-05-11,5,1,0.000845363729772286,2909.98,2912.45,1,1,1,1,0,1,0.5896503102735029,0.6483068914358421,0.5549381278841105
ETHUSDT,2024-05-11,2024-05-12,5,1,0.005782073511991781,2912.45,2929.29,0,0,1,0,1,1,0.49748492875479994,0.4460614787630485,0.5113367003162583
ETHUSDT,2024-05-12,2024-05-13,5,1,0.007407938442421047,2929.3,2950.99,0,0,1,0,1,1,0.4302596889833502,0.4135187571256084,0.5063599238668511
ETHUSDT,2024-05-13,2024-05-14,5,0,-0.02340231583299157,2950.99,2881.93,0,0,1,0,1,1,0.4674788609007845,0.4404263230619219,0.5047258862305493
ETHUSDT,2024-05-14,2024-05-15,5,1,0.05226358724882285,2881.93,3032.55,1,1,1,1,0,1,0.5259359403256523,0.6015961297893248,0.5360901826236076
ETHUSDT,2024-05-15,2024-05-16,5,0,-0.02896901947206154,3032.55,2944.7,0,0,0,0,1,1,0.3772701106589314,0.4578022181910624,0.46073089470155526
ETHUSDT,2024-05-16,2024-05-17,5,1,0.05002546948755415,2944.7,3092.01,1,1,1,1,0,1,0.544812126187511,0.6275106118227645,0.5418387383645422
ETHUSDT,2024-05-17,2024-05-18,5,1,0.0100032018007703,3092.0,3122.94,0,0,0,0,1,1,0.44084484609644425,0.38292040127713783,0.4628726204586509
ETHUSDT,2024-05-18,2024-05-19,5,0,-0.016570923552805983,3122.94,3071.19,0,0,1,0,1,1,0.45922172124564026,0.38587035913577855,0.5021228396785807
ETHUSDT,2024-05-19,2024-05-20,5,1,0.19230005307388987,3071.2,3661.78,0,0,1,1,0,1,0.4858545979465074,0.42334587037681803,0.5290673876335111
ETHUSDT,2024-05-20,2024-05-21,5,1,0.034906520872362456,3661.79,3789.6,0,0,0,0,1,1,0.36228227294032983,0.3670511651326166,0.3400547618627255
ETHUSDT,2024-05-21,2024-05-22,5,0,-0.013687460417986075,3789.59,3737.73,0,0,0,0,1,1,0.43502724178469165,0.3384026122201358,0.4774935386059434
ETHUSDT,2024-05-22,2024-05-23,5,1,0.012274829910132734,3737.72,3783.61,0,1,1,1,0,1,0.4769763143632045,0.5494214648359388,0.5261141679647912
ETHUSDT,2024-05-23,2024-05-24,5,0,-0.014623600212495425,3783.6,3728.28,0,0,0,0,1,1,0.48634879493097993,0.47931161838517644,0.49984978364435123
ETHUSDT,2024-05-24,2024-05-25,5,1,0.005627259755168534,3728.28,3749.26,0,1,1,1,0,1,0.4936216265203349,0.6201468841459568,0.5270722174955418
ETHUSDT,2024-05-25,2024-05-26,5,1,0.020593397097027122,3749.25,3826.47,0,0,1,0,1,1,0.4991068917121666,0.449674029524832,0.5065156469916108
ETHUSDT,2024-05-26,2024-05-27,5,1,0.017705613790255814,3826.47,3894.22,0,1,0,0,1,1,0.48226673568157447,0.6330299698605355,0.49157005983322033
ETHUSDT,2024-05-27,2024-05-28,5,0,-0.012718849987930714,3894.21,3844.69,0,1,0,0,1,1,0.47974169503149017,0.6303359220853818,0.4944363937554361
ETHUSDT,2024-05-28,2024-05-29,5,0,-0.020095248251484565,3844.69,3767.43,0,1,1,1,0,1,0.49977947648854376,0.6472230113793594,0.5251236424813346
ETHUSDT,2024-05-29,2024-05-30,5,0,-0.0051812508792465906,3767.44,3747.91,1,1,1,1,0,1,0.5417485410443676,0.6738398017350891,0.5326859577160855
ETHUSDT,2024-05-30,2024-05-31,5,1,0.0038368050460122483,3747.9,3762.29,1,1,1,1,0,1,0.5698352778681844,0.6005030592429418,0.5174424367312799
ETHUSDT,2024-05-31,2024-06-01,5,1,0.014228036647892628,3762.29,3815.82,1,1,1,0,1,1,0.6094225646595223,0.7213043389541631,0.5083182628688124
ETHUSDT,2024-06-01,2024-06-02,5,0,-0.009148754396171799,3815.82,3780.91,1,1,0,0,1,1,0.538183351353349,0.5885861057015432,0.49789942534756076
ETHUSDT,2024-06-02,2024-06-03,5,0,-0.0036631392971533394,3780.92,3767.06,1,1,1,1,0,1,0.5806666815929128,0.6101945893629964,0.5214795046482934
ETHUSDT,2024-06-03,2024-06-04,5,1,0.011459865253008905,3767.07,3810.23,1,1,1,1,0,1,0.5666457537983323,0.7202301602287713,0.5159013356072661
ETHUSDT,2024-06-04,2024-06-05,5,1,0.014634287169015936,3810.23,3865.99,0,1,1,0,1,1,0.45731270784698747,0.7025181303616731,0.5006646774886423
ETHUSDT,2024-06-05,2024-06-06,5,0,-0.013587722679054948,3866.0,3813.46,0,1,0,0,1,1,0.46077575050336517,0.6326377732358196,0.497494245209688
ETHUSDT,2024-06-06,2024-06-07,5,0,-0.03543763406460276,3813.47,3678.32,1,1,1,1,0,1,0.5434397351728676,0.5884038277044676,0.5260121380823338
ETHUSDT,2024-06-07,2024-06-08,5,1,0.0008835555362229908,3678.31,3681.57,1,1,1,1,0,1,0.5849754606431522,0.7033289449306557,0.548546004194576
ETHUSDT,2024-06-08,2024-06-09,5,1,0.0067444052401557375,3681.58,3706.4,1,1,1,0,1,1,0.5085375041721809,0.6804263773174791,0.5112981117713067
ETHUSDT,2024-06-09,2024-06-10,5,0,-0.010400928124325581,3706.4,3667.85,0,0,1,0,1,1,0.45753918539449373,0.4917778243761556,0.505392450233029
ETHUSDT,2024-06-10,2024-06-11,5,0,-0.046490450809057116,3667.85,3497.33,1,1,1,1,0,1,0.5136287805106239,0.6130252618798504,0.5227564308970434
ETHUSDT,2024-06-11,2024-06-12,5,1,0.01795369610531461,3497.33,3560.12,1,0,1,1,0,1,0.5442898927489157,0.49919696003881153,0.560068714305056
ETHUSDT,2024-06-12,2024-06-13,5,0,-0.025482287113917423,3560.13,3469.4,0,0,0,0,1,1,0.4764702314292787,0.4104764693755941,0.4941898179017171
ETHUSDT,2024-06-13,2024-06-14,5,1,0.003574105032570607,3469.4,3481.8,1,1,1,1,0,1,0.5465369468024512,0.5471174842109658,0.5382354630197878
ETHUSDT,2024-06-14,2024-06-15,5,1,0.024969843184559526,3481.8,3568.74,1,1,1,0,1,1,0.5188853656654947,0.5189332858581805,0.508583000549155
ETHUSDT,2024-06-15,2024-06-16,5,1,0.015599343185550119,3568.75,3624.41,0,1,0,0,1,1,0.4805983427921198,0.5217968874353257,0.48724265380259557
ETHUSDT,2024-06-16,2024-06-17,5,0,-0.031163692849318858,3624.41,3511.46,0,0,0,0,1,1,0.4621878982930922,0.4196193336849532,0.49653239612791444
ETHUSDT,2024-06-17,2024-06-18,5,0,-0.007985282475095778,3511.47,3483.42,1,1,1,1,0,1,0.5296400815284151,0.615386337807094,0.5441111819028569
ETHUSDT,2024-06-18,2024-06-19,5,1,0.022130549861917315,3483.42,3560.51,0,1,1,1,0,1,0.433170461926697,0.5105770385445918,0.5202942275443716
ETHUSDT,2024-06-19,2024-06-20,5,0,-0.013321125344402995,3560.51,3513.08,0,0,0,0,1,1,0.42986267081092044,0.3837413504184609,0.49004784359667924
ETHUSDT,2024-06-20,2024-06-21,5,1,0.0015428057431086106,3513.08,3518.5,1,1,1,1,0,1,0.5520052491097276,0.5907354280468744,0.5257394538831126
ETHUSDT,2024-06-21,2024-06-22,5,0,-0.006465823504334223,3518.5,3495.75,1,0,1,0,1,1,0.52604740481476,0.4252101305522828,0.5106322243982734
ETHUSDT,2024-06-22,2024-06-23,5,0,-0.021408853607952527,3495.76,3420.91,1,0,1,1,0,1,0.5254244916900254,0.46610061398783953,0.5187480418345232
ETHUSDT,2024-06-23,2024-06-24,5,0,-0.01993036940463211,3420.91,3352.73,1,1,1,1,0,1,0.5743651732449884,0.6420524922603044,0.5340371597237122
ETHUSDT,2024-06-24,2024-06-25,5,1,0.01258079236920362,3352.74,3394.91,1,1,1,1,0,1,0.5106908011786072,0.5852797086687032,0.5325164535820543
ETHUSDT,2024-06-25,2024-06-26,5,0,-0.00691329077943148,3394.91,3371.44,0,0,0,0,1,1,0.4482239572151999,0.4652607033379292,0.4995440171191707
ETHUSDT,2024-06-26,2024-06-27,5,1,0.02343212395890193,3371.77,3450.44,1,0,1,1,0,1,0.5049898620614955,0.4966579675997794,0.5192031727364241
ETHUSDT,2024-06-27,2024-06-28,5,0,-0.02037131496272937,3450.44,3380.15,0,0,0,0,1,1,0.4586055530956903,0.49412123949652187,0.48876084853936924
ETHUSDT,2024-06-28,2024-06-29,5,0,-0.00039939055959048453,3380.15,3378.8,1,1,1,1,0,1,0.5679663710817112,0.5936731594130926,0.532969815775707
ETHUSDT,2024-06-29,2024-06-30,5,1,0.01756836746773982,3378.8,3438.16,1,1,1,1,0,1,0.5132859053016219,0.6594560728394253,0.5125951152184905
ETHUSDT,2024-06-30,2024-07-01,5,1,0.0011750471182259137,3438.16,3442.2,0,0,0,0,1,1,0.4313891171248024,0.37913230244729623,0.49457283365663657
ETHUSDT,2024-07-01,2024-07-02,5,0,-0.006057172738364924,3442.2,3421.35,0,1,1,0,1,1,0.4742289251464856,0.5151600987496239,0.5110036362553634
ETHUSDT,2024-07-02,2024-07-03,5,0,-0.036789571368027185,3421.35,3295.48,0,0,1,1,0,1,0.4187553338674427,0.3813811001044323,0.518332544099803
ETHUSDT,2024-07-03,2024-07-04,5,0,-0.07154648184786438,3295.49,3059.7,0,1,1,1,0,1,0.4950717443734447,0.5594282026530855,0.5499513478064342
ETHUSDT,2024-07-04,2024-07-05,5,0,-0.025466549008072548,3059.7,2981.78,1,1,1,1,0,1,0.5612916948667231,0.5072176066481725,0.5864265192408026
ETHUSDT,2024-07-05,2024-07-06,5,1,0.0285232310901542,2981.79,3066.83,1,1,1,1,0,1,0.530591991167836,0.6346478910956439,0.5382192187867517
ETHUSDT,2024-07-06,2024-07-07,5,0,-0.04429003237871021,3066.83,2931.0,0,0,0,0,1,1,0.47191650080379144,0.3387525621980265,0.48374402129389893
ETHUSDT,2024-07-07,2024-07-08,5,1,0.030027294438758068,2930.99,3019.01,1,1,1,1,0,1,0.5777279089579992,0.5826397446266309,0.557768903750649
ETHUSDT,2024-07-08,2024-07-09,5,1,0.01578000735340379,3019.01,3066.65,0,0,0,0,1,1,0.46931082705721827,0.3359690086691977,0.4822672325202182
ETHUSDT,2024-07-09,2024-07-10,5,1,0.011217452268762251,3066.65,3101.05,0,0,0,0,1,1,0.4445145584679902,0.3536183771621234,0.4963524365241625
ETHUSDT,2024-07-10,2024-07-11,5,0,-0.0004772577030360825,3101.06,3099.57,0,0,1,0,1,1,0.43556555067073066,0.2958329413433134,0.500907195624556
ETHUSDT,2024-07-11,2024-07-12,5,1,0.011069277351374529,3099.57,3133.88,1,0,1,1,0,1,0.5252131605883446,0.48423113964274894,0.5126738838466668
ETHUSDT,2024-07-12,2024-07-13,5,1,0.013417871775562418,3133.89,3175.93,0,0,1,0,1,1,0.4654681440734804,0.3796167620332346,0.5010554632436428
ETHUSDT,2024-07-13,2024-07-14,5,1,0.021773149911994416,3175.93,3245.08,0,0,0,0,1,1,0.45188481048776047,0.30189626703235933,0.49870794810805036
ETHUSDT,2024-07-14,2024-07-15,5,1,0.07343732666066782,3245.2,3483.39,0,0,0,0,1,1,0.44804047736115854,0.3390348535304311,0.49040155091085585
ETHUSDT,2024-07-15,2024-07-16,5,0,-0.011270630047166663,3483.2,3444.13,0,0,0,0,1,1,0.41773796549492026,0.41093280235851065,0.4407722368410876
ETHUSDT,2024-07-16,2024-07-17,5,0,-0.01657312586923254,3444.14,3387.05,0,0,1,1,0,1,0.48597448226318263,0.4580899092283262,0.5236441016832443
ETHUSDT,2024-07-17,2024-07-18,5,1,0.011647303700860645,3387.05,3426.5,1,1,1,1,0,1,0.568115281981008,0.6871431983485671,0.5290696457837174
ETHUSDT,2024-07-18,2024-07-19,5,1,0.022480665402013766,3426.49,3503.53,0,1,1,0,1,1,0.4904210131234649,0.5365477936028221,0.5004771973580742
ETHUSDT,2024-07-19,2024-07-20,5,1,0.003987406986667663,3503.53,3517.5,0,1,0,0,1,1,0.48391309101522884,0.5342425627363944,0.48970147498685
ETHUSDT,2024-07-20,2024-07-21,5,1,0.005236673773987288,3517.5,3535.92,0,1,1,0,1,1,0.485403034156375,0.541820852310284,0.508166521893523
ETHUSDT,2024-07-21,2024-07-22,5,0,-0.02724043530396625,3535.93,3439.6,0,1,1,0,1,1,0.4602314859521661,0.6609281446028608,0.5069086281290781
ETHUSDT,2024-07-22,2024-07-23,5,1,0.012475287824165626,3439.61,3482.51,1,1,1,1,0,1,0.5579227254500635,0.5783104335200511,0.5400512856913429
ETHUSDT,2024-07-23,2024-07-24,5,0,-0.04212478930426622,3482.51,3335.81,0,0,0,0,1,1,0.49020070469272786,0.4772423547142126,0.49964944363590563
ETHUSDT,2024-07-24,2024-07-25,5,0,-0.04806328897629064,3335.82,3175.48,1,1,1,1,0,1,0.5712937448668088,0.6296884280506727,0.5555086070905536
ETHUSDT,2024-07-25,2024-07-26,5,1,0.031217327774068826,3175.47,3274.61,1,1,1,1,0,1,0.5966913615703702,0.5339604317975597,0.5617142743491557
ETHUSDT,2024-07-26,2024-07-27,5,0,-0.007817724858838138,3274.6,3249.01,0,0,0,0,1,1,0.47400157129603515,0.49212476206825195,0.4811005242183923
ETHUSDT,2024-07-27,2024-07-28,5,1,0.00650967525492363,3249.0,3270.16,1,1,1,1,0,1,0.5640403756451854,0.5575227785945268,0.520123625054445
ETHUSDT,2024-07-28,2024-07-29,5,1,0.014525283166572978,3270.16,3317.66,0,0,1,0,1,1,0.48713142179133895,0.38553632877217214,0.5056283531183319
ETHUSDT,2024-07-29,2024-07-30,5,0,-0.011589493799846862,3317.66,3279.21,0,0,0,0,1,1,0.4838492393973625,0.45110259023365756,0.497602945781951
ETHUSDT,2024-07-30,2024-07-31,5,0,-0.014171096087167379,3279.2,3232.74,0,0,1,1,0,1,0.49125118053426536,0.4013184510527526,0.5239697119402225
ETHUSDT,2024-07-31,2024-08-01,5,0,-0.009075892277139452,3232.74,3203.4,1,1,1,1,0,1,0.5586408101366515,0.6384575696853355,0.5266090336712304
ETHUSDT,2024-08-01,2024-08-02,5,0,-0.06673846538053319,3203.4,2989.61,1,1,1,1,0,1,0.5290536551166923,0.5481188553557226,0.5214052431077812
ETHUSDT,2024-08-02,2024-08-03,5,0,-0.028756259177618593,2989.61,2903.64,1,0,1,1,0,1,0.649955667711203,0.440018612109068,0.5813476679756318
ETHUSDT,2024-08-03,2024-08-04,5,0,-0.07394856111639181,2903.65,2688.92,1,1,1,1,0,1,0.5869006137308201,0.5683999643768934,0.5416186178876005
ETHUSDT,2024-08-04,2024-08-05,5,0,-0.10016289067729789,2688.91,2419.59,1,1,1,1,0,1,0.6216765128209261,0.5532602874614848,0.5889669336428299
ETHUSDT,2024-08-05,2024-08-06,5,1,0.017250856550076632,2419.76,2461.33,1,1,1,1,0,1,0.617702317272467,0.6666716147460617,0.6167824588343275
ETHUSDT,2024-08-06,2024-08-07,5,0,-0.04815689078668839,2461.33,2342.8,1,0,0,0,1,1,0.530286808789996,0.3947148872948214,0.4948885525784236
ETHUSDT,2024-08-07,2024-08-08,5,1,0.14499743896192574,2342.79,2682.5,1,1,1,1,0,1,0.6194038848672199,0.5618619420310995,0.5618122471815078
ETHUSDT,2024-08-08,2024-08-09,5,0,-0.031209692451071636,2682.5,2598.78,0,0,0,0,1,1,0.40234353763691333,0.33732369248682986,0.3777251007598281
ETHUSDT,2024-08-09,2024-08-10,5,1,0.004286626801806914,2598.79,2609.92,1,1,1,1,0,1,0.5542117811876165,0.6375532886733447,0.5441588472661825
ETHUSDT,2024-08-10,2024-08-11,5,0,-0.020897192251103425,2609.92,2555.38,0,0,1,0,1,1,0.49298109248295585,0.45873024683964336,0.507865102104996
ETHUSDT,2024-08-11,2024-08-12,5,1,0.06532100900844506,2555.38,2722.3,1,1,1,1,0,1,0.5212639422194968,0.5995665233582091,0.5335106968875414
ETHUSDT,2024-08-12,2024-08-13,5,0,-0.007295301766888307,2722.3,2702.44,0,0,0,0,1,1,0.3809533262236368,0.4391302518491798,0.44835687727905643
ETHUSDT,2024-08-13,2024-08-14,5,0,-0.015167774307662807,2702.44,2661.45,0,1,1,1,0,1,0.4541549892482162,0.5069737159139651,0.5195918633994221
ETHUSDT,2024-08-14,2024-08-15,5,0,-0.034402299498393685,2661.45,2569.89,1,1,1,1,0,1,0.5246136251393653,0.5597938734470733,0.5276294547766613
ETHUSDT,2024-08-15,2024-08-16,5,1,0.008887539933615907,2569.9,2592.73,1,1,1,1,0,1,0.5645114675130568,0.6095791786008073,0.5474705773569958
ETHUSDT,2024-08-16,2024-08-17,5,1,0.008400411921025475,2592.72,2614.51,1,1,1,0,1,1,0.5122292125103868,0.531890633646947,0.5032410491534521
ETHUSDT,2024-08-17,2024-08-18,5,0,-0.0009026547995609757,2614.51,2612.15,1,0,1,0,1,1,0.5346395477709847,0.399362665116906,0.5037296678802141
ETHUSDT,2024-08-18,2024-08-19,5,1,0.009268227322320799,2612.15,2636.36,1,1,1,1,0,1,0.6029148513308223,0.5008433012758825,0.5131043030001724
ETHUSDT,2024-08-19,2024-08-20,5,0,-0.024101412553672485,2636.36,2572.82,0,0,1,0,1,1,0.446750932875177,0.43000833688349693,0.502859356628158
ETHUSDT,2024-08-20,2024-08-21,5,1,0.022500602451784424,2572.81,2630.71,1,1,1,1,0,1,0.5659600480861255,0.6047173677499175,0.536810873093854
ETHUSDT,2024-08-21,2024-08-22,5,0,-0.002976382801601063,2630.71,2622.88,0,0,0,0,1,1,0.4446716876811927,0.4226557757887547,0.4896817551667188
ETHUSDT,2024-08-22,2024-08-23,5,1,0.05322393704630013,2622.89,2762.48,0,0,1,1,0,1,0.4886045519223033,0.47808388997061296,0.5152048494618938
ETHUSDT,2024-08-23,2024-08-24,5,1,0.0019982045118878133,2762.49,2768.0,0,1,0,0,1,1,0.4879613698880172,0.5193904059398607,0.4598137407347916
ETHUSDT,2024-08-24,2024-08-25,5,0,-0.00790101156069356,2768.01,2746.13,1,1,1,0,1,1,0.5326854317908982,0.6246573152266041,0.5101724745432601
ETHUSDT,2024-08-25,2024-08-26,6,0,-0.023902728567110954,2746.12,2680.49,1,1,1,1,0,1,0.532263554172792,0.5660167033923457,0.5204496133714411
ETHUSDT,2024-08-26,2024-08-27,6,0,-0.08325343500628613,2680.49,2457.33,1,1,1,1,0,1,0.5035036902485115,0.6433366606869894,0.5371912737213795
ETHUSDT,2024-08-27,2024-08-28,6,1,0.028893148254406142,2457.33,2528.33,1,0,1,1,0,1,0.5227015754382768,0.45400221839274396,0.6006738742662272
ETHUSDT,2024-08-28,2024-08-29,6,0,-0.0002847729528976384,2528.33,2527.61,0,0,0,0,1,1,0.3979996929063894,0.41405800161054374,0.48284595769667754
ETHUSDT,2024-08-29,2024-08-30,6,0,-0.0006369653546235421,2527.6,2526.0,0,1,1,1,0,1,0.49297398263960546,0.5374961536064282,0.5125575835070927
ETHUSDT,2024-08-30,2024-08-31,6,0,-0.005142517814726744,2525.99,2513.01,0,0,1,1,0,1,0.4970171901188996,0.4903180788026313,0.5129213691134507
ETHUSDT,2024-08-31,2024-09-01,6,0,-0.03473523782237253,2513.0,2425.72,0,0,1,1,0,1,0.4528777437965569,0.351647057731999,0.5175852284877434
ETHUSDT,2024-09-01,2024-09-02,6,1,0.04629141038537021,2425.71,2538.01,1,1,1,1,0,1,0.5300584675141413,0.5493455826307589,0.5486351673283523
ETHUSDT,2024-09-02,2024-09-03,6,0,-0.04441274857073074,2538.0,2425.29,0,0,0,0,1,1,0.3941416573080706,0.42814472088317157,0.4655702539598628
ETHUSDT,2024-09-03,2024-09-04,6,1,0.010481220802460722,2425.28,2450.71,0,0,1,1,0,1,0.49070568977748574,0.42977615560367083,0.558924350524859
ETHUSDT,2024-09-04,2024-09-05,6,0,-0.03341888677158866,2450.71,2368.81,0,0,1,0,1,1,0.44287335447442977,0.4751531776853387,0.5014940553896592
ETHUSDT,2024-09-05,2024-09-06,6,0,-0.06061271271229007,2368.81,2225.23,1,1,1,1,0,1,0.5309052445863924,0.5545670850094149,0.5472401941561992
ETHUSDT,2024-09-06,2024-09-07,6,1,0.021728091028792473,2225.24,2273.58,1,1,1,1,0,1,0.6231588140838787,0.5702694649924903,0.5762640047352441
ETHUSDT,2024-09-07,2024-09-08,6,1,0.010432885581330043,2273.58,2297.3,0,0,0,0,1,1,0.4932010127823196,0.3927138644552823,0.49006013579947205
ETHUSDT,2024-09-08,2024-09-09,6,1,0.02707526226439727,2297.3,2359.5,0,0,1,0,1,1,0.4624499905206264,0.4754100099871682,0.501543473850325
ETHUSDT,2024-09-09,2024-09-10,6,1,0.012299215935579477,2359.51,2388.52,0,0,0,0,1,1,0.42536140919706383,0.3588618561413283,0.4846709822535232
ETHUSDT,2024-09-10,2024-09-11,6,0,-0.0200835663925778,2388.52,2340.55,0,0,0,0,1,1,0.37274256028867264,0.398422129458307,0.4996370190601731
ETHUSDT,2024-09-11,2024-09-12,6,1,0.009061972613274571,2340.54,2361.76,0,0,1,1,0,1,0.4583110397581498,0.39160495727304256,0.5331769175367321
ETHUSDT,2024-09-12,2024-09-13,6,1,0.03278487229862459,2361.75,2439.19,0,1,1,0,1,1,0.47072985500320397,0.5451353841348905,0.5029460793173661
ETHUSDT,2024-09-13,2024-09-14,6,0,-0.008773404285849051,2439.19,2417.79,0,0,0,0,1,1,0.4600122587010748,0.38941757396029836,0.47895136024716006
ETHUSDT,2024-09-14,2024-09-15,6,0,-0.04205907047344892,2417.8,2316.1,0,0,1,1,0,1,0.4934234753286964,0.3473424822944649,0.5213568813411218
ETHUSDT,2024-09-15,2024-09-16,6,0,-0.008816545054185942,2316.09,2295.68,1,0,1,1,0,1,0.5650787769632093,0.4602892320418021,0.5564166689921558
ETHUSDT,2024-09-16,2024-09-17,6,1,0.02008990800111521,2295.67,2341.8,0,1,1,1,0,1,0.47673675275861993,0.5098993336015699,0.5214017638373208
ETHUSDT,2024-09-17,2024-09-18,6,1,0.014070373217183185,2341.79,2374.75,0,0,0,0,1,1,0.4571897164095985,0.36602188822541787,0.49171734837316405
ETHUSDT,2024-09-18,2024-09-19,6,1,0.038092430782187714,2374.74,2465.21,0,0,0,0,1,1,0.4478937866310663,0.36399437220713127,0.497831040083336
ETHUSDT,2024-09-19,2024-09-20,6,1,0.03901898824035288,2465.21,2561.4,1,0,0,0,1,1,0.5124044602540848,0.3782671578364261,0.4736676550107729
ETHUSDT,2024-09-20,2024-09-21,6,1,0.0199109861794331,2561.4,2612.4,1,0,0,0,1,1,0.5254058680950875,0.35837548619932774,0.47274860089036774
ETHUSDT,2024-09-21,2024-09-22,6,0,-0.01201959883631909,2612.4,2581.0,0,0,0,0,1,1,0.4907088970896879,0.45819191963552,0.4918985214744888
ETHUSDT,2024-09-22,2024-09-23,6,1,0.025559860519178468,2580.99,2646.97,1,1,1,1,0,1,0.5002529910068424,0.5349828804386072,0.5247385857375856
ETHUSDT,2024-09-23,2024-09-24,6,1,0.002353634533069915,2646.98,2653.2,0,0,0,0,1,1,0.4868296153640866,0.40072961273065116,0.48619512048133584
ETHUSDT,2024-09-24,2024-09-25,6,0,-0.027608171264887682,2653.2,2579.95,0,0,1,0,1,1,0.44735470854989146,0.47844660470017536,0.5098360006490205
ETHUSDT,2024-09-25,2024-09-26,6,1,0.020275586736177242,2580.09,2632.26,1,1,1,1,0,1,0.5590844464835008,0.5082971165581733,0.5410965140261055
ETHUSDT,2024-09-26,2024-09-27,6,1,0.023618487535425725,2632.25,2694.43,1,0,0,0,1,1,0.5173073733855226,0.41820273111154077,0.4915293692371336
ETHUSDT,2024-09-27,2024-09-28,6,0,-0.007133234116306508,2694.43,2675.21,1,1,0,0,1,1,0.5426861588126973,0.5615636792533291,0.48815135203149745
ETHUSDT,2024-09-28,2024-09-29,6,0,-0.00657518475185126,2675.21,2657.62,1,0,1,1,0,1,0.523791281204159,0.4449104313429355,0.5196516909505603
ETHUSDT,2024-09-29,2024-09-30,6,0,-0.020841956336872802,2657.62,2602.23,1,0,1,1,0,1,0.5203935086066628,0.49926629901834363,0.5190720551263355
ETHUSDT,2024-09-30,2024-10-01,6,0,-0.059349096736260876,2602.24,2447.79,1,1,1,1,0,1,0.543405770443299,0.6378034676065756,0.5339731799069266
ETHUSDT,2024-10-01,2024-10-02,6,0,-0.03419002447105346,2447.78,2364.1,1,1,1,1,0,1,0.6125957562160625,0.5152074770408493,0.5749069866978702
ETHUSDT,2024-10-02,2024-10-03,6,0,-0.006048813501966843,2364.09,2349.8,1,1,1,1,0,1,0.590998793487128,0.5180860687993606,0.548057250655883
ETHUSDT,2024-10-03,2024-10-04,6,1,0.027495957102732005,2349.8,2414.41,1,1,1,1,0,1,0.5376811831944244,0.5743107533991715,0.5185255740760771
ETHUSDT,2024-10-04,2024-10-05,6,1,0.00010354496543674152,2414.41,2414.66,1,0,0,0,1,1,0.5143470186675269,0.4012663582898548,0.48424831014141695
ETHUSDT,2024-10-05,2024-10-06,6,1,0.01050665518126781,2414.66,2440.03,0,0,1,0,1,1,0.4868872342927337,0.38318007985263003,0.5121566163566877
ETHUSDT,2024-10-06,2024-10-07,6,0,-0.007098273381884734,2440.02,2422.71,0,1,1,0,1,1,0.4852808174135271,0.5068730654286377,0.5014680519389977
ETHUSDT,2024-10-07,2024-10-08,6,1,0.007503993461867031,2422.7,2440.89,1,1,1,1,0,1,0.5265839436895486,0.5035370980155943,0.5196153698381235
ETHUSDT,2024-10-08,2024-10-09,6,0,-0.028850132533625117,2440.88,2370.47,0,0,1,0,1,1,0.42590664365138226,0.4353064765064758,0.5045423330946136
ETHUSDT,2024-10-09,2024-10-10,6,1,0.006758153446362991,2370.47,2386.49,1,1,1,1,0,1,0.556870969090785,0.5561457975110854,0.5424076642022464
ETHUSDT,2024-10-10,2024-10-11,6,1,0.022212538078936195,2386.49,2439.5,0,1,1,0,1,1,0.48693732518126764,0.5492313975688324,0.5053073391182562
ETHUSDT,2024-10-11,2024-10-12,6,1,0.015126050420168013,2439.49,2476.4,1,0,0,0,1,1,0.5021501120123195,0.38006409330419855,0.48957061049079803
ETHUSDT,2024-10-12,2024-10-13,6,0,-0.0030245517686965373,2476.4,2468.91,1,0,0,0,1,1,0.5250500286214451,0.38421852084106034,0.4967561314060532
ETHUSDT,2024-10-13,2024-10-14,6,1,0.06516235909773949,2468.92,2629.79,0,0,1,1,0,1,0.49080489523436294,0.4647999895592155,0.5153905525374669
ETHUSDT,2024-10-14,2024-10-15,6,0,-0.008510185223915223,2629.79,2607.41,0,0,0,0,1,1,0.41897205877788257,0.3357181920275252,0.447245553814618
ETHUSDT,2024-10-15,2024-10-16,6,1,0.0014151974564797776,2607.41,2611.1,0,0,1,1,0,1,0.47965922135058353,0.4777411950156397,0.5210830701722234
ETHUSDT,2024-10-16,2024-10-17,6,0,-0.0020297958714716735,2611.1,2605.8,0,0,1,0,1,1,0.4967465371253473,0.40860484029239885,0.5108032752036293
ETHUSDT,2024-10-17,2024-10-18,6,1,0.013957325965154643,2605.79,2642.17,1,0,1,1,0,1,0.5294876593809867,0.46200324888279537,0.5143611668881258
ETHUSDT,2024-10-18,2024-10-19,6,1,0.002282214997520793,2642.17,2648.2,1,0,0,0,1,1,0.5259709704572656,0.41906172294360405,0.4979462144275685
ETHUSDT,2024-10-19,2024-10-20,6,1,0.03727437504720199,2648.2,2746.91,1,0,1,0,1,1,0.5463054499226787,0.3911304047182775,0.5099095856898741
ETHUSDT,2024-10-20,2024-10-21,6,0,-0.029200083002355437,2746.91,2666.7,0,0,0,0,1,1,0.4844765583968503,0.4921601043451756,0.47447991688798885
ETHUSDT,2024-10-21,2024-10-22,6,0,-0.016458544268196595,2666.71,2622.81,1,1,1,1,0,1,0.5643301531234267,0.5165951812571113,0.5427773076358237
ETHUSDT,2024-10-22,2024-10-23,6,0,-0.03744076010080788,2622.81,2524.61,0,1,1,1,0,1,0.4982566725158295,0.5334289933965082,0.5293771059019063
ETHUSDT,2024-10-23,2024-10-24,6,1,0.004440289787333462,2524.6,2535.82,0,0,1,1,0,1,0.4898350273400605,0.430603612160062,0.5515058351662793
ETHUSDT,2024-10-24,2024-10-25,6,0,-0.03754209683652632,2535.82,2440.62,1,1,1,0,1,1,0.5193531409579151,0.5430418607494915,0.5076882127641362
ETHUSDT,2024-10-25,2024-10-26,6,1,0.017163671526087665,2440.63,2482.51,1,1,1,1,0,1,0.5793035745439288,0.6773356945805097,0.5516134486862517
ETHUSDT,2024-10-26,2024-10-27,6,1,0.010187270141912785,2482.51,2507.8,1,1,0,0,1,1,0.5455398517402137,0.555609677125029,0.49468464120911765
ETHUSDT,2024-10-27,2024-10-28,6,1,0.023797751016827462,2507.8,2567.48,0,0,1,0,1,1,0.4951506488064154,0.4591074444699837,0.5017946298183286
ETHUSDT,2024-10-28,2024-10-29,6,1,0.02777821054107532,2567.49,2638.8,0,0,0,0,1,1,0.42350839635573106,0.33682343261997716,0.4879705449833035
ETHUSDT,2024-10-29,2024-10-30,6,1,0.00772699711990299,2638.8,2659.19,0,0,0,0,1,1,0.4294771835920912,0.30442885681873405,0.4839648396868482
ETHUSDT,2024-10-30,2024-10-31,6,0,-0.052865722268811144,2659.19,2518.61,0,0,1,0,1,1,0.4874564954897371,0.4155706456316538,0.5043137045500735
ETHUSDT,2024-10-31,2024-11-01,6,0,-0.0028269561385051434,2518.61,2511.49,1,1,1,1,0,1,0.5852566848637812,0.5155302598153696,0.5679557140213938
ETHUSDT,2024-11-01,2024-11-02,6,0,-0.006872414383493397,2511.49,2494.23,1,0,1,1,0,1,0.5275467781159032,0.42906689894021177,0.5151860065426268
ETHUSDT,2024-11-02,2024-11-03,6,0,-0.014633774752127904,2494.23,2457.73,1,1,1,1,0,1,0.5199602238919252,0.5299069788129533,0.51938074814153
ETHUSDT,2024-11-03,2024-11-04,6,0,-0.024217468965264666,2457.73,2398.21,1,0,1,1,0,1,0.5126399295815159,0.4950057075979369,0.5274683342988722
ETHUSDT,2024-11-04,2024-11-05,6,1,0.010149236305411202,2398.21,2422.55,1,1,1,1,0,1,0.5539132591744166,0.5238367298373616,0.5375225922162602
ETHUSDT,2024-11-05,2024-11-06,6,1,0.12355575736310898,2422.6,2721.87,0,0,1,0,1,1,0.4905212613117459,0.46063047824202186,0.5018335269944348
ETHUSDT,2024-11-06,2024-11-07,6,1,0.06377968088115882,2721.88,2895.47,0,0,0,0,1,1,0.3766701456155626,0.4469594619564469,0.39356297831673553
ETHUSDT,2024-11-07,2024-11-08,6,1,0.022890929624551415,2895.47,2961.75,0,0,0,0,1,1,0.4749579124736237,0.2967363982022143,0.4485729327864156
ETHUSDT,2024-11-08,2024-11-09,6,1,0.05552798176753604,2961.75,3126.21,1,0,0,0,1,1,0.5285809757287308,0.3746988163679813,0.4888855312043458
ETHUSDT,2024-11-09,2024-11-10,6,1,0.018232940205552328,3126.2,3183.21,1,0,0,0,1,1,0.5130999015811156,0.4746143608466967,0.45654538377080933
ETHUSDT,2024-11-10,2024-11-11,6,1,0.059179256159662685,3183.2,3371.59,1,1,0,0,1,1,0.5337513659754611,0.6214407256604386,0.4935993271806764
ETHUSDT,2024-11-11,2024-11-12,6,0,-0.03790199876022882,3371.59,3243.8,0,0,0,0,1,1,0.49111435256976355,0.4777486030259471,0.4530070185708556
ETHUSDT,2024-11-12,2024-11-13,6,0,-0.017461002527899505,3243.79,3187.16,1,1,1,1,0,1,0.575784726601483,0.6673724844302821,0.5519956953415731
ETHUSDT,2024-11-13,2024-11-14,6,0,-0.04026782464639356,3187.16,3058.82,1,1,1,1,0,1,0.5620735218001007,0.6082361533877751,0.5304268566919096
ETHUSDT,2024-11-14,2024-11-15,6,1,0.01019674253470293,3058.81,3090.01,1,1,1,1,0,1,0.600077745659859,0.6752031401107672,0.5545104162431562
ETHUSDT,2024-11-15,2024-11-16,6,1,0.013870505273445577,3090.01,3132.87,1,1,1,0,1,1,0.5376015072426968,0.5570653594945694,0.5017849426337048
ETHUSDT,2024-11-16,2024-11-17,6,0,-0.01815268427990946,3132.88,3076.0,1,1,0,0,1,1,0.6216449975558161,0.5642895377212073,0.4980346776005392
ETHUSDT,2024-11-17,2024-11-18,6,1,0.04284785435630689,3075.99,3207.8,1,1,1,1,0,1,0.6232275913195567,0.5420932317722956,0.5311516376743127
ETHUSDT,2024-11-18,2024-11-19,6,0,-0.031286239790510706,3207.81,3107.44,0,0,0,0,1,1,0.48271888813682395,0.40038772489844604,0.4689614304337554
ETHUSDT,2024-11-19,2024-11-20,6,0,-0.012058157196921049,3107.45,3069.97,1,1,1,1,0,1,0.5619733451126888,0.5079497001776145,0.5449826351778788
ETHUSDT,2024-11-20,2024-11-21,6,1,0.09310840171076595,3069.97,3355.81,1,1,1,1,0,1,0.5726591175883362,0.5011805490180714,0.5247788073883459
ETHUSDT,2024-11-21,2024-11-22,6,0,-0.008352677892967675,3355.88,3327.78,0,0,0,0,1,1,0.46503731072037274,0.37700133246403394,0.4209612020334018
ETHUSDT,2024-11-22,2024-11-23,6,1,0.019872106930145517,3327.78,3393.91,1,1,1,1,0,1,0.5850539600744901,0.5369880616051824,0.5209192533370844
ETHUSDT,2024-11-23,2024-11-24,6,0,-0.00963785132781958,3393.91,3361.2,1,0,0,0,1,1,0.5890063408870185,0.4165675184240556,0.49193789440766905
ETHUSDT,2024-11-24,2024-11-25,6,1,0.015854456741639877,3361.21,3414.49,1,0,1,1,0,1,0.5242492671266221,0.4764127789153222,0.5222565348334318
ETHUSDT,2024-11-25,2024-11-26,6,0,-0.02628796687060142,3414.49,3324.73,1,0,0,0,1,1,0.5029360707715438,0.38492585167526155,0.49601512397726544
ETHUSDT,2024-11-26,2024-11-27,6,1,0.09882005456082155,3324.74,3653.28,1,1,1,1,0,1,0.54831039327008,0.5221024030191961,0.5397039742160262
ETHUSDT,2024-11-27,2024-11-28,6,0,-0.020389896202864355,3653.27,3578.79,0,0,0,0,1,1,0.4444050558844457,0.47699019454369357,0.41572075768095196
ETHUSDT,2024-11-28,2024-11-29,6,1,0.0037498707663763398,3578.8,3592.21,1,1,1,1,0,1,0.5526730728128941,0.5480184735733047,0.5334984911895089
ETHUSDT,2024-11-29,2024-11-30,6,1,0.03100876619128612,3592.22,3703.6,1,1,1,0,1,1,0.5532367851991239,0.6049700826050043,0.5083983999341951
ETHUSDT,2024-11-30,2024-12-01,6,1,0.0010827303164488988,3703.59,3707.61,1,0,0,0,1,1,0.505439220914315,0.49922178555933955,0.48072666523984536
ETHUSDT,2024-12-01,2024-12-02,6,0,-0.017313039936778685,3707.61,3643.42,1,0,1,0,1,1,0.5120780120858008,0.46091356965722574,0.5111461572310938
ETHUSDT,2024-12-02,2024-12-03,6,0,-0.007934852418881144,3643.43,3614.51,1,1,1,1,0,1,0.5603727638591804,0.5569292885019549,0.530271863094351
ETHUSDT,2024-12-03,2024-12-04,6,1,0.06177600836627928,3614.51,3837.8,1,1,1,1,0,1,0.538686771036784,0.5695638482541743,0.5204847947467907
ETHUSDT,2024-12-04,2024-12-05,6,0,-0.013705768930116324,3837.8,3785.2,0,1,0,0,1,1,0.4492419455319535,0.5320662009043763,0.45050083378498584
ETHUSDT,2024-12-05,2024-12-06,6,1,0.05644880059177848,3785.21,3998.87,1,1,1,1,0,1,0.5665025031749875,0.512577990103363,0.5264986527439571
ETHUSDT,2024-12-06,2024-12-07,6,0,-0.0006626872091366476,3998.87,3996.22,1,0,0,0,1,1,0.5255806629664997,0.4965629104282627,0.4556514585245881
ETHUSDT,2024-12-07,2024-12-08,6,1,0.0019843752345967136,3996.22,4004.15,1,0,1,1,0,1,0.5506523137873529,0.4181007252840352,0.5129479421521119
ETHUSDT,2024-12-08,2024-12-09,6,0,-0.0729618021302898,4004.15,3712.0,0,0,1,0,1,1,0.49753771923975215,0.43428218989869166,0.5102165080968883
ETHUSDT,2024-12-09,2024-12-10,6,0,-0.022561961206896575,3712.0,3628.25,1,1,1,1,0,1,0.5906998164466457,0.5497146810585554,0.58955843129538
ETHUSDT,2024-12-10,2024-12-11,6,1,0.056104182457107354,3628.24,3831.81,1,1,1,1,0,1,0.5264975233027945,0.5445568156839936,0.5357807170367009
ETHUSDT,2024-12-11,2024-12-12,6,1,0.01299646903160645,3831.82,3881.61,0,0,0,0,1,1,0.4265470174638061,0.45894531957964785,0.45598588727796396
ETHUSDT,2024-12-12,2024-12-13,6,1,0.006489575202042408,3881.6,3906.8,1,0,0,0,1,1,0.5261063690494634,0.4882775435472112,0.4989256771005225
ETHUSDT,2024-12-13,2024-12-14,6,0,-0.00934524418961813,3906.8,3870.29,1,1,1,0,1,1,0.5344130030652617,0.5366040255966531,0.5055829519676214
ETHUSDT,2024-12-14,2024-12-15,6,1,0.022944017114996607,3870.3,3959.09,1,0,1,1,0,1,0.5432443044824392,0.4712540090321945,0.5219519386340125
ETHUSDT,2024-12-15,2024-12-16,6,1,0.006857636477069162,3959.09,3986.24,0,0,0,0,1,1,0.45963842264835364,0.3848907220098056,0.4888319412627898
ETHUSDT,2024-12-16,2024-12-17,6,0,-0.02338795456369902,3986.24,3893.01,1,0,1,0,1,1,0.5400578905091222,0.4935694697495042,0.505205268260167
ETHUSDT,2024-12-17,2024-12-18,6,0,-0.06838153511036449,3893.01,3626.8,1,1,1,1,0,1,0.5352943968484992,0.5365917888812911,0.5366495449701865
ETHUSDT,2024-12-18,2024-12-19,6,0,-0.05784438072129705,3626.8,3417.01,1,1,1,1,0,1,0.5759934397893474,0.5392844934006076,0.5846211722727954
ETHUSDT,2024-12-19,2024-12-20,6,1,0.016154474233320837,3417.01,3472.21,1,0,1,1,0,1,0.5682380317103054,0.4865133856054848,0.57329195442631
ETHUSDT,2024-12-20,2024-12-21,6,0,-0.038387655124546005,3472.2,3338.92,0,0,0,0,1,1,0.4700404326665297,0.4854122865882892,0.49571007569680037
ETHUSDT,2024-12-21,2024-12-22,6,0,-0.017098343176835673,3338.92,3281.83,1,1,1,1,0,1,0.6532806097431767,0.6769417576035682,0.5525116331759026
ETHUSDT,2024-12-22,2024-12-23,6,1,0.04287242178906281,3281.83,3422.53,1,1,1,1,0,1,0.6019196691147736,0.6302656286422188,0.5300469953210476
ETHUSDT,2024-12-23,2024-12-24,6,1,0.0206426240237485,3422.53,3493.18,0,0,0,0,1,1,0.4511724376734157,0.35783678283134496,0.46893718650779714
ETHUSDT,2024-12-24,2024-12-25,6,1,0.0010935594501286783,3493.17,3497.0,0,0,0,0,1,1,0.43583851614477354,0.21700497949845216,0.49115789239418195
ETHUSDT,2024-12-25,2024-12-26,6,0,-0.046311123820417466,3497.0,3335.05,0,0,1,0,1,1,0.46144285309558497,0.3256383352621712,0.5111349872327583
ETHUSDT,2024-12-26,2024-12-27,6,0,-0.00046176219247084926,3335.04,3333.51,1,1,1,1,0,1,0.5936671833224509,0.5594052897801186,0.5609492536336426
ETHUSDT,2024-12-27,2024-12-28,6,1,0.021145879268398726,3333.51,3404.0,1,1,1,1,0,1,0.5440995104022389,0.5022543577630116,0.5127403844100963
ETHUSDT,2024-12-28,2024-12-29,6,0,-0.013960047003525267,3404.01,3356.48,0,0,0,0,1,1,0.4822728098847074,0.35273008041353676,0.4906487829903375
ETHUSDT,2024-12-29,2024-12-30,6,1,0.0015969110496711902,3356.48,3361.84,1,0,1,1,0,1,0.5354644857152031,0.4880655887405829,0.5267642795806965
ETHUSDT,2024-12-30,2024-12-31,6,0,-0.007156795088403944,3361.83,3337.78,1,1,1,0,1,1,0.5103328608274139,0.5134276236323398,0.5106159130318094
ETHUSDT,2024-12-31,2025-01-01,6,1,0.006770967529315941,3337.78,3360.38,1,0,1,1,0,1,0.524699835947845,0.4413637767183424,0.5196761693219607
ETHUSDT,2025-01-01,2025-01-02,6,1,0.028356912015902846,3360.39,3455.67,0,0,1,0,1,1,0.47622882738906214,0.28516934549418843,0.5052941911644901
ETHUSDT,2025-01-02,2025-01-03,6,1,0.044373450011141236,3455.68,3609.01,0,0,0,0,1,1,0.4822540150212667,0.3292864102124902,0.48338391876707304
ETHUSDT,2025-01-03,2025-01-04,6,1,0.01326402531442139,3609.0,3656.88,0,0,0,0,1,1,0.488405082557584,0.3459819225069148,0.4674572884779559
ETHUSDT,2025-01-04,2025-01-05,6,0,-0.005712519962372431,3656.88,3635.99,1,0,0,0,1,1,0.5226735893198273,0.3712840558201506,0.49865284548911354
ETHUSDT,2025-01-05,2025-01-06,6,1,0.014152954216045677,3636.0,3687.45,1,0,1,1,0,1,0.5244239139027539,0.33850991294858884,0.5181765607960976
ETHUSDT,2025-01-06,2025-01-07,6,0,-0.08302214267312091,3687.44,3381.31,0,0,0,0,1,1,0.4841365655231862,0.38568661982218266,0.4977469135038428
ETHUSDT,2025-01-07,2025-01-08,6,0,-0.01597605661710988,3381.31,3327.29,1,1,1,1,0,1,0.5579220396625235,0.6110511873641764,0.600423795661348
ETHUSDT,2025-01-08,2025-01-09,6,0,-0.03248589693113624,3327.29,3219.2,0,1,1,1,0,1,0.4437561577608733,0.5969971132594831,0.5288721443552891
ETHUSDT,2025-01-09,2025-01-10,6,1,0.014860834990059635,3219.2,3267.04,1,1,1,1,0,1,0.5121065518062131,0.5820988932219711,0.546252179158759
ETHUSDT,2025-01-10,2025-01-11,6,1,0.004833121112689076,3267.05,3282.83,0,0,0,0,1,1,0.4968176120608568,0.39335095568849804,0.4970260707095739
ETHUSDT,2025-01-11,2025-01-12,6,0,-0.004730674448570227,3282.83,3267.3,0,0,1,0,1,1,0.49729806542420646,0.263656230753618,0.5072843376874985
ETHUSDT,2025-01-12,2025-01-13,6,0,-0.039723931074587604,3267.3,3137.51,0,0,1,1,0,1,0.4953074536743375,0.3481772843684267,0.5171581535203641
ETHUSDT,2025-01-13,2025-01-14,6,1,0.028085966259868478,3137.51,3225.63,1,1,1,1,0,1,0.5622942992808615,0.5812891859294299,0.5539319863950334
ETHUSDT,2025-01-14,2025-01-15,6,1,0.07002973062626516,3225.63,3451.52,0,1,0,0,1,1,0.4094525057754667,0.5209733259408255,0.4836558574542332
ETHUSDT,2025-01-15,2025-01-16,6,0,-0.04156719358427585,3451.51,3308.05,0,0,0,0,1,1,0.4014391514241918,0.37873746135920583,0.4425925902121889
ETHUSDT,2025-01-16,2025-01-17,6,1,0.05005365698825592,3308.04,3473.63,1,1,1,1,0,1,0.573907801810385,0.6214295119332104,0.555893019434354
ETHUSDT,2025-01-17,2025-01-18,6,0,-0.047765593917602045,3473.64,3307.71,0,0,0,0,1,1,0.49109468770361375,0.44680042370436324,0.4618815953013896
ETHUSDT,2025-01-18,2025-01-19,6,0,-0.027992175855803603,3307.71,3215.12,1,1,1,1,0,1,0.5778557472917872,0.57554930339349,0.5625020223030223
ETHUSDT,2025-01-19,2025-01-20,6,1,0.021423772674114883,3215.2,3284.0,1,1,1,1,0,1,0.5610606883617324,0.649326495916669,0.541501793967701
ETHUSDT,2025-01-20,2025-01-21,6,1,0.01325822168087698,3283.99,3327.54,0,0,0,0,1,1,0.48780862321138313,0.44657939345855313,0.49036777272275195
ETHUSDT,2025-01-21,2025-01-22,6,0,-0.02552636482206072,3327.55,3242.6,0,0,0,0,1,1,0.43422711397544267,0.48618534561795856,0.4986587627788392
ETHUSDT,2025-01-22,2025-01-23,6,1,0.029485597976932176,3242.61,3338.21,1,1,1,1,0,1,0.5474923143877042,0.5806799000804264,0.5389012186624157
ETHUSDT,2025-01-23,2025-01-24,6,0,-0.008423676161775306,3338.22,3310.09,0,0,0,0,1,1,0.45575385110893823,0.48380373978240127,0.4822519744740742
ETHUSDT,2025-01-24,2025-01-25,6,1,0.0026222851946622328,3310.1,3318.77,1,1,1,1,0,1,0.5756028768040398,0.6084924200018593,0.520993093026462
ETHUSDT,2025-01-25,2025-01-26,6,0,-0.02596142546786906,3318.76,3232.61,1,0,1,0,1,1,0.5368714911206017,0.3873607515987757,0.509559247411836
ETHUSDT,2025-01-26,2025-01-27,6,0,-0.0155199668379421,3232.61,3182.44,1,1,1,1,0,1,0.6143075379416243,0.6702067577169338,0.5393597361190825
ETHUSDT,2025-01-27,2025-01-28,6,0,-0.03290556931159749,3182.44,3077.72,1,0,1,1,0,1,0.5203502241192193,0.38581771160067935,0.5283949835483233
ETHUSDT,2025-01-28,2025-01-29,6,1,0.011755455337067788,3077.72,3113.9,1,1,1,1,0,1,0.5775619673717185,0.6311118066690194,0.5466965302587995
ETHUSDT,2025-01-29,2025-01-30,6,1,0.042869070939978826,3113.9,3247.39,1,0,1,0,1,1,0.5053172243847747,0.4210089146263638,0.500192108308574
ETHUSDT,2025-01-30,2025-01-31,6,1,0.016505562928998296,3247.38,3300.99,0,0,0,0,1,1,0.4918026611754195,0.37279770144073393,0.4689404931902427
ETHUSDT,2025-01-31,2025-02-01,6,0,-0.055574236819863065,3300.99,3117.54,1,0,0,0,1,1,0.5947038222964457,0.46493624614919926,0.4953532182503504
ETHUSDT,2025-02-01,2025-02-02,6,0,-0.07950499432244662,3117.54,2869.68,1,1,1,1,0,1,0.6217235422089537,0.5793281878885878,0.5708573120207233
ETHUSDT,2025-02-02,2025-02-03,6,1,0.003561372696607279,2869.68,2879.9,1,1,1,1,0,1,0.5861638025597897,0.5793126761522267,0.5966223691605624
ETHUSDT,2025-02-03,2025-02-04,6,0,-0.051637209625334246,2879.89,2731.19,0,0,1,0,1,1,0.4925257229048997,0.48260316540432613,0.5085923742190259
ETHUSDT,2025-02-04,2025-02-05,6,1,0.020891992135296356,2731.19,2788.25,1,1,1,1,0,1,0.5458173982243103,0.6806372296047986,0.5666408109168681
ETHUSDT,2025-02-05,2025-02-06,6,0,-0.036442212857527134,2788.25,2686.64,0,0,0,0,1,1,0.46340356323256043,0.4089631360536384,0.4909055897602598
ETHUSDT,2025-02-06,2025-02-07,6,0,-0.024022570943632138,2686.63,2622.1,1,1,1,1,0,1,0.5896674789406614,0.5664837807979637,0.5504457873839518
ETHUSDT,2025-02-07,2025-02-08,6,1,0.003951031615880396,2622.11,2632.46,1,1,1,1,0,1,0.6297263504568306,0.6758822112750227,0.5373174197613464
ETHUSDT,2025-02-08,2025-02-09,6,0,-0.00200572848210423,2632.46,2627.18,1,1,1,0,1,1,0.5531077211385527,0.5349224337159934,0.5081914323815152
ETHUSDT,2025-02-09,2025-02-10,6,1,0.012945439596830255,2627.18,2661.19,1,0,1,1,0,1,0.5617517939502741,0.4918967084987362,0.514336272827925
ETHUSDT,2025-02-10,2025-02-11,6,0,-0.022020224035112057,2661.19,2602.59,0,0,0,0,1,1,0.4930516289978616,0.3262303777657355,0.4989777209277667
ETHUSDT,2025-02-11,2025-02-12,6,1,0.05213268321172371,2602.59,2738.27,1,1,1,1,0,1,0.5721570065361877,0.6014479493156335,0.5352111667355872
ETHUSDT,2025-02-12,2025-02-13,6,0,-0.022788110741453593,2738.27,2675.87,0,0,0,0,1,1,0.47986818113223817,0.2713474546483479,0.4598506555082051
ETHUSDT,2025-02-13,2025-02-14,6,1,0.01871540844659858,2675.87,2725.95,1,1,1,1,0,1,0.5693009257539219,0.5878686426622103,0.5360185430925244
ETHUSDT,2025-02-14,2025-02-15,6,0,-0.012072855334837373,2725.95,2693.04,1,0,0,0,1,1,0.5827465606349207,0.4496203860675828,0.493110011275592
ETHUSDT,2025-02-15,2025-02-16,6,0,-0.011745091049520262,2693.04,2661.41,1,1,1,1,0,1,0.5308312372636614,0.6155040780450562,0.5247941398877841
ETHUSDT,2025-02-16,2025-02-17,6,1,0.03105120969711561,2661.41,2744.05,1,0,1,1,0,1,0.5685097136080821,0.4994492151386862,0.5244522726388607
ETHUSDT,2025-02-17,2025-02-18,6,0,-0.026260454437783687,2744.05,2671.99,1,0,0,0,1,1,0.5110190885456584,0.3972411312035483,0.4806841993602955
ETHUSDT,2025-02-18,2025-02-19,6,1,0.01628374357688478,2672.0,2715.5,1,0,1,1,0,1,0.5185909457056004,0.46955225032404796,0.5396749677688003
ETHUSDT,2025-02-19,2025-02-20,6,1,0.008300497146013663,2715.51,2738.04,0,0,0,0,1,1,0.44864967284566787,0.3351623883246025,0.4955786674573004
ETHUSDT,2025-02-20,2025-02-21,6,0,-0.02740646593913898,2738.04,2663.0,1,0,1,0,1,1,0.5011056948451904,0.49848793955853477,0.5037259631985144
ETHUSDT,2025-02-21,2025-02-22,6,1,0.037634247089748385,2663.0,2763.22,1,1,1,1,0,1,0.6372395465116159,0.599231405164605,0.5408836757408156
ETHUSDT,2025-02-22,2025-02-23,6,1,0.02043630257453266,2763.23,2819.69,1,1,0,0,1,1,0.53728037119577,0.5286306332397774,0.47412249784591076
ETHUSDT,2025-02-23,2025-02-24,6,0,-0.10858285839932758,2819.7,2513.52,1,0,0,0,1,1,0.5231188442936149,0.44898436293791183,0.4913666918165383
ETHUSDT,2025-02-24,2025-02-25,6,0,-0.007089659123460379,2513.52,2495.7,1,1,1,1,0,1,0.6125564644416412,0.5699201647913043,0.6280964009169875
ETHUSDT,2025-02-25,2025-02-26,6,0,-0.06384180790960448,2495.69,2336.37,0,0,1,1,0,1,0.43144331114901235,0.4973327925869641,0.5196064205496739
ETHUSDT,2025-02-26,2025-02-27,6,0,-0.012262612514285065,2336.38,2307.72,0,1,1,1,0,1,0.48778715815286877,0.5596672240910112,0.5797348042246045
ETHUSDT,2025-02-27,2025-02-28,6,0,-0.030389301995042528,2307.72,2237.59,0,1,1,1,0,1,0.47750542503173166,0.5604463252541892,0.5249921031336394
ETHUSDT,2025-02-28,2025-03-01,6,0,-0.009027569840766247,2237.59,2217.39,1,1,1,1,0,1,0.5677186912177296,0.6530833080598605,0.5440340899045494
ETHUSDT,2025-03-01,2025-03-02,6,1,0.1356189033052373,2217.4,2518.11,1,0,1,1,0,1,0.5383679195363091,0.4955843595386644,0.5216213315138603
ETHUSDT,2025-03-02,2025-03-03,6,0,-0.14657818760896069,2518.12,2149.01,0,0,0,0,1,1,0.4146310776177921,0.45971112161020494,0.3830809136479047
ETHUSDT,2025-03-03,2025-03-04,6,1,0.010469937319975253,2149.02,2171.51,1,1,1,1,0,1,0.6443069076053898,0.6366046125344059,0.6690878539295987
ETHUSDT,2025-03-04,2025-03-05,6,1,0.03227247399275157,2171.5,2241.59,0,1,1,0,1,1,0.40349526115962836,0.5492839176510539,0.5015055915371524
ETHUSDT,2025-03-05,2025-03-06,6,0,-0.01757234819926945,2241.59,2202.2,0,0,0,0,1,1,0.3468151624519072,0.31850093797402446,0.47946316133842687
ETHUSDT,2025-03-06,2025-03-07,6,0,-0.027517936608845606,2202.21,2141.6,1,1,1,1,0,1,0.5430439139538429,0.5610931739569769,0.530543504899926
ETHUSDT,2025-03-07,2025-03-08,6,1,0.028940978707508336,2141.6,2203.58,1,1,1,1,0,1,0.5959571185223316,0.6127861832991222,0.5410012953343414
ETHUSDT,2025-03-08,2025-03-09,6,0,-0.08312382577442157,2203.57,2020.41,0,0,0,0,1,1,0.4702371339018017,0.39723578400275655,0.4827979889271126
ETHUSDT,2025-03-09,2025-03-10,6,0,-0.07687053617830053,2020.43,1865.1,1,1,1,1,0,1,0.6210007453568764,0.5713766853418212,0.6005337364621943
ETHUSDT,2025-03-10,2025-03-11,6,1,0.03127446249530874,1865.11,1923.43,1,1,1,1,0,1,0.6349345546540668,0.7192049031521105,0.5937768687638811
ETHUSDT,2025-03-11,2025-03-12,6,0,-0.007918146228352518,1923.42,1908.2,0,0,0,0,1,1,0.4137830807320053,0.4170946232283436,0.48046086226100143
ETHUSDT,2025-03-12,2025-03-13,6,0,-0.02285399853264869,1908.2,1864.59,1,1,1,1,0,1,0.5072019255582514,0.5269186240011889,0.5204674266595687
ETHUSDT,2025-03-13,2025-03-14,6,1,0.025238792442306535,1864.59,1911.65,1,1,1,1,0,1,0.5957404519235048,0.644379984913602,0.5360878400690886
ETHUSDT,2025-03-14,2025-03-15,6,1,0.013349724060366608,1911.64,1937.17,1,0,0,0,1,1,0.544375107024346,0.3962637454514718,0.48651836262765213
ETHUSDT,2025-03-15,2025-03-16,6,0,-0.025898604665568925,1937.18,1887.0,1,0,0,0,1,1,0.5330733548641495,0.3486427103169122,0.4985654724409536
ETHUSDT,2025-03-16,2025-03-17,6,1,0.020832008479067188,1887.01,1926.31,1,1,1,1,0,1,0.5515412226806078,0.6471486743276114,0.5392935197059554
ETHUSDT,2025-03-17,2025-03-18,6,1,0.0027150354823470835,1926.3,1931.54,0,0,0,0,1,1,0.4445251167088701,0.26218877801277835,0.4909662732462
ETHUSDT,2025-03-18,2025-03-19,6,1,0.06446669496878132,1931.54,2056.06,0,0,1,0,1,1,0.38604345006892116,0.46863606096530075,0.5094637156018068
ETHUSDT,2025-03-19,2025-03-20,6,0,-0.0351497524391311,2056.05,1983.79,0,0,0,0,1,1,0.4126541957506386,0.30333812455108994,0.44791308704831095
ETHUSDT,2025-03-20,2025-03-21,6,0,-0.009093704474767983,1983.79,1965.75,1,0,1,1,0,1,0.5610523418651138,0.3906580361574633,0.5490746763389259
ETHUSDT,2025-03-21,2025-03-22,6,1,0.007600152613506328,1965.74,1980.69,1,0,1,1,0,1,0.5415837696806804,0.4094650430637463,0.5216901513751727
ETHUSDT,2025-03-22,2025-03-23,6,1,0.012773326467039325,1980.68,2005.99,1,0,1,0,1,1,0.5202434414228155,0.27988486789919315,0.5044437425146618
ETHUSDT,2025-03-23,2025-03-24,6,1,0.03749270933553994,2005.99,2081.2,1,0,0,0,1,1,0.5059911390979036,0.3627627420758318,0.499153274914539
ETHUSDT,2025-03-24,2025-03-25,6,0,-0.007231404958677579,2081.2,2066.15,0,0,0,0,1,1,0.4424115922679336,0.4604334912075692,0.4742630528997209
ETHUSDT,2025-03-25,2025-03-26,6,0,-0.027408465019480688,2066.16,2009.52,0,0,1,1,0,1,0.4212961577951708,0.37843343055260553,0.5197536875035493
ETHUSDT,2025-03-26,2025-03-27,6,0,-0.002916119272263984,2009.52,2003.66,0,0,1,1,0,1,0.4846545178410006,0.4378973954739904,0.5408857850154845
ETHUSDT,2025-03-27,2025-03-28,6,0,-0.05328249303774091,2003.67,1896.9,0,0,1,1,0,1,0.48136083388437884,0.4215309148027385,0.5152783015770332
ETHUSDT,2025-03-28,2025-03-29,6,0,-0.03628024671832997,1896.9,1828.08,1,1,1,1,0,1,0.6188960175345034,0.5943954758679005,0.568401963346796
ETHUSDT,2025-03-29,2025-03-30,6,0,-0.01112642772745176,1828.09,1807.74,1,1,1,1,0,1,0.6036846308327399,0.5061526890754022,0.5502739058772338
ETHUSDT,2025-03-30,2025-03-31,6,1,0.008126168586190419,1807.74,1822.43,1,0,1,1,0,1,0.5227864098556814,0.48006509325426705,0.5238072363417999
ETHUSDT,2025-03-31,2025-04-01,6,1,0.04529666434376067,1822.43,1904.98,0,0,1,0,1,1,0.4614517843632827,0.31145914562530214,0.503904586530163
ETHUSDT,2025-04-01,2025-04-02,6,0,-0.05761740280737859,1904.98,1795.22,0,0,0,0,1,1,0.3801514122065037,0.34956806310702465,0.4665484086014171
ETHUSDT,2025-04-02,2025-04-03,6,1,0.01226033578057284,1795.21,1817.23,1,1,1,1,0,1,0.5565665065134211,0.5590101437574648,0.5730484233769612
ETHUSDT,2025-04-03,2025-04-04,6,0,-0.00019810370729078652,1817.23,1816.87,0,0,0,0,1,1,0.4405611691594786,0.4330347020238824,0.49967669932787234
ETHUSDT,2025-04-04,2025-04-05,6,0,-0.00597731263106327,1816.88,1806.01,0,0,1,1,0,1,0.45695919569860916,0.4393115317486061,0.5124680789439136
ETHUSDT,2025-04-05,2025-04-06,6,0,-0.12472245447145913,1806.02,1580.76,0,0,1,1,0,1,0.4862222650877371,0.38316146058974127,0.5184513604228805
ETHUSDT,2025-04-06,2025-04-07,6,0,-0.017535868822591727,1580.77,1553.04,1,0,1,1,0,1,0.635357382312859,0.4999174559866602,0.6455567399692934
ETHUSDT,2025-04-07,2025-04-08,6,0,-0.051273631071962034,1553.04,1473.41,0,1,1,1,0,1,0.46277317089470316,0.5252497950380404,0.5305052872023953
ETHUSDT,2025-04-08,2025-04-09,6,1,0.133092621877142,1473.41,1669.51,1,1,1,1,0,1,0.5273379876194507,0.6588692135063217,0.566251811014105
ETHUSDT,2025-04-09,2025-04-10,6,0,-0.08820552138052484,1669.51,1522.25,0,0,0,0,1,1,0.36210773726719675,0.4351307155799112,0.3852582383938366
ETHUSDT,2025-04-10,2025-04-11,6,1,0.029298735424535982,1522.24,1566.85,1,1,1,1,0,1,0.6019170146338351,0.6537557363861591,0.6060305179093887
ETHUSDT,2025-04-11,2025-04-12,6,1,0.04935379902351866,1566.85,1644.18,0,0,0,0,1,1,0.4560867366943931,0.42105718247016377,0.4824392784551843
ETHUSDT,2025-04-12,2025-04-13,6,0,-0.02823291853689991,1644.19,1597.76,0,0,0,0,1,1,0.41307181496010215,0.4162184542977367,0.46256645938299235
ETHUSDT,2025-04-13,2025-04-14,6,1,0.016279040656919763,1597.76,1623.77,0,1,1,1,0,1,0.48139619813468715,0.6477981571857414,0.5417559284139192
ETHUSDT,2025-04-14,2025-04-15,6,0,-0.02154861833880417,1623.78,1588.78,0,0,0,0,1,1,0.46640484026978873,0.45374067442244287,0.4955834478883826
ETHUSDT,2025-04-15,2025-04-16,6,0,-0.007326376213194985,1588.77,1577.14,0,1,1,1,0,1,0.47466521723983746,0.6027659220397765,0.5347155305426025
ETHUSDT,2025-04-16,2025-04-17,6,1,0.004108703095476507,1577.15,1583.62,0,0,1,1,0,1,0.47903615535796396,0.38326359141362454,0.5198523678126379
ETHUSDT,2025-04-17,2025-04-18,6,1,0.003144693802806131,1583.63,1588.6,1,0,1,0,1,1,0.5074264805820541,0.4269833372550511,0.5080292365844056
ETHUSDT,2025-04-18,2025-04-19,6,1,0.015529396953292363,1588.6,1613.27,0,0,1,0,1,1,0.4916419635620899,0.33976097435955266,0.5090212784477252
ETHUSDT,2025-04-19,2025-04-20,6,0,-0.01606054783142319,1613.26,1587.36,1,0,0,0,1,1,0.5185518005020556,0.4083278104938067,0.496345739516309
ETHUSDT,2025-04-20,2025-04-21,6,0,-0.0049075194032859315,1587.36,1579.57,1,1,1,1,0,1,0.5525598857575047,0.5225932761493817,0.5289605575158718
ETHUSDT,2025-04-21,2025-04-22,6,1,0.11185955671480219,1579.57,1756.26,1,1,1,1,0,1,0.582340331924629,0.5276196927016145,0.5173415203559995
ETHUSDT,2025-04-22,2025-04-23,6,1,0.022098094815118374,1756.25,1795.07,0,0,0,0,1,1,0.3969728308391825,0.38872053009953794,0.4039302253416049
ETHUSDT,2025-04-23,2025-04-24,6,0,-0.014161007648726742,1795.08,1769.65,0,0,0,0,1,1,0.4694919453951275,0.34104041290932036,0.48968623071428724
ETHUSDT,2025-04-24,2025-04-25,6,1,0.008447998191732697,1769.64,1784.6,0,1,1,1,0,1,0.4794677834601886,0.5218780740643535,0.5269742471135319
ETHUSDT,2025-04-25,2025-04-26,6,1,0.02032948559901393,1784.6,1820.88,1,0,1,0,1,1,0.5171729952965981,0.4048549375773353,0.5035748516791752
ETHUSDT,2025-04-26,2025-04-27,6,0,-0.01625038442950666,1820.87,1791.29,0,1,0,0,1,1,0.44670872728115146,0.5189924272478009,0.49147480946609196
ETHUSDT,2025-04-27,2025-04-28,6,1,0.004795426759486299,1791.29,1799.88,1,0,1,1,0,1,0.5418837541167872,0.4519334816446829,0.5291592270809699
ETHUSDT,2025-04-28,2025-04-29,6,0,-0.001150076671778244,1799.88,1797.81,0,1,1,0,1,1,0.4497623054636615,0.5164003149812935,0.5073230853217879
ETHUSDT,2025-04-29,2025-04-30,6,0,-0.0023361756804112233,1797.81,1793.61,0,0,1,1,0,1,0.4884962302885832,0.439239753590774,0.5134515755391584
ETHUSDT,2025-04-30,2025-05-01,6,1,0.02481029878290153,1793.62,1838.11,0,0,1,1,0,1,0.4421724955241127,0.37886082569693624,0.5146781164889487
ETHUSDT,2025-05-01,2025-05-02,6,1,0.002225111663611168,1838.1,1842.2,0,0,0,0,1,1,0.4953299138715265,0.47702279234043965,0.4869499330407721
ETHUSDT,2025-05-02,2025-05-03,7,0,-0.0047117576810336015,1842.2,1833.52,1,1,1,0,1,1,0.5599058037216338,0.6908002453472889,0.5087292469741703
ETHUSDT,2025-05-03,2025-05-04,7,0,-0.013449539683232259,1833.52,1808.86,1,1,1,1,0,1,0.5010521959592955,0.5596114309861494,0.5158012265712835
ETHUSDT,2025-05-04,2025-05-05,7,1,0.0062636135466538345,1808.86,1820.19,1,1,1,1,0,1,0.5611937899829853,0.6348956416688725,0.5247701976124681
ETHUSDT,2025-05-05,2025-05-06,7,0,-0.0017525642927387342,1820.19,1817.0,0,1,1,0,1,1,0.49219343403577515,0.6466694327908387,0.5046328163679813
ETHUSDT,2025-05-06,2025-05-07,7,0,-0.003241607044578987,1817.0,1811.11,0,1,1,1,0,1,0.45574249618937746,0.5493397776516783,0.5127789963635024
ETHUSDT,2025-05-07,2025-05-08,7,1,0.2188050422116823,1811.11,2207.39,1,1,1,1,0,1,0.5578523133608858,0.6222323802290223,0.5142987678917851
ETHUSDT,2025-05-08,2025-05-09,7,1,0.06235871323146336,2207.39,2345.04,0,0,0,0,1,1,0.3889347934997256,0.3574893898200779,0.318122578850117
ETHUSDT,2025-05-09,2025-05-10,7,1,0.1015718281990925,2345.04,2583.23,1,0,0,0,1,1,0.5690554998016305,0.4693657374669495,0.44953601011971656
ETHUSDT,2025-05-10,2025-05-11,7,0,-0.02657912768123627,2583.22,2514.57,1,1,0,0,1,1,0.5101117242763172,0.5773554637128802,0.4133188149486419
ETHUSDT,2025-05-11,2025-05-12,7,0,-0.007595732073475969,2514.58,2495.47,0,1,1,1,0,1,0.49159112712909864,0.6768101609652183,0.538365225164797
ETHUSDT,2025-05-12,2025-05-13,7,1,0.0738297795605638,2495.48,2679.71,0,1,1,1,0,1,0.4662162974881703,0.5202218849344751,0.5187541789800201
ETHUSDT,2025-05-13,2025-05-14,7,0,-0.026111034402976574,2679.71,2609.74,0,1,0,0,1,1,0.42169800915585764,0.6134855097966926,0.43873091646999507
ETHUSDT,2025-05-14,2025-05-15,7,0,-0.02339313494830897,2609.75,2548.69,0,1,1,1,0,1,0.49771089068229263,0.588551133905365,0.537878258228741
ETHUSDT,2025-05-15,2025-05-16,7,0,-0.00453958700351953,2548.7,2537.12,1,1,1,1,0,1,0.5595995495213485,0.6095895828184051,0.5350539939499129
ETHUSDT,2025-05-16,2025-05-17,7,0,-0.024452922999306237,2537.13,2475.08,1,1,1,1,0,1,0.5729567977086368,0.7039029367442771,0.5156251718283247
ETHUSDT,2025-05-17,2025-05-18,7,1,0.009171420721754586,2475.09,2497.78,1,1,1,1,0,1,0.5083252317428009,0.6094301767581285,0.5361545981371156
ETHUSDT,2025-05-18,2025-05-19,7,1,0.012154793456589319,2497.78,2528.14,1,0,1,0,1,1,0.5880355394601923,0.4888212221846938,0.5016930516343345
ETHUSDT,2025-05-19,2025-05-20,7,0,-0.001562413473937263,2528.14,2524.19,1,0,0,0,1,1,0.5317140557959614,0.4773883003075443,0.4986855618796794
ETHUSDT,2025-05-20,2025-05-21,7,1,0.010617267321398005,2524.19,2550.99,1,1,1,1,0,1,0.5719534994072306,0.5101409941029607,0.5125850671423596
ETHUSDT,2025-05-21,2025-05-22,7,1,0.044621891892951515,2551.0,2664.82,1,0,1,0,1,1,0.587301234162981,0.49982135458912136,0.5002344102206709
ETHUSDT,2025-05-22,2025-05-23,7,0,-0.05190594486682032,2664.83,2526.5,1,0,0,0,1,1,0.5535107748834631,0.4179164465608418,0.46656733637292913
ETHUSDT,2025-05-23,2025-05-24,7,1,0.0015436374431030409,2526.49,2530.4,1,1,1,1,0,1,0.7115739367208759,0.5450684341250973,0.5649314251561348
ETHUSDT,2025-05-24,2025-05-25,7,1,0.008227948150489883,2530.41,2551.22,1,1,1,0,1,1,0.5736093452049105,0.5224871560157981,0.5094220228793647
ETHUSDT,2025-05-25,2025-05-26,7,1,0.004891777267346686,2551.22,2563.7,0,1,1,0,1,1,0.4667084614857926,0.5177361924431991,0.5026459865207604
ETHUSDT,2025-05-26,2025-05-27,7,1,0.0378788469789757,2563.7,2660.81,0,1,1,0,1,1,0.4997061346337474,0.5180726593001811,0.5060225809431007
ETHUSDT,2025-05-27,2025-05-28,7,1,0.007813410202156534,2660.81,2681.6,0,0,0,0,1,1,0.4845906650400241,0.42619337435080923,0.4731411679846992
ETHUSDT,2025-05-28,2025-05-29,7,0,-0.01872389618138426,2681.61,2631.39,0,1,1,0,1,1,0.46754409347181153,0.5341922915278602,0.5030649583058425
ETHUSDT,2025-05-29,2025-05-30,7,0,-0.038021729960211026,2631.39,2531.34,1,1,1,1,0,1,0.6378273173755875,0.566606553353331,0.5302152042924361
ETHUSDT,2025-05-30,2025-05-31,7,0,-0.0012957563977973319,2531.35,2528.06,1,1,1,1,0,1,0.6502989920575065,0.6292326722846118,0.5503172880270276
ETHUSDT,2025-05-31,2025-06-01,7,1,0.004410496586315205,2528.06,2539.21,1,0,1,1,0,1,0.5316436636007901,0.48760304606336835,0.5123131672791131
ETHUSDT,2025-06-01,2025-06-02,7,1,0.026858747405689165,2539.2,2607.41,0,1,1,0,1,1,0.48983116327781584,0.5185724873962619,0.5065105800279818
ETHUSDT,2025-06-02,2025-06-03,7,0,-0.00538848896030919,2607.42,2593.36,0,1,0,0,1,1,0.4527412022123254,0.5133128483895489,0.4839964985778467
ETHUSDT,2025-06-03,2025-06-04,7,1,0.005521794120368906,2593.35,2607.68,1,0,1,1,0,1,0.511502462730279,0.49190556554659465,0.5164934812841891
ETHUSDT,2025-06-04,2025-06-05,7,0,-0.0742690820959625,2607.68,2414.01,1,1,1,0,1,1,0.5230728478172141,0.5045473559177172,0.5053841053373104
ETHUSDT,2025-06-05,2025-06-06,7,1,0.02572068881239087,2414.02,2476.1,1,0,1,1,0,1,0.6112984093379527,0.49710467605564157,0.5886723236177088
ETHUSDT,2025-06-06,2025-06-07,7,1,0.019599369976980086,2476.1,2524.63,1,0,0,0,1,1,0.5016079385128689,0.4786302077605758,0.48512521366219763
ETHUSDT,2025-06-07,2025-06-08,7,0,-0.005862245160677126,2524.64,2509.83,0,0,0,0,1,1,0.47221985356279783,0.3908508197489237,0.49122017083341624
ETHUSDT,2025-06-08,2025-06-09,7,1,0.06785320121283123,2509.84,2680.13,1,0,1,1,0,1,0.5234604496665051,0.45372654391295125,0.5169783477102026
ETHUSDT,2025-06-09,2025-06-10,7,1,0.05084454858532972,2680.13,2816.4,0,0,0,0,1,1,0.42664425801628475,0.3660875251963471,0.4443394447623088
ETHUSDT,2025-06-10,2025-06-11,7,0,-0.015903280783979512,2816.41,2771.61,0,0,0,0,1,1,0.443740934980909,0.4509329119670562,0.4605485079562305
ETHUSDT,2025-06-11,2025-06-12,7,0,-0.04652891279797666,2771.6,2642.65,1,1,1,1,0,1,0.529510769900551,0.5092046897878828,0.5273005098962805
ETHUSDT,2025-06-12,2025-06-13,7,0,-0.024013774052560888,2642.66,2579.19,1,1,1,1,0,1,0.5611380993949394,0.5120961951554732,0.5592584447385722
ETHUSDT,2025-06-13,2025-06-14,7,0,-0.018777213000980897,2579.19,2530.76,1,1,1,1,0,1,0.520467372508017,0.5039478349472044,0.5356984331469704
ETHUSDT,2025-06-14,2025-06-15,7,1,0.006658078996032879,2530.77,2547.61,1,1,1,1,0,1,0.5054054535371888,0.5645189794744099,0.5302703608481312
ETHUSDT,2025-06-15,2025-06-16,7,0,-0.0013502851692370754,2547.62,2544.17,1,0,1,0,1,1,0.508511620090498,0.4079015928095075,0.5042335322508718
ETHUSDT,2025-06-16,2025-06-17,7,0,-0.013450359056195293,2544.17,2509.95,1,1,1,1,0,1,0.576894840617708,0.5156759885395767,0.5123687628419059
ETHUSDT,2025-06-17,2025-06-18,7,1,0.005996135381183043,2509.95,2525.0,1,1,1,1,0,1,0.5752129935211159,0.5802613523015361,0.5247710417231599
ETHUSDT,2025-06-18,2025-06-19,7,0,-0.0015366336633664268,2525.0,2521.12,0,0,1,0,1,1,0.47873226400891333,0.4824607147191927,0.5049036476927777
ETHUSDT,2025-06-19,2025-06-20,7,0,-0.0454678872881894,2521.13,2406.49,1,0,1,1,0,1,0.500793126217741,0.4077125624227006,0.5125587776228324
ETHUSDT,2025-06-20,2025-06-21,7,0,-0.04602553927088826,2406.49,2295.73,1,1,1,1,0,1,0.632822477274365,0.619531945886855,0.5581409297992236
ETHUSDT,2025-06-21,2025-06-22,7,0,-0.02963327569008556,2295.72,2227.7,1,1,1,1,0,1,0.6078314089230812,0.6635421526284129,0.5587281905938294
ETHUSDT,2025-06-22,2025-06-23,7,1,0.08257844413520665,2227.7,2411.66,1,1,1,1,0,1,0.6106944766130729,0.5894532423164525,0.5415464325401742
ETHUSDT,2025-06-23,2025-06-24,7,1,0.015255052536427227,2411.66,2448.45,0,0,0,0,1,1,0.4352162543398939,0.4551486090457052,0.4306052662411408
ETHUSDT,2025-06-24,2025-06-25,7,0,-0.012236312769303037,2448.46,2418.49,0,0,0,0,1,1,0.4561381098845728,0.3383356558320944,0.49556972192716126
ETHUSDT,2025-06-25,2025-06-26,7,0,-0.0010461072818161998,2418.5,2415.96,0,0,1,1,0,1,0.4974208262752394,0.4886189788573707,0.5235209580306067
ETHUSDT,2025-06-26,2025-06-27,7,1,0.0029843209324658115,2415.96,2423.17,1,1,1,1,0,1,0.5233001298243004,0.5489737196879412,0.512058668958975
ETHUSDT,2025-06-27,2025-06-28,7,1,0.005137897877573572,2423.17,2435.62,0,1,1,0,1,1,0.44033695480116447,0.5211626076425366,0.5079579620364164
ETHUSDT,2025-06-28,2025-06-29,7,1,0.026469646332350827,2435.62,2500.09,0,0,1,0,1,1,0.47272211690241145,0.4012355507145097,0.5057731104527219
ETHUSDT,2025-06-29,2025-06-30,7,0,-0.005847789479578869,2500.09,2485.47,0,0,0,0,1,1,0.46107432337814236,0.40342173817040194,0.4843822465347479
ETHUSDT,2025-06-30,2025-07-01,7,0,-0.03237214691788659,2485.47,2405.01,0,0,1,1,0,1,0.48745930837780294,0.49896106838914783,0.5169635500747357
ETHUSDT,2025-07-01,2025-07-02,7,1,0.06877310281454108,2405.01,2570.41,1,0,1,1,0,1,0.5107501196853405,0.4528558885333492,0.5444048911367834
ETHUSDT,2025-07-02,2025-07-03,7,1,0.00810765597706209,2570.41,2591.25,0,0,0,0,1,1,0.41695669883742387,0.45750931064656775,0.44347318907562605
ETHUSDT,2025-07-03,2025-07-04,7,0,-0.03211191509889055,2591.26,2508.04,1,1,1,0,1,1,0.5302906431221924,0.5660372588586956,0.5027675479865696
ETHUSDT,2025-07-04,2025-07-05,7,1,0.0033372673482081616,2508.04,2516.41,1,1,1,1,0,1,0.5549027493944635,0.5534483231459678,0.5441330720767784
ETHUSDT,2025-07-05,2025-07-06,7,1,0.02143529869933758,2516.42,2570.35,0,0,1,0,1,1,0.49526002296528426,0.3598185048302829,0.5075995874604592
ETHUSDT,2025-07-06,2025-07-07,7,0,-0.01091680121384242,2570.35,2542.29,0,0,0,0,1,1,0.4636630201308745,0.4267351526789859,0.4893879584047981
ETHUSDT,2025-07-07,2025-07-08,7,1,0.028698535572259765,2542.3,2615.25,1,0,1,1,0,1,0.5006651301442935,0.4176653867028085,0.522163686601247
ETHUSDT,2025-07-08,2025-07-09,7,1,0.058690373769238136,2615.25,2768.74,0,0,0,0,1,1,0.42296373708160295,0.338681620104776,0.4821748076644079
ETHUSDT,2025-07-09,2025-07-10,7,1,0.06593251804069733,2768.74,2951.29,0,0,0,0,1,1,0.44316686119614707,0.42139060115944704,0.4530266784406559
ETHUSDT,2025-07-10,2025-07-11,7,1,0.0023481257348481055,2951.29,2958.22,0,1,0,0,1,1,0.49716992186469816,0.613069048414502,0.44615161508740087
ETHUSDT,2025-07-11,2025-07-12,7,0,-0.005050334322666883,2958.21,2943.28,1,1,1,0,1,1,0.575810735184777,0.6857221492433309,0.5086042393607576
ETHUSDT,2025-07-12,2025-07-13,7,1,0.009768013916446883,2943.29,2972.03,1,0,1,1,0,1,0.5261885090457229,0.4741825901458989,0.5161475186600407
ETHUSDT,2025-07-13,2025-07-14,7,1,0.013993802215993778,2972.03,3013.62,1,0,1,0,1,1,0.5067837674397363,0.4978524168628783,0.5010909279601242
ETHUSDT,2025-07-14,2025-07-15,7,1,0.04123612134243859,3013.61,3137.89,0,0,0,0,1,1,0.4531145134527254,0.49223990568497505,0.49683613347373057
ETHUSDT,2025-07-15,2025-07-16,7,1,0.07440031358651833,3137.9,3371.35,0,1,0,0,1,1,0.46420134835483895,0.5854871548421133,0.46986151388280595
ETHUSDT,2025-07-16,2025-07-17,7,1,0.03129903451139748,3371.35,3476.87,0,0,0,0,1,1,0.4665557498697693,0.4731673604503017,0.438197941940334
ETHUSDT,2025-07-17,2025-07-18,7,1,0.020147431454152764,3476.88,3546.92,1,1,0,0,1,1,0.5322428577653814,0.5818654979003851,0.47960625476706126
ETHUSDT,2025-07-18,2025-07-19,7,1,0.012712437833387824,3546.92,3592.01,1,1,0,0,1,1,0.5881415231029663,0.684927146056945,0.49067284660238236
ETHUSDT,2025-07-19,2025-07-20,7,1,0.04584619753285768,3592.0,3756.69,0,1,0,0,1,1,0.48656003710369417,0.7055700673494729,0.49812439707418155
ETHUSDT,2025-07-20,2025-07-21,7,1,0.0015013216421901898,3756.69,3762.33,1,1,0,0,1,1,0.522622049213243,0.5942006283367578,0.4653794791004851
ETHUSDT,2025-07-21,2025-07-22,7,0,-0.004284578971009978,3762.32,3746.21,1,1,1,0,1,1,0.5291454746860421,0.5593713775318911,0.5094650548289591
ETHUSDT,2025-07-22,2025-07-23,7,0,-0.03147714623579567,3746.21,3628.29,1,1,1,1,0,1,0.5091299623549445,0.5464032311654876,0.5153644598010324
ETHUSDT,2025-07-23,2025-07-24,7,1,0.0216768780885761,3628.29,3706.94,1,1,1,1,0,1,0.5536995769298388,0.5280791220674875,0.5434702356547979
ETHUSDT,2025-07-24,2025-07-25,7,1,0.004861152325098317,3706.95,3724.96,1,1,0,0,1,1,0.5321121642773213,0.5035186968514741,0.4891471333758135
ETHUSDT,2025-07-25,2025-07-26,7,1,0.004332932434173653,3724.97,3741.1,1,1,1,0,1,1,0.5536365469673505,0.549111068926336,0.506053626780088
ETHUSDT,2025-07-26,2025-07-27,7,1,0.03501643901526297,3741.11,3872.1,1,0,1,0,1,1,0.5960486905517179,0.4931023259392008,0.5065892476732593
ETHUSDT,2025-07-27,2025-07-28,7,0,-0.01887864466310274,3872.11,3799.0,0,0,0,0,1,1,0.4825088483349227,0.4910531377869079,0.475947637069416
ETHUSDT,2025-07-28,2025-07-29,7,0,-0.001371413529876242,3799.0,3793.79,1,1,1,1,0,1,0.5670121236364052,0.5722445861052949,0.5303752987164768
ETHUSDT,2025-07-29,2025-07-30,7,1,0.004272772082798415,3793.79,3810.0,1,1,1,1,0,1,0.5259081864583123,0.5022091068591016,0.5123903052879079
ETHUSDT,2025-07-30,2025-07-31,7,0,-0.029293963254593214,3810.0,3698.39,0,0,1,0,1,1,0.4806045694929724,0.43713303139313975,0.5066502678758042
ETHUSDT,2025-07-31,2025-08-01,7,0,-0.056832838072783054,3698.39,3488.2,1,1,1,1,0,1,0.6385389104138904,0.6302943547791593,0.5411926725176054
ETHUSDT,2025-08-01,2025-08-02,7,0,-0.027022533111633495,3488.21,3393.94,1,1,1,1,0,1,0.6721045729854805,0.5094158314457011,0.570142838412343
ETHUSDT,2025-08-02,2025-08-03,7,1,0.0302892803054855,3393.94,3496.74,1,1,1,1,0,1,0.6177426926850853,0.6129837629735417,0.538826657304721
ETHUSDT,2025-08-03,2025-08-04,7,1,0.06413116216819104,3496.75,3720.99,1,0,0,0,1,1,0.5168501736070984,0.4636542660171786,0.4806027140255621
ETHUSDT,2025-08-04,2025-08-05,7,0,-0.029290592019865613,3720.99,3612.0,0,0,0,0,1,1,0.44916007542349123,0.37505371108317326,0.4478554754596433
ETHUSDT,2025-08-05,2025-08-06,7,1,0.019742524916943616,3612.01,3683.31,1,1,1,1,0,1,0.5114385308489634,0.5250505918669429,0.54118915815059
ETHUSDT,2025-08-06,2025-08-07,7,1,0.06162934968818812,3683.31,3910.31,0,0,0,0,1,1,0.4435155189941992,0.41601473573214925,0.49107717799787076
ETHUSDT,2025-08-07,2025-08-08,7,1,0.025366275308095876,3910.3,4009.5,0,0,0,0,1,1,0.4576548629769306,0.49186814369555504,0.4502287027313811
ETHUSDT,2025-08-08,2025-08-09,7,1,0.0626312507793989,4009.51,4260.62,1,0,0,0,1,1,0.5474996226480768,0.39375275320217973,0.48547700471182836
ETHUSDT,2025-08-09,2025-08-10,7,0,-0.0023588116283546068,4260.63,4250.57,1,0,0,0,1,1,0.5079084302091548,0.37166211759065115,0.44927734729823005
ETHUSDT,2025-08-10,2025-08-11,7,0,-0.006434431146881359,4250.58,4223.22,0,1,1,1,0,1,0.49345474327824984,0.5597697523782291,0.5133975109099125
ETHUSDT,2025-08-11,2025-08-12,7,1,0.08697155251206423,4223.22,4590.52,1,1,1,1,0,1,0.5423432642910152,0.5012160303358576,0.517564217649515
ETHUSDT,2025-08-12,2025-08-13,7,1,0.03458867404999855,4590.52,4749.3,0,1,0,0,1,1,0.4219750665622795,0.5120796556815916,0.4265633923158432
ETHUSDT,2025-08-13,2025-08-14,7,0,-0.042629440128018836,4749.31,4546.84,0,0,0,0,1,1,0.4813932153372322,0.44458983712567035,0.4763678439695912
ETHUSDT,2025-08-14,2025-08-15,7,0,-0.023614202391111117,4546.84,4439.47,1,1,1,1,0,1,0.601010386514479,0.640959494605382,0.5551546022233511
ETHUSDT,2025-08-15,2025-08-16,7,0,-0.0039374069427207115,4439.47,4421.99,1,1,1,1,0,1,0.5950938681123292,0.6169703404240845,0.535283505385431
ETHUSDT,2025-08-16,2025-08-17,7,1,0.011384014889224137,4422.0,4472.33,1,1,1,1,0,1,0.5295547569385545,0.5789954492851694,0.5150096161614229
ETHUSDT,2025-08-17,2025-08-18,7,0,-0.03562796126403911,4472.34,4312.99,1,1,0,0,1,1,0.548827907507114,0.5456167603033923,0.49946172077626544
ETHUSDT,2025-08-18,2025-08-19,7,0,-0.05504302119875071,4312.99,4075.59,1,1,1,1,0,1,0.6189581308494151,0.6237719148084887,0.5478095725694745
ETHUSDT,2025-08-19,2025-08-20,7,1,0.06393430153670998,4075.58,4336.16,1,1,1,1,0,1,0.6174071900654026,0.6724477804537693,0.5682482565046976
ETHUSDT,2025-08-20,2025-08-21,7,0,-0.025566399763846226,4336.16,4225.3,0,0,0,0,1,1,0.4576004325144652,0.46615566501919803,0.44804193117508695
ETHUSDT,2025-08-21,2025-08-22,7,1,0.14360400444938803,4225.3,4832.07,1,1,1,1,0,1,0.5948071408500742,0.6563890231301016,0.537311867426172
ETHUSDT,2025-08-22,2025-08-23,7,0,-0.011107041081772406,4832.07,4778.4,0,0,0,0,1,1,0.46350192175513183,0.4308951345221122,0.37686645235610655
ETHUSDT,2025-08-23,2025-08-24,7,1,0.000366231374518744,4778.4,4780.15,0,1,1,1,0,1,0.49078285892020773,0.5846459206226754,0.5223592793859859
ETHUSDT,2025-08-24,2025-08-25,7,0,-0.0845099003169355,4780.15,4376.18,1,1,1,0,1,1,0.5319313105033329,0.5546855206938078,0.5106199798331545
ETHUSDT,2025-08-25,2025-08-26,7,1,0.05128902376044864,4376.17,4600.63,1,1,1,1,0,1,0.5322043329280423,0.5708366015331446,0.5996036399792961
ETHUSDT,2025-08-26,2025-08-27,7,0,-0.020414595392370227,4600.63,4506.71,0,1,0,0,1,1,0.36320451771407136,0.5066407413075246,0.4601203742226081
ETHUSDT,2025-08-27,2025-08-28,7,1,0.0009985111089907406,4506.71,4511.21,1,1,1,1,0,1,0.5444102612205348,0.6016426849239523,0.5319653361472533
ETHUSDT,2025-08-28,2025-08-29,7,0,-0.033478822754870574,4511.2,4360.18,1,1,1,0,1,1,0.5111529386369434,0.5272497701219966,0.5099765031665786
ETHUSDT,2025-08-29,2025-08-30,7,1,0.003100789416950578,4360.18,4373.7,1,1,1,1,0,1,0.5826302428542546,0.6234132686128577,0.5455613627933228
ETHUSDT,2025-08-30,2025-08-31,7,1,0.004145231725998677,4373.7,4391.83,1,0,1,0,1,1,0.5429117287766503,0.49191333600745796,0.5078396892647156
ETHUSDT,2025-08-31,2025-09-01,7,0,-0.017607694286891795,4391.83,4314.5,1,1,1,0,1,1,0.5499989674289945,0.5446131629954952,0.5067796425553971
ETHUSDT,2025-09-01,2025-09-02,7,1,0.002781318808668498,4314.5,4326.5,1,1,1,1,0,1,0.5796686457269523,0.6370182098234899,0.5290610073944525
ETHUSDT,2025-09-02,2025-09-03,7,1,0.028651334797180184,4326.49,4450.46,1,1,1,0,1,1,0.5464524232378152,0.570415378966805,0.508164139691952
ETHUSDT,2025-09-03,2025-09-04,7,0,-0.03435824611388483,4450.46,4297.55,0,0,0,0,1,1,0.45881145910356774,0.4253568130324833,0.4822214977005653
ETHUSDT,2025-09-04,2025-09-05,7,1,0.002303638119393492,4297.56,4307.45,1,1,1,1,0,1,0.6248793891667243,0.6513807638466963,0.5464809508755758
ETHUSDT,2025-09-05,2025-09-06,7,0,-0.00796526947497933,4307.46,4273.14,1,1,1,0,1,1,0.6256893337685812,0.6191413871938143,0.5086494462879304
ETHUSDT,2025-09-06,2025-09-07,7,1,0.007734359276784675,4273.15,4306.19,1,1,1,1,0,1,0.528277768801068,0.5755490874519885,0.5191330844567534
ETHUSDT,2025-09-07,2025-09-08,7,1,4.180029213762815e-05,4306.19,4306.37,1,1,1,0,1,1,0.5124055665192552,0.5093825526004115,0.5031448738422816
ETHUSDT,2025-09-08,2025-09-09,7,1,0.0008638365955551119,4306.36,4310.09,1,0,1,0,1,1,0.506300865181029,0.44952415602052614,0.5109503005743646
ETHUSDT,2025-09-09,2025-09-10,7,1,0.00910189810421591,4310.08,4349.32,0,1,1,0,1,1,0.467708687500342,0.5126887244715519,0.5101135313770142
ETHUSDT,2025-09-10,2025-09-11,7,1,0.025176349406343945,4349.33,4458.82,1,1,1,0,1,1,0.5049868871181054,0.5817436417823214,0.5017632416035918
ETHUSDT,2025-09-11,2025-09-12,7,1,0.05681772307471489,4458.83,4712.16,0,1,0,0,1,1,0.46182456191444726,0.5076652105506282,0.4856655812622135
ETHUSDT,2025-09-12,2025-09-13,7,0,-0.009683457268004458,4712.16,4666.53,0,0,0,0,1,1,0.4845463345707843,0.4673659227734605,0.4548151067846024
ETHUSDT,2025-09-13,2025-09-14,7,0,-0.013294675058341032,4666.54,4604.49,1,1,1,1,0,1,0.5461811728527506,0.5847895304831173,0.5208963889787596
ETHUSDT,2025-09-14,2025-09-15,7,0,-0.01753722996466489,4604.48,4523.74,0,0,1,1,0,1,0.4600477231866512,0.4721285586275639,0.5246106675134234
ETHUSDT,2025-09-15,2025-09-16,7,0,-0.004962707847931069,4523.74,4501.29,1,1,1,1,0,1,0.5336838427455128,0.5999482729989026,0.5289881779590397
ETHUSDT,2025-09-16,2025-09-17,7,1,0.01982542782180219,4501.3,4590.53,0,0,1,1,0,1,0.48674860451755475,0.29702866327285454,0.5160578855356541
ETHUSDT,2025-09-17,2025-09-18,7,0,-0.000625200140288773,4590.54,4587.66,0,0,0,0,1,1,0.47122524730108467,0.4832018536452918,0.49099437881410796
ETHUSDT,2025-09-18,2025-09-19,7,0,-0.025954408129634676,4587.66,4468.59,1,0,1,1,0,1,0.5273338309199126,0.4515033894225833,0.5116297159816232
ETHUSDT,2025-09-19,2025-09-20,7,1,0.002647367514137633,4468.59,4480.42,1,1,1,1,0,1,0.5396756822613596,0.5801307531324221,0.5377153528190144
ETHUSDT,2025-09-20,2025-09-21,7,0,-0.00791220465938458,4480.41,4444.97,1,0,1,0,1,1,0.5034020912928036,0.432158792343205,0.5083002077080255
ETHUSDT,2025-09-21,2025-09-22,7,0,-0.05531870856271248,4444.98,4199.08,1,0,1,1,0,1,0.539921392610619,0.4525908791104487,0.5190786670699132
ETHUSDT,2025-09-22,2025-09-23,7,0,-0.008292292597426032,4199.09,4164.26,1,1,1,1,0,1,0.5733482064548863,0.5386233670924806,0.5685399785167661
ETHUSDT,2025-09-23,2025-09-24,7,0,-0.0027495881621224516,4164.25,4152.81,0,1,1,1,0,1,0.4899480913609063,0.5454141027600614,0.5194684972720622
ETHUSDT,2025-09-24,2025-09-25,7,0,-0.06705098475490101,4152.81,3874.36,0,1,1,1,0,1,0.4366296550191423,0.5163976525389887,0.513796372282219
ETHUSDT,2025-09-25,2025-09-26,7,1,0.040749956121785225,3874.35,4032.24,1,1,1,1,0,1,0.6356588743718572,0.6524966868103852,0.5809870336176479
ETHUSDT,2025-09-26,2025-09-27,7,0,-0.003437295399083329,4032.24,4018.38,1,1,0,0,1,1,0.501629345967246,0.500698892512399,0.47033562938822515
ETHUSDT,2025-09-27,2025-09-28,7,1,0.030803458109984527,4018.39,4142.16,0,0,1,1,0,1,0.4170710765834572,0.3281964481635499,0.5144986442888991
ETHUSDT,2025-09-28,2025-09-29,7,1,0.017601927496764924,4142.16,4215.07,0,0,0,0,1,1,0.4615579235238603,0.4020309572111395,0.480095164397346
ETHUSDT,2025-09-29,2025-09-30,7,0,-0.016588099367270348,4215.07,4145.15,0,0,0,0,1,1,0.3833399449316502,0.4073135028354828,0.49321758815549804
ETHUSDT,2025-09-30,2025-10-01,7,1,0.04894394653993217,4145.15,4348.03,0,0,1,1,0,1,0.4148079333884934,0.46510571186840577,0.5280075798874259
ETHUSDT,2025-10-01,2025-10-02,7,1,0.03135212958512268,4348.03,4484.35,0,0,0,0,1,1,0.3451445867753592,0.4138957754909363,0.4623819284626382
ETHUSDT,2025-10-02,2025-10-03,7,1,0.006359896083044214,4484.35,4512.87,0,0,0,0,1,1,0.4338604253293978,0.39001582747220254,0.4795538901918751
ETHUSDT,2025-10-03,2025-10-04,7,0,-0.005699255684298521,4512.88,4487.15,1,1,1,0,1,1,0.5276227916156893,0.5134129041753135,0.504535343761721
ETHUSDT,2025-10-04,2025-10-05,7,1,0.006055068361877858,4487.16,4514.32,0,0,1,1,0,1,0.44499719784585023,0.4372822262834411,0.5168115134030754
ETHUSDT,2025-10-05,2025-10-06,7,1,0.037589271473887687,4514.32,4684.01,1,1,1,0,1,1,0.5418902585775837,0.5794466612945196,0.5048439699736572
ETHUSDT,2025-10-06,2025-10-07,7,0,-0.05045036197617003,4684.02,4447.7,0,0,0,0,1,1,0.4536614747606259,0.44037585965458786,0.47342465820136465
ETHUSDT,2025-10-07,2025-10-08,7,1,0.01754165074083236,4447.7,4525.72,1,1,1,1,0,1,0.6046696968352647,0.5281346601590561,0.5633941740194292
ETHUSDT,2025-10-08,2025-10-09,7,0,-0.034829817134069296,4525.72,4368.09,0,0,0,0,1,1,0.4780099784724875,0.4265574015037327,0.4932779287675836
ETHUSDT,2025-10-09,2025-10-10,7,0,-0.12325066562273224,4368.09,3829.72,1,0,1,1,0,1,0.5473681957151092,0.49103345181975594,0.546974273999614
ETHUSDT,2025-10-10,2025-10-11,7,0,-0.02165432459814287,3829.72,3746.79,1,1,1,1,0,1,0.6749272233240576,0.5677824380589527,0.6410732154551684
ETHUSDT,2025-10-11,2025-10-12,7,1,0.10822597476773455,3746.8,4152.29,1,1,1,1,0,1,0.5275768267761706,0.61968861666426,0.5332500675395575
ETHUSDT,2025-10-12,2025-10-13,7,1,0.021327990097030902,4152.29,4240.85,0,0,0,0,1,1,0.41454158643542055,0.42602434461134214,0.4073802999679361
ETHUSDT,2025-10-13,2025-10-14,7,0,-0.02731292075881009,4240.86,4125.02,0,0,0,0,1,1,0.48395808005336644,0.3525705403764216,0.48949495178015384
ETHUSDT,2025-10-14,2025-10-15,7,0,-0.03379619977600112,4125.01,3985.61,1,0,1,1,0,1,0.5446952284645579,0.4682418961367376,0.539128928647677
ETHUSDT,2025-10-15,2025-10-16,7,0,-0.022857228880899028,3985.61,3894.51,1,1,1,1,0,1,0.5173087303646884,0.5985594501364262,0.545893174593586
ETHUSDT,2025-10-16,2025-10-17,7,0,-0.016161211551645738,3894.5,3831.57,1,1,1,1,0,1,0.5507672820243754,0.5140946231984317,0.5344977723387156
ETHUSDT,2025-10-17,2025-10-18,7,1,0.015043441722322637,3831.58,3889.21,1,1,1,1,0,1,0.5823746909979016,0.6142241879242106,0.5275667766879947
ETHUSDT,2025-10-18,2025-10-19,7,1,0.024007446242295893,3889.2,3982.58,0,0,0,0,1,1,0.4963758573212875,0.39664119397601577,0.49578208528449585
ETHUSDT,2025-10-19,2025-10-20,7,0,-0.0008436742011460607,3982.58,3979.22,0,0,0,0,1,1,0.46579870715769905,0.4428880600906315,0.48682703747439415
ETHUSDT,2025-10-20,2025-10-21,7,0,-0.02668110835791926,3979.22,3873.05,0,0,1,1,0,1,0.4765189359654609,0.49318823259058975,0.5118523458988433
ETHUSDT,2025-10-21,2025-10-22,7,0,-0.017433289009953445,3873.04,3805.53,1,1,1,1,0,1,0.5671702983583236,0.634575593313811,0.5384713391149099
ETHUSDT,2025-10-22,2025-10-23,7,1,0.013472499231381718,3805.53,3856.8,1,1,1,1,0,1,0.5486205912060057,0.5895852871135032,0.5288807555412963
ETHUSDT,2025-10-23,2025-10-24,7,1,0.020244762497407143,3856.8,3934.88,1,0,0,0,1,1,0.5370044614825805,0.46348463027423104,0.4973600426585791
ETHUSDT,2025-10-24,2025-10-25,7,1,0.004813361525637383,3934.88,3953.82,1,1,0,0,1,1,0.6049591856808874,0.5384521039066308,0.4905756795347975
ETHUSDT,2025-10-25,2025-10-26,7,1,0.051757540808635705,3953.81,4158.46,1,0,1,0,1,1,0.5456716828334802,0.36212922958257554,0.5061020761907438
ETHUSDT,2025-10-26,2025-10-27,7,0,-0.009212545028688623,4158.46,4120.15,0,0,0,0,1,1,0.4830765459759639,0.4741314953765849,0.4596693421261049
ETHUSDT,2025-10-27,2025-10-28,7,0,-0.03420991954176422,4120.16,3979.2,1,1,1,1,0,1,0.5572344842852546,0.587040948202776,0.5204128571732811
ETHUSDT,2025-10-28,2025-10-29,7,0,-0.01915209087253722,3979.19,3902.99,1,1,1,1,0,1,0.5222792612218332,0.5273626786788863,0.5463258133519513
ETHUSDT,2025-10-29,2025-10-30,7,0,-0.025083333546844777,3903.0,3805.09,1,1,1,1,0,1,0.5118523446382308,0.5948382983536247,0.5306582378347576
ETHUSDT,2025-10-30,2025-10-31,7,1,0.011274371959664409,3804.95,3847.99,1,1,1,1,0,1,0.540454234440378,0.5840158280451614,0.5368096887515805
ETHUSDT,2025-10-31,2025-11-01,7,1,0.006699601610191452,3848.0,3873.77,1,1,0,0,1,1,0.5838442342531708,0.6068892939200246,0.49957217740641163
ETHUSDT,2025-11-01,2025-11-02,7,1,0.008469785247962491,3873.78,3906.58,1,0,1,0,1,1,0.5098761617768104,0.41110161895009667,0.5041915111884354
ETHUSDT,2025-11-02,2025-11-03,7,0,-0.0774974530151693,3906.58,3603.83,0,0,1,0,1,1,0.46273682572508656,0.4118888691470497,0.50240164057107
ETHUSDT,2025-11-03,2025-11-04,7,0,-0.08790092762422197,3603.84,3287.05,1,0,1,1,0,1,0.5141107020190829,0.4588161332137235,0.5921152476139897
ETHUSDT,2025-11-04,2025-11-05,7,1,0.04175172266926275,3287.05,3424.29,0,1,1,1,0,1,0.46111319551987007,0.5776610628985512,0.603228904656282
ETHUSDT,2025-11-05,2025-11-06,7,0,-0.031875220848701535,3424.29,3315.14,0,0,0,0,1,1,0.3983207900934204,0.2736852880499218,0.46935899307529216
ETHUSDT,2025-11-06,2025-11-07,7,1,0.03647206452819507,3315.14,3436.05,1,1,1,1,0,1,0.5362490233159808,0.5712730853611703,0.5438858792631478
ETHUSDT,2025-11-07,2025-11-08,7,0,-0.010052240217691799,3436.04,3401.51,1,0,0,0,1,1,0.500354772948936,0.46808231220296503,0.47451928868817034
ETHUSDT,2025-11-08,2025-11-09,7,1,0.05349094960767409,3401.51,3583.46,1,1,1,1,0,1,0.5089842871311666,0.6741487023829773,0.5212751878783553
ETHUSDT,2025-11-09,2025-11-10,7,0,-0.004356125085810958,3583.46,3567.85,0,0,0,0,1,1,0.42787762012791236,0.3480288825232349,0.45800294765984945
ETHUSDT,2025-11-10,2025-11-11,7,0,-0.04206735148618912,3567.85,3417.76,0,1,1,1,0,1,0.4269551347105141,0.5238313277296958,0.5154376003631339
ETHUSDT,2025-11-11,2025-11-12,7,0,-0.0008309536070408852,3417.76,3414.92,0,1,1,1,0,1,0.4657965646431235,0.5066050064951426,0.5545638008157217
ETHUSDT,2025-11-12,2025-11-13,7,0,-0.05369964742951516,3414.91,3231.54,0,1,1,1,0,1,0.49233750033644114,0.5303329120492573,0.511839382124573
ETHUSDT,2025-11-13,2025-11-14,7,0,-0.036867871046002754,3231.55,3112.4,1,1,1,1,0,1,0.6148139291013642,0.6369292406160015,0.5668272926185284
ETHUSDT,2025-11-14,2025-11-15,7,1,0.017825472304330958,3112.4,3167.88,1,1,1,1,0,1,0.6450244195603484,0.5768388844966075,0.5491080369838975
ETHUSDT,2025-11-15,2025-11-16,7,0,-0.022914378069876395,3167.87,3095.29,1,0,0,0,1,1,0.5702826766233804,0.47428025745695307,0.4929938394705441
ETHUSDT,2025-11-16,2025-11-17,7,0,-0.020628115620830334,3095.29,3031.44,1,1,1,1,0,1,0.5936690543583434,0.6380564070292608,0.5345570775611183
ETHUSDT,2025-11-17,2025-11-18,7,1,0.0304211859710235,3031.44,3123.66,1,1,1,1,0,1,0.6009372870859881,0.6351788301265376,0.532186521899149
ETHUSDT,2025-11-18,2025-11-19,7,0,-0.03143107764609454,3123.65,3025.48,0,0,0,0,1,1,0.4495005221477035,0.3943690385971548,0.48047248072134585
ETHUSDT,2025-11-19,2025-11-20,7,0,-0.06321641524650645,3025.48,2834.22,1,1,1,1,0,1,0.5385498308608765,0.5707708626499189,0.5434221409419759
ETHUSDT,2025-11-20,2025-11-21,7,0,-0.02412303914304459,2834.21,2765.85,1,1,1,1,0,1,0.615963293557355,0.5739802844506718,0.5769122558131876
ETHUSDT,2025-11-21,2025-11-22,7,1,0.001543829202595992,2765.86,2770.12,1,1,1,1,0,1,0.5576372001245387,0.6121569067362856,0.5358119184436
ETHUSDT,2025-11-22,2025-11-23,7,1,0.011566285937071319,2770.12,2802.16,1,1,1,0,1,1,0.5224618280053572,0.5473291559481055,0.5094218278783718
ETHUSDT,2025-11-23,2025-11-24,7,1,0.05396551231906832,2802.16,2953.38,1,1,0,0,1,1,0.5429548957336267,0.5082313963323645,0.49927812364610114
ETHUSDT,2025-11-24,2025-11-25,7,1,0.0020247987052124383,2953.38,2959.36,0,0,0,0,1,1,0.38512267144106566,0.29498261267099546,0.4575473717994488
ETHUSDT,2025-11-25,2025-11-26,7,1,0.02270761245674735,2959.36,3026.56,0,0,1,0,1,1,0.4153025810025664,0.4549698123055435,0.5089328366605971
ETHUSDT,2025-11-26,2025-11-27,7,0,-0.003743524000845766,3026.56,3015.23,0,0,0,0,1,1,0.4022350668785309,0.3632562925511563,0.4881203148863643
ETHUSDT,2025-11-27,2025-11-28,7,1,0.00527986256438151,3015.23,3031.15,0,0,1,1,0,1,0.4708241511674771,0.43839529250209214,0.5148114961154031
ETHUSDT,2025-11-28,2025-11-29,7,0,-0.013852828134536477,3031.14,2989.16,1,1,1,0,1,1,0.5255503479367767,0.5416421311056246,0.5056292399864684
ETHUSDT,2025-11-29,2025-11-30,7,1,0.0007025385058010425,2989.17,2991.26,1,1,1,1,0,1,0.5193239298211764,0.5137935381894283,0.5251857293214942
ETHUSDT,2025-11-30,2025-12-01,7,0,-0.06425051650475055,2991.25,2799.07,1,1,1,0,1,1,0.563729003044225,0.5309180379990911,0.5102776707279136
ETHUSDT,2025-12-01,2025-12-02,7,1,0.07038051924389177,2799.07,2996.07,1,1,1,1,0,1,0.5675401378527044,0.5030230115675399,0.5780105453916828
ETHUSDT,2025-12-02,2025-12-03,7,1,0.0641807434405739,2996.07,3188.36,0,0,0,0,1,1,0.3957760920047198,0.4167362232402555,0.441962126740952
ETHUSDT,2025-12-03,2025-12-04,7,0,-0.017281611863152135,3188.39,3133.26,0,0,0,0,1,1,0.41266034005915103,0.45591919723708557,0.447808522513704
ETHUSDT,2025-12-04,2025-12-05,7,0,-0.035579556117270816,3133.26,3021.78,1,1,1,1,0,1,0.5370000032534024,0.709765610335307,0.5287240136180097
ETHUSDT,2025-12-05,2025-12-06,7,1,0.005387553031656722,3021.77,3038.06,1,1,1,1,0,1,0.5565447393449231,0.7055649823937635,0.5477589020496432
ETHUSDT,2025-12-06,2025-12-07,7,1,0.007172340243444708,3038.06,3059.85,0,0,1,0,1,1,0.42769434007472584,0.48001966944444685,0.50552011677586
ETHUSDT,2025-12-07,2025-12-08,7,1,0.021017370132522917,3059.86,3124.16,0,1,1,0,1,1,0.47163000465761606,0.5706374362949553,0.50371321580821
ETHUSDT,2025-12-08,2025-12-09,7,1,0.062058281266004434,3124.16,3318.04,0,0,0,0,1,1,0.4484207702477287,0.4919240924404682,0.4898047280460465
ETHUSDT,2025-12-09,2025-12-10,7,1,0.0018384347385804745,3318.04,3324.14,0,0,0,0,1,1,0.38970405801416297,0.47968689820682214,0.44982125580636767
ETHUSDT,2025-12-10,2025-12-11,7,0,-0.02609697545831402,3324.14,3237.39,1,1,1,0,1,1,0.5171590919087591,0.507052518378427,0.5091222830670935
ETHUSDT,2025-12-11,2025-12-12,7,0,-0.047115114335931074,3237.38,3084.86,1,1,1,1,0,1,0.5375764083376273,0.6635802283911688,0.5378636349216223
ETHUSDT,2025-12-12,2025-12-13,7,1,0.009653598542559427,3084.86,3114.64,1,1,1,1,0,1,0.592813514593092,0.6921341320876413,0.5598761323485315
ETHUSDT,2025-12-13,2025-12-14,7,0,-0.01641923304137871,3114.64,3063.5,0,0,1,0,1,1,0.4861888863263648,0.3978618365420398,0.5012063766996134
ETHUSDT,2025-12-14,2025-12-15,7,0,-0.03220173004733151,3063.49,2964.85,1,1,1,1,0,1,0.5113583415080406,0.5586393303801719,0.5278331912896972
ETHUSDT,2025-12-15,2025-12-16,7,0,-0.0008600772383087207,2964.85,2962.3,1,1,1,1,0,1,0.6358573455084303,0.6481409985643408,0.5442268809000242
ETHUSDT,2025-12-16,2025-12-17,7,0,-0.043483104344597234,2962.3,2833.49,0,0,1,1,0,1,0.4754564986769992,0.4783424881658953,0.5118690627336926
ETHUSDT,2025-12-17,2025-12-18,7,0,-0.0017363745769349848,2833.5,2828.57,1,1,1,1,0,1,0.5930748780320761,0.6243604220429829,0.5560522383036154
ETHUSDT,2025-12-18,2025-12-19,7,1,0.05335911785814029,2828.56,2979.5,1,1,1,1,0,1,0.6127764627629985,0.6407871104772461,0.5127624836594504
ETHUSDT,2025-12-19,2025-12-20,7,0,-0.0005269340493372354,2979.49,2977.93,0,1,0,0,1,1,0.49137185197131245,0.5888542685516717,0.45812955385940723
ETHUSDT,2025-12-20,2025-12-21,7,1,0.00808951184211848,2977.93,3002.02,0,1,1,1,0,1,0.46234627954853214,0.5565749625474518,0.51152959501244
ETHUSDT,2025-12-21,2025-12-22,7,1,0.0024883245281510646,3002.03,3009.49,0,0,1,0,1,1,0.43701779872784036,0.44147801328453196,0.5027858848046971
ETHUSDT,2025-12-22,2025-12-23,7,0,-0.0147765900534641,3009.48,2965.02,0,1,1,0,1,1,0.48065948939059194,0.5068878052733576,0.5084617859269911
ETHUSDT,2025-12-23,2025-12-24,7,0,-0.005919015723334087,2965.03,2947.47,1,1,1,1,0,1,0.5492301965116176,0.607069205963265,0.5261380435863788
ETHUSDT,2025-12-24,2025-12-25,7,0,-0.014765205413456273,2947.48,2903.95,1,0,1,1,0,1,0.5032806625684079,0.3801676093304134,0.5170364629945965
ETHUSDT,2025-12-25,2025-12-26,7,1,0.008278379448682038,2903.9,2927.99,1,1,1,1,0,1,0.5105049577509269,0.5404790698694635,0.5261263027711266
ETHUSDT,2025-12-26,2025-12-27,7,1,0.007192647515872785,2928.0,2949.05,1,1,1,0,1,1,0.5498049750286778,0.611080353644219,0.5025950273052403
ETHUSDT,2025-12-27,2025-12-28,7,1,0.0006307115850865408,2949.05,2950.91,0,1,1,0,1,1,0.4299656866060756,0.5040934811402541,0.5036926747073501
ETHUSDT,2025-12-28,2025-12-29,7,0,-0.004408809485887288,2950.91,2937.9,0,0,1,0,1,1,0.4651542033058962,0.4904475882871157,0.510350770680597
ETHUSDT,2025-12-29,2025-12-30,7,1,0.01218217093842533,2937.91,2973.69,1,1,1,1,0,1,0.53378300620718,0.7870989761369744,0.5154914618036082
ETHUSDT,2025-12-30,2025-12-31,7,0,-0.0006893791888193945,2973.69,2971.64,0,1,0,0,1,1,0.4425794850540164,0.5151756973552712,0.49865800425797313
ETHUSDT,2025-12-31,2026-01-01,7,1,0.01095354753604072,2971.65,3004.19,1,1,1,1,0,1,0.5016724980070388,0.6679106482884917,0.5116951112901268
ETHUSDT,2026-01-01,2026-01-02,7,1,0.04036362546976058,3004.19,3125.45,0,0,0,0,1,1,0.4283632414328266,0.43542523946310224,0.49989545178891237
ETHUSDT,2026-01-02,2026-01-03,7,1,0.0005311235182134943,3125.46,3127.11,1,1,0,0,1,1,0.5045683194365421,0.7510785520732693,0.47071258093886115
ETHUSDT,2026-01-03,2026-01-04,7,1,0.0056250019986503474,3127.11,3144.7,0,1,1,0,1,1,0.4796594288270824,0.7524688167194808,0.5104521317556084
ETHUSDT,2026-01-04,2026-01-05,7,1,0.025531847235030325,3144.71,3224.99,1,1,1,0,1,1,0.5063468200667545,0.6657915944254302,0.5052795481734924
ETHUSDT,2026-01-05,2026-01-06,7,1,0.022279138850042957,3224.99,3296.84,0,1,0,0,1,1,0.4399364080436427,0.747871420160805,0.4853126409775326
ETHUSDT,2026-01-06,2026-01-07,7,0,-0.03886145521165729,3296.83,3168.72,0,1,0,0,1,1,0.4122475810639554,0.7279933873675305,0.4885470232558456
ETHUSDT,2026-01-07,2026-01-08,8,0,-0.01958835113231827,3168.72,3106.65,1,0,1,1,0,1,0.5287437345391395,0.36708330835801134,0.5483783548643619
ETHUSDT,2026-01-08,2026-01-09,8,0,-0.005874495034844607,3106.66,3088.4,1,0,1,1,0,1,0.5319567027865422,0.4453003593058124,0.5299434843608881
ETHUSDT,2026-01-09,2026-01-10,8,0,-0.0005439709882140153,3088.4,3086.72,1,1,1,1,0,1,0.5514433031459427,0.5165630115474137,0.5169936360249733
ETHUSDT,2026-01-10,2026-01-11,8,1,0.011899362430022764,3086.72,3123.45,1,0,1,1,0,1,0.5617131546663007,0.47646212443868535,0.5120011843909675
ETHUSDT,2026-01-11,2026-01-12,8,0,-0.008868398725767945,3123.46,3095.75,0,0,1,0,1,1,0.4887906200920056,0.30465699284102593,0.5004423865069813
ETHUSDT,2026-01-12,2026-01-13,8,1,0.07431801663571025,3095.75,3325.82,0,1,1,1,0,1,0.4990582414725242,0.565280648345475,0.5198079818791095
ETHUSDT,2026-01-13,2026-01-14,8,1,0.008749721873101857,3325.83,3354.92,0,0,0,0,1,1,0.4149588341467088,0.2856266754041778,0.44474090332010946
ETHUSDT,2026-01-14,2026-01-15,8,0,-0.010799065253418894,3354.92,3318.69,0,0,1,0,1,1,0.46808514107377885,0.3659082659222,0.5033551737957502
ETHUSDT,2026-01-15,2026-01-16,8,0,-0.0067526644549505965,3318.7,3296.28,1,1,1,1,0,1,0.5213828954146248,0.5133656727589493,0.5216267124276606
ETHUSDT,2026-01-16,2026-01-17,8,1,0.0043321562488622956,3296.28,3310.56,1,0,1,1,0,1,0.5132559148174205,0.45074269294279673,0.5178183779518473
ETHUSDT,2026-01-17,2026-01-18,8,0,-0.008013749939587145,3310.56,3284.03,1,0,1,0,1,1,0.5712168471857139,0.3988527358731835,0.5074554667617068
ETHUSDT,2026-01-18,2026-01-19,8,0,-0.02876953012000505,3284.04,3189.55,1,0,1,1,0,1,0.6145935775141336,0.4509279166933386,0.5190038445789648
ETHUSDT,2026-01-19,2026-01-20,8,0,-0.07827749996080957,3189.56,2939.88,1,0,1,1,0,1,0.570228894118844,0.496959077971217,0.5386930231680346
ETHUSDT,2026-01-20,2026-01-21,8,1,0.014418955875749928,2939.88,2982.27,1,0,1,1,0,1,0.5191961267492501,0.4445879013637736,0.5867689395580195
ETHUSDT,2026-01-21,2026-01-22,8,0,-0.009918619038517651,2982.28,2952.69,0,0,0,0,1,1,0.4280725270889505,0.4845009101292383,0.4981187555315919
ETHUSDT,2026-01-22,2026-01-23,8,1,0.0012598681202564688,2952.7,2956.41,0,1,1,1,0,1,0.4899318164169663,0.7101022904321549,0.5207969409615346
ETHUSDT,2026-01-23,2026-01-24,8,0,-0.001079011368517957,2956.41,2953.22,1,1,1,0,1,1,0.5400427523120147,0.624099555464505,0.5103171866045481
ETHUSDT,2026-01-24,2026-01-25,8,0,-0.04616317104719592,2953.23,2816.89,1,0,1,1,0,1,0.513669220499089,0.4698949122772696,0.512501212142072
ETHUSDT,2026-01-25,2026-01-26,8,1,0.04027846312777572,2816.9,2930.35,1,1,1,1,0,1,0.573695609120007,0.585269911781282,0.555426858370595
ETHUSDT,2026-01-26,2026-01-27,8,1,0.03290391932704284,2930.35,3026.77,0,1,0,0,1,1,0.4264444495188427,0.5491585989209116,0.47462037155924297
ETHUSDT,2026-01-27,2026-01-28,8,0,-0.005282859285641095,3026.77,3010.78,0,0,0,0,1,1,0.38734243883325425,0.47326188948400694,0.48125463113683353
ETHUSDT,2026-01-28,2026-01-29,8,0,-0.06250539727246762,3010.78,2822.59,0,0,1,1,0,1,0.48285314947218805,0.46875994795632175,0.5164383533985707
ETHUSDT,2026-01-29,2026-01-30,8,0,-0.04081712186325326,2822.6,2707.38,1,1,1,1,0,1,0.5500960186322202,0.568117787439024,0.5713133462677028
ETHUSDT,2026-01-30,2026-01-31,8,0,-0.09434582511505596,2707.37,2451.95,1,1,1,1,0,1,0.5344240965697294,0.6344749624493472,0.5502629579738465
ETHUSDT,2026-01-31,2026-02-01,8,0,-0.07414506821101563,2451.96,2270.15,1,1,1,1,0,1,0.5815988404142609,0.7667109149235106,0.6026103670340931
ETHUSDT,2026-02-01,2026-02-02,8,1,0.03386119859921144,2270.16,2347.02,1,1,1,1,0,1,0.5477756032451964,0.8016367632178114,0.5827092764255439
ETHUSDT,2026-02-02,2026-02-03,8,0,-0.048273981474380334,2347.01,2233.72,0,1,0,0,1,1,0.44127226922129725,0.5086011265722409,0.48039035224790755
ETHUSDT,2026-02-03,2026-02-04,8,0,-0.03825904768726596,2233.72,2148.26,1,1,1,1,0,1,0.5437572499388293,0.6621343197124536,0.5574704790495837
ETHUSDT,2026-02-04,2026-02-05,8,0,-0.14962341616005526,2148.25,1826.83,1,1,1,1,0,1,0.560756931701538,0.6629394749043812,0.5477983278805987
ETHUSDT,2026-02-05,2026-02-06,8,1,0.12948659700136322,1826.83,2063.38,1,1,1,1,0,1,0.6985952799688472,0.8258982370168826,0.6574006193322869
ETHUSDT,2026-02-06,2026-02-07,8,1,0.011486008393994274,2063.37,2087.08,0,0,0,0,1,1,0.4582985623935063,0.4408819035567299,0.3991270000100134
ETHUSDT,2026-02-07,2026-02-08,8,1,0.0012745079249476543,2087.08,2089.74,0,1,1,0,1,1,0.49457741322765075,0.5900969815396322,0.5008241449755942
ETHUSDT,2026-02-08,2026-02-09,8,1,0.007311914400834674,2089.73,2105.02,0,1,1,0,1,1,0.4925371363096781,0.6552418357162414,0.5103035308277323
ETHUSDT,2026-02-09,2026-02-10,8,0,-0.03912076844875578,2105.02,2022.67,0,1,1,0,1,1,0.40446152011156056,0.7350766672439062,0.5046878187729431
ETHUSDT,2026-02-10,2026-02-11,8,0,-0.04028833175950597,2022.67,1941.18,1,1,1,1,0,1,0.5045192164795435,0.5489106296551861,0.5486281056844462
ETHUSDT,2026-02-11,2026-02-12,8,1,0.003436054358688878,1941.19,1947.85,1,1,1,1,0,1,0.5523038530890293,0.548172870844353,0.5497531439494734
ETHUSDT,2026-02-12,2026-02-13,8,1,0.051785301742947265,1947.85,2048.72,1,1,1,0,1,1,0.5220155448246298,0.7405063983073182,0.5082893051562116
ETHUSDT,2026-02-13,2026-02-14,8,1,0.018484712405794967,2048.72,2086.59,0,1,0,0,1,1,0.47934682017853997,0.6218663171465407,0.46438044471237216
ETHUSDT,2026-02-14,2026-02-15,8,0,-0.05751489271970067,2086.59,1966.58,0,0,0,0,1,1,0.46415030585716066,0.4881849735474269,0.49438157125964355
ETHUSDT,2026-02-15,2026-02-16,8,1,0.016144779261459075,1966.59,1998.33,1,1,1,1,0,1,0.5626532498936057,0.6315088561784253,0.5664468862125139
ETHUSDT,2026-02-16,2026-02-17,8,0,-0.0033377870521884567,1998.34,1991.66,0,1,0,0,1,1,0.4850085013847483,0.5759189385485896,0.4965305275470933
ETHUSDT,2026-02-17,2026-02-18,8,0,-0.01794985087816192,1991.67,1955.91,0,0,1,1,0,1,0.4848633844000855,0.3744639855281229,0.5146148431410146
ETHUSDT,2026-02-18,2026-02-19,8,0,-0.003491980714859122,1955.9,1949.08,1,0,1,1,0,1,0.5691278089989543,0.4102455374529936,0.5283885552314315
ETHUSDT,2026-02-19,2026-02-20,8,1,0.010158638947606047,1949.08,1968.88,1,1,1,1,0,1,0.553677868654932,0.6012991755170054,0.5147592849958478
ETHUSDT,2026-02-20,2026-02-21,8,1,0.002270326276867962,1968.88,1973.35,0,1,1,0,1,1,0.49846809296148425,0.6574402114909114,0.5020511011922381
ETHUSDT,2026-02-21,2026-02-22,8,0,-0.00786986596396988,1973.35,1957.82,1,1,1,0,1,1,0.5460053476073605,0.5432351918454514,0.5093750807140528
ETHUSDT,2026-02-22,2026-02-23,8,0,-0.05185359226077979,1957.82,1856.3,1,1,1,1,0,1,0.506078413238969,0.5579859318978905,0.5188685227883281
ETHUSDT,2026-02-23,2026-02-24,8,0,-0.002348758282605168,1856.3,1851.94,1,1,1,1,0,1,0.5577511014948532,0.5768270571135855,0.5609420277515633
ETHUSDT,2026-02-24,2026-02-25,8,1,0.11098631705130835,1851.95,2057.48,0,1,1,1,0,1,0.42060573378158345,0.5440321383384901,0.5136888384658318
ETHUSDT,2026-02-25,2026-02-26,8,0,-0.014483737387483653,2057.48,2027.68,0,0,0,0,1,1,0.4050895781631012,0.47885036008602183,0.4140179311813283
ETHUSDT,2026-02-26,2026-02-27,8,0,-0.04825218969462641,2027.68,1929.84,1,0,1,1,0,1,0.5026074210046025,0.49449174737100726,0.5251059891868903
ETHUSDT,2026-02-27,2026-02-28,8,1,0.017965219914604313,1929.84,1964.51,1,1,1,1,0,1,0.5504754370618999,0.5865433112356436,0.5574493676097221
ETHUSDT,2026-02-28,2026-03-01,8,0,-0.012624013112684573,1964.51,1939.71,0,1,0,0,1,1,0.4327217277987921,0.6364219655787018,0.4948582228456171
ETHUSDT,2026-03-01,2026-03-02,8,1,0.04518201174402359,1939.71,2027.35,1,1,1,1,0,1,0.5046252415282577,0.6857127575769286,0.5233485923975465
ETHUSDT,2026-03-02,2026-03-03,8,0,-0.021974498729869008,2027.34,1982.8,0,1,0,0,1,1,0.43085001581199234,0.5082429265803161,0.47023980910210594
ETHUSDT,2026-03-03,2026-03-04,8,1,0.07286665321767205,1982.81,2127.28,0,0,1,1,0,1,0.4507777813641498,0.4059904649967394,0.5322115305774049
ETHUSDT,2026-03-04,2026-03-05,8,0,-0.0255819638223459,2127.28,2072.86,0,0,0,0,1,1,0.40403088632345613,0.49927393049989965,0.4459889641437451
ETHUSDT,2026-03-05,2026-03-06,8,0,-0.045434809876209736,2072.86,1978.68,1,1,1,1,0,1,0.5120378499404289,0.6042798185034726,0.5356484051329501
ETHUSDT,2026-03-06,2026-03-07,8,0,-0.004593971738734992,1978.68,1969.59,1,1,1,1,0,1,0.5597677496366438,0.5962401188999216,0.5547222931069374
ETHUSDT,2026-03-07,2026-03-08,8,0,-0.016495818926781758,1969.6,1937.1,1,1,1,1,0,1,0.5076786942600929,0.5775528684007508,0.5157921596273772
ETHUSDT,2026-03-08,2026-03-09,8,1,0.028847245883021122,1937.11,1992.98,1,1,1,1,0,1,0.5302961310660875,0.5589789189766448,0.5270103953803348
ETHUSDT,2026-03-09,2026-03-10,8,1,0.02184166424148759,1992.97,2036.51,1,1,0,0,1,1,0.5030774605578258,0.566481137084286,0.4849272955040411
ETHUSDT,2026-03-10,2026-03-11,8,1,0.007591418652498572,2036.5,2051.97,0,0,0,0,1,1,0.4572498250602354,0.49628910678345173,0.49130758904220073
ETHUSDT,2026-03-11,2026-03-12,8,1,0.01050210285725428,2051.97,2073.52,0,0,1,0,1,1,0.4378429001081183,0.4935203951409674,0.5044286134500786
ETHUSDT,2026-03-12,2026-03-13,8,1,0.009018480651259653,2073.51,2092.22,0,1,1,0,1,1,0.4592980230266623,0.6015227135771151,0.5017334669688156
ETHUSDT,2026-03-13,2026-03-14,8,1,0.0018831671621530877,2092.21,2096.16,1,1,1,0,1,1,0.5645691771408461,0.6783387651001589,0.5031062771406157
ETHUSDT,2026-03-14,2026-03-15,8,1,0.03918594000457998,2096.16,2178.3,0,0,1,0,1,1,0.49185771100535924,0.49868121229577456,0.5097359464620402
ETHUSDT,2026-03-15,2026-03-16,8,1,0.08018638387733534,2178.29,2352.97,0,1,0,0,1,1,0.47165390782513567,0.5181303197138013,0.4755997427573722
ETHUSDT,2026-03-16,2026-03-17,8,0,-0.015121314763894111,2352.97,2317.39,0,1,0,0,1,1,0.45351150535102813,0.6353062709601311,0.4397189090643924
ETHUSDT,2026-03-17,2026-03-18,8,0,-0.049193273467133314,2317.38,2203.39,0,1,1,1,0,1,0.48490429922222855,0.5269980550337402,0.5257091074996064
ETHUSDT,2026-03-18,2026-03-19,8,0,-0.029763228479751658,2203.39,2137.81,1,1,1,1,0,1,0.5055175862162641,0.5012070659432631,0.5583613210573086
ETHUSDT,2026-03-19,2026-03-20,8,1,0.003933932388752837,2137.82,2146.22,1,1,1,1,0,1,0.50377892671833,0.5487000187201788,0.5396436211944126
ETHUSDT,2026-03-20,2026-03-21,8,0,-0.028585140386353625,2146.21,2084.87,1,1,1,0,1,1,0.5126623153627556,0.5666542414835047,0.5078259345006091
ETHUSDT,2026-03-21,2026-03-22,8,0,-0.014859439677294084,2084.86,2053.89,1,1,1,1,0,1,0.5714789047277141,0.5177306038707709,0.5385167069326929
ETHUSDT,2026-03-22,2026-03-23,8,1,0.047782500523397164,2053.9,2152.03,1,1,1,1,0,1,0.5454130409695197,0.5589260156207727,0.5254613476843056
ETHUSDT,2026-03-23,2026-03-24,8,1,0.001951645655497325,2152.03,2156.23,0,1,0,0,1,1,0.41998836674948464,0.5534646332140806,0.46792681396818675
ETHUSDT,2026-03-24,2026-03-25,8,1,0.005931649221094126,2156.22,2169.02,0,0,1,0,1,1,0.3887921754795472,0.4484926711202792,0.5096721091670996
ETHUSDT,2026-03-25,2026-03-26,8,0,-0.050064084240809326,2169.02,2060.43,0,0,1,0,1,1,0.4415719528132808,0.43967273994416006,0.5059688583125023
ETHUSDT,2026-03-26,2026-03-27,8,0,-0.032847512412457536,2060.43,1992.75,1,1,1,1,0,1,0.5805307639868711,0.5783440678737849,0.559205630264578
ETHUSDT,2026-03-27,2026-03-28,8,1,0.000998619997490957,1992.76,1994.74,1,1,1,1,0,1,0.5840325488183958,0.5936124860482652,0.5425984674908275
ETHUSDT,2026-03-28,2026-03-29,8,0,-0.005063316522453953,1994.74,1984.64,1,1,1,0,1,1,0.5741164191130065,0.6824989690680962,0.5105609056652677
ETHUSDT,2026-03-29,2026-03-30,8,1,0.021081909061593018,1984.65,2026.48,0,1,1,1,0,1,0.4959467787118774,0.585158444332586,0.5162323740823419
ETHUSDT,2026-03-30,2026-03-31,8,1,0.03895918045083091,2026.48,2105.43,0,1,0,0,1,1,0.4393168208001511,0.5538185367085949,0.4920023674641638
DOGEUSDT,2022-06-04,2022-06-05,0,0,-0.009771589104678124,0.08188,0.08107,1,1,0,0,1,0,0.5283284654815626,0.677900651173184,0.4879738700762806
DOGEUSDT,2022-06-05,2022-06-06,0,1,0.01763907734056991,0.08108,0.0825,0,1,1,1,0,0,0.45970601041140735,0.6530948419852868,0.5035816498490047
DOGEUSDT,2022-06-06,2022-06-07,0,0,-0.025575757575757585,0.0825,0.08039,0,0,0,0,1,0,0.42990179878008017,0.48860679699318926,0.48903977202520316
DOGEUSDT,2022-06-07,2022-06-08,0,0,-0.01393208110461508,0.08039,0.07927,1,1,1,1,0,0,0.506803414325433,0.6212859600084948,0.5121488784067617
DOGEUSDT,2022-06-08,2022-06-09,0,1,0.0012615112905260961,0.07927,0.07937,1,1,1,1,0,0,0.5345885853404424,0.6081667051055385,0.5058240718700073
DOGEUSDT,2022-06-09,2022-06-10,0,0,-0.0501448910167569,0.07937,0.07539,1,1,0,0,1,0,0.5330099583799525,0.5397736527885292,0.4976798918322667
DOGEUSDT,2022-06-10,2022-06-11,0,0,-0.07242339832869071,0.07538,0.06993,1,1,1,1,0,0,0.5931532688052048,0.6519009105514454,0.5257307010141272
DOGEUSDT,2022-06-11,2022-06-12,0,0,-0.09152009152009155,0.06994,0.06353,1,1,1,1,0,0,0.606970145766405,0.5643640640921053,0.5383198621450251
DOGEUSDT,2022-06-12,2022-06-13,0,0,-0.14685975129859918,0.06352,0.0542,1,1,1,1,0,0,0.5957628940998512,0.7672060595610736,0.5493145947307639
DOGEUSDT,2022-06-13,2022-06-14,0,1,0.024907749077490937,0.05418,0.05555,1,1,1,1,0,0,0.6614079667948614,0.8413704039506681,0.5821984423856102
DOGEUSDT,2022-06-14,2022-06-15,0,1,0.1314131413141315,0.05556,0.06285,1,0,0,0,1,0,0.5283813076193142,0.48776574098285597,0.48525134545028326
DOGEUSDT,2022-06-15,2022-06-16,0,0,-0.12124105011933173,0.06285,0.05523,0,0,0,0,1,0,0.44663916289359534,0.49792739759708277,0.43299329477763276
DOGEUSDT,2022-06-16,2022-06-17,0,1,0.030056128915444624,0.05523,0.05689,1,1,1,1,0,0,0.7037163771187674,0.7925517786155181,0.5667905901803761
DOGEUSDT,2022-06-17,2022-06-18,0,0,-0.07013534891896644,0.0569,0.0529,1,0,0,0,1,0,0.6298027426554538,0.4107331001038527,0.4825852236225508
DOGEUSDT,2022-06-18,2022-06-19,0,1,0.14310018903591692,0.05289,0.06047,1,1,1,1,0,0,0.5727190990834206,0.6050873261714146,0.5370150688535742
DOGEUSDT,2022-06-19,2022-06-20,0,0,-0.007441706631387546,0.06046,0.06002,0,1,0,0,1,0,0.47749689930490835,0.5546210931132791,0.4276259594501192
DOGEUSDT,2022-06-20,2022-06-21,0,1,0.09646784405198261,0.06002,0.06581,0,0,1,1,0,0,0.4742014690306698,0.4469554740096675,0.5023299331569057
DOGEUSDT,2022-06-21,2022-06-22,0,0,-0.0624525148153775,0.06583,0.0617,0,1,0,0,1,0,0.4922757534719965,0.6816533622448141,0.44947158385041597
DOGEUSDT,2022-06-22,2022-06-23,0,1,0.036952998379254476,0.06172,0.06398,1,1,1,1,0,0,0.5583955089299305,0.549459186459075,0.5326536172178822
DOGEUSDT,2022-06-23,2022-06-24,0,1,0.04626445764301357,0.06398,0.06694,1,1,0,0,1,0,0.5138327140197272,0.6192297453939947,0.4790360073708034
DOGEUSDT,2022-06-24,2022-06-25,0,1,0.02360322677024196,0.06694,0.06852,0,1,0,0,1,0,0.4561443992780083,0.5537860065152285,0.4742848586238441
DOGEUSDT,2022-06-25,2022-06-26,0,1,0.06479859894921192,0.06852,0.07296,1,1,0,0,1,0,0.5042179487335785,0.5635608729666808,0.48592916732407493
DOGEUSDT,2022-06-26,2022-06-27,0,0,-0.010964912280701733,0.07297,0.07216,0,1,0,0,1,0,0.42578925660578876,0.5382207148588103,0.4649667626037984
DOGEUSDT,2022-06-27,2022-06-28,0,0,-0.0839800443458979,0.07218,0.0661,0,0,1,1,0,0,0.45854507077989776,0.4910405836395953,0.5042238807883578
DOGEUSDT,2022-06-28,2022-06-29,0,1,0.05234493192133116,0.0661,0.06956,1,1,1,1,0,0,0.5797585250740814,0.6197057831009207,0.5449512790166118
DOGEUSDT,2022-06-29,2022-06-30,0,0,-0.04485336400230011,0.06958,0.06644,0,1,0,0,1,0,0.48378915596317285,0.5317353703342027,0.4712075103141564
DOGEUSDT,2022-06-30,2022-07-01,0,0,0.0,0.06642,0.06644,1,1,1,1,0,0,0.5696251331857684,0.5564270847534957,0.5227786385332844
DOGEUSDT,2022-07-01,2022-07-02,0,1,0.00346177001806125,0.06645,0.06667,1,1,0,1,0,0,0.6110506332184805,0.7000603432534782,0.49835138822252967
DOGEUSDT,2022-07-02,2022-07-03,0,1,0.00809959502024915,0.06667,0.06721,1,1,0,0,1,0,0.5012565194563806,0.619409933130608,0.49651074819737684
DOGEUSDT,2022-07-03,2022-07-04,0,1,0.03228686207409592,0.06721,0.06938,0,0,0,0,1,0,0.49377108086162935,0.43278143337155167,0.4940548772446104
DOGEUSDT,2022-07-04,2022-07-05,0,0,-0.03199769385990203,0.06937,0.06716,0,0,0,0,1,0,0.43584040149338693,0.3584149274720378,0.4814344567759508
DOGEUSDT,2022-07-05,2022-07-06,0,1,0.019058963668850515,0.06716,0.06844,1,1,1,1,0,0,0.5124006268241653,0.7061902824049162,0.515668113022811
DOGEUSDT,2022-07-06,2022-07-07,0,1,0.030829924021040345,0.06843,0.07055,1,1,0,0,1,0,0.5021982906832766,0.562714780392367,0.48829749324852645
DOGEUSDT,2022-07-07,2022-07-08,0,0,-0.02111977321048908,0.07056,0.06906,0,1,0,0,1,0,0.45627466813570705,0.6499462438627617,0.48218574283606597
DOGEUSDT,2022-07-08,2022-07-09,0,1,0.005936866492904924,0.06906,0.06947,1,1,1,1,0,0,0.5769988851955091,0.7336572118410452,0.5097198695627454
DOGEUSDT,2022-07-09,2022-07-10,0,0,-0.03152439902116022,0.06947,0.06728,1,1,0,0,1,0,0.5464395665567604,0.7220330728117019,0.4951986710273697
DOGEUSDT,2022-07-10,2022-07-11,0,0,-0.08219381688466121,0.06728,0.06175,1,0,1,1,0,0,0.5223703679866092,0.48064514047494744,0.5154079995538419
DOGEUSDT,2022-07-11,2022-07-12,0,0,-0.031255060728744954,0.06175,0.05982,1,1,1,1,0,0,0.5134833837949161,0.5785756301679215,0.5439218463424265
DOGEUSDT,2022-07-12,2022-07-13,0,1,0.03543965229020407,0.05981,0.06194,0,0,1,1,0,0,0.4805910904082444,0.32454058759010335,0.5152600295754662
DOGEUSDT,2022-07-13,2022-07-14,0,1,0.008395221181788814,0.06194,0.06246,0,0,0,0,1,0,0.4740996203108675,0.237588528564191,0.47981260017561306
DOGEUSDT,2022-07-14,2022-07-15,0,1,0.007684918347742542,0.06247,0.06294,1,0,0,0,1,0,0.5289636332944265,0.3470081363679106,0.49389872581722494
DOGEUSDT,2022-07-15,2022-07-16,0,1,0.023037813790912187,0.06293,0.06439,1,0,0,0,1,0,0.528213606311683,0.38038113532704415,0.494273990963564
DOGEUSDT,2022-07-16,2022-07-17,0,0,-0.020655381270383577,0.06437,0.06306,0,0,0,0,1,0,0.4815365316814239,0.2945757847556572,0.48622323710929205
DOGEUSDT,2022-07-17,2022-07-18,0,1,0.07136060894386276,0.06306,0.06756,0,0,1,1,0,0,0.49909645311798156,0.2460028642651619,0.509467332320568
DOGEUSDT,2022-07-18,2022-07-19,0,1,0.021462403789224593,0.06755,0.06901,0,1,0,0,1,0,0.40873573446159034,0.6904219665683592,0.46171195574425333
DOGEUSDT,2022-07-19,2022-07-20,0,1,0.01637443848717557,0.06902,0.07014,0,1,0,0,1,0,0.44164873660244014,0.6547301485352895,0.48704351153319275
DOGEUSDT,2022-07-20,2022-07-21,0,0,-0.0022811519817507175,0.07012,0.06998,1,1,0,0,1,0,0.5478029619954142,0.5379207763738016,0.4897018049661763
DOGEUSDT,2022-07-21,2022-07-22,0,0,-0.03643898256644751,0.06997,0.06743,1,0,0,1,0,0,0.5355204164883944,0.4641036259075729,0.49956780157865605
DOGEUSDT,2022-07-22,2022-07-23,0,1,0.009046418508082521,0.06743,0.06804,1,1,1,1,0,0,0.5851201828655375,0.5542958513236398,0.5181147371018758
DOGEUSDT,2022-07-23,2022-07-24,0,0,-0.007201646090535085,0.06802,0.06755,1,0,0,0,1,0,0.5481626156202375,0.42603173868149885,0.49355492532815537
DOGEUSDT,2022-07-24,2022-07-25,0,0,-0.08319763138415992,0.06755,0.06193,0,0,1,1,0,0,0.4805703177560666,0.3524534568299465,0.5022011270182608
DOGEUSDT,2022-07-25,2022-07-26,0,1,0.009526885192959966,0.06194,0.06252,1,1,1,1,0,0,0.5892684224924446,0.5253523373965389,0.544500161296022
DOGEUSDT,2022-07-26,2022-07-27,0,1,0.07501599488163779,0.06253,0.06721,1,0,0,0,1,0,0.5533593189278876,0.30279771735132077,0.4933014084072381
DOGEUSDT,2022-07-27,2022-07-28,0,1,0.027972027972027913,0.06722,0.06909,0,0,0,0,1,0,0.40609646186103804,0.4331194875336508,0.4599088788415218
DOGEUSDT,2022-07-28,2022-07-29,0,0,-0.0046316398899985955,0.06912,0.06877,1,0,0,0,1,0,0.5181747914629986,0.4050534713402996,0.48366276912802736
DOGEUSDT,2022-07-29,2022-07-30,0,1,0.012796277446561088,0.06879,0.06965,1,1,1,1,0,0,0.5744373581006263,0.6666639154221318,0.5008241059114052
DOGEUSDT,2022-07-30,2022-07-31,0,0,-0.022684852835606617,0.06966,0.06807,1,1,0,0,1,0,0.5281188806127443,0.6337668260132705,0.4915796176588127
DOGEUSDT,2022-07-31,2022-08-01,0,1,0.005582488614661152,0.06809,0.06845,1,1,1,1,0,0,0.5045736005465667,0.5294428782101324,0.5105718087020265
DOGEUSDT,2022-08-01,2022-08-02,0,0,-0.02819576333089846,0.06845,0.06652,0,0,0,0,1,0,0.47715512476609007,0.3947463283256345,0.4953863290433938
DOGEUSDT,2022-08-02,2022-08-03,0,0,-0.004660252555622191,0.06652,0.06621,1,1,1,1,0,0,0.5278824298102541,0.6085183326061464,0.5135820031218955
DOGEUSDT,2022-08-03,2022-08-04,0,1,0.01570759703972202,0.06621,0.06725,1,0,1,1,0,0,0.5323380095979605,0.41075097096194,0.5008394172360329
DOGEUSDT,2022-08-04,2022-08-05,0,1,0.03806691449814115,0.06725,0.06981,1,0,0,0,1,0,0.5152810298035668,0.44320787740916406,0.4900512400509954
DOGEUSDT,2022-08-05,2022-08-06,0,0,-0.016903022489614727,0.06981,0.06863,0,0,0,0,1,0,0.4584606529785056,0.4286571988580485,0.47846517533841615
DOGEUSDT,2022-08-06,2022-08-07,0,1,0.004954101704793823,0.06863,0.06897,0,0,1,1,0,0,0.46919898175708535,0.4962561925186017,0.5074310089587852
DOGEUSDT,2022-08-07,2022-08-08,0,1,0.016528925619834656,0.06896,0.07011,0,1,0,0,1,0,0.4659255885256267,0.525032290165664,0.4957192522120296
DOGEUSDT,2022-08-08,2022-08-09,0,0,-0.015261731564684133,0.07009,0.06904,0,0,0,0,1,0,0.3609644256379023,0.44524766545079936,0.4896208854854869
DOGEUSDT,2022-08-09,2022-08-10,0,1,0.03215527230590953,0.06902,0.07126,0,1,1,1,0,0,0.457219172056903,0.6206784520104575,0.5065426770931025
DOGEUSDT,2022-08-10,2022-08-11,0,0,-0.005893909626719096,0.07126,0.07084,0,0,0,0,1,0,0.44749823919714893,0.406792148999996,0.4815022655113009
DOGEUSDT,2022-08-11,2022-08-12,0,1,0.02060982495765118,0.07085,0.0723,0,0,1,1,0,0,0.4504576688437394,0.4682411227263568,0.5014999938276153
DOGEUSDT,2022-08-12,2022-08-13,0,1,0.00871369294605806,0.07232,0.07293,0,0,0,0,1,0,0.48018289675078407,0.4878101010741198,0.48748798401746624
DOGEUSDT,2022-08-13,2022-08-14,0,1,0.1199780611545318,0.07292,0.08168,0,0,0,0,1,0,0.4440941529236161,0.2963856121712695,0.49373055975713115
DOGEUSDT,2022-08-14,2022-08-15,0,0,-0.06194906953966706,0.08168,0.07662,0,1,0,0,1,0,0.42610722289178393,0.5925079052429928,0.43831435132967367
DOGEUSDT,2022-08-15,2022-08-16,0,1,0.13247193944139912,0.07663,0.08677,0,1,1,1,0,0,0.49923857325839543,0.6691557252381225,0.532368885672355
DOGEUSDT,2022-08-16,2022-08-17,0,0,-0.07560216664745878,0.08677,0.08021,0,1,0,0,1,0,0.47222598949360284,0.6544053375657363,0.4325040870894454
DOGEUSDT,2022-08-17,2022-08-18,0,0,-0.06819598553796291,0.08021,0.07474,1,1,1,1,0,0,0.5277048081093006,0.6290126385428074,0.5401370737296312
DOGEUSDT,2022-08-18,2022-08-19,0,0,-0.0933904201230934,0.07474,0.06776,1,1,1,1,0,0,0.6602564501981842,0.5655404583209722,0.5359112338508026
DOGEUSDT,2022-08-19,2022-08-20,0,1,0.023170011806375568,0.06777,0.06933,1,1,1,1,0,0,0.6328802360960489,0.6030902192007814,0.5504013785351212
DOGEUSDT,2022-08-20,2022-08-21,0,0,-0.00014423770373572786,0.06934,0.06932,0,0,0,0,1,0,0.4905044428886181,0.37354201949651644,0.486154465856359
DOGEUSDT,2022-08-21,2022-08-22,0,0,-0.013271783035199158,0.06933,0.0684,0,0,0,1,0,0,0.46370919975016506,0.2985583531063063,0.4984282196414474
DOGEUSDT,2022-08-22,2022-08-23,0,1,0.006432748538011568,0.06841,0.06884,1,1,1,1,0,0,0.5181260958836478,0.545325384988481,0.5054675668316194
DOGEUSDT,2022-08-23,2022-08-24,0,0,-0.013509587449157423,0.06884,0.06791,0,0,0,0,1,0,0.4813468392360598,0.3861360311131423,0.4949361938209881
DOGEUSDT,2022-08-24,2022-08-25,0,1,0.015756147842733048,0.06791,0.06898,1,0,1,1,0,0,0.5417535728696736,0.432618027351211,0.5055959342403824
DOGEUSDT,2022-08-25,2022-08-26,0,0,-0.07929834734705721,0.06898,0.06351,1,0,0,0,1,0,0.5059312315019376,0.2519983237646246,0.4900257906153065
DOGEUSDT,2022-08-26,2022-08-27,0,0,0.0,0.06351,0.06351,1,1,1,1,0,0,0.6511012801051895,0.8234805011055641,0.5422565970129963
DOGEUSDT,2022-08-27,2022-08-28,0,0,-0.027239804755156638,0.06353,0.06178,1,0,0,1,0,0,0.5491935573394163,0.37370085659821806,0.49835138822252967
DOGEUSDT,2022-08-28,2022-08-29,0,1,0.033344124312074896,0.06177,0.06384,0,0,1,1,0,0,0.48838218108334414,0.40697926312857474,0.513058677951735
DOGEUSDT,2022-08-29,2022-08-30,0,0,-0.03602756892230574,0.06383,0.06154,0,0,0,0,1,0,0.436263145177584,0.3119008158425574,0.48088998382222997
DOGEUSDT,2022-08-30,2022-08-31,0,0,-0.00308742281442953,0.06155,0.06135,0,0,1,1,0,0,0.48158302408765885,0.41553436937861377,0.5178876582379911
DOGEUSDT,2022-08-31,2022-09-01,0,1,0.01695191524042383,0.06134,0.06239,0,0,0,1,0,0,0.4902054251872019,0.4245954423248451,0.4999984089293161
DOGEUSDT,2022-09-01,2022-09-02,0,0,-0.011860875140246807,0.06238,0.06165,0,0,0,0,1,0,0.49137345708660507,0.3327206687913906,0.48939939164138846
DOGEUSDT,2022-09-02,2022-09-03,0,1,0.01719383617193837,0.06164,0.06271,1,0,1,1,0,0,0.5573034629803332,0.47263665768602675,0.5047065767437646
DOGEUSDT,2022-09-03,2022-09-04,0,1,0.00829213841492571,0.06272,0.06323,0,0,0,0,1,0,0.4575250280491129,0.4301215130715702,0.48927275569099443
DOGEUSDT,2022-09-04,2022-09-05,0,0,-0.007591333227898067,0.06323,0.06275,0,0,0,0,1,0,0.4162062168270823,0.2827757813535597,0.49395316939111533
DOGEUSDT,2022-09-05,2022-09-06,0,0,-0.06151394422310763,0.06275,0.05889,0,1,1,1,0,0,0.45228266957477714,0.5186666488732555,0.5024102319445712
DOGEUSDT,2022-09-06,2022-09-07,0,1,0.03532008830022093,0.05888,0.06097,1,1,1,1,0,0,0.5636288161372632,0.6777679233452304,0.5321228996816969
DOGEUSDT,2022-09-07,2022-09-08,0,0,-0.0001640150893882364,0.06098,0.06096,0,0,0,0,1,0,0.4781317508335321,0.41246850982922073,0.479874008541696
DOGEUSDT,2022-09-08,2022-09-09,0,1,0.04740813648293973,0.06099,0.06385,0,0,0,1,0,0,0.4677116385153368,0.4525854386487063,0.4984387553754363
DOGEUSDT,2022-09-09,2022-09-10,0,1,0.012685982772121962,0.06386,0.06466,0,1,0,0,1,0,0.4680051336998179,0.5549942613057943,0.4737045191128991
DOGEUSDT,2022-09-10,2022-09-11,0,0,-0.015001546551190792,0.06467,0.06369,0,0,0,0,1,0,0.4433048509109611,0.3987758890028879,0.4916376095123366
DOGEUSDT,2022-09-11,2022-09-12,0,1,0.0037682524729156786,0.06369,0.06393,0,0,1,1,0,0,0.4493043741997919,0.40470580624413993,0.5064019866655511
DOGEUSDT,2022-09-12,2022-09-13,0,0,-0.0671046457062412,0.06395,0.05964,0,0,0,0,1,0,0.43249483584976434,0.46046557760610773,0.496348099886683
DOGEUSDT,2022-09-13,2022-09-14,0,1,0.025318578135479664,0.05965,0.06115,1,1,1,1,0,0,0.5536730338385546,0.7111027498358077,0.5352909263348204
DOGEUSDT,2022-09-14,2022-09-15,0,0,-0.0417007358953394,0.06114,0.0586,0,1,0,0,1,0,0.4976562428774047,0.5081925626535844,0.48503807089279877
DOGEUSDT,2022-09-15,2022-09-16,0,1,0.03174061433447095,0.05862,0.06046,1,0,1,1,0,0,0.5147431840676628,0.46063540198486613,0.5210268343664349
DOGEUSDT,2022-09-16,2022-09-17,0,1,0.02877935825339062,0.06045,0.0622,1,1,0,0,1,0,0.557418815895765,0.658483502772731,0.48171600142950827
DOGEUSDT,2022-09-17,2022-09-18,0,0,-0.07668810289389061,0.0622,0.05743,0,0,0,0,1,0,0.4217969593146549,0.4836645607970321,0.4832450764907578
DOGEUSDT,2022-09-18,2022-09-19,0,1,0.019153752394218904,0.05744,0.05853,1,1,1,1,0,0,0.6036218981502417,0.6150156270594043,0.5407590622418886
DOGEUSDT,2022-09-19,2022-09-20,0,0,-0.002391935759439634,0.05852,0.05839,1,0,0,0,1,0,0.5075896539322698,0.3474057283505351,0.48824797885878624
DOGEUSDT,2022-09-20,2022-09-21,0,0,-0.021236513101558496,0.0584,0.05715,0,0,0,1,0,0,0.4513488830385814,0.37530631464808983,0.49962694753526626
DOGEUSDT,2022-09-21,2022-09-22,0,1,0.04251968503937009,0.05715,0.05958,1,1,1,1,0,0,0.5741517611540716,0.5038918677749639,0.5097833710116413
DOGEUSDT,2022-09-22,2022-09-23,0,1,0.06361195031889877,0.05959,0.06337,0,0,0,0,1,0,0.46694561918589184,0.37324847318509197,0.47619000581502763
DOGEUSDT,2022-09-23,2022-09-24,0,0,-0.004260691178791132,0.06337,0.0631,0,1,0,0,1,0,0.4904936176688269,0.5945843982583741,0.4655578185920772
DOGEUSDT,2022-09-24,2022-09-25,0,0,-0.03058637083993665,0.0631,0.06117,1,1,1,1,0,0,0.5288003595872817,0.6164482701628642,0.5006256420486697
DOGEUSDT,2022-09-25,2022-09-26,0,0,-0.0006539153179664359,0.06117,0.06113,1,1,1,1,0,0,0.5346803391096305,0.6330114391994915,0.5148928287554598
DOGEUSDT,2022-09-26,2022-09-27,0,0,-0.010633077048912143,0.06112,0.06048,0,0,0,1,0,0,0.4849310297167459,0.4783306322164709,0.49869980012873616
DOGEUSDT,2022-09-27,2022-09-28,0,1,0.0004960317460318553,0.0605,0.06051,0,1,1,1,0,0,0.4996704129902266,0.5456054557178632,0.50404521496558
DOGEUSDT,2022-09-28,2022-09-29,0,1,0.005784167906131232,0.06051,0.06086,1,1,0,0,1,0,0.5425727709799827,0.5577584522845832,0.49808725106475993
DOGEUSDT,2022-09-29,2022-09-30,0,1,0.013309234308248596,0.06088,0.06167,1,1,0,0,1,0,0.5185732188625732,0.5541222782902064,0.4952795230921948
DOGEUSDT,2022-09-30,2022-10-01,0,0,-0.017512566888276404,0.06168,0.06059,1,1,0,0,1,0,0.5120187376166047,0.5973214516354604,0.4913099959534697
DOGEUSDT,2022-10-01,2022-10-02,0,0,-0.021785773229905825,0.0606,0.05927,1,1,1,1,0,0,0.5319909332442537,0.5783483924108308,0.5077612846623795
DOGEUSDT,2022-10-02,2022-10-03,0,1,0.01805297789775584,0.05926,0.06034,1,0,1,1,0,0,0.533083108157803,0.3803173991725694,0.5100822421650035
DOGEUSDT,2022-10-03,2022-10-04,0,1,0.09115014915478947,0.06033,0.06584,0,1,0,0,1,0,0.46196442273949206,0.5972870879921856,0.488823283797693
DOGEUSDT,2022-10-04,2022-10-05,0,0,-0.016099635479951302,0.06584,0.06478,0,0,0,0,1,0,0.3930036501170746,0.42433495607767785,0.4520359584201574
DOGEUSDT,2022-10-05,2022-10-06,0,0,-0.020531028095090997,0.06479,0.06345,1,0,1,1,0,0,0.5403096522335344,0.4073273360720173,0.5069960043504796
DOGEUSDT,2022-10-06,2022-10-07,0,0,-0.01733648542159183,0.06345,0.06235,1,1,1,1,0,0,0.6093183993751061,0.5370952632045443,0.5093997283224719
DOGEUSDT,2022-10-07,2022-10-08,0,0,-0.01122694466720131,0.06237,0.06165,1,1,1,1,0,0,0.569937178104928,0.5914940584665058,0.5076658562737216
DOGEUSDT,2022-10-08,2022-10-09,0,1,0.00762368207623676,0.06164,0.06212,1,1,1,1,0,0,0.5780605381119833,0.6004735805011612,0.5043650051545645
DOGEUSDT,2022-10-09,2022-10-10,0,0,-0.044108177720540875,0.0621,0.05938,1,0,0,0,1,0,0.5083740556036411,0.3917257118162939,0.49430635582664845
DOGEUSDT,2022-10-10,2022-10-11,0,1,0.014651397777029285,0.05938,0.06025,1,1,1,1,0,0,0.5790689329523336,0.6131268125766699,0.5223640925456513
DOGEUSDT,2022-10-11,2022-10-12,0,0,-0.00730290456431526,0.06025,0.05981,1,1,0,0,1,0,0.5472457749687643,0.5362156659668456,0.4906051940740836
DOGEUSDT,2022-10-12,2022-10-13,0,0,-0.002675137936799854,0.05979,0.05965,1,1,1,1,0,0,0.5320170923982437,0.5257559553464409,0.502255454188871
DOGEUSDT,2022-10-13,2022-10-14,0,0,-0.016596814752724343,0.05964,0.05866,1,1,0,1,0,0,0.6101536370806249,0.5688304919368383,0.4997781752423448
DOGEUSDT,2022-10-14,2022-10-15,0,0,-0.0015342652574156235,0.05865,0.05857,1,1,1,1,0,0,0.6138220442985892,0.6110157133084371,0.5072651680777073
DOGEUSDT,2022-10-15,2022-10-16,0,1,0.005805019634625319,0.05857,0.05891,1,0,0,1,0,0,0.5623127873874608,0.4160843520730925,0.4991692205906239
DOGEUSDT,2022-10-16,2022-10-17,0,1,0.01816329994907484,0.0589,0.05998,1,0,0,0,1,0,0.525028817443001,0.3761730502632768,0.49526848161451137
DOGEUSDT,2022-10-17,2022-10-18,0,0,-0.0036678892964321363,0.05997,0.05976,0,0,0,0,1,0,0.43112426296645207,0.32200470229989236,0.48876559606468734
DOGEUSDT,2022-10-18,2022-10-19,0,0,-0.01807228915662651,0.05975,0.05868,0,0,1,1,0,0,0.46789538601046443,0.49004035561741144,0.5003086360207931
DOGEUSDT,2022-10-19,2022-10-20,0,1,0.012610770279481986,0.05868,0.05942,1,0,1,1,0,0,0.5369719083761656,0.47931689011128625,0.508064739282411
DOGEUSDT,2022-10-20,2022-10-21,0,0,-0.0015146415348367137,0.05942,0.05933,1,0,0,0,1,0,0.5380190148864756,0.41152933119719226,0.49167715925156297
DOGEUSDT,2022-10-21,2022-10-22,0,1,0.00589920782066411,0.05933,0.05968,1,1,0,1,0,0,0.5756779505084182,0.5343500618698096,0.4991587522948573
DOGEUSDT,2022-10-22,2022-10-23,0,1,0.01172922252010733,0.05969,0.06038,0,0,0,0,1,0,0.4636524048690657,0.4831235794398719,0.4952186096779203
DOGEUSDT,2022-10-23,2022-10-24,0,0,-0.015402451142762508,0.06038,0.05945,0,0,0,0,1,0,0.4287895360461269,0.41072572058468027,0.4921409391085811
DOGEUSDT,2022-10-24,2022-10-25,0,1,0.060555088309503624,0.05944,0.06305,0,0,1,1,0,0,0.49041718678929874,0.41399380384108037,0.5066187837665225
DOGEUSDT,2022-10-25,2022-10-26,0,1,0.15226011102299775,0.06304,0.07265,0,1,0,0,1,0,0.4592725273055182,0.6155534875084464,0.46708389197526967
DOGEUSDT,2022-10-26,2022-10-27,0,1,0.0583620096352373,0.07265,0.07689,1,0,0,0,1,0,0.5105497456347142,0.3223087670792827,0.4234690953934328
DOGEUSDT,2022-10-27,2022-10-28,0,1,0.09077903498504347,0.07686,0.08387,1,0,0,0,1,0,0.6406411923887514,0.2587425599402776,0.4681818347595553
DOGEUSDT,2022-10-28,2022-10-29,0,1,0.45177059735304637,0.08387,0.12176,1,0,0,0,1,0,0.6316566871690578,0.220903966894787,0.45221548561074437
DOGEUSDT,2022-10-29,2022-10-30,0,0,-0.03309789750328507,0.12176,0.11773,0,1,0,0,1,0,0.41259188408523667,0.5015357374215864,0.30984757960930687
DOGEUSDT,2022-10-30,2022-10-31,0,1,0.0775503270194513,0.11774,0.12686,0,0,1,1,0,0,0.49479895064951007,0.4817438382445382,0.5162732218319398
DOGEUSDT,2022-10-31,2022-11-01,0,1,0.12021125650323183,0.12685,0.14211,1,1,0,0,1,0,0.5152493513038757,0.6617986597843875,0.4586629851312549
DOGEUSDT,2022-11-01,2022-11-02,0,0,-0.10175216381676144,0.14211,0.12765,0,0,0,0,1,0,0.2840504731028161,0.4471117362388839,0.4382051506064245
DOGEUSDT,2022-11-02,2022-11-03,0,0,-0.039404622013317736,0.12766,0.12262,1,0,1,1,0,0,0.5352244733439361,0.4422279311499233,0.5552815914424483
DOGEUSDT,2022-11-03,2022-11-04,0,1,0.028625020388191036,0.12262,0.12613,1,0,1,1,0,0,0.5637566417553181,0.4905369286581869,0.5197542616105404
DOGEUSDT,2022-11-04,2022-11-05,0,0,-0.013319590898279499,0.12612,0.12445,0,1,0,0,1,0,0.4363063058472315,0.5252005282387907,0.48332489993012906
DOGEUSDT,2022-11-05,2022-11-06,0,0,-0.07778224186420257,0.12444,0.11477,1,0,1,1,0,0,0.5023332984007409,0.41136694943629765,0.5054933712076164
DOGEUSDT,2022-11-06,2022-11-07,0,0,-0.030844297290232636,0.11477,0.11123,1,1,1,1,0,0,0.6097948655120001,0.7705531096170445,0.5413863606526372
DOGEUSDT,2022-11-07,2022-11-08,0,0,-0.2064191315292636,0.11124,0.08827,1,0,1,1,0,0,0.5286454019708544,0.4767511445867226,0.5150344370291536
DOGEUSDT,2022-11-08,2022-11-09,0,0,-0.155998640534723,0.08827,0.0745,1,1,1,1,0,0,0.6963623803187278,0.7833780359964736,0.619161330957109
DOGEUSDT,2022-11-09,2022-11-10,0,1,0.20510067114093955,0.07452,0.08978,1,1,1,1,0,0,0.7232447395883729,0.8184181754033485,0.5877691001042874
DOGEUSDT,2022-11-10,2022-11-11,0,0,-0.052238805970149294,0.08976,0.08509,0,1,0,0,1,0,0.4120973910645881,0.6002948772568849,0.4003329831387231
DOGEUSDT,2022-11-11,2022-11-12,0,1,0.035961922670114,0.08511,0.08815,1,1,1,1,0,0,0.5602089595814123,0.6720951517748391,0.5269029207989003
DOGEUSDT,2022-11-12,2022-11-13,0,0,-0.03630175836642091,0.08814,0.08495,1,1,0,0,1,0,0.6285417267068323,0.7014767153386811,0.4795444510765314
DOGEUSDT,2022-11-13,2022-11-14,0,1,0.011771630370806418,0.08496,0.08595,0,1,1,1,0,0,0.4900781646931395,0.6425418131302484,0.5180389865563928
DOGEUSDT,2022-11-14,2022-11-15,0,1,0.012914485165794076,0.08594,0.08706,1,0,0,0,1,0,0.51353860307963,0.39171809370282623,0.4921186188877279
DOGEUSDT,2022-11-15,2022-11-16,0,0,-0.01814840339995405,0.08705,0.08548,0,0,0,0,1,0,0.4890354063411837,0.3847934321480866,0.49151747246670546
DOGEUSDT,2022-11-16,2022-11-17,0,0,-0.009475900795507752,0.08549,0.08467,1,0,1,1,0,0,0.5547584634952896,0.44275055334985935,0.5081060176873023
DOGEUSDT,2022-11-17,2022-11-18,0,1,0.0008267391047596107,0.08467,0.08474,1,1,1,1,0,0,0.6242839031444692,0.6074051754596452,0.5034226320041101
DOGEUSDT,2022-11-18,2022-11-19,0,0,-0.0022421524663676085,0.08474,0.08455,1,1,0,0,1,0,0.5190260120861214,0.6293772272980195,0.4979112225603036
DOGEUSDT,2022-11-19,2022-11-20,0,0,-0.08894145476049675,0.08455,0.07703,0,1,0,1,0,0,0.46469623000741467,0.5885701471280609,0.49954698183193996
DOGEUSDT,2022-11-20,2022-11-21,0,0,-0.03076723354537192,0.07705,0.07466,1,1,1,1,0,0,0.5669844993585799,0.7532215177844963,0.5478191336663472
DOGEUSDT,2022-11-21,2022-11-22,0,1,0.05491561746584517,0.07466,0.07876,0,0,1,1,0,0,0.4639066534475584,0.47516471242807784,0.5149921233499146
DOGEUSDT,2022-11-22,2022-11-23,0,1,0.04075672930421548,0.07877,0.08197,0,0,0,0,1,0,0.37074503380156854,0.31113774665015526,0.4699124629092626
DOGEUSDT,2022-11-23,2022-11-24,0,0,-0.006221788459192301,0.08197,0.08146,0,0,0,0,1,0,0.41918280636417315,0.4301530091336208,0.4770895214425236
DOGEUSDT,2022-11-24,2022-11-25,0,1,0.09869874785170629,0.08146,0.0895,1,0,1,1,0,0,0.5039839426822507,0.49746714775581713,0.5016756976167032
DOGEUSDT,2022-11-25,2022-11-26,0,0,-0.0063687150837988815,0.0895,0.08893,0,1,0,0,1,0,0.4403935956389732,0.5364478630962431,0.4484002544711154
DOGEUSDT,2022-11-26,2022-11-27,0,1,0.10963679298324536,0.08892,0.09868,0,1,1,1,0,0,0.46077831456251067,0.615723401136799,0.501754451370335
DOGEUSDT,2022-11-27,2022-11-28,0,0,-0.03597486826104579,0.0987,0.09513,0,1,0,0,1,0,0.430871105075783,0.6254324942910977,0.44318587641628276
DOGEUSDT,2022-11-28,2022-11-29,0,1,0.06654052349416584,0.09512,0.10146,0,1,1,1,0,0,0.4868844077565546,0.6573664371457567,0.5178585766898411
DOGEUSDT,2022-11-29,2022-11-30,0,1,0.05233589591957433,0.10146,0.10677,0,1,0,0,1,0,0.42333681774715165,0.583460612983906,0.4641005004298423
DOGEUSDT,2022-11-30,2022-12-01,0,0,-0.04701695232743286,0.10676,0.10175,0,0,0,0,1,0,0.3872254403506883,0.4236844475531747,0.4712120686990833
DOGEUSDT,2022-12-01,2022-12-02,0,1,0.003439803439803546,0.10175,0.1021,1,1,1,1,0,0,0.506606807396606,0.6726514796655754,0.5239838943064519
DOGEUSDT,2022-12-02,2022-12-03,0,0,-0.02350636630754166,0.1021,0.0997,1,1,0,0,1,0,0.5263811353584433,0.560996032915852,0.4965224076588188
DOGEUSDT,2022-12-03,2022-12-04,0,1,0.04373119358074229,0.0997,0.10406,0,0,1,1,0,0,0.46612169259331376,0.3761999628644715,0.5110195151530251
DOGEUSDT,2022-12-04,2022-12-05,0,0,-0.024697290024985663,0.10405,0.10149,0,0,0,0,1,0,0.40591926335778,0.4458000025597038,0.47557282634926223
DOGEUSDT,2022-12-05,2022-12-06,0,0,-0.012809143758005681,0.10149,0.10019,0,1,1,1,0,0,0.4449737920092914,0.5925292352400179,0.5116691795191061
DOGEUSDT,2022-12-06,2022-12-07,0,0,-0.04431579998003787,0.1002,0.09575,0,0,1,1,0,0,0.4884446101940804,0.49818872514405704,0.5052179195751586
DOGEUSDT,2022-12-07,2022-12-08,0,1,0.028407310704960942,0.09575,0.09847,1,0,1,1,0,0,0.537035739222271,0.4494418214562318,0.5224795631250583
DOGEUSDT,2022-12-08,2022-12-09,0,0,-0.01797501777191035,0.09847,0.0967,0,0,0,0,1,0,0.47022007433221946,0.36819012077643426,0.4834375210427543
DOGEUSDT,2022-12-09,2022-12-10,0,0,-0.003929679420889287,0.0967,0.09632,1,1,1,1,0,0,0.5069977876992495,0.5265567418911559,0.5080119913981126
DOGEUSDT,2022-12-10,2022-12-11,0,0,-0.0379983388704318,0.09632,0.09266,1,1,1,1,0,0,0.5219209927979482,0.6715508416111976,0.5004486073797294
DOGEUSDT,2022-12-11,2022-12-12,0,0,-0.025577379667602096,0.09266,0.09029,0,0,1,1,0,0,0.48013061741623486,0.4543621959316574,0.5189762326379765
DOGEUSDT,2022-12-12,2022-12-13,0,1,0.008417321962565172,0.09029,0.09105,1,0,1,1,0,0,0.5034278781227537,0.33819459280841996,0.5121497645510952
DOGEUSDT,2022-12-13,2022-12-14,0,0,-0.030862163646348195,0.09105,0.08824,0,0,0,0,1,0,0.4349985329772271,0.32509298327645186,0.49388705394515287
DOGEUSDT,2022-12-14,2022-12-15,0,0,-0.03841795104261114,0.08825,0.08485,1,0,1,1,0,0,0.5030688771026686,0.47265706123670015,0.515044247425963
DOGEUSDT,2022-12-15,2022-12-16,0,0,-0.10795521508544492,0.08483,0.07569,1,1,1,1,0,0,0.5649151359731196,0.5491000510964605,0.519208274600591
DOGEUSDT,2022-12-16,2022-12-17,0,1,0.04624124719249578,0.07569,0.07919,1,1,1,1,0,0,0.6216097776183103,0.7762635437807901,0.5589244515350504
DOGEUSDT,2022-12-17,2022-12-18,0,0,-0.009092057077913829,0.07918,0.07847,0,0,0,0,1,0,0.474962131624524,0.46506151536720824,0.47429664364635005
DOGEUSDT,2022-12-18,2022-12-19,0,0,-0.09099018733273856,0.07846,0.07133,0,0,1,1,0,0,0.42284886585379866,0.4580661584014158,0.5032162749381998
DOGEUSDT,2022-12-19,2022-12-20,0,1,0.04906771344455341,0.07133,0.07483,1,1,1,1,0,0,0.5842407155700919,0.6943608621647249,0.5490070064331112
DOGEUSDT,2022-12-20,2022-12-21,0,0,-0.014566350394226824,0.07483,0.07374,0,1,0,0,1,0,0.4362862934435951,0.5307609274352771,0.47286364867377423
DOGEUSDT,2022-12-21,2022-12-22,0,1,0.04217521019799286,0.07369,0.07685,0,0,1,1,0,0,0.44893005527109414,0.4923775555100999,0.5061667428603494
DOGEUSDT,2022-12-22,2022-12-23,0,1,0.0046844502277163524,0.07687,0.07721,0,1,0,0,1,0,0.49184933131922187,0.5102229672514463,0.47636563615931365
DOGEUSDT,2022-12-23,2022-12-24,0,1,0.004015023960626918,0.07721,0.07752,0,0,0,0,1,0,0.45939467389842065,0.47825956492887367,0.495862180206921
DOGEUSDT,2022-12-24,2022-12-25,0,0,-0.019865841073271384,0.07751,0.07598,0,1,0,0,1,0,0.4980598489091266,0.5142671937164682,0.49621717645747265
DOGEUSDT,2022-12-25,2022-12-26,0,0,-0.003948407475651616,0.07599,0.07568,0,0,1,1,0,0,0.4814603341331737,0.4631595899843037,0.5090382425532326
DOGEUSDT,2022-12-26,2022-12-27,0,0,-0.025898520084566612,0.07569,0.07372,0,1,1,1,0,0,0.4320443564203499,0.5719026272863603,0.500458622118659
DOGEUSDT,2022-12-27,2022-12-28,0,0,-0.04503526858383056,0.07372,0.0704,0,1,1,1,0,0,0.465708892704795,0.5142375630551344,0.5123252302316451
DOGEUSDT,2022-12-28,2022-12-29,0,1,0.007670454545454453,0.07039,0.07094,1,0,1,1,0,0,0.540869238123422,0.3595015759565381,0.522879876138034
DOGEUSDT,2022-12-29,2022-12-30,0,0,-0.0358049055539893,0.07093,0.0684,0,0,0,0,1,0,0.48844631536875605,0.4859068500179324,0.4942816352541207
DOGEUSDT,2022-12-30,2022-12-31,0,1,0.027046783625731097,0.0684,0.07025,1,0,1,1,0,0,0.5396571697618917,0.48300795703817867,0.5177647970076161
DOGEUSDT,2022-12-31,2023-01-01,0,0,-0.00014234875444851802,0.07024,0.07024,0,1,0,0,1,0,0.4602832695564597,0.5305242233894385,0.48414189924371875
DOGEUSDT,2023-01-01,2023-01-02,0,1,0.016514806378132185,0.07023,0.0714,0,0,0,1,0,0,0.42087692504738927,0.4313563673403581,0.49842721337851204
DOGEUSDT,2023-01-02,2023-01-03,0,0,-0.012745098039215752,0.07138,0.07049,0,0,0,0,1,0,0.3749848493049833,0.35003738577029075,0.4896282805307711
DOGEUSDT,2023-01-03,2023-01-04,0,1,0.037168392679812756,0.07049,0.07311,0,0,1,1,0,0,0.4383097061662632,0.47671972443867017,0.5051833685338202
DOGEUSDT,2023-01-04,2023-01-05,0,0,-0.021748050882232195,0.0731,0.07152,0,0,0,0,1,0,0.4397327537438519,0.48900414418676336,0.47892557533154545
DOGEUSDT,2023-01-05,2023-01-06,0,1,0.012444071588366912,0.07151,0.07241,0,0,1,1,0,0,0.48186988413999615,0.346126167688319,0.5100617110120699
DOGEUSDT,2023-01-06,2023-01-07,0,0,-0.0030382543847534693,0.07242,0.07219,1,1,0,0,1,0,0.5039915683127731,0.5538502074336777,0.4917648269381886
DOGEUSDT,2023-01-07,2023-01-08,0,1,0.01994736113035045,0.07219,0.07363,0,1,0,1,0,0,0.45161529040435816,0.527548991450873,0.4999721394303824
DOGEUSDT,2023-01-08,2023-01-09,0,1,0.027570283851690913,0.07362,0.07566,0,0,0,0,1,0,0.40197602072572863,0.4604600293383621,0.48783361451199336
DOGEUSDT,2023-01-09,2023-01-10,0,1,0.028548770816811952,0.07565,0.07782,0,1,0,0,1,0,0.38428429368763767,0.5073556122263861,0.483870752358957
DOGEUSDT,2023-01-10,2023-01-11,0,1,0.004112053456694964,0.07782,0.07814,0,1,0,0,1,0,0.40508594938961173,0.5227538033281176,0.4833643408914966
DOGEUSDT,2023-01-11,2023-01-12,0,1,0.027002815459431728,0.07816,0.08025,0,0,0,0,1,0,0.4781118286480627,0.493012948899534,0.49616570687837064
DOGEUSDT,2023-01-12,2023-01-13,0,1,0.052959501557632516,0.08025,0.0845,1,1,0,0,1,0,0.5109116938127871,0.7092973005754636,0.4841646792690627
DOGEUSDT,2023-01-13,2023-01-14,0,1,0.03301775147928998,0.08449,0.08729,0,0,0,0,1,0,0.48218209902986797,0.45480203514044254,0.47089758196541415
DOGEUSDT,2023-01-14,2023-01-15,0,0,-0.013861839844197532,0.08729,0.08608,1,0,0,0,1,0,0.522539724786149,0.3698252935207957,0.4810579963077628
DOGEUSDT,2023-01-15,2023-01-16,0,0,-0.027881040892193343,0.08607,0.08368,1,0,1,1,0,0,0.5119329227264556,0.3633181393247722,0.5057861364681318
DOGEUSDT,2023-01-16,2023-01-17,0,0,-0.009918738049713327,0.08369,0.08285,1,0,1,1,0,0,0.5134663764549076,0.41611082525346377,0.5134096594599058
DOGEUSDT,2023-01-17,2023-01-18,0,0,-0.034399517199758534,0.08286,0.08,0,1,1,1,0,0,0.48767835987406666,0.5287314087734578,0.5036608023232448
DOGEUSDT,2023-01-18,2023-01-19,0,1,0.02012499999999995,0.08,0.08161,1,0,1,1,0,0,0.5813626214262266,0.43699420693946855,0.5169899367846604
DOGEUSDT,2023-01-19,2023-01-20,0,1,0.0558755054527631,0.08159,0.08617,1,1,0,0,1,0,0.5704272291739841,0.60739579487502,0.4877409109371898
DOGEUSDT,2023-01-20,2023-01-21,0,0,-0.017407450388766454,0.08616,0.08467,0,1,0,0,1,0,0.47400493978922753,0.5046935426920872,0.4694298069728786
DOGEUSDT,2023-01-21,2023-01-22,0,1,0.042163694342742364,0.08468,0.08824,1,1,1,1,0,0,0.5424415768096387,0.5394451208120921,0.5077043141663181
DOGEUSDT,2023-01-22,2023-01-23,0,1,0.0030598368087035865,0.08822,0.08851,0,1,0,0,1,0,0.4728552938657276,0.5587789323171329,0.47637150861694416
DOGEUSDT,2023-01-23,2023-01-24,0,0,-0.05185854705682991,0.08851,0.08392,0,1,0,0,1,0,0.4221449267083177,0.5645022947163111,0.4967241280468639
DOGEUSDT,2023-01-24,2023-01-25,0,1,0.031220209723546333,0.08392,0.08654,1,1,1,1,0,0,0.584810688223469,0.5597890889272793,0.5266898728139621
DOGEUSDT,2023-01-25,2023-01-26,0,0,-0.0024266235266928726,0.08655,0.08633,1,1,0,0,1,0,0.5377039626913922,0.5032666364493986,0.4819843756245061
DOGEUSDT,2023-01-26,2023-01-27,0,1,0.010425112938723391,0.08634,0.08723,1,1,0,1,0,0,0.5427674186538287,0.5427898162073654,0.49964546821629274
DOGEUSDT,2023-01-27,2023-01-28,0,1,0.00573197294508776,0.08723,0.08773,1,1,0,0,1,0,0.5741987833855156,0.5117799646362667,0.49282779381018926
DOGEUSDT,2023-01-28,2023-01-29,0,1,0.026900718112390365,0.08773,0.09009,0,0,0,0,1,0,0.4792217696712181,0.46376810158731274,0.4953071625680562
DOGEUSDT,2023-01-29,2023-01-30,0,0,-0.019092019092019075,0.09009,0.08837,0,0,0,0,1,0,0.4448754609621172,0.3660783337480274,0.48421758019500255
DOGEUSDT,2023-01-30,2023-01-31,0,1,0.0876994455131832,0.08833,0.09612,0,1,1,1,0,0,0.48928962113603913,0.5286259382095585,0.5086180174860765
DOGEUSDT,2023-01-31,2023-02-01,0,0,-0.021743653766125637,0.09613,0.09403,0,0,0,0,1,0,0.43980575076898787,0.45451278145255875,0.45370808052312206
DOGEUSDT,2023-02-01,2023-02-02,0,0,-0.03233010741252795,0.09403,0.09099,1,0,1,1,0,0,0.5403619573501856,0.3811556774680734,0.5100593178417427
DOGEUSDT,2023-02-02,2023-02-03,0,1,0.021321024288383228,0.09099,0.09293,1,0,1,1,0,0,0.5837308140764959,0.379143811325746,0.5158508718985728
DOGEUSDT,2023-02-03,2023-02-04,0,1,0.02948455826966545,0.09293,0.09567,0,1,0,0,1,0,0.49329257901217627,0.5125759950522084,0.487117189441482
DOGEUSDT,2023-02-04,2023-02-05,0,0,-0.03804745479251603,0.09567,0.09203,0,0,0,0,1,0,0.4361364557758272,0.38361672766154403,0.4828805107502427
DOGEUSDT,2023-02-05,2023-02-06,0,0,-0.026947734434423554,0.09203,0.08955,1,0,1,1,0,0,0.5561257070706335,0.4953455378056658,0.519003388519281
DOGEUSDT,2023-02-06,2023-02-07,0,1,0.03327749860413176,0.08956,0.09253,1,0,1,1,0,0,0.5210637593117616,0.46928547735660214,0.5128988852445296
DOGEUSDT,2023-02-07,2023-02-08,0,0,-0.02539716848589657,0.09252,0.09018,0,0,0,0,1,0,0.4463176762724978,0.43843490466486623,0.4809242772084455
DOGEUSDT,2023-02-08,2023-02-09,0,0,-0.09691727655799509,0.09017,0.08144,1,0,1,1,0,0,0.5213465254960035,0.45566430443338346,0.5120513242308091
DOGEUSDT,2023-02-09,2023-02-10,1,0,-0.006753438113948906,0.08144,0.08089,1,1,1,1,0,0,0.6896725924833463,0.5312020654220412,0.5656779301693717
DOGEUSDT,2023-02-10,2023-02-11,1,1,0.016812955865990853,0.08087,0.08225,1,1,1,1,0,0,0.5631824161792798,0.5342569575315724,0.5011265647918114
DOGEUSDT,2023-02-11,2023-02-12,1,0,-0.0012158054711246535,0.08226,0.08215,0,0,0,0,1,0,0.48934982033766256,0.46181921033876433,0.4851308115442496
DOGEUSDT,2023-02-12,2023-02-13,1,0,-0.0007303712720633238,0.08217,0.08209,1,0,0,1,0,0,0.5126352485964963,0.45219372948058917,0.4973330149537734
DOGEUSDT,2023-02-13,2023-02-14,1,1,0.018394445121208358,0.08209,0.0836,0,0,0,1,0,0,0.45955899685071055,0.4094876224927536,0.4970014803033776
DOGEUSDT,2023-02-14,2023-02-15,1,1,0.06794258373205753,0.0836,0.08928,0,0,0,0,1,0,0.425582056840817,0.42362944579044814,0.48407139912988484
DOGEUSDT,2023-02-15,2023-02-16,1,0,-0.049171146953405076,0.08927,0.08489,0,0,0,0,1,0,0.39853695225388636,0.3687688693333939,0.4518012741256344
DOGEUSDT,2023-02-16,2023-02-17,1,1,0.03321946047826607,0.08489,0.08771,1,1,1,1,0,0,0.5819233425210667,0.6823858476510583,0.530867128519984
DOGEUSDT,2023-02-17,2023-02-18,1,1,0.012655341466195402,0.08771,0.08882,1,0,0,0,1,0,0.5545868544577476,0.44639165636958517,0.47422773619240277
DOGEUSDT,2023-02-18,2023-02-19,1,0,-0.020828642197703084,0.08882,0.08697,0,1,0,0,1,0,0.47441317965028196,0.5578623056449774,0.48792442089456745
DOGEUSDT,2023-02-19,2023-02-20,1,1,0.015177647464642785,0.08698,0.08829,1,0,1,1,0,0,0.5156666574151275,0.3638671577170897,0.5108631495724211
DOGEUSDT,2023-02-20,2023-02-21,1,0,-0.0320534601880168,0.08829,0.08546,0,0,0,0,1,0,0.4256257960087931,0.41925492798219827,0.48622815145811626
DOGEUSDT,2023-02-21,2023-02-22,1,1,0.0004680552305174057,0.08546,0.0855,1,0,1,1,0,0,0.5137224097364465,0.46953345162636306,0.5187231441808082
DOGEUSDT,2023-02-22,2023-02-23,1,0,-0.014619883040935644,0.0855,0.08425,1,0,0,0,1,0,0.5269085223852947,0.4117087574115519,0.4961836977408484
DOGEUSDT,2023-02-23,2023-02-24,1,0,-0.03952522255192881,0.08424,0.08092,1,1,1,1,0,0,0.571259409734411,0.5208584247197907,0.5065516523799095
DOGEUSDT,2023-02-24,2023-02-25,1,0,-0.0021008403361344463,0.08091,0.08075,1,1,1,1,0,0,0.6489352068259978,0.6384814763007651,0.5240008533977901
DOGEUSDT,2023-02-25,2023-02-26,1,1,0.01746130030959736,0.08075,0.08216,1,0,0,1,0,0,0.558742584066069,0.46222318312469773,0.4979378836813951
DOGEUSDT,2023-02-26,2023-02-27,1,0,-0.009737098344693274,0.08217,0.08136,0,0,0,0,1,0,0.4356421569125489,0.454947990973956,0.4846962809090643
DOGEUSDT,2023-02-27,2023-02-28,1,0,-0.006268436578170999,0.08136,0.08085,0,0,1,1,0,0,0.4781605957804898,0.4139385051306354,0.503179269322945
DOGEUSDT,2023-02-28,2023-03-01,1,1,0.013358070500927521,0.08085,0.08193,0,1,1,1,0,0,0.4996799637074929,0.5018044721354837,0.5007934697976383
DOGEUSDT,2023-03-01,2023-03-02,1,0,-0.01672159160258757,0.08193,0.08056,0,0,0,0,1,0,0.47128704583510145,0.38300668908555247,0.48745137656773607
DOGEUSDT,2023-03-02,2023-03-03,1,0,-0.046176762661370385,0.08057,0.07684,1,0,1,1,0,0,0.5840180587766969,0.37936811042533763,0.5080082163736512
DOGEUSDT,2023-03-03,2023-03-04,1,0,-0.028891202498698587,0.07684,0.07462,1,1,1,1,0,0,0.6346089761477148,0.5661871875864902,0.5287293337849754
DOGEUSDT,2023-03-04,2023-03-05,1,1,0.0016081479496112827,0.07462,0.07474,1,0,1,1,0,0,0.5427333832615847,0.31023367024855747,0.5165004114597249
DOGEUSDT,2023-03-05,2023-03-06,1,1,0.0006689858175006336,0.07475,0.07479,0,0,0,0,1,0,0.4739395435941925,0.36663730539010186,0.4954066485735259
DOGEUSDT,2023-03-06,2023-03-07,1,0,-0.009626955475330878,0.0748,0.07407,0,0,0,0,1,0,0.45326466010872785,0.40839343024957586,0.49604668445245786
DOGEUSDT,2023-03-07,2023-03-08,1,0,-0.03982719049547723,0.07407,0.07112,0,1,1,1,0,0,0.4941987167824585,0.536718919731284,0.5031033846139312
DOGEUSDT,2023-03-08,2023-03-09,1,0,-0.07269403824521947,0.07112,0.06595,1,1,1,1,0,0,0.5907028207930092,0.6449449846759162,0.524214906750396
DOGEUSDT,2023-03-09,2023-03-10,1,0,-0.003487490523123471,0.06597,0.06572,1,1,1,1,0,0,0.6761795918117696,0.7709718793137302,0.5478520556595954
DOGEUSDT,2023-03-10,2023-03-11,1,1,0.004869141813755418,0.06572,0.06604,1,1,0,1,0,0,0.566610827225943,0.6038585416445417,0.4988866676877286
DOGEUSDT,2023-03-11,2023-03-12,1,1,0.06768625075711698,0.06604,0.07051,1,1,0,0,1,0,0.5274236412289596,0.6817163054833749,0.4931890721134882
DOGEUSDT,2023-03-12,2023-03-13,1,1,0.032335838888100765,0.07051,0.07279,0,0,0,0,1,0,0.430613528109161,0.4492464380337049,0.4519635513438565
DOGEUSDT,2023-03-13,2023-03-14,1,1,0.024316526995466603,0.07279,0.07456,0,0,0,0,1,0,0.4360739427119755,0.2523210172016537,0.4748099999511528
DOGEUSDT,2023-03-14,2023-03-15,1,0,-0.0661212446351932,0.07455,0.06963,0,0,0,0,1,0,0.4985179477169084,0.3596413395756144,0.48012020027978364
DOGEUSDT,2023-03-15,2023-03-16,1,1,0.04207956340657759,0.06964,0.07256,1,1,1,1,0,0,0.628447936664097,0.5523515789030332,0.5430726576765712
DOGEUSDT,2023-03-16,2023-03-17,1,1,0.053197353914002266,0.07256,0.07642,1,0,0,0,1,0,0.5272742183057004,0.4293839621516315,0.4684208325665838
DOGEUSDT,2023-03-17,2023-03-18,1,0,-0.04540696152839574,0.07642,0.07295,0,1,0,0,1,0,0.4634281666517058,0.6059362426571703,0.46121577289882293
DOGEUSDT,2023-03-18,2023-03-19,1,1,0.02124742974640159,0.07296,0.0745,1,1,1,1,0,0,0.6228009116652735,0.7402916448052074,0.528180657426655
DOGEUSDT,2023-03-19,2023-03-20,1,0,-0.042013422818791835,0.07451,0.07137,0,0,0,0,1,0,0.4807139661154049,0.37992361636658967,0.4821647552870335
DOGEUSDT,2023-03-20,2023-03-21,1,1,0.07328008967353217,0.07136,0.0766,0,0,1,1,0,0,0.49980971204430696,0.48623072017608243,0.5257663820309312
DOGEUSDT,2023-03-21,2023-03-22,1,0,-0.03590078328981727,0.07661,0.07385,0,1,0,0,1,0,0.42910366474820116,0.5099151790817599,0.44843343636794764
DOGEUSDT,2023-03-22,2023-03-23,1,1,0.04752877454299265,0.07385,0.07736,1,1,1,1,0,0,0.5458289974195595,0.5348456019255806,0.521436204536458
DOGEUSDT,2023-03-23,2023-03-24,1,0,-0.03658221302998965,0.07736,0.07453,1,1,0,0,1,0,0.527767432281875,0.6513719863817686,0.4648779965657941
DOGEUSDT,2023-03-24,2023-03-25,1,0,-0.00684288206091499,0.07453,0.07402,1,1,1,1,0,0,0.5988275152155897,0.7203033627134243,0.521917736903668
DOGEUSDT,2023-03-25,2023-03-26,1,1,0.004593353147797741,0.07401,0.07436,1,1,1,1,0,0,0.5890367702558512,0.53131390138212,0.5011880118087613
DOGEUSDT,2023-03-26,2023-03-27,1,0,-0.020037654653039194,0.07436,0.07287,0,0,0,0,1,0,0.4913790715552575,0.42169336826842635,0.49337632900138406
DOGEUSDT,2023-03-27,2023-03-28,1,1,0.012899684369424902,0.07289,0.07381,1,1,1,1,0,0,0.5146448445980747,0.5740416736811197,0.5103124300757224
DOGEUSDT,2023-03-28,2023-03-29,1,1,0.023845007451564815,0.07381,0.07557,0,0,0,0,1,0,0.4712052027756164,0.3687259687521335,0.48775990096477756
DOGEUSDT,2023-03-29,2023-03-30,1,0,-0.017864231838030986,0.07557,0.07422,0,0,0,0,1,0,0.44230739064043645,0.3232077919251046,0.48043387454735875
DOGEUSDT,2023-03-30,2023-03-31,1,1,0.036782538399353415,0.07421,0.07695,1,1,1,1,0,0,0.573276753213358,0.5590086233226031,0.5088013609163985
DOGEUSDT,2023-03-31,2023-04-01,1,1,0.06315789473684186,0.07695,0.08181,0,0,0,0,1,0,0.49337856581159534,0.35341378032410936,0.471885606507308
DOGEUSDT,2023-04-01,2023-04-02,1,0,-0.0339811758953672,0.08181,0.07903,0,0,0,0,1,0,0.43366164408733404,0.368941238541212,0.4548384283253122
DOGEUSDT,2023-04-02,2023-04-03,1,1,0.21472858408199413,0.07903,0.096,1,1,1,1,0,0,0.5251683877394095,0.5766639959750779,0.5200813306756258
DOGEUSDT,2023-04-03,2023-04-04,1,0,-0.009166666666666767,0.09601,0.09512,0,0,0,0,1,0,0.3940310144092818,0.30506130142786897,0.3670503958468953
DOGEUSDT,2023-04-04,2023-04-05,1,0,-0.02575693860386874,0.0951,0.09267,0,0,1,1,0,0,0.4717747720871892,0.43115753589344996,0.502786350998938
DOGEUSDT,2023-04-05,2023-04-06,1,0,-0.0783425056652639,0.09268,0.08541,1,1,1,1,0,0,0.5965577187150798,0.5426642103870707,0.5143038444450492
DOGEUSDT,2023-04-06,2023-04-07,1,0,-0.03734925652733867,0.08541,0.08222,1,1,1,1,0,0,0.6012746594361765,0.5949200197493291,0.5519794001254944
DOGEUSDT,2023-04-07,2023-04-08,1,0,-0.010702991972756037,0.08222,0.08134,1,1,1,1,0,0,0.5900912798749847,0.6860641212498637,0.5224601270400777
DOGEUSDT,2023-04-08,2023-04-09,1,1,0.022621096631423754,0.08135,0.08318,1,1,1,1,0,0,0.5298127821498247,0.5956532071557102,0.5038450924542457
DOGEUSDT,2023-04-09,2023-04-10,1,1,0.01863428708824233,0.08318,0.08473,0,1,0,0,1,0,0.4752140687447674,0.523696090620115,0.48124881664604896
DOGEUSDT,2023-04-10,2023-04-11,1,0,-0.007671426885400678,0.08474,0.08408,0,1,0,0,1,0,0.44226832066051047,0.5433910148687608,0.4839108890654055
DOGEUSDT,2023-04-11,2023-04-12,1,0,-0.007373929590865802,0.08409,0.08346,1,1,1,1,0,0,0.5117287237844522,0.5651989629712637,0.5017574743270691
DOGEUSDT,2023-04-12,2023-04-13,1,1,0.04589024682482634,0.08346,0.08729,1,0,1,1,0,0,0.5056103786362983,0.4556796776952229,0.5015529488767599
DOGEUSDT,2023-04-13,2023-04-14,1,1,0.01569481040210796,0.08729,0.08866,0,0,0,0,1,0,0.44220680798162093,0.3395843787455705,0.4659409976466957
DOGEUSDT,2023-04-14,2023-04-15,1,1,0.002481389578163684,0.08866,0.08888,0,0,0,0,1,0,0.4959233735099595,0.21507431014499626,0.48588091409362133
DOGEUSDT,2023-04-15,2023-04-16,1,1,0.017439243924392445,0.08889,0.09043,1,1,0,0,1,0,0.5252336088156595,0.5338897788005088,0.494812088939252
DOGEUSDT,2023-04-16,2023-04-17,1,1,0.010394780493199196,0.09043,0.09137,0,0,0,0,1,0,0.43001016892747174,0.3781682630839908,0.4847110585185415
DOGEUSDT,2023-04-17,2023-04-18,1,1,0.029987961037539534,0.09137,0.09411,0,0,0,0,1,0,0.382748301525134,0.3765566428493809,0.489448497174646
DOGEUSDT,2023-04-18,2023-04-19,1,0,-0.06619912867920519,0.09412,0.08788,0,0,0,0,1,0,0.38663552717675814,0.36423826204780946,0.4763598918496326
DOGEUSDT,2023-04-19,2023-04-20,1,0,-0.04540282203004087,0.08787,0.08389,1,1,1,1,0,0,0.5713428246517196,0.5263984207978849,0.5431291418288328
DOGEUSDT,2023-04-20,2023-04-21,1,0,-0.06520443437835266,0.0839,0.07842,1,1,1,1,0,0,0.595666574240289,0.5153571222440356,0.5281777080069939
DOGEUSDT,2023-04-21,2023-04-22,1,1,0.023718439173680217,0.07842,0.08028,1,1,1,1,0,0,0.5866718243328687,0.5440334818062701,0.5424080268457866
DOGEUSDT,2023-04-22,2023-04-23,1,0,-0.01868460388639759,0.08029,0.07878,0,1,0,0,1,0,0.47331963837578783,0.5319032212057304,0.4805181002212151
DOGEUSDT,2023-04-23,2023-04-24,1,0,-0.0006346788525007918,0.07876,0.07873,0,1,1,1,0,0,0.48937197629412404,0.6100394944696724,0.5093713505634105
DOGEUSDT,2023-04-24,2023-04-25,1,1,0.013082687666708948,0.07875,0.07976,0,0,0,1,0,0,0.4652725550712867,0.3595417155380558,0.4969361450194222
DOGEUSDT,2023-04-25,2023-04-26,1,0,-0.014669007021063218,0.07976,0.07859,0,1,0,0,1,0,0.4311922046246725,0.5300103262509969,0.4876367096845561
DOGEUSDT,2023-04-26,2023-04-27,1,1,0.019722611019213687,0.07859,0.08014,1,1,1,1,0,0,0.5271037282778378,0.5683790953150292,0.5065856630593275
DOGEUSDT,2023-04-27,2023-04-28,1,1,0.002370851010731201,0.08013,0.08033,0,0,0,0,1,0,0.4661006159048052,0.21862666760716346,0.48318306386259796
DOGEUSDT,2023-04-28,2023-04-29,1,1,0.015436325158720399,0.08033,0.08157,0,1,0,0,1,0,0.47560398061197995,0.5900825177421718,0.49488732136513297
DOGEUSDT,2023-04-29,2023-04-30,1,0,-0.025254382738752024,0.08157,0.07951,0,0,0,0,1,0,0.42060333013938617,0.22282013608409956,0.4860544443787173
DOGEUSDT,2023-04-30,2023-05-01,1,0,-0.008678153691359491,0.0795,0.07882,0,0,1,1,0,0,0.4555156917161328,0.46661432631183214,0.5139522452875696
DOGEUSDT,2023-05-01,2023-05-02,1,0,-0.0007612281146918143,0.07882,0.07876,0,0,1,1,0,0,0.43853795388875416,0.4209325368627246,0.5024500360107607
DOGEUSDT,2023-05-02,2023-05-03,1,1,0.010919248349416044,0.07876,0.07962,0,0,0,1,0,0,0.42761064757286055,0.4165404616523313,0.49702254958286884
DOGEUSDT,2023-05-03,2023-05-04,1,0,-0.015573976387842192,0.07961,0.07838,0,0,0,0,1,0,0.43668075541101864,0.4984164448698303,0.48909457744858237
DOGEUSDT,2023-05-04,2023-05-05,1,1,0.022837458535340582,0.07837,0.08017,1,1,1,1,0,0,0.5068832014346211,0.5499805378956698,0.5072125052067928
DOGEUSDT,2023-05-05,2023-05-06,1,0,-0.043033553698391014,0.08017,0.07672,0,0,0,0,1,0,0.4650215730459195,0.42755826572062,0.4811046735484211
DOGEUSDT,2023-05-06,2023-05-07,1,0,-0.002606882168925906,0.07672,0.07652,1,0,1,1,0,0,0.5600438129662731,0.42338635088346,0.5264913683225912
DOGEUSDT,2023-05-07,2023-05-08,1,0,-0.0539728175640356,0.07652,0.07239,0,0,0,1,0,0,0.42989353827682897,0.47846391930420584,0.4982839771294563
DOGEUSDT,2023-05-08,2023-05-09,1,1,0.009807984528249714,0.07239,0.0731,1,1,1,1,0,0,0.5008445649899376,0.5164083030752338,0.5343068889611623
DOGEUSDT,2023-05-09,2023-05-10,1,1,0.0002735978112176074,0.0731,0.07312,0,0,0,0,1,0,0.4751673082775893,0.3803056366953729,0.4898447073098659
DOGEUSDT,2023-05-10,2023-05-11,1,0,-0.01627461706783384,0.07312,0.07193,0,0,0,0,1,0,0.49894060041244903,0.37410024140251724,0.49631632376787427
DOGEUSDT,2023-05-11,2023-05-12,1,1,0.005839010148755763,0.07193,0.07235,1,0,1,1,0,0,0.5759965592001416,0.47858722525687913,0.5076981960864051
DOGEUSDT,2023-05-12,2023-05-13,1,0,-0.009398756046993806,0.07235,0.07167,1,0,0,0,1,0,0.5467402837355253,0.38016841704326365,0.4925309676593666
DOGEUSDT,2023-05-13,2023-05-14,1,1,0.004046323426817322,0.07168,0.07196,1,1,1,1,0,0,0.5261314580216342,0.5290490608060726,0.502946189333035
DOGEUSDT,2023-05-14,2023-05-15,1,0,-0.0006948304613673129,0.07195,0.07191,0,0,0,0,1,0,0.4851430778495408,0.36937529889105913,0.4937479126182824
DOGEUSDT,2023-05-15,2023-05-16,1,1,0.01168126825198157,0.0719,0.07275,0,0,0,1,0,0,0.4537205776453429,0.45295492124423226,0.4969772135954077
DOGEUSDT,2023-05-16,2023-05-17,1,1,0.028591065292096207,0.07276,0.07483,0,0,0,0,1,0,0.4536763638502748,0.3585454449769244,0.4885807002283519
DOGEUSDT,2023-05-17,2023-05-18,1,0,-0.01857543765869285,0.07484,0.07344,0,0,0,0,1,0,0.4457727796101952,0.35504339203592533,0.4772839128064469
DOGEUSDT,2023-05-18,2023-05-19,1,1,0.0008169934640520626,0.07344,0.0735,1,1,1,1,0,0,0.5449932118697306,0.5848722469409527,0.5092954764081375
DOGEUSDT,2023-05-19,2023-05-20,1,1,0.0014965986394557262,0.07351,0.07361,1,1,0,0,1,0,0.5243101105298272,0.5892250892285268,0.49594577695427944
DOGEUSDT,2023-05-20,2023-05-21,1,0,-0.020241814970791916,0.07362,0.07212,0,1,0,0,1,0,0.47224027782611216,0.5134119506602168,0.49548263689737604
DOGEUSDT,2023-05-21,2023-05-22,1,1,0.010953965612867433,0.07212,0.07291,1,0,1,1,0,0,0.5329541429025247,0.4984180140114026,0.5104545351345421
DOGEUSDT,2023-05-22,2023-05-23,1,0,-0.0002743107941298728,0.07292,0.07289,0,0,0,0,1,0,0.4578913212580606,0.3985444947072661,0.4890711565172803
DOGEUSDT,2023-05-23,2023-05-24,1,0,-0.030868431883660286,0.07288,0.07064,0,1,0,1,0,0,0.47249804502605086,0.507005813090658,0.4966901559763024
DOGEUSDT,2023-05-24,2023-05-25,1,1,0.003397508493771184,0.07065,0.07088,1,1,1,1,0,0,0.5945066098506991,0.5658536079288318,0.5178894271436776
DOGEUSDT,2023-05-25,2023-05-26,1,1,0.0012697516930022523,0.07087,0.07097,1,1,0,0,1,0,0.5496198010347471,0.5631714442127139,0.4941889078612845
DOGEUSDT,2023-05-26,2023-05-27,1,1,0.02226292799774554,0.07097,0.07255,1,1,0,0,1,0,0.5364519975845886,0.7247537184287998,0.4956371936869752
DOGEUSDT,2023-05-27,2023-05-28,1,1,0.013370089593383927,0.07255,0.07352,0,1,0,0,1,0,0.4679101299899464,0.5229211483849824,0.4814875071154649
DOGEUSDT,2023-05-28,2023-05-29,1,0,-0.005304678998911849,0.07353,0.07313,0,0,0,0,1,0,0.44427101957659126,0.41527748395639497,0.4874432889233246
DOGEUSDT,2023-05-29,2023-05-30,1,0,-0.011212908519075637,0.07313,0.07231,0,1,1,1,0,0,0.4512671256622013,0.6336243474989699,0.5001320495805623
DOGEUSDT,2023-05-30,2023-05-31,1,0,-0.00912736827548044,0.07231,0.07165,0,1,1,1,0,0,0.4738966481850836,0.5810401595593646,0.5041968520415776
DOGEUSDT,2023-05-31,2023-06-01,1,0,-0.003210048848569569,0.07165,0.07142,1,0,1,1,0,0,0.5413929495794737,0.4983772575688937,0.5027592901208415
DOGEUSDT,2023-06-01,2023-06-02,1,1,0.015961915429851592,0.07143,0.07256,1,0,0,1,0,0,0.5617082631734166,0.4891241603100851,0.4986967280338736
DOGEUSDT,2023-06-02,2023-06-03,1,1,0.0019294377067253787,0.07257,0.0727,1,1,0,0,1,0,0.5126896054105061,0.6038227760494249,0.48570164700698365
DOGEUSDT,2023-06-03,2023-06-04,1,0,-0.002888583218706997,0.07271,0.07249,0,1,0,0,1,0,0.489547434382322,0.5989285981293527,0.4951878317805494
DOGEUSDT,2023-06-04,2023-06-05,1,0,-0.08401158780521445,0.07249,0.0664,0,1,0,1,0,0,0.46560225257995885,0.5038203619818902,0.4984767156692822
DOGEUSDT,2023-06-05,2023-06-06,1,1,0.05798192771084354,0.0664,0.07025,1,1,1,1,0,0,0.6346878647837868,0.6755390891768124,0.5561400636574847
DOGEUSDT,2023-06-06,2023-06-07,1,0,-0.042277580071174325,0.07025,0.06728,0,0,0,0,1,0,0.48856559427989554,0.4139612386535594,0.4581431891377079
DOGEUSDT,2023-06-07,2023-06-08,1,1,0.010107015457788249,0.06728,0.06796,1,1,1,1,0,0,0.574294334470847,0.5484214625453699,0.5259540496691055
DOGEUSDT,2023-06-08,2023-06-09,1,1,0.022218952324897012,0.06796,0.06947,1,0,0,0,1,0,0.6016728510091738,0.31829084076350656,0.48964276843753973
DOGEUSDT,2023-06-09,2023-06-10,1,0,-0.11112710522527713,0.06947,0.06175,1,1,0,0,1,0,0.522092123087463,0.5320412528485516,0.4815168196989257
DOGEUSDT,2023-06-10,2023-06-11,1,0,-0.003886639676113357,0.06175,0.06151,1,1,1,1,0,0,0.7476719443135266,0.6768171227514269,0.5762809840348759
DOGEUSDT,2023-06-11,2023-06-12,1,0,-0.0013006015282068795,0.06152,0.06143,1,0,0,1,0,0,0.536001921216458,0.4127902223152692,0.4991600229711283
DOGEUSDT,2023-06-12,2023-06-13,1,1,0.005209181181832889,0.06144,0.06175,0,1,0,1,0,0,0.43929528221257075,0.5535894145542694,0.497390944487754
DOGEUSDT,2023-06-13,2023-06-14,1,0,-0.022186234817813677,0.06174,0.06038,1,1,0,0,1,0,0.5064239121264884,0.5530558593770736,0.49295826321097663
DOGEUSDT,2023-06-14,2023-06-15,1,1,0.019046041735673924,0.06038,0.06153,1,1,1,1,0,0,0.6017402214750815,0.7168507138764479,0.5118093393851784
DOGEUSDT,2023-06-15,2023-06-16,1,1,0.010726474890297322,0.06154,0.06219,1,0,0,0,1,0,0.5371649172549223,0.44046245680602425,0.4836354252996593
DOGEUSDT,2023-06-16,2023-06-17,1,1,0.0001607975558770569,0.06219,0.0622,1,0,0,0,1,0,0.5071180583806533,0.4699159223310344,0.4892246416215432
DOGEUSDT,2023-06-17,2023-06-18,1,0,-0.0012861736334404128,0.0622,0.06212,1,0,0,0,1,0,0.5133722260489194,0.4017873947189147,0.4963932691166399
DOGEUSDT,2023-06-18,2023-06-19,1,1,0.005312298776561475,0.06212,0.06245,0,0,0,1,0,0,0.4748725754106105,0.437608470815849,0.4973810875307636
DOGEUSDT,2023-06-19,2023-06-20,1,1,0.010888710968775195,0.06244,0.06313,0,0,0,0,1,0,0.4405592936103708,0.4124981047060833,0.49288828598268025
DOGEUSDT,2023-06-20,2023-06-21,1,1,0.03928401710755569,0.06314,0.06561,0,0,0,0,1,0,0.4256180817260285,0.39373537522432234,0.4891151792553236
DOGEUSDT,2023-06-21,2023-06-22,1,0,-0.0009144947416552807,0.06562,0.06555,0,0,0,0,1,0,0.4440876709256218,0.3095823857257351,0.4702468354035325
DOGEUSDT,2023-06-22,2023-06-23,1,1,0.04088482074752098,0.06556,0.06823,1,1,0,1,0,0,0.5316206495504514,0.5513262167876111,0.49712721096292817
DOGEUSDT,2023-06-23,2023-06-24,1,0,-0.022570716693536608,0.06823,0.06669,1,0,0,0,1,0,0.5176074762807371,0.3890889455651068,0.46920051723308986
DOGEUSDT,2023-06-24,2023-06-25,1,1,0.00044984255510582827,0.06669,0.06672,1,0,1,1,0,0,0.5397213550719414,0.4899018086670809,0.5120775320724784
DOGEUSDT,2023-06-25,2023-06-26,1,0,-0.029676258992805682,0.06672,0.06474,1,1,0,0,1,0,0.5272467741408048,0.5607163560528294,0.49619611823705145
DOGEUSDT,2023-06-26,2023-06-27,1,1,0.01266604881062694,0.06474,0.06556,1,1,1,1,0,0,0.5218284144447337,0.5299761148968058,0.5170516113154213
DOGEUSDT,2023-06-27,2023-06-28,1,0,-0.04560707748627202,0.06557,0.06257,0,0,0,0,1,0,0.45163274602600145,0.40234407284035284,0.487917210584014
DOGEUSDT,2023-06-28,2023-06-29,1,1,0.013584785040754443,0.06257,0.06342,1,1,1,1,0,0,0.5893692642655837,0.5626709566272613,0.5283232542616026
DOGEUSDT,2023-06-29,2023-06-30,1,1,0.04793440555029971,0.06342,0.06646,1,0,0,0,1,0,0.5682350378278918,0.3737451466403924,0.487298837678313
DOGEUSDT,2023-06-30,2023-07-01,1,1,0.030845621426421888,0.06646,0.06851,0,1,0,0,1,0,0.4971901342759342,0.5743810914079259,0.46461514750016747
DOGEUSDT,2023-07-01,2023-07-02,1,0,-0.007298204641658201,0.06851,0.06801,1,0,0,0,1,0,0.5035502462226701,0.33023432452311263,0.4757932655664576
DOGEUSDT,2023-07-02,2023-07-03,1,1,0.0064696368181149655,0.06801,0.06845,1,1,1,1,0,0,0.5078167385986364,0.5738101813295378,0.5015008986784305
DOGEUSDT,2023-07-03,2023-07-04,1,1,0.006574141709276837,0.06845,0.0689,0,0,0,0,1,0,0.4763784658528877,0.3535250754670073,0.4921034098293647
DOGEUSDT,2023-07-04,2023-07-05,1,0,-0.02743105950653124,0.06891,0.06701,0,0,0,0,1,0,0.4785357061658209,0.4934151610144471,0.49203258365689206
DOGEUSDT,2023-07-05,2023-07-06,1,0,-0.03223399492613033,0.06697,0.06485,1,1,1,1,0,0,0.6022741907304824,0.5875767061956205,0.515476301838991
DOGEUSDT,2023-07-06,2023-07-07,1,1,0.008481110254433322,0.06484,0.0654,1,1,1,1,0,0,0.619526397457784,0.7061140442406342,0.5188502384736161
DOGEUSDT,2023-07-07,2023-07-08,1,1,0.005045871559632875,0.0654,0.06573,1,1,0,0,1,0,0.5511627340110009,0.5595400378955893,0.4907415211847674
DOGEUSDT,2023-07-08,2023-07-09,1,0,-0.005629088696181284,0.06573,0.06536,0,1,0,0,1,0,0.4735989893845897,0.5286715594142385,0.4930691029514099
DOGEUSDT,2023-07-09,2023-07-10,1,0,-0.0019889840881274212,0.06537,0.06523,0,1,1,1,0,0,0.4797005144812279,0.562873778443413,0.5003546183187337
DOGEUSDT,2023-07-10,2023-07-11,1,1,0.00076651847309539,0.06523,0.06528,0,1,0,1,0,0,0.4237872703754818,0.5828585940660459,0.49786140660483197
DOGEUSDT,2023-07-11,2023-07-12,1,0,-0.0038296568627450567,0.06529,0.06503,1,1,0,0,1,0,0.5089502959640829,0.5614778047952794,0.49598018768610147
DOGEUSDT,2023-07-12,2023-07-13,1,1,0.0828848223896661,0.06504,0.07042,1,0,0,1,0,0,0.5399258231864453,0.37144760942412824,0.49912099184261394
DOGEUSDT,2023-07-13,2023-07-14,1,0,-0.027406986651519527,0.07042,0.06849,0,0,0,0,1,0,0.4670728353905183,0.43513802805147145,0.44242700943866564
DOGEUSDT,2023-07-14,2023-07-15,1,1,0.05081033727551487,0.06848,0.07197,1,1,1,1,0,0,0.5792576810172473,0.6171478353261222,0.5154594294844356
DOGEUSDT,2023-07-15,2023-07-16,1,0,-0.03404196192858144,0.07196,0.06952,0,1,0,0,1,0,0.4857948527772465,0.5078392840712256,0.4627550256784193
DOGEUSDT,2023-07-16,2023-07-17,1,1,0.004315304948216303,0.06951,0.06982,0,1,1,1,0,0,0.48398964838611874,0.5985101402419151,0.5201241972689109
DOGEUSDT,2023-07-17,2023-07-18,1,0,-0.016614150673159522,0.06982,0.06866,0,0,0,0,1,0,0.48205283022637585,0.4728445129374278,0.49356517401284916
DOGEUSDT,2023-07-18,2023-07-19,1,1,0.01995339353335268,0.06867,0.07003,1,1,1,1,0,0,0.5295618789413489,0.6008983224444839,0.5079336833344688
DOGEUSDT,2023-07-19,2023-07-20,1,1,0.008424960731115316,0.07004,0.07062,1,0,0,0,1,0,0.5044260406416484,0.4032009905421265,0.4830288351230603
DOGEUSDT,2023-07-20,2023-07-21,1,1,0.03681676578872839,0.07061,0.07322,0,0,0,0,1,0,0.4884528881154083,0.4752615282509434,0.4907794991560726
DOGEUSDT,2023-07-21,2023-07-22,1,0,-0.0375580442502047,0.07322,0.07047,0,0,0,0,1,0,0.4836485163906019,0.30088509989846973,0.4718631525832511
DOGEUSDT,2023-07-22,2023-07-23,1,1,0.018873279409677757,0.07047,0.0718,1,1,1,1,0,0,0.5688533203269178,0.6426730507725857,0.5226078302706568
DOGEUSDT,2023-07-23,2023-07-24,1,1,0.03342618384401108,0.07179,0.0742,0,0,0,0,1,0,0.44899988378836103,0.30229294598890816,0.4837509884999196
DOGEUSDT,2023-07-24,2023-07-25,1,1,0.10309973045822107,0.0742,0.08185,0,0,0,0,1,0,0.42105038544302037,0.420209202064256,0.4740915974512358
DOGEUSDT,2023-07-25,2023-07-26,1,0,-0.04789248625534526,0.08185,0.07793,0,0,0,0,1,0,0.4061174404296372,0.2576943023665476,0.43001312170709305
DOGEUSDT,2023-07-26,2023-07-27,1,0,-0.00410624919799818,0.07794,0.07761,1,1,1,1,0,0,0.555518036661931,0.5153607003160116,0.5299535598913276
DOGEUSDT,2023-07-27,2023-07-28,1,0,-0.0056693725035432685,0.07761,0.07717,1,1,0,1,0,0,0.566401516431251,0.610845157050548,0.499310468384238
DOGEUSDT,2023-07-28,2023-07-29,1,1,0.039652714785538334,0.07717,0.08023,1,1,1,1,0,0,0.5148246761014422,0.6236069630474096,0.5003822610118007
DOGEUSDT,2023-07-29,2023-07-30,1,0,-0.027545805808301016,0.08024,0.07802,0,0,0,0,1,0,0.433304302520043,0.3740754871636724,0.4700056807144651
DOGEUSDT,2023-07-30,2023-07-31,1,0,-0.0020507562163548654,0.07802,0.07786,1,1,1,1,0,0,0.5294228131378493,0.5840018768467997,0.5155567313010101
DOGEUSDT,2023-07-31,2023-08-01,1,1,0.003724633958386736,0.07786,0.07815,0,0,0,1,0,0,0.4804426336568277,0.3649381121678605,0.4979036396670029
DOGEUSDT,2023-08-01,2023-08-02,1,0,-0.050287907869481785,0.07815,0.07422,0,1,0,0,1,0,0.43638839352041847,0.5601037481155103,0.4939665260307937
DOGEUSDT,2023-08-02,2023-08-03,1,0,-0.008623012665049723,0.07422,0.07358,1,1,1,1,0,0,0.6010147497408631,0.5117220869813904,0.5316658604297967
DOGEUSDT,2023-08-03,2023-08-04,1,0,-0.001494971459635952,0.07358,0.07347,1,1,1,1,0,0,0.572310309438896,0.5308774766341682,0.5024120846358969
DOGEUSDT,2023-08-04,2023-08-05,1,1,0.030488634816932203,0.07346,0.07571,1,0,0,1,0,0,0.5339654014040893,0.4520420704939425,0.49752374966805496
DOGEUSDT,2023-08-05,2023-08-06,1,0,-0.019019944525161758,0.07572,0.07427,0,0,0,0,1,0,0.4398432602797843,0.3418223496720647,0.47602904937606094
DOGEUSDT,2023-08-06,2023-08-07,1,0,-0.009829002288945898,0.07427,0.07354,0,1,1,1,0,0,0.4784077760711752,0.5157220994110707,0.5096044735312444
DOGEUSDT,2023-08-07,2023-08-08,1,1,0.019309219472396055,0.07354,0.07496,1,1,1,1,0,0,0.5037844712810221,0.6602294207342088,0.5032425943777712
DOGEUSDT,2023-08-08,2023-08-09,1,1,0.00600320170757751,0.07497,0.07541,0,1,0,0,1,0,0.4244021453999441,0.5264672888453066,0.4834594229494819
DOGEUSDT,2023-08-09,2023-08-10,1,1,0.006232595146532294,0.07542,0.07588,0,1,0,0,1,0,0.4859071696159486,0.5647281278843125,0.49241962073548273
DOGEUSDT,2023-08-10,2023-08-11,1,0,-0.0018450184501844769,0.07587,0.07574,1,1,0,0,1,0,0.5086830676221342,0.6312542680295096,0.49226408867911975
DOGEUSDT,2023-08-11,2023-08-12,1,1,0.012674940586216099,0.07574,0.0767,1,1,0,1,0,0,0.54943111425264,0.6876111483622454,0.4977629888250587
DOGEUSDT,2023-08-12,2023-08-13,1,0,-0.024902216427640234,0.0767,0.07479,0,0,0,0,1,0,0.4033842437694067,0.4049557543413542,0.4879112229367081
DOGEUSDT,2023-08-13,2023-08-14,1,0,-0.0013370771493513844,0.07479,0.07469,1,0,1,1,0,0,0.5083423209538536,0.4730456115913581,0.5137059617371895
DOGEUSDT,2023-08-14,2023-08-15,1,0,-0.05034141116615343,0.0747,0.07093,0,0,0,1,0,0,0.49477787219615843,0.35399440869391047,0.49741586481936817
DOGEUSDT,2023-08-15,2023-08-16,1,0,-0.053010009868885044,0.07092,0.06717,1,0,1,1,0,0,0.5315204751381615,0.4928547158782763,0.5317041466917575
DOGEUSDT,2023-08-16,2023-08-17,1,0,-0.09155873157659666,0.06718,0.06102,1,0,1,1,0,0,0.5656768296324862,0.34532832411191594,0.5336160188738558
DOGEUSDT,2023-08-17,2023-08-18,1,1,0.03670927564732862,0.06102,0.06326,1,1,1,1,0,0,0.6412698067223923,0.6797996422973016,0.5617067807436213
DOGEUSDT,2023-08-18,2023-08-19,1,1,0.008378122036041713,0.06326,0.06379,0,0,0,0,1,0,0.4654065003606357,0.33194981423557235,0.4719336713659935
DOGEUSDT,2023-08-19,2023-08-20,1,1,0.0007838219156606208,0.06379,0.06384,0,1,0,0,1,0,0.4645238750315275,0.5213299689398112,0.4908111812420778
DOGEUSDT,2023-08-20,2023-08-21,1,0,-0.02067669172932307,0.06384,0.06252,1,0,0,0,1,0,0.5280425827999791,0.34116575726721987,0.4959683910677052
DOGEUSDT,2023-08-21,2023-08-22,1,1,0.0011196417146512871,0.06253,0.06259,1,1,1,1,0,0,0.5020913671555284,0.6383687304395456,0.510757322622387
DOGEUSDT,2023-08-22,2023-08-23,1,1,0.019172391755871487,0.06258,0.06379,0,0,0,0,1,0,0.4749930642548968,0.3722993697252251,0.4957394872759502
DOGEUSDT,2023-08-23,2023-08-24,1,0,-0.011130271202382858,0.06379,0.06308,0,0,0,0,1,0,0.45349096528112925,0.46089108414280394,0.4835509214674321
DOGEUSDT,2023-08-24,2023-08-25,1,1,0.0006341154090043766,0.06308,0.06312,1,0,1,1,0,0,0.5502390479312901,0.48970890376077203,0.5041398336742773
DOGEUSDT,2023-08-25,2023-08-26,1,0,-0.003643852978453599,0.06312,0.06289,1,1,0,0,1,0,0.5690142056156511,0.5596543416384886,0.49607046034699626
DOGEUSDT,2023-08-26,2023-08-27,1,1,0.0046112259500714625,0.06289,0.06318,1,0,0,1,0,0,0.5352509006276409,0.4039834523275568,0.4989937386090113
DOGEUSDT,2023-08-27,2023-08-28,1,1,0.00427350427350448,0.06317,0.06345,0,0,0,0,1,0,0.43409851856574944,0.37302480236611346,0.49336419198839954
DOGEUSDT,2023-08-28,2023-08-29,1,1,0.046493301812450705,0.06345,0.0664,0,0,0,0,1,0,0.4121759347514736,0.3466497547867237,0.49359356891128714
DOGEUSDT,2023-08-29,2023-08-30,1,0,-0.007831325301204894,0.0664,0.06588,0,0,0,0,1,0,0.41631050065412406,0.3347135776719488,0.4655495333914277
DOGEUSDT,2023-08-30,2023-08-31,1,0,-0.032179720704310855,0.06588,0.06376,0,0,1,1,0,0,0.46737731678308386,0.4852938651252953,0.5018674274678336
DOGEUSDT,2023-08-31,2023-09-01,1,1,0.0018820577164366803,0.06379,0.06388,1,0,1,1,0,0,0.5794494281471936,0.4711629805563817,0.5188120278350861
DOGEUSDT,2023-09-01,2023-09-02,1,0,-0.0062617407639325995,0.06386,0.06348,1,1,0,0,1,0,0.5324526958390431,0.5215897697663988,0.49522009575238873
DOGEUSDT,2023-09-02,2023-09-03,1,0,-0.0048834278512915885,0.06348,0.06317,1,1,1,1,0,0,0.5397950739500662,0.5861653237050721,0.5007888723006574
DOGEUSDT,2023-09-03,2023-09-04,1,1,0.0014247269273388596,0.06317,0.06326,1,1,0,1,0,0,0.5329579250103678,0.5774628042699338,0.49984314877318026
DOGEUSDT,2023-09-04,2023-09-05,1,1,0.012013910844135278,0.06326,0.06402,0,0,0,0,1,0,0.45407560754337933,0.37425388779967966,0.49553160110361816
DOGEUSDT,2023-09-05,2023-09-06,1,0,-0.005779443923773719,0.06403,0.06365,0,0,0,0,1,0,0.3982137479666874,0.43895039241938133,0.48835650757180615
DOGEUSDT,2023-09-06,2023-09-07,1,0,0.0,0.06364,0.06365,0,0,1,1,0,0,0.4514250464452995,0.4283463288620801,0.5004577975671654
DOGEUSDT,2023-09-07,2023-09-08,1,1,0.0009426551453259879,0.06366,0.06371,0,1,0,1,0,0,0.4896560123860096,0.5914159756642098,0.4965029705498579
DOGEUSDT,2023-09-08,2023-09-09,1,0,-0.00502275937843355,0.0637,0.06339,1,1,0,0,1,0,0.542145619878052,0.6198124519439575,0.4958601162855037
DOGEUSDT,2023-09-09,2023-09-10,1,0,-0.03297050007887681,0.06338,0.0613,1,1,0,1,0,0,0.5821911842646421,0.6627921865297706,0.4999386910338613
DOGEUSDT,2023-09-10,2023-09-11,1,0,-0.013213703099510532,0.0613,0.06049,1,1,1,1,0,0,0.558128750450654,0.5632474595222435,0.5193689495810109
DOGEUSDT,2023-09-11,2023-09-12,1,1,0.006777979831377179,0.06047,0.0609,0,1,1,1,0,0,0.4804600211436591,0.5628995733618388,0.5055787863183951
DOGEUSDT,2023-09-12,2023-09-13,1,1,0.005911330049261032,0.0609,0.06126,0,1,0,0,1,0,0.4275166793895713,0.5256503291067727,0.49189445838424767
DOGEUSDT,2023-09-13,2023-09-14,1,1,0.01338556970290572,0.06125,0.06208,0,0,0,0,1,0,0.451569848440348,0.37526632407834865,0.49248192140301694
DOGEUSDT,2023-09-14,2023-09-15,1,1,0.006765463917525638,0.06207,0.0625,0,0,0,0,1,0,0.4701590061008183,0.3113626728760423,0.48743287251238626
DOGEUSDT,2023-09-15,2023-09-16,1,0,-0.005759999999999987,0.0625,0.06214,1,1,0,0,1,0,0.5199984565815616,0.662799963671382,0.49190293860621165
DOGEUSDT,2023-09-16,2023-09-17,1,0,-0.010782104924364377,0.06213,0.06147,1,1,1,1,0,0,0.5292837048295144,0.5896078172175647,0.5004444535601251
DOGEUSDT,2023-09-17,2023-09-18,1,1,0.00829673011224985,0.06146,0.06198,1,0,1,1,0,0,0.5233133907634212,0.475274312398874,0.5038996559137391
DOGEUSDT,2023-09-18,2023-09-19,1,1,0.01129396579541786,0.06196,0.06268,0,1,0,0,1,0,0.4405187672223811,0.5229858837372111,0.4908662390977464
DOGEUSDT,2023-09-19,2023-09-20,1,0,-0.0009572431397575354,0.06269,0.06262,0,0,0,0,1,0,0.40189206539954686,0.4535024402289233,0.488841830928443
DOGEUSDT,2023-09-20,2023-09-21,1,0,-0.02091983391887564,0.06263,0.06131,0,1,0,1,0,0,0.48418896940903505,0.518413280343783,0.4971564055258355
DOGEUSDT,2023-09-21,2023-09-22,1,1,0.0034252161148262683,0.0613,0.06152,1,1,1,1,0,0,0.596119006845151,0.5674413680052686,0.5109266680932032
DOGEUSDT,2023-09-22,2023-09-23,1,0,0.0,0.06153,0.06152,1,1,0,0,1,0,0.5725153849663938,0.5677698104746933,0.4941700691556913
DOGEUSDT,2023-09-23,2023-09-24,1,0,-0.013491547464239195,0.06152,0.06069,1,1,0,1,0,0,0.5124402219645919,0.6321152676010976,0.4965029705498579
DOGEUSDT,2023-09-24,2023-09-25,1,1,0.004119294776734117,0.06068,0.06094,1,1,1,1,0,0,0.5213014503160268,0.5053070556714035,0.505770906668433
DOGEUSDT,2023-09-25,2023-09-26,1,0,-0.005251066622907752,0.06095,0.06062,0,1,0,0,1,0,0.47224389773289666,0.6624288976365689,0.4936983328958642
DOGEUSDT,2023-09-26,2023-09-27,1,0,-0.0014846585285384073,0.06062,0.06053,0,1,1,1,0,0,0.4874433972623371,0.5615265954376335,0.5000952745582787
DOGEUSDT,2023-09-27,2023-09-28,1,1,0.01602511151495123,0.06052,0.0615,1,0,0,1,0,0,0.5246180214303343,0.49841777679763777,0.4975167025974041
DOGEUSDT,2023-09-28,2023-09-29,1,1,0.0102439024390244,0.06151,0.06213,0,1,0,0,1,0,0.4802626695008106,0.5779151861865844,0.4856592404925995
DOGEUSDT,2023-09-29,2023-09-30,1,0,-0.0009657170449057784,0.06213,0.06207,1,1,0,0,1,0,0.5165083804725179,0.5767897096049714,0.4895503482246221
DOGEUSDT,2023-09-30,2023-10-01,1,1,0.018044143708715987,0.06207,0.06319,0,1,0,1,0,0,0.4851734280088452,0.6668983958427905,0.4971621928397156
DOGEUSDT,2023-10-01,2023-10-02,1,0,-0.018832093685709705,0.0632,0.062,0,0,0,0,1,0,0.46154632967959136,0.4954347742550605,0.4843059060937714
DOGEUSDT,2023-10-02,2023-10-03,1,0,-0.010161290322580618,0.06201,0.06137,1,1,1,1,0,0,0.5172696592494674,0.5355999157007069,0.50947387359426
DOGEUSDT,2023-10-03,2023-10-04,1,1,0.001629460648525205,0.06138,0.06147,1,1,1,1,0,0,0.5274768926019255,0.5067069134609159,0.503471600707729
DOGEUSDT,2023-10-04,2023-10-05,1,0,-0.00992353993818118,0.06146,0.06086,1,0,0,0,1,0,0.5036046326624325,0.48246627002752335,0.49539213117158065
DOGEUSDT,2023-10-05,2023-10-06,1,1,0.008379888268156499,0.06087,0.06137,1,1,1,1,0,0,0.5538650509263987,0.7162784477545041,0.5033077401724767
DOGEUSDT,2023-10-06,2023-10-07,1,1,0.0009776763891151674,0.06136,0.06143,1,1,0,0,1,0,0.5293031078472621,0.5208037279932588,0.49080998651982793
DOGEUSDT,2023-10-07,2023-10-08,1,0,-0.007650984860817167,0.06143,0.06096,0,1,0,0,1,0,0.45418157976632956,0.5314079351771218,0.4958362450709256
DOGEUSDT,2023-10-08,2023-10-09,1,0,-0.036581364829396334,0.06095,0.05873,0,1,1,1,0,0,0.4833717528748245,0.6638247572530507,0.5017434187621765
DOGEUSDT,2023-10-09,2023-10-10,1,1,0.006810829218457437,0.05872,0.05913,1,1,1,1,0,0,0.531145070878664,0.6430409115899343,0.5219171373361265
DOGEUSDT,2023-10-10,2023-10-11,1,0,-0.010485371215964823,0.05914,0.05851,0,1,0,0,1,0,0.47788697375149647,0.5125188620998447,0.49187220163629913
DOGEUSDT,2023-10-11,2023-10-12,1,0,-0.010767390189711179,0.05851,0.05788,1,1,1,1,0,0,0.5398103469979305,0.6390682498743643,0.5036950235007517
DOGEUSDT,2023-10-12,2023-10-13,1,1,0.00881133379405652,0.05789,0.05839,1,1,1,1,0,0,0.5762788432684585,0.7420082863334856,0.5038895069761495
DOGEUSDT,2023-10-13,2023-10-14,1,1,0.024833019352628938,0.05839,0.05984,1,1,0,0,1,0,0.5095239265110884,0.5385570253253789,0.49051821214721303
DOGEUSDT,2023-10-14,2023-10-15,1,0,-0.008856951871657692,0.05984,0.05931,0,0,0,0,1,0,0.44586558235966334,0.4437576170318334,0.4797767918854226
DOGEUSDT,2023-10-15,2023-10-16,1,1,0.011633788568538028,0.0593,0.06,0,1,1,1,0,0,0.4842809184578741,0.6550012237309252,0.5025731100109418
DOGEUSDT,2023-10-16,2023-10-17,1,0,-0.015999999999999903,0.06,0.05904,0,0,0,0,1,0,0.4478097098665812,0.4193692415317301,0.48861270671726514
DOGEUSDT,2023-10-17,2023-10-18,2,0,-0.007791327913279189,0.05903,0.05858,1,1,1,1,0,0,0.5242848997451397,0.6126297766639032,0.5066703093262522
DOGEUSDT,2023-10-18,2023-10-19,2,1,0.004950495049504955,0.05859,0.05887,1,1,1,1,0,0,0.5652266064168474,0.636403326075423,0.500593079640804
DOGEUSDT,2023-10-19,2023-10-20,2,1,0.01749617801936476,0.05887,0.0599,1,1,0,0,1,0,0.5321720987897487,0.5504782041650059,0.49125893262099807
DOGEUSDT,2023-10-20,2023-10-21,2,1,0.021535893155258723,0.0599,0.06119,1,1,0,0,1,0,0.5185881564323854,0.5634315073638865,0.48218917107017617
DOGEUSDT,2023-10-21,2023-10-22,2,1,0.008334695211635879,0.06119,0.0617,0,0,0,0,1,0,0.48025827278993505,0.4529862689298646,0.47929467751662036
DOGEUSDT,2023-10-22,2023-10-23,2,1,0.09270664505672599,0.06169,0.06742,0,1,0,0,1,0,0.4833983837537027,0.5034382652661247,0.4888004402769984
DOGEUSDT,2023-10-23,2023-10-24,2,0,-0.012162563037674046,0.06742,0.0666,0,0,0,0,1,0,0.4190563463339031,0.32049998850217976,0.4304641754060051
DOGEUSDT,2023-10-24,2023-10-25,2,1,0.02582582582582571,0.0666,0.06832,1,0,1,1,0,0,0.5183355437162235,0.3820493982728072,0.5038231419163418
DOGEUSDT,2023-10-25,2023-10-26,2,1,0.05166861826697877,0.06832,0.07185,1,1,0,0,1,0,0.502881914664495,0.5674959239890189,0.47623492181338245
DOGEUSDT,2023-10-26,2023-10-27,2,0,-0.05692414752957542,0.07184,0.06776,0,1,0,0,1,0,0.4993223773694575,0.6242155690422949,0.45811364488553785
DOGEUSDT,2023-10-27,2023-10-28,2,1,0.018299881936245654,0.06776,0.069,1,1,1,1,0,0,0.6197732951070465,0.5295376572381479,0.537676035799742
DOGEUSDT,2023-10-28,2023-10-29,2,1,0.005072463768115876,0.069,0.06935,1,0,0,0,1,0,0.5212721373874892,0.4949295440264974,0.4816122935009977
DOGEUSDT,2023-10-29,2023-10-30,2,1,0.0034607065609228993,0.06936,0.06959,0,0,0,0,1,0,0.43410475591199954,0.42027889078616765,0.49117017520574074
DOGEUSDT,2023-10-30,2023-10-31,2,0,-0.018968242563586757,0.06958,0.06827,0,0,0,0,1,0,0.4621513042262766,0.4658492702000159,0.4923439742810933
DOGEUSDT,2023-10-31,2023-11-01,2,1,0.009813973927054409,0.06827,0.06894,0,0,1,1,0,0,0.48580819684588267,0.3842604555477926,0.5088799197771645
DOGEUSDT,2023-11-01,2023-11-02,2,0,-0.015085581665216119,0.06893,0.0679,0,0,0,0,1,0,0.48068938132414335,0.34326054032392345,0.4877285538858845
DOGEUSDT,2023-11-02,2023-11-03,2,1,0.002503681885125175,0.0679,0.06807,1,1,1,1,0,0,0.5314851849973521,0.5065620147500511,0.5059908871282928
DOGEUSDT,2023-11-03,2023-11-04,2,1,0.014837667107389318,0.06808,0.06908,1,1,0,0,1,0,0.5339382291531635,0.6145246958816254,0.4930418826767268
DOGEUSDT,2023-11-04,2023-11-05,2,1,0.028951939779965352,0.06908,0.07108,0,0,0,0,1,0,0.46007252486063005,0.4850473264713549,0.48410096301266403
DOGEUSDT,2023-11-05,2023-11-06,2,1,0.07442318514350021,0.07108,0.07637,0,0,0,0,1,0,0.39221239921553197,0.32680276778943423,0.47401440227368014
DOGEUSDT,2023-11-06,2023-11-07,2,0,-0.039151499279821866,0.07637,0.07338,0,0,0,0,1,0,0.34043953267461946,0.22053283086097236,0.4426091978917476
DOGEUSDT,2023-11-07,2023-11-08,2,1,0.026710275279367757,0.07338,0.07534,0,1,1,1,0,0,0.4616525952006445,0.5571483182965096,0.524070360552174
DOGEUSDT,2023-11-08,2023-11-09,2,0,-0.023493496150783222,0.07535,0.07357,0,0,0,0,1,0,0.4353837673442124,0.33761480102639657,0.47560590093946925
DOGEUSDT,2023-11-09,2023-11-10,2,1,0.02473834443387246,0.07357,0.07539,0,1,1,1,0,0,0.4959851117913966,0.5531395940871937,0.5122607934357147
DOGEUSDT,2023-11-10,2023-11-11,2,1,0.04111951187160101,0.07539,0.07849,0,0,0,0,1,0,0.45159007906145937,0.47948634849018545,0.4770091861818461
DOGEUSDT,2023-11-11,2023-11-12,2,0,-0.006879857306663295,0.0785,0.07795,0,0,0,0,1,0,0.39756951787819556,0.24368010330313616,0.4654458108740854
DOGEUSDT,2023-11-12,2023-11-13,2,0,-0.04348941629249525,0.07795,0.07456,0,0,0,1,0,0,0.4142953233030489,0.4394654307214144,0.4999213393787364
DOGEUSDT,2023-11-13,2023-11-14,2,0,-0.02843347639484972,0.07456,0.07244,0,0,1,1,0,0,0.4649532652358683,0.4531412160791474,0.5273719071647092
DOGEUSDT,2023-11-14,2023-11-15,2,1,0.05231916068470466,0.07244,0.07623,0,0,1,1,0,0,0.46054522936093045,0.4549098296675293,0.5159681469798842
DOGEUSDT,2023-11-15,2023-11-16,2,1,0.04250295159386064,0.07623,0.07947,0,0,0,0,1,0,0.4064658972613629,0.4659734256920227,0.4576644527688283
DOGEUSDT,2023-11-16,2023-11-17,2,1,0.08732855165471243,0.07946,0.08641,0,0,0,0,1,0,0.45597187523509536,0.4837321416634782,0.46447910450779895
DOGEUSDT,2023-11-17,2023-11-18,2,0,-0.07094086332600391,0.08642,0.08028,0,0,0,0,1,0,0.4313041754378743,0.39276914687274084,0.4340074414791277
DOGEUSDT,2023-11-18,2023-11-19,2,1,0.0022421524663676085,0.08027,0.08046,1,1,1,1,0,0,0.5495840987962924,0.502796069868669,0.5485490468478795
DOGEUSDT,2023-11-19,2023-11-20,2,0,-0.034551329853343304,0.08045,0.07768,0,0,0,0,1,0,0.463172629103732,0.41618230216420865,0.4932327232490065
DOGEUSDT,2023-11-20,2023-11-21,2,0,-0.07621009268795054,0.07768,0.07176,0,0,1,1,0,0,0.4082139680447199,0.43663344958244943,0.5205831828909608
DOGEUSDT,2023-11-21,2023-11-22,2,1,0.05560200668896309,0.07175,0.07575,1,1,1,1,0,0,0.5588850482805212,0.5367486399599273,0.5526674111852286
DOGEUSDT,2023-11-22,2023-11-23,2,1,0.005940594059405946,0.07576,0.0762,0,0,0,0,1,0,0.4270512742012066,0.3133882173007644,0.45540297413469455
DOGEUSDT,2023-11-23,2023-11-24,2,1,0.025984251968503846,0.07621,0.07818,0,0,0,0,1,0,0.4802603010316061,0.49842064218181364,0.4905387586388161
DOGEUSDT,2023-11-24,2023-11-25,2,1,0.009721156305960488,0.07818,0.07894,0,0,0,0,1,0,0.473158301889844,0.49413377918666945,0.47612220360044777
DOGEUSDT,2023-11-25,2023-11-26,2,0,-0.003293640739802317,0.07894,0.07868,0,0,0,0,1,0,0.4534237505816793,0.3315205190518071,0.4877957602006614
DOGEUSDT,2023-11-26,2023-11-27,2,1,0.0020335536349771477,0.07867,0.07884,0,1,0,1,0,0,0.4491545265949419,0.5282622483918173,0.4972843481744418
DOGEUSDT,2023-11-27,2023-11-28,2,1,0.02524099441907679,0.07883,0.08083,0,0,0,0,1,0,0.43078860359149784,0.42743411457676356,0.49338497697547773
DOGEUSDT,2023-11-28,2023-11-29,2,0,-0.004453791908944682,0.08083,0.08047,0,0,0,0,1,0,0.3995770718518357,0.36158154230874867,0.47665119370701003
DOGEUSDT,2023-11-29,2023-11-30,2,1,0.0367838946191128,0.08045,0.08343,0,1,0,1,0,0,0.463452623622076,0.5620184831082315,0.4981363731603199
DOGEUSDT,2023-11-30,2023-12-01,2,1,0.00503416037396609,0.08344,0.08385,0,1,0,0,1,0,0.43661916553685043,0.502519352867293,0.46848540971195723
DOGEUSDT,2023-12-01,2023-12-02,2,1,0.027668455575432294,0.08384,0.08617,0,1,0,0,1,0,0.45162865848749884,0.5928594136440629,0.4911980476103283
DOGEUSDT,2023-12-02,2023-12-03,2,0,-0.005338284785888381,0.08617,0.08571,0,0,0,0,1,0,0.40199500476399336,0.43958562996643386,0.4749251411458088
DOGEUSDT,2023-12-03,2023-12-04,2,1,0.07198693267996736,0.08571,0.09188,0,0,0,1,0,0,0.4222906889699653,0.4589371274995344,0.498786627188801
DOGEUSDT,2023-12-04,2023-12-05,2,1,0.026882890727035313,0.09188,0.09435,0,0,0,0,1,0,0.34058497495989676,0.4717858208618401,0.4442486748153006
DOGEUSDT,2023-12-05,2023-12-06,2,1,0.006147323794382542,0.09436,0.09493,0,1,0,0,1,0,0.3832758191434758,0.5360164132756066,0.47548320890787854
DOGEUSDT,2023-12-06,2023-12-07,2,1,0.01053407774149373,0.09493,0.09593,0,0,0,0,1,0,0.47564348911045096,0.49445322600219926,0.49038848275603214
DOGEUSDT,2023-12-07,2023-12-08,2,1,0.05952256853955995,0.09594,0.10164,0,0,0,0,1,0,0.4683488886085689,0.4167166303724132,0.48720737442607936
DOGEUSDT,2023-12-08,2023-12-09,2,0,-0.031286894923258424,0.10165,0.09846,0,1,0,0,1,0,0.3983954113748729,0.5090245123758397,0.45271378738957335
DOGEUSDT,2023-12-09,2023-12-10,2,1,0.03453178955921188,0.09846,0.10186,0,0,1,1,0,0,0.4904086165299687,0.4032466691775341,0.5181173984539795
DOGEUSDT,2023-12-10,2023-12-11,2,0,-0.0758884743765953,0.10186,0.09413,0,0,0,0,1,0,0.415171349165924,0.38095417917593655,0.47007026903866067
DOGEUSDT,2023-12-11,2023-12-12,2,0,-0.0033995538085626054,0.09412,0.09381,0,0,1,1,0,0,0.49380125480352,0.41094124345405547,0.5524155675816551
DOGEUSDT,2023-12-12,2023-12-13,2,1,0.027822193795970618,0.09381,0.09642,0,0,0,1,0,0,0.44654128385369285,0.39674394232680193,0.49736208991527964
DOGEUSDT,2023-12-13,2023-12-14,2,1,0.01949802945446999,0.09643,0.0983,0,0,0,0,1,0,0.4043070741627093,0.36308995846847675,0.4748159822196678
DOGEUSDT,2023-12-14,2023-12-15,2,0,-0.05361139369277723,0.0983,0.09303,0,1,0,0,1,0,0.4753392426440575,0.5324690784901129,0.48075323076939264
DOGEUSDT,2023-12-15,2023-12-16,2,1,0.0440718047941524,0.09302,0.09713,1,0,1,1,0,0,0.6062385806395053,0.3902421983780356,0.5351243136213821
DOGEUSDT,2023-12-16,2023-12-17,2,0,-0.04303510758776885,0.09713,0.09295,0,0,0,0,1,0,0.4343328469394253,0.40326042379403904,0.4633847103595108
DOGEUSDT,2023-12-17,2023-12-18,2,0,-0.008821947283485732,0.09295,0.09213,0,0,1,1,0,0,0.49475667523562594,0.40546969638344216,0.5270255434116414
DOGEUSDT,2023-12-18,2023-12-19,2,0,-0.02062303267122545,0.09212,0.09023,0,1,1,1,0,0,0.49090900653462866,0.5721789172163209,0.5013533718069125
DOGEUSDT,2023-12-19,2023-12-20,2,1,0.01407514130555243,0.09023,0.0915,0,0,1,1,0,0,0.477580270338311,0.396495304348149,0.5101145325379592
DOGEUSDT,2023-12-20,2023-12-21,2,1,0.03814207650273227,0.09151,0.09499,0,0,0,0,1,0,0.46161576876301924,0.368252503463016,0.4846503244307758
DOGEUSDT,2023-12-21,2023-12-22,2,0,0.0,0.095,0.09499,0,0,0,0,1,0,0.4426573247451795,0.4755014923309495,0.4675315928695125
DOGEUSDT,2023-12-22,2023-12-23,2,0,-0.016106958627224,0.09498,0.09346,1,1,0,1,0,0,0.5023623245502407,0.5154058945898753,0.4948709656956241
DOGEUSDT,2023-12-23,2023-12-24,2,0,-0.01872458805906274,0.09346,0.09171,1,0,1,1,0,0,0.5404123778486274,0.36915345171806935,0.5067498203624727
DOGEUSDT,2023-12-24,2023-12-25,2,1,0.02878639188747134,0.09172,0.09435,0,0,1,1,0,0,0.4791717903209767,0.39952596954822955,0.5086982994123651
DOGEUSDT,2023-12-25,2023-12-26,2,0,-0.031796502384737746,0.09436,0.09135,0,0,0,0,1,0,0.3878135479003267,0.3168797646131855,0.4741317988694948
DOGEUSDT,2023-12-26,2023-12-27,2,1,0.02517788724685266,0.09135,0.09365,1,0,1,1,0,0,0.5203630096025927,0.3842954608155096,0.5185018427181447
DOGEUSDT,2023-12-27,2023-12-28,2,0,-0.02039508809396684,0.09365,0.09174,0,0,0,0,1,0,0.47791223972270963,0.2943661427108208,0.4766961283374916
DOGEUSDT,2023-12-28,2023-12-29,2,0,-0.008393285371702697,0.09174,0.09097,1,0,1,1,0,0,0.5407373962369405,0.37326098844599265,0.5099443498520482
DOGEUSDT,2023-12-29,2023-12-30,2,0,-0.010662855886556022,0.09096,0.09,1,0,1,1,0,0,0.5801432754448504,0.4277923593425585,0.5010370507227578
DOGEUSDT,2023-12-30,2023-12-31,2,0,-0.004999999999999893,0.09,0.08955,1,0,1,1,0,0,0.5441585476605741,0.41202789867371914,0.5027133690560209
DOGEUSDT,2023-12-31,2024-01-01,2,1,0.02724734785036298,0.08956,0.09199,0,0,0,1,0,0,0.47793177366796025,0.3217287113231399,0.4985378609635942
DOGEUSDT,2024-01-01,2024-01-02,2,0,-0.009674964670072894,0.092,0.0911,0,0,0,0,1,0,0.3706769549927212,0.2859699806541346,0.47522423664282737
DOGEUSDT,2024-01-02,2024-01-03,2,0,-0.09978046103183313,0.09109,0.08201,0,0,1,1,0,0,0.45193060366926874,0.4803086729531059,0.5019832398450739
DOGEUSDT,2024-01-03,2024-01-04,2,1,0.024387269845140835,0.082,0.08401,1,0,1,1,0,0,0.660700707103632,0.42570702836054075,0.5712829868981043
DOGEUSDT,2024-01-04,2024-01-05,2,0,-0.015950482085466122,0.08401,0.08267,1,0,0,0,1,0,0.5174526699101927,0.37666287465953535,0.4772593433174599
DOGEUSDT,2024-01-05,2024-01-06,2,0,-0.02528123865973142,0.08267,0.08058,1,0,1,1,0,0,0.5160573285097884,0.46923050158629365,0.5066335014501647
DOGEUSDT,2024-01-06,2024-01-07,2,0,-0.029039463886820438,0.08058,0.07824,1,0,1,1,0,0,0.6112343659441297,0.4872754413657007,0.5136004644742231
DOGEUSDT,2024-01-07,2024-01-08,2,1,0.03911042944785259,0.07822,0.0813,1,0,1,1,0,0,0.589270531923296,0.4950939516413169,0.5164241124417529
DOGEUSDT,2024-01-08,2024-01-09,2,0,-0.025461254612546114,0.0813,0.07923,0,0,0,0,1,0,0.4482696568419918,0.4730346116487634,0.4668524490000099
DOGEUSDT,2024-01-09,2024-01-10,2,1,0.04846648996592218,0.07922,0.08307,1,1,1,1,0,0,0.544380487233487,0.5703237642055526,0.5137354876859281
DOGEUSDT,2024-01-10,2024-01-11,2,1,0.017936679908510778,0.08307,0.08456,0,0,0,0,1,0,0.49557034090459146,0.3049814375010735,0.46032971781907395
DOGEUSDT,2024-01-11,2024-01-12,2,0,-0.05309839167455055,0.08456,0.08007,1,0,0,0,1,0,0.5264097723887505,0.37214136823144006,0.4818729279942866
DOGEUSDT,2024-01-12,2024-01-13,2,1,0.010615711252653925,0.08007,0.08092,1,1,1,1,0,0,0.6397236986235038,0.5009692015836804,0.5347297938170859
DOGEUSDT,2024-01-13,2024-01-14,2,0,-0.010998517053880441,0.08094,0.08003,1,0,0,0,1,0,0.508336231146902,0.33536869368843125,0.4871483168547234
DOGEUSDT,2024-01-14,2024-01-15,2,1,0.013120079970011078,0.08002,0.08108,0,0,1,1,0,0,0.47153663337486923,0.3774134785701921,0.502961612498629
DOGEUSDT,2024-01-15,2024-01-16,2,1,0.003206709422792331,0.08108,0.08134,0,0,0,0,1,0,0.46157295395417947,0.29743817059382527,0.48533903324525624
DOGEUSDT,2024-01-16,2024-01-17,2,0,-0.009220555692156407,0.08134,0.08059,0,0,0,0,1,0,0.43510491123148654,0.33760396598268655,0.49252913350046584
DOGEUSDT,2024-01-17,2024-01-18,2,0,-0.031145303387517087,0.0806,0.07808,1,0,1,1,0,0,0.5310503866927961,0.43183479053995083,0.5016476374154991
DOGEUSDT,2024-01-18,2024-01-19,2,1,0.006275614754098324,0.07808,0.07857,1,0,1,1,0,0,0.6173012154677704,0.3620120178704875,0.5180106148771936
DOGEUSDT,2024-01-19,2024-01-20,2,1,0.1170930380552373,0.07856,0.08777,1,1,0,0,1,0,0.5560564607256407,0.5252373895513935,0.49029524194813034
DOGEUSDT,2024-01-20,2024-01-21,2,0,-0.026318787740685967,0.08777,0.08546,0,0,0,0,1,0,0.39255041937729057,0.2077386762096424,0.41470530082238377
DOGEUSDT,2024-01-21,2024-01-22,2,0,-0.0572197519307277,0.08547,0.08057,1,0,1,1,0,0,0.5209062631844689,0.43982573663740837,0.5143790058068659
DOGEUSDT,2024-01-22,2024-01-23,2,0,-0.029291299491125744,0.08057,0.07821,1,1,1,1,0,0,0.5873863228598692,0.7528000389052307,0.5379040729954189
DOGEUSDT,2024-01-23,2024-01-24,2,1,0.0106124536504284,0.07821,0.07904,1,1,1,1,0,0,0.5097583770941502,0.5901635047360515,0.5166136777648286
DOGEUSDT,2024-01-24,2024-01-25,2,0,-0.013790485829959453,0.07905,0.07795,1,0,0,0,1,0,0.5009174776604292,0.4727240965873823,0.4871506734611315
DOGEUSDT,2024-01-25,2024-01-26,2,1,0.02437459910198836,0.07795,0.07985,1,1,1,1,0,0,0.5832602443335905,0.574837012969768,0.5050296590195238
DOGEUSDT,2024-01-26,2024-01-27,2,1,0.003631809643080741,0.07985,0.08014,1,1,0,0,1,0,0.5394331415557969,0.5505257699123793,0.4772683736341094
DOGEUSDT,2024-01-27,2024-01-28,2,0,-0.016471175442974828,0.08014,0.07882,1,0,0,0,1,0,0.53471137582061,0.4932062991888721,0.49221927089526624
DOGEUSDT,2024-01-28,2024-01-29,2,1,0.03209845216950025,0.07883,0.08135,1,1,1,1,0,0,0.5436480038806129,0.5802111610359839,0.5070206345668417
DOGEUSDT,2024-01-29,2024-01-30,2,0,-0.0200368776889982,0.08137,0.07972,0,0,0,0,1,0,0.4439209596734202,0.394121051290683,0.47178722826236225
DOGEUSDT,2024-01-30,2024-01-31,2,0,-0.012167586552935261,0.07971,0.07875,1,0,1,1,0,0,0.500256775740712,0.44836815813469205,0.5096769864752713
DOGEUSDT,2024-01-31,2024-02-01,2,1,0.00787301587301581,0.07874,0.07937,1,1,1,1,0,0,0.6162948761654256,0.5431573804701505,0.5038268620559984
DOGEUSDT,2024-02-01,2024-02-02,2,0,-0.0011339296963587264,0.07937,0.07928,1,1,0,0,1,0,0.5440837889444701,0.5528253462735419,0.48913531701972984
DOGEUSDT,2024-02-02,2024-02-03,2,0,-0.006811301715438978,0.07928,0.07874,1,1,0,1,0,0,0.5280083068052677,0.5461483480932691,0.4957009217187863
DOGEUSDT,2024-02-03,2024-02-04,2,0,-0.005461010922021892,0.07874,0.07831,1,1,0,1,0,0,0.5862246352811094,0.5004823152112358,0.4998708398421218
DOGEUSDT,2024-02-04,2024-02-05,2,1,0.0005107904482186676,0.07831,0.07835,1,0,0,1,0,0,0.5287652012222974,0.4497272391116094,0.4988768980098386
DOGEUSDT,2024-02-05,2024-02-06,2,1,0.0017868538608807327,0.07835,0.07849,0,0,0,0,1,0,0.457575844209745,0.34244410705749007,0.494497419709782
DOGEUSDT,2024-02-06,2024-02-07,2,1,0.02089438144986633,0.07848,0.08013,0,0,0,0,1,0,0.4742158879665796,0.39817949150310034,0.4935650826076358
DOGEUSDT,2024-02-07,2024-02-08,2,0,-0.0032447273181082092,0.08013,0.07987,0,0,0,0,1,0,0.43669475556370324,0.4618579218119553,0.47975347358733017
DOGEUSDT,2024-02-08,2024-02-09,2,1,0.021034180543382908,0.07986,0.08155,1,1,0,1,0,0,0.5234353555376221,0.6216082031440966,0.49724844784045574
DOGEUSDT,2024-02-09,2024-02-10,2,0,-0.0015941140404658327,0.08154,0.08142,1,0,0,0,1,0,0.5083752237760537,0.45425018307536846,0.47965346463023567
DOGEUSDT,2024-02-10,2024-02-11,2,0,-0.002333578973225392,0.08141,0.08123,1,1,0,1,0,0,0.5063971961378235,0.5247186125481718,0.4960380198106389
DOGEUSDT,2024-02-11,2024-02-12,2,1,0.012310722639419014,0.08123,0.08223,0,1,0,1,0,0,0.47634048710181237,0.5254693770495255,0.49658003184805766
DOGEUSDT,2024-02-12,2024-02-13,2,0,-0.014349993919494097,0.08223,0.08105,0,0,0,0,1,0,0.4397152963884263,0.36800103083531727,0.4859232249166371
DOGEUSDT,2024-02-13,2024-02-14,2,1,0.054904380012338105,0.08105,0.0855,1,1,1,1,0,0,0.5184990933873151,0.5847504014324287,0.5054447793864038
DOGEUSDT,2024-02-14,2024-02-15,2,0,-0.0025730994152047826,0.08549,0.08528,0,0,0,0,1,0,0.46469112269640034,0.3501421500034934,0.4558828138450281
DOGEUSDT,2024-02-15,2024-02-16,2,1,0.007387429643527232,0.08527,0.08591,1,1,0,1,0,0,0.5559189947158846,0.5708120754933251,0.4967556831550264
DOGEUSDT,2024-02-16,2024-02-17,2,0,-0.027354207891980065,0.08591,0.08356,1,0,0,0,1,0,0.5672579356574341,0.45829314177484487,0.489487710586826
DOGEUSDT,2024-02-17,2024-02-18,2,1,0.019267592149353696,0.08355,0.08517,1,1,1,1,0,0,0.5482277048193426,0.6151851741379267,0.5151567074901511
DOGEUSDT,2024-02-18,2024-02-19,2,1,0.04990019960079839,0.08516,0.08942,0,0,0,0,1,0,0.46432775857785885,0.3433957644674883,0.48091836545892475
DOGEUSDT,2024-02-19,2024-02-20,2,0,-0.036569000223663606,0.08942,0.08615,0,0,0,0,1,0,0.3912951113564044,0.32641256481153225,0.45933646630506747
DOGEUSDT,2024-02-20,2024-02-21,2,0,-0.018340104468949514,0.08615,0.08457,1,1,1,1,0,0,0.5138261077514698,0.5125024969690198,0.5221109032186868
DOGEUSDT,2024-02-21,2024-02-22,2,0,-0.005557526309566185,0.08457,0.0841,1,1,1,1,0,0,0.600553386774933,0.6197326132562457,0.50841179193418
DOGEUSDT,2024-02-22,2024-02-23,2,1,0.004875148632580428,0.08409,0.08451,1,1,0,1,0,0,0.5620543924674637,0.6827675290007514,0.49894789747466356
DOGEUSDT,2024-02-23,2024-02-24,2,1,0.019405987457105756,0.08451,0.08615,1,1,0,0,1,0,0.5173716316290368,0.6171347803043461,0.49131376834831636
DOGEUSDT,2024-02-24,2024-02-25,2,0,-0.00034822983168891763,0.08616,0.08612,0,0,0,0,1,0,0.4335371617798922,0.3910718047585362,0.4808191844098127
DOGEUSDT,2024-02-25,2024-02-26,2,1,0.036112401300510966,0.08613,0.08923,0,1,0,1,0,0,0.46301132849516474,0.5062814508094513,0.49512574224000666
DOGEUSDT,2024-02-26,2024-02-27,2,1,0.09357839291718029,0.08923,0.09758,0,0,0,0,1,0,0.3975370431832335,0.3986255762018225,0.46895752983707445
DOGEUSDT,2024-02-27,2024-02-28,2,1,0.18723098995695842,0.09759,0.11585,0,0,0,0,1,0,0.37266688489975786,0.2896502310386758,0.4298921401127503
DOGEUSDT,2024-02-28,2024-02-29,2,1,0.012688821752265822,0.11585,0.11732,0,0,0,0,1,0,0.4058609920411545,0.4125013775538868,0.3722112583365838
DOGEUSDT,2024-02-29,2024-03-01,2,1,0.18769178315717694,0.11732,0.13934,1,1,0,0,1,0,0.5785793548932759,0.6439608487993669,0.4856502511271429
DOGEUSDT,2024-03-01,2024-03-02,2,1,0.018802928089565185,0.13934,0.14196,0,1,0,0,1,0,0.3992744869398376,0.6499925008976382,0.37194595186802076
DOGEUSDT,2024-03-02,2024-03-03,2,1,0.08107917723302327,0.14195,0.15347,0,1,0,0,1,0,0.41687526415283965,0.5567791765961891,0.4812514766326883
DOGEUSDT,2024-03-03,2024-03-04,2,1,0.18563888707890808,0.15346,0.18196,0,1,0,0,1,0,0.37892777715016873,0.6206812614058531,0.43815535202050304
DOGEUSDT,2024-03-04,2024-03-05,2,0,-0.15893602989668054,0.18197,0.15304,0,0,0,0,1,0,0.23790609818919256,0.46390570507370277,0.37312931402671945
DOGEUSDT,2024-03-05,2024-03-06,2,1,0.03136434918975439,0.15304,0.15784,1,0,1,1,0,0,0.5806636731587487,0.4592204140722093,0.6191618263346823
DOGEUSDT,2024-03-06,2024-03-07,2,0,-0.0012671059300557452,0.15784,0.15764,0,0,0,0,1,0,0.45796755500462044,0.1962756892908416,0.47230613832547796
DOGEUSDT,2024-03-07,2024-03-08,2,1,0.043960923623445725,0.15762,0.16457,0,0,0,1,0,0,0.3630946322717735,0.32655721821759054,0.49579846072968864
DOGEUSDT,2024-03-08,2024-03-09,2,1,0.08616394239533332,0.16456,0.17875,0,0,0,0,1,0,0.43868203809241485,0.22152508388791262,0.4634619929162114
DOGEUSDT,2024-03-09,2024-03-10,2,0,-0.049118881118881075,0.17875,0.16997,0,0,0,0,1,0,0.36024383302827423,0.1980425186308729,0.43477793831989425
DOGEUSDT,2024-03-10,2024-03-11,2,1,0.07077719597576038,0.16998,0.182,0,0,1,1,0,0,0.4895991564294119,0.30508164856720005,0.5316751932726179
DOGEUSDT,2024-03-11,2024-03-12,2,0,-0.07604395604395597,0.182,0.16816,0,0,0,0,1,0,0.37730905307562074,0.3728999058529891,0.4450646070633935
DOGEUSDT,2024-03-12,2024-03-13,2,1,0.004816841103710834,0.16817,0.16897,0,0,1,1,0,0,0.4891134734150176,0.3927262044738687,0.5525373101072275
DOGEUSDT,2024-03-13,2024-03-14,2,1,0.04864768893886473,0.16895,0.17719,1,0,0,0,1,0,0.5298814731895725,0.30726045284114434,0.4913562064540267
DOGEUSDT,2024-03-14,2024-03-15,2,0,-0.07686664032958967,0.1772,0.16357,0,0,0,0,1,0,0.4304510651582981,0.3988933720876575,0.46020409349167163
DOGEUSDT,2024-03-15,2024-03-16,2,0,-0.12862994436632635,0.16358,0.14253,1,0,1,1,0,0,0.5711798640884078,0.4368667544666045,0.5531817098099618
DOGEUSDT,2024-03-16,2024-03-17,2,1,0.08243878481723144,0.14253,0.15428,1,1,1,1,0,0,0.654291858732837,0.6551360472514229,0.5944526342584436
DOGEUSDT,2024-03-17,2024-03-18,2,0,-0.069678506611356,0.15428,0.14353,0,0,0,0,1,0,0.3361738647622905,0.4332734913894304,0.4372501416206617
DOGEUSDT,2024-03-18,2024-03-19,2,0,-0.10255695673378373,0.14352,0.12881,0,1,1,1,0,0,0.45240918066095775,0.5997276775008207,0.5475648671298843
DOGEUSDT,2024-03-19,2024-03-20,2,1,0.18073130968092532,0.12879,0.15209,1,1,1,1,0,0,0.6001246711084768,0.6629238293933668,0.5734954690386945
DOGEUSDT,2024-03-20,2024-03-21,2,1,0.021566177920967933,0.15209,0.15537,0,0,0,0,1,0,0.3133242185542092,0.46982595962289203,0.375972712176678
DOGEUSDT,2024-03-21,2024-03-22,2,0,-0.015768809937568462,0.15536,0.15292,0,1,0,0,1,0,0.45744495676978164,0.5353404284852344,0.47927302645004766
DOGEUSDT,2024-03-22,2024-03-23,2,1,0.058723515563693374,0.15294,0.1619,1,1,1,1,0,0,0.6137490874093291,0.541785678284135,0.506498475351181
DOGEUSDT,2024-03-23,2024-03-24,2,1,0.09024088943792474,0.16191,0.17651,0,0,0,0,1,0,0.4348267547870383,0.45566948888958175,0.4532608460192074
DOGEUSDT,2024-03-24,2024-03-25,2,0,-0.007081751742110898,0.17651,0.17526,0,0,0,0,1,0,0.3645609005753917,0.3124993272868885,0.4320856658094759
DOGEUSDT,2024-03-25,2024-03-26,2,1,0.040168891931986694,0.17526,0.1823,0,0,1,1,0,0,0.4931112088249048,0.4957272301125941,0.5000700794602696
DOGEUSDT,2024-03-26,2024-03-27,2,1,0.04481623697202419,0.18231,0.19047,0,0,0,0,1,0,0.4059502313066274,0.36039761304381845,0.4661109717636729
DOGEUSDT,2024-03-27,2024-03-28,2,1,0.1550900404263138,0.19048,0.22001,0,0,0,0,1,0,0.41036364928087826,0.43037339157481647,0.46286611012413614
DOGEUSDT,2024-03-28,2024-03-29,2,0,-0.031862188082359966,0.22002,0.213,0,1,0,0,1,0,0.33812967175925546,0.5022560010099496,0.39116253114833177
DOGEUSDT,2024-03-29,2024-03-30,2,0,-0.06516431924882626,0.213,0.19912,0,1,1,1,0,0,0.4760480307592534,0.6498576675549509,0.5185514086803579
DOGEUSDT,2024-03-30,2024-03-31,2,1,0.10486139011651274,0.19913,0.22,1,1,1,1,0,0,0.5394428938149585,0.5163849082715213,0.5440533593942997
DOGEUSDT,2024-03-31,2024-04-01,2,0,-0.06804545454545463,0.22,0.20503,0,0,0,0,1,0,0.26057348126861174,0.31821152642251876,0.42254640335423976
DOGEUSDT,2024-04-01,2024-04-02,2,0,-0.10998390479442022,0.20502,0.18248,0,0,1,1,0,0,0.41329570673399707,0.48856037501964544,0.5462931094772129
DOGEUSDT,2024-04-02,2024-04-03,2,0,-0.039785181937746716,0.18249,0.17522,1,1,1,1,0,0,0.6067063990579306,0.5507332384282339,0.57943271215868
DOGEUSDT,2024-04-03,2024-04-04,2,1,0.02716584864741467,0.17521,0.17998,0,1,1,1,0,0,0.4837377609605366,0.5069341328733069,0.5245518574476804
DOGEUSDT,2024-04-04,2024-04-05,2,0,-0.015446160684520538,0.17997,0.1772,0,0,0,0,1,0,0.4157746360054196,0.30755274431040514,0.47528213839564554
DOGEUSDT,2024-04-05,2024-04-06,2,1,0.04836343115124153,0.17719,0.18577,1,0,1,1,0,0,0.5161866429915892,0.49254645593978075,0.5062587284608688
DOGEUSDT,2024-04-06,2024-04-07,2,1,0.07051730634655762,0.18576,0.19887,0,0,0,0,1,0,0.4206119649580243,0.35630386620023624,0.46040117990784085
DOGEUSDT,2024-04-07,2024-04-08,2,1,0.018755971237491842,0.19887,0.2026,0,0,0,0,1,0,0.3526822905548969,0.33905031353603937,0.44524005419041085
DOGEUSDT,2024-04-08,2024-04-09,2,0,-0.06653504442250735,0.20261,0.18912,0,0,0,0,1,0,0.42292293590789437,0.29162010275533495,0.48128514872843187
DOGEUSDT,2024-04-09,2024-04-10,2,1,0.055996192893400965,0.18915,0.19971,1,0,1,1,0,0,0.5406147253144459,0.4879947077073613,0.5451183056929331
DOGEUSDT,2024-04-10,2024-04-11,2,0,-0.029592909719092675,0.19971,0.1938,0,0,0,0,1,0,0.40863986895136195,0.4151729947590972,0.4551320227556696
DOGEUSDT,2024-04-11,2024-04-12,2,0,-0.10201238390092882,0.19382,0.17403,1,0,1,1,0,0,0.5041567719143902,0.4477597406276324,0.5168407685912733
DOGEUSDT,2024-04-12,2024-04-13,2,0,-0.12348445670286723,0.17403,0.15254,1,1,1,1,0,0,0.6524880343652788,0.5709474994050541,0.5730612100292806
DOGEUSDT,2024-04-13,2024-04-14,2,1,0.06280319916087573,0.15254,0.16212,1,1,1,1,0,0,0.6240389806832762,0.5624910926463177,0.5902923644824155
DOGEUSDT,2024-04-14,2024-04-15,2,0,-0.005489760671107624,0.1621,0.16123,0,0,0,0,1,0,0.3675683223591349,0.3927206308798336,0.4504732796325121
DOGEUSDT,2024-04-15,2024-04-16,2,0,-0.032438131861316166,0.16123,0.156,0,1,0,1,0,0,0.40295916689081274,0.5288973265252349,0.4988980464180027
DOGEUSDT,2024-04-16,2024-04-17,2,0,-0.05410256410256409,0.156,0.14756,1,1,1,1,0,0,0.5347660903823037,0.6590859692989969,0.5189861400944645
DOGEUSDT,2024-04-17,2024-04-18,2,1,0.03151260504201692,0.14755,0.15221,1,1,1,1,0,0,0.5672868584340023,0.6548508294620473,0.5355022032542209
DOGEUSDT,2024-04-18,2024-04-19,2,1,0.02706786676302464,0.15222,0.15633,1,0,0,0,1,0,0.5114558391152532,0.40638519656982336,0.472201307166374
DOGEUSDT,2024-04-19,2024-04-20,2,1,0.040107464977931384,0.15632,0.1626,0,1,0,0,1,0,0.49147910614090873,0.5339337677608869,0.47535175736163565
DOGEUSDT,2024-04-20,2024-04-21,2,0,-0.026752767527675192,0.16259,0.15825,0,0,0,0,1,0,0.4736281063206253,0.44447553996353045,0.46615397806666314
DOGEUSDT,2024-04-21,2024-04-22,2,1,0.018641390205371255,0.15823,0.1612,0,0,1,1,0,0,0.49003551909046406,0.4284699863697004,0.514704874994429
DOGEUSDT,2024-04-22,2024-04-23,2,0,-0.008746898263027436,0.16121,0.15979,0,0,0,0,1,0,0.4198820377120006,0.25178636298086243,0.4813673203966179
DOGEUSDT,2024-04-23,2024-04-24,2,0,-0.05256899680831084,0.15979,0.15139,0,0,1,1,0,0,0.4009553516251227,0.34734359490242694,0.5012979813219034
DOGEUSDT,2024-04-24,2024-04-25,2,0,-0.000792654732809317,0.15139,0.15127,1,0,1,1,0,0,0.5362949411984502,0.3591199859333284,0.5343228457420656
DOGEUSDT,2024-04-25,2024-04-26,2,0,-0.02161697626760095,0.15126,0.148,1,0,0,1,0,0,0.5063681982264099,0.3627696662788111,0.4954510309067623
DOGEUSDT,2024-04-26,2024-04-27,2,0,-0.001621621621621605,0.14802,0.14776,0,0,1,1,0,0,0.4948499654873411,0.43963240387705244,0.510857042881046
DOGEUSDT,2024-04-27,2024-04-28,2,0,-0.007173795343800804,0.14776,0.1467,0,0,0,1,0,0,0.4675975987135154,0.40648743556425476,0.49605817493272375
DOGEUSDT,2024-04-28,2024-04-29,2,0,-0.022358554873892378,0.14671,0.14342,0,0,1,1,0,0,0.4417330822503078,0.38740210967294114,0.5001379000456944
DOGEUSDT,2024-04-29,2024-04-30,2,0,-0.06993445823455569,0.14343,0.13339,0,0,1,1,0,0,0.4692152667257885,0.45613583184704554,0.5114114882722509
DOGEUSDT,2024-04-30,2024-05-01,2,0,-0.023839868056076297,0.13337,0.13021,1,1,1,1,0,0,0.5356178741527604,0.6877790291341047,0.5477643387547976
DOGEUSDT,2024-05-01,2024-05-02,2,1,0.012902234851394079,0.13021,0.13189,1,1,1,1,0,0,0.5118948407150521,0.6323309506361792,0.5125201749814622
DOGEUSDT,2024-05-02,2024-05-03,2,1,0.10728637500947746,0.13189,0.14604,0,0,0,0,1,0,0.4787887273514707,0.4572668876694797,0.48549622340425946
DOGEUSDT,2024-05-03,2024-05-04,2,1,0.09641194193371683,0.14604,0.16012,0,0,0,0,1,0,0.41397853605191604,0.46586568253426536,0.4209817410095178
DOGEUSDT,2024-05-04,2024-05-05,2,1,0.005370971771171629,0.16012,0.16098,0,0,0,0,1,0,0.42551806648651325,0.3478883097446036,0.42803722504592323
DOGEUSDT,2024-05-05,2024-05-06,2,0,-0.02795378307864338,0.161,0.15648,1,1,0,0,1,0,0.5101636322608576,0.5278904915356661,0.49095299681561155
DOGEUSDT,2024-05-06,2024-05-07,2,0,-0.0414749488752556,0.15649,0.14999,0,1,1,1,0,0,0.4933339635995512,0.592172275165061,0.5156073922673148
DOGEUSDT,2024-05-07,2024-05-08,2,0,-0.045003000200013354,0.14999,0.14324,1,0,1,1,0,0,0.5009993757151046,0.4493068670498378,0.525837137560249
DOGEUSDT,2024-05-08,2024-05-09,2,1,0.0625523596760682,0.14323,0.1522,1,0,1,1,0,0,0.5502701992037989,0.46049637090421836,0.5285268554164444
DOGEUSDT,2024-05-09,2024-05-10,2,0,-0.05459921156373204,0.1522,0.14389,0,0,0,0,1,0,0.4644162725971878,0.4769474381510195,0.45064427655548284
DOGEUSDT,2024-05-10,2024-05-11,2,0,-0.005768295225519471,0.14389,0.14306,1,1,1,1,0,0,0.5983630481146124,0.5737160327563904,0.5358844648360356
DOGEUSDT,2024-05-11,2024-05-12,2,0,-0.012791835593457312,0.14305,0.14123,1,1,0,1,0,0,0.5578087363778103,0.5102627717616341,0.4991029691869451
DOGEUSDT,2024-05-12,2024-05-13,2,1,0.0524676060327125,0.14122,0.14864,0,0,1,1,0,0,0.4417652651865181,0.4405759626526671,0.5042892905030067
DOGEUSDT,2024-05-13,2024-05-14,2,0,-0.020990312163616687,0.14863,0.14552,0,0,0,0,1,0,0.41701653868791455,0.3690212446866254,0.4575620014757612
DOGEUSDT,2024-05-14,2024-05-15,2,1,0.06748213304013184,0.14552,0.15534,1,1,1,1,0,0,0.5129954413946317,0.5792741408870788,0.5103888206147087
DOGEUSDT,2024-05-15,2024-05-16,2,0,-0.03617870477661911,0.15533,0.14972,0,0,0,0,1,0,0.4705813321643286,0.4898054143510435,0.4472932102498726
DOGEUSDT,2024-05-16,2024-05-17,2,1,0.038939353459791715,0.14971,0.15555,1,1,1,1,0,0,0.5731497851914918,0.6928244583359591,0.5218151650131514
DOGEUSDT,2024-05-17,2024-05-18,2,0,-0.01626486660237869,0.15555,0.15302,1,1,0,0,1,0,0.5089925738636809,0.5332929181184264,0.46697237639400346
DOGEUSDT,2024-05-18,2024-05-19,2,0,-0.025748268200235236,0.15302,0.14908,1,1,1,1,0,0,0.5054211527915058,0.5105725834637955,0.5068672213640417
DOGEUSDT,2024-05-19,2024-05-20,2,1,0.11168500134156156,0.14908,0.16573,1,1,1,1,0,0,0.5515881665966628,0.504906007120521,0.5139508132453408
DOGEUSDT,2024-05-20,2024-05-21,2,1,0.027212936704278157,0.16573,0.17024,0,0,0,0,1,0,0.318689906714423,0.37842679744217866,0.4181564060854175
DOGEUSDT,2024-05-21,2024-05-22,2,0,-0.02326127819548862,0.17023,0.16628,0,0,0,0,1,0,0.42814848214095136,0.4229901290719986,0.4752486836720013
DOGEUSDT,2024-05-22,2024-05-23,2,0,-0.03939138802020692,0.16628,0.15973,1,0,1,1,0,0,0.5645441766617775,0.4918013866131667,0.5120869441948737
DOGEUSDT,2024-05-23,2024-05-24,2,1,0.02585613222312655,0.15973,0.16386,1,1,1,1,0,0,0.5877577562926511,0.6055778178853716,0.5242526053592462
DOGEUSDT,2024-05-24,2024-05-25,2,1,0.062004149884047344,0.16386,0.17402,1,0,0,0,1,0,0.5064502721152329,0.46761206703905406,0.4762133576578248
DOGEUSDT,2024-05-25,2024-05-26,2,0,-0.044879898862199785,0.17402,0.16621,0,0,0,0,1,0,0.4093601770382235,0.4808344823047112,0.45101817151637247
DOGEUSDT,2024-05-26,2024-05-27,2,1,0.017267312436074933,0.16621,0.16908,1,0,1,1,0,0,0.5306790078655517,0.47376056589118426,0.5284328651747583
DOGEUSDT,2024-05-27,2024-05-28,2,0,-0.024308019872249842,0.16908,0.16497,0,0,0,0,1,0,0.4604056076647652,0.35044273941686405,0.4823535368898933
DOGEUSDT,2024-05-28,2024-05-29,2,0,-0.0067284960901982105,0.16496,0.16386,0,1,1,1,0,0,0.4840619269167525,0.5212243073001391,0.5128708872984679
DOGEUSDT,2024-05-29,2024-05-30,2,0,-0.026852190894666284,0.16386,0.15946,1,0,0,1,0,0,0.5146788469715197,0.47617906098470064,0.4998098480724368
DOGEUSDT,2024-05-30,2024-05-31,2,0,-0.003010159287595515,0.15945,0.15898,1,1,1,1,0,0,0.5960730891582909,0.7541989136036908,0.5147795492795407
DOGEUSDT,2024-05-31,2024-06-01,2,1,0.008365832180148525,0.15898,0.16031,1,0,0,1,0,0,0.5782575630558954,0.4979596373520817,0.49707630993981006
DOGEUSDT,2024-06-01,2024-06-02,2,0,-0.020023704073357962,0.16031,0.1571,1,0,0,0,1,0,0.517643790706818,0.40949647196474864,0.4887778611142587
DOGEUSDT,2024-06-02,2024-06-03,2,1,0.007956715467854814,0.1571,0.15835,1,1,1,1,0,0,0.531523387273123,0.5177386327780992,0.5096671556244471
DOGEUSDT,2024-06-03,2024-06-04,2,1,0.019008525418377165,0.15834,0.16136,0,0,0,0,1,0,0.45324498911155015,0.3953595933301869,0.489074593832208
DOGEUSDT,2024-06-04,2024-06-05,2,1,0.011774913237481366,0.16136,0.16326,0,0,0,0,1,0,0.41208741256389925,0.3824466345630429,0.4811040659705577
DOGEUSDT,2024-06-05,2024-06-06,2,0,-0.018988117113806102,0.16327,0.16016,0,0,0,0,1,0,0.4603206855542442,0.40474919747620874,0.4863102488131596
DOGEUSDT,2024-06-06,2024-06-07,2,0,-0.07467532467532467,0.16015,0.1482,1,0,1,1,0,0,0.5140633283668682,0.37430903432980517,0.5088947361780841
DOGEUSDT,2024-06-07,2024-06-08,2,0,-0.015654520917678716,0.1482,0.14588,1,0,1,1,0,0,0.6268670232531319,0.42817998697277704,0.5514661568185318
DOGEUSDT,2024-06-08,2024-06-09,2,1,0.006238003838771489,0.1459,0.14679,1,0,1,1,0,0,0.5174035905309835,0.46229428255397464,0.5064135434062583
DOGEUSDT,2024-06-09,2024-06-10,2,0,-0.013693030860412958,0.14679,0.14478,0,0,0,0,1,0,0.4217831162379575,0.2839860136158373,0.4903225759487766
DOGEUSDT,2024-06-10,2024-06-11,2,0,-0.04641525072523833,0.14478,0.13806,0,0,1,1,0,0,0.48460539257663143,0.4048309436484221,0.5049573768238119
DOGEUSDT,2024-06-11,2024-06-12,2,1,0.059032304795016755,0.13806,0.14621,1,1,1,1,0,0,0.5670064176199597,0.5996666347521029,0.5296058569146366
DOGEUSDT,2024-06-12,2024-06-13,2,0,-0.034949729840640154,0.14621,0.1411,0,0,0,0,1,0,0.47871504557483824,0.35778928335247856,0.45304937610108126
DOGEUSDT,2024-06-13,2024-06-14,2,0,-0.043302622253720835,0.1411,0.13499,1,1,1,1,0,0,0.6051425825159551,0.5610306215357166,0.5208846178386501
DOGEUSDT,2024-06-14,2024-06-15,2,1,0.013186161937921437,0.13499,0.13677,1,1,1,1,0,0,0.6696751668311072,0.7623631114828896,0.5272294791445468
DOGEUSDT,2024-06-15,2024-06-16,2,1,0.0026321561745996647,0.13678,0.13713,1,0,0,0,1,0,0.529317143779526,0.36346994538650473,0.4852913578371197
DOGEUSDT,2024-06-16,2024-06-17,2,0,-0.06081820170641006,0.13713,0.12879,1,0,0,0,1,0,0.5061076480521235,0.3994024625081169,0.49294815270622827
DOGEUSDT,2024-06-17,2024-06-18,2,0,-0.050780340088516174,0.12879,0.12225,1,1,1,1,0,0,0.5903495925855607,0.7461857580129282,0.5406844563437085
DOGEUSDT,2024-06-18,2024-06-19,2,1,0.0017995910020449646,0.12224,0.12247,1,1,1,1,0,0,0.6051338680527667,0.7620244978237228,0.5329492436850234
DOGEUSDT,2024-06-19,2024-06-20,2,1,0.01698375112272399,0.12247,0.12455,1,1,0,0,1,0,0.5459849479836378,0.5694268229514303,0.49355578260351524
DOGEUSDT,2024-06-20,2024-06-21,2,0,-0.00297069450020071,0.12455,0.12418,1,1,0,0,1,0,0.545127495888694,0.5837501258574013,0.4825572404762737
DOGEUSDT,2024-06-21,2024-06-22,2,0,-0.0034627154131100513,0.12418,0.12375,1,1,0,1,0,0,0.6227198399503264,0.6996546901231372,0.4970473527272899
DOGEUSDT,2024-06-22,2024-06-23,2,0,-0.012363636363636354,0.12376,0.12222,1,1,0,1,0,0,0.5676612326073059,0.5579407215842594,0.49740845545009843
DOGEUSDT,2024-06-23,2024-06-24,3,0,-0.026182294223531244,0.12222,0.11902,1,1,1,1,0,0,0.5248863121610712,0.7054687238701522,0.5063304943726121
DOGEUSDT,2024-06-24,2024-06-25,3,1,0.059905898168375105,0.11901,0.12615,1,1,1,1,0,0,0.5426853149220965,0.722460282014053,0.5169130642002736
DOGEUSDT,2024-06-25,2024-06-26,3,0,-0.026872770511296218,0.12616,0.12276,0,0,0,0,1,0,0.4051062687057037,0.46009495347714935,0.453396384653472
DOGEUSDT,2024-06-26,2024-06-27,3,1,0.035434995112414436,0.12277,0.12711,1,1,1,1,0,0,0.541943468084771,0.5515918328327043,0.5174454534481244
DOGEUSDT,2024-06-27,2024-06-28,3,0,-0.03186216662733066,0.12711,0.12306,1,0,0,0,1,0,0.5115603883424542,0.484805844997115,0.47084726202571053
DOGEUSDT,2024-06-28,2024-06-29,3,0,-0.009426296115715993,0.12306,0.1219,1,1,1,1,0,0,0.5587665114195988,0.6823017396790424,0.5213025150963382
DOGEUSDT,2024-06-29,2024-06-30,3,1,0.021164889253486363,0.1219,0.12448,1,0,1,1,0,0,0.5445629821523987,0.49640826724495624,0.504099074005408
DOGEUSDT,2024-06-30,2024-07-01,3,0,-0.007712082262210651,0.12449,0.12352,0,0,0,0,1,0,0.4356236437751532,0.3532466491211478,0.4812516863740413
DOGEUSDT,2024-07-01,2024-07-02,3,1,0.014410621761657971,0.12352,0.1253,0,0,1,1,0,0,0.48225160429535774,0.4792298909631213,0.5027998053045427
DOGEUSDT,2024-07-02,2024-07-03,3,0,-0.05434956105347166,0.1253,0.11849,0,0,0,0,1,0,0.47886614123408117,0.4263693484276572,0.4862333777924887
DOGEUSDT,2024-07-03,2024-07-04,3,0,-0.11368047936534731,0.11849,0.10502,1,1,1,1,0,0,0.6280645948158315,0.6012765263934694,0.5388975455711049
DOGEUSDT,2024-07-04,2024-07-05,3,1,0.004284898114644831,0.10503,0.10547,1,1,1,1,0,0,0.7265710747635633,0.6363601996728337,0.5867812782946732
DOGEUSDT,2024-07-05,2024-07-06,3,1,0.07547169811320753,0.10548,0.11343,1,1,0,0,1,0,0.6406609314409639,0.8053007116460041,0.4937690870849461
DOGEUSDT,2024-07-06,2024-07-07,3,0,-0.08181257163008016,0.11343,0.10415,0,0,0,0,1,0,0.43570746845044367,0.44236252671428833,0.44255944256348645
DOGEUSDT,2024-07-07,2024-07-08,3,1,0.032933269323091485,0.10415,0.10758,1,1,1,1,0,0,0.638582053475121,0.7896917419821134,0.56082081833797
DOGEUSDT,2024-07-08,2024-07-09,3,0,-0.00018590816136820898,0.10757,0.10756,1,0,0,0,1,0,0.523391968684873,0.45945902184718773,0.4726593133236639
DOGEUSDT,2024-07-09,2024-07-10,3,1,0.004090740052064001,0.10756,0.108,0,1,0,1,0,0,0.4611860874623344,0.5407561204520205,0.4971216499215473
DOGEUSDT,2024-07-10,2024-07-11,3,0,-0.0125925925925926,0.108,0.10664,1,0,0,0,1,0,0.5570184050625111,0.4099757842483751,0.4939143623868884
DOGEUSDT,2024-07-11,2024-07-12,3,1,0.009846211552888118,0.10664,0.10769,1,1,1,1,0,0,0.6066264591343243,0.6230959594545499,0.5065046956652535
DOGEUSDT,2024-07-12,2024-07-13,3,1,0.04290091930541373,0.10769,0.11231,1,1,0,0,1,0,0.5973044541886917,0.5475568863260808,0.4896203530840966
DOGEUSDT,2024-07-13,2024-07-14,3,1,0.02706793696019938,0.11231,0.11535,0,0,0,0,1,0,0.46974423805603194,0.3959628201159844,0.4654701662649021
DOGEUSDT,2024-07-14,2024-07-15,3,1,0.08279150411790215,0.11535,0.1249,0,0,0,0,1,0,0.4027053056880453,0.29802180582806,0.47692771905178305
DOGEUSDT,2024-07-15,2024-07-16,3,0,-0.0009607686148919159,0.1249,0.12478,0,0,0,0,1,0,0.38418610692120686,0.49681095714987644,0.43753542880532625
DOGEUSDT,2024-07-16,2024-07-17,3,0,-0.02404231447347338,0.12479,0.12178,1,0,0,1,0,0,0.5035329583433703,0.4403043297997203,0.49770426015076563
DOGEUSDT,2024-07-17,2024-07-18,3,0,-0.018229594350468004,0.12179,0.11956,1,1,1,1,0,0,0.5491894491840841,0.5980387414501163,0.515265197305318
DOGEUSDT,2024-07-18,2024-07-19,3,1,0.04909668785547017,0.11955,0.12543,1,1,1,1,0,0,0.5988155377885592,0.6365871965576302,0.5108057880722503
DOGEUSDT,2024-07-19,2024-07-20,3,1,0.07023837997289317,0.12543,0.13424,0,1,0,0,1,0,0.48163323095884625,0.5188768937389004,0.46104297929763516
DOGEUSDT,2024-07-20,2024-07-21,3,1,0.04484505363528002,0.13423,0.14026,0,0,0,0,1,0,0.4138329674621293,0.35281416370986507,0.44617972503139336
DOGEUSDT,2024-07-21,2024-07-22,3,0,-0.017824041066590635,0.14027,0.13776,0,0,0,0,1,0,0.4597653523400062,0.28952981020732416,0.46407753980437927
DOGEUSDT,2024-07-22,2024-07-23,3,0,-0.05407955865272929,0.13777,0.13031,1,0,1,1,0,0,0.5186236655127315,0.46471459557292805,0.5104955690844726
DOGEUSDT,2024-07-23,2024-07-24,3,0,-0.018110659197298706,0.1303,0.12795,1,1,1,1,0,0,0.5715027774591365,0.5144832863830501,0.538684304772846
DOGEUSDT,2024-07-24,2024-07-25,3,0,-0.021023837436498605,0.12793,0.12526,1,1,1,1,0,0,0.5579383798882861,0.5708344641572646,0.5107147988392834
DOGEUSDT,2024-07-25,2024-07-26,3,1,0.0712917132364681,0.12525,0.13419,1,1,1,1,0,0,0.6089299344906898,0.5714651097931662,0.512946432111217
DOGEUSDT,2024-07-26,2024-07-27,3,0,-0.02049333035248535,0.13419,0.13144,0,1,0,0,1,0,0.4994923804026529,0.5401194293465599,0.44544916133168627
DOGEUSDT,2024-07-27,2024-07-28,3,0,-0.010651247717589851,0.13143,0.13004,1,0,1,1,0,0,0.5618786095673642,0.491092486541577,0.5125395801507293
DOGEUSDT,2024-07-28,2024-07-29,3,0,-0.012380805905875092,0.13005,0.12843,1,1,1,1,0,0,0.5324289895007357,0.5591928737889709,0.5050288571780828
DOGEUSDT,2024-07-29,2024-07-30,3,0,-0.02273612084403942,0.12844,0.12551,0,1,1,1,0,0,0.49205785905842964,0.54531338312358,0.5063435564678763
DOGEUSDT,2024-07-30,2024-07-31,3,0,-0.028603298541948874,0.12551,0.12192,1,1,1,1,0,0,0.540886611737379,0.5842486758012102,0.5142609876851113
DOGEUSDT,2024-07-31,2024-08-01,3,0,-0.024032152230971104,0.12192,0.11899,1,1,1,1,0,0,0.6268335018335124,0.6890406490980575,0.5187812553550386
DOGEUSDT,2024-08-01,2024-08-02,3,0,-0.06261030338683926,0.11899,0.11154,1,1,1,1,0,0,0.6513738989576465,0.6116006922856975,0.5152573797905636
DOGEUSDT,2024-08-02,2024-08-03,3,0,-0.03075129998206927,0.11154,0.10811,1,1,1,1,0,0,0.6680324737047866,0.5049066257161949,0.5454439473879225
DOGEUSDT,2024-08-03,2024-08-04,3,0,-0.04032929423735088,0.10812,0.10375,1,1,1,1,0,0,0.6020079614565234,0.7342237951127333,0.5204422440487552
DOGEUSDT,2024-08-04,2024-08-05,3,0,-0.09050602409638553,0.10375,0.09436,1,1,1,1,0,0,0.5589222827999424,0.7742651806204386,0.5278876353600118
DOGEUSDT,2024-08-05,2024-08-06,3,1,0.02214921576939366,0.09437,0.09645,1,1,1,1,0,0,0.7014362188033656,0.8290800704855836,0.5678512809020454
DOGEUSDT,2024-08-06,2024-08-07,3,0,-0.009020217729393432,0.09646,0.09558,0,1,0,0,1,0,0.48636409974677086,0.6868782598070254,0.48052872291912363
DOGEUSDT,2024-08-07,2024-08-08,3,1,0.12450303410755392,0.09561,0.10748,1,1,1,1,0,0,0.5403224919231349,0.8032520671351864,0.503791092796263
DOGEUSDT,2024-08-08,2024-08-09,3,0,-0.03368068477856356,0.10747,0.10386,0,0,0,0,1,0,0.4731676824737222,0.3148682403668859,0.4098004304546391
DOGEUSDT,2024-08-09,2024-08-10,3,1,0.012709416522241446,0.10386,0.10518,1,1,1,1,0,0,0.6051268906281629,0.651135636060237,0.5227126587697423
DOGEUSDT,2024-08-10,2024-08-11,3,0,-0.04363947518539646,0.10519,0.10059,1,1,0,0,1,0,0.5804168800307371,0.5628734004795318,0.4874938243203908
DOGEUSDT,2024-08-11,2024-08-12,3,1,0.07277065314643605,0.10059,0.10791,1,1,1,1,0,0,0.5490484115927258,0.7182375059068045,0.5304753355168882
DOGEUSDT,2024-08-12,2024-08-13,3,0,-0.014363821703271329,0.10791,0.10636,0,0,0,0,1,0,0.3978940240354814,0.38545849626903866,0.44442501733942014
DOGEUSDT,2024-08-13,2024-08-14,3,0,-0.0372320421210981,0.10637,0.1024,0,1,1,1,0,0,0.49170727122370705,0.5424768810588105,0.5078536447590243
DOGEUSDT,2024-08-14,2024-08-15,3,0,-0.02138671875000009,0.1024,0.10021,1,1,1,1,0,0,0.6185049344365555,0.591034894963929,0.525473106419978
DOGEUSDT,2024-08-15,2024-08-16,3,1,0.001397066161061833,0.10021,0.10035,1,1,1,1,0,0,0.5733077235041372,0.5961821792132975,0.5132248470973431
DOGEUSDT,2024-08-16,2024-08-17,3,1,0.02391629297458886,0.10034,0.10275,1,1,0,0,1,0,0.54534780635295,0.6415412356532811,0.49593285462151915
DOGEUSDT,2024-08-17,2024-08-18,3,0,-0.026374695863746855,0.10275,0.10004,0,1,0,0,1,0,0.4732847662058842,0.5231409875636275,0.479232799639092
DOGEUSDT,2024-08-18,2024-08-19,3,1,0.012894842063174705,0.10005,0.10133,1,1,1,1,0,0,0.5529378121136057,0.6683778403001508,0.5170613807524712
DOGEUSDT,2024-08-19,2024-08-20,3,1,0.015395243264580971,0.10132,0.10289,0,1,0,0,1,0,0.4766115646901758,0.5727245740022899,0.48735632917742977
DOGEUSDT,2024-08-20,2024-08-21,3,1,0.0316843230634658,0.10289,0.10615,0,1,0,0,1,0,0.4537581335049599,0.5389474769524034,0.48550490231080595
DOGEUSDT,2024-08-21,2024-08-22,3,0,-0.008478568064060221,0.10615,0.10525,0,1,0,0,1,0,0.4736508367660516,0.5006244279227194,0.47356586709291204
DOGEUSDT,2024-08-22,2024-08-23,3,1,0.07296912114014265,0.10526,0.11293,1,1,1,1,0,0,0.5767117261310342,0.6690159276022325,0.5033804824801104
DOGEUSDT,2024-08-23,2024-08-24,3,0,-0.0030992650314354275,0.11292,0.11258,1,1,0,0,1,0,0.5001165973412234,0.5032051848822803,0.4442877243511725
DOGEUSDT,2024-08-24,2024-08-25,3,0,-0.02655889145496526,0.11258,0.10959,1,1,0,1,0,0,0.5160249377385736,0.5060173889565501,0.4993145504369659
DOGEUSDT,2024-08-25,2024-08-26,3,0,-0.04005839948900447,0.1096,0.1052,1,1,1,1,0,0,0.5556860688459332,0.6187152500740632,0.5172033961586152
DOGEUSDT,2024-08-26,2024-08-27,3,0,-0.059790874524714877,0.1052,0.09891,1,1,1,1,0,0,0.5490150174765506,0.654987864213719,0.5276761933113454
DOGEUSDT,2024-08-27,2024-08-28,3,1,0.007380446870892898,0.0989,0.09964,1,1,1,1,0,0,0.5838942962409632,0.6865855482632671,0.5432048206859474
DOGEUSDT,2024-08-28,2024-08-29,3,1,0.007326374949819359,0.09965,0.10037,1,1,0,0,1,0,0.5732523320392677,0.6043133702288627,0.4914568419895257
DOGEUSDT,2024-08-29,2024-08-30,3,1,0.013948390953472112,0.10037,0.10177,1,1,0,0,1,0,0.5570826133032676,0.6753178602932172,0.49149716759740214
DOGEUSDT,2024-08-30,2024-08-31,3,0,-0.004814778421931898,0.10177,0.10128,1,1,0,0,1,0,0.5757080610376429,0.7014267599844115,0.486575625090352
DOGEUSDT,2024-08-31,2024-09-01,3,0,-0.06111769352290686,0.10128,0.09509,1,1,1,1,0,0,0.5504418170662477,0.6061958728740606,0.5006088448918062
DOGEUSDT,2024-09-01,2024-09-02,3,1,0.04238090230308145,0.09508,0.09912,1,1,1,1,0,0,0.6298377461484264,0.6806309478389566,0.5442579358220563
DOGEUSDT,2024-09-02,2024-09-03,3,0,-0.023708635996771643,0.09912,0.09677,0,1,0,0,1,0,0.4699986251699045,0.5105910138104853,0.4658431983414663
DOGEUSDT,2024-09-03,2024-09-04,3,1,0.012710550790534292,0.09678,0.098,1,1,1,1,0,0,0.5512751166063039,0.6763897672798823,0.5150085469053716
DOGEUSDT,2024-09-04,2024-09-05,3,1,0.004285714285714226,0.09799,0.09842,1,1,0,0,1,0,0.5661086297690043,0.5571058584835605,0.4874929831652779
DOGEUSDT,2024-09-05,2024-09-06,3,0,-0.0597439544807965,0.09842,0.09254,1,1,0,0,1,0,0.5580965197949118,0.6432191931629043,0.49376847646100847
DOGEUSDT,2024-09-06,2024-09-07,3,1,0.03079749297601042,0.09255,0.09539,1,1,1,1,0,0,0.6709281614449313,0.5930158745306222,0.5431675996686833
DOGEUSDT,2024-09-07,2024-09-08,3,1,0.008072124960687654,0.0954,0.09616,1,0,0,0,1,0,0.5061375580280636,0.35386143615878246,0.4742103499452455
DOGEUSDT,2024-09-08,2024-09-09,3,1,0.07903494176372727,0.09616,0.10376,0,0,0,0,1,0,0.45888768324022294,0.4965525272097871,0.4909412050445465
DOGEUSDT,2024-09-09,2024-09-10,3,0,-0.009252120277563614,0.10375,0.1028,0,0,0,0,1,0,0.4014881422883253,0.3285386730618763,0.4401079877210666
DOGEUSDT,2024-09-10,2024-09-11,3,0,-0.014494163424124573,0.10279,0.10131,0,1,1,1,0,0,0.49147517548730235,0.5413184150363718,0.5039669590841086
DOGEUSDT,2024-09-11,2024-09-12,3,1,0.01362155759549899,0.10132,0.10269,1,1,1,1,0,0,0.5767787766113178,0.595354138585337,0.5079530030705104
DOGEUSDT,2024-09-12,2024-09-13,3,1,0.0415814587593728,0.10269,0.10696,1,1,0,0,1,0,0.5502327122431896,0.5887224051641335,0.48681772251151023
DOGEUSDT,2024-09-13,2024-09-14,3,0,-0.014584891548242385,0.10695,0.1054,0,0,0,0,1,0,0.485625810548228,0.47217268315962285,0.4664171134696315
DOGEUSDT,2024-09-14,2024-09-15,3,0,-0.024573055028462965,0.1054,0.10281,1,1,1,1,0,0,0.5488001038996999,0.5467990550990277,0.5080221716835559
DOGEUSDT,2024-09-15,2024-09-16,3,0,-0.030833576500340354,0.1028,0.09964,1,1,1,1,0,0,0.5648720949004151,0.5986358935365541,0.5156735831319316
DOGEUSDT,2024-09-16,2024-09-17,3,1,0.014853472501003662,0.09965,0.10112,1,1,1,1,0,0,0.5232845784701452,0.6026253010301542,0.5205059305644792
DOGEUSDT,2024-09-17,2024-09-18,3,1,0.026997626582278444,0.10111,0.10385,0,0,0,0,1,0,0.47899412043149237,0.4755647443545392,0.4859056383286683
DOGEUSDT,2024-09-18,2024-09-19,3,1,0.010977371208473752,0.10384,0.10499,1,1,0,0,1,0,0.5002714503710138,0.5490599519089597,0.4769790558339089
DOGEUSDT,2024-09-19,2024-09-20,3,1,0.0053338413182209,0.10498,0.10555,1,1,0,0,1,0,0.5497471353083861,0.6224123508333437,0.48877946158325764
DOGEUSDT,2024-09-20,2024-09-21,3,1,0.04149692089057311,0.10555,0.10993,1,1,0,0,1,0,0.588823023852533,0.7035854200558889,0.49298473829087147
DOGEUSDT,2024-09-21,2024-09-22,3,0,-0.03274811243518605,0.10994,0.10633,0,0,0,0,1,0,0.4781556881308506,0.41407416269733516,0.46647783361327827
DOGEUSDT,2024-09-22,2024-09-23,3,1,0.016364149346374646,0.10632,0.10807,1,1,1,1,0,0,0.5433796373022668,0.6565098295154111,0.5219892216169282
DOGEUSDT,2024-09-23,2024-09-24,3,1,0.01591561025261412,0.10807,0.10979,0,1,0,0,1,0,0.49253079825541796,0.5308636641372239,0.4847888031981582
DOGEUSDT,2024-09-24,2024-09-25,3,0,-0.011840786956917704,0.10977,0.10849,0,1,0,0,1,0,0.47346853439052056,0.5260404107036968,0.48512021698625774
DOGEUSDT,2024-09-25,2024-09-26,3,1,0.08931698774080554,0.10851,0.11818,1,1,1,1,0,0,0.5667435610737033,0.6101838767899842,0.5059328301958709
DOGEUSDT,2024-09-26,2024-09-27,3,1,0.04510069385682858,0.11817,0.12351,0,0,0,0,1,0,0.4909523969387868,0.34457013622847404,0.43309580058836206
DOGEUSDT,2024-09-27,2024-09-28,3,1,0.036839122338272245,0.12352,0.12806,1,0,0,0,1,0,0.5053983601647299,0.3143078072234346,0.46389465299938903
DOGEUSDT,2024-09-28,2024-09-29,3,0,-0.028736529751678952,0.12807,0.12438,1,0,0,0,1,0,0.541227174654158,0.36454784301281623,0.46983247377368903
DOGEUSDT,2024-09-29,2024-09-30,3,0,-0.08176555716353107,0.12438,0.11421,1,1,1,1,0,0,0.5344308651269426,0.6045283733891116,0.518884184830392
DOGEUSDT,2024-09-30,2024-10-01,3,0,-0.06444269328430086,0.11421,0.10685,1,1,1,1,0,0,0.608115684840579,0.6296019915337362,0.5607829098751705
DOGEUSDT,2024-10-01,2024-10-02,3,0,-0.020870379036031728,0.10686,0.10462,1,1,1,1,0,0,0.564990522916315,0.5443003835876444,0.5469018213336606
DOGEUSDT,2024-10-02,2024-10-03,3,1,0.004301280825845799,0.10462,0.10507,1,0,1,1,0,0,0.5009347039527717,0.4866933501526329,0.5128287221863527
DOGEUSDT,2024-10-03,2024-10-04,3,1,0.0396878271628438,0.10506,0.10924,1,0,0,0,1,0,0.5425085101115023,0.47392686469013623,0.49375683034666784
DOGEUSDT,2024-10-04,2024-10-05,3,1,0.0014646649578908821,0.10924,0.1094,1,1,0,0,1,0,0.5130251570780026,0.5469122040425908,0.4677786509070316
DOGEUSDT,2024-10-05,2024-10-06,3,1,0.020018281535648885,0.10941,0.11159,0,0,0,0,1,0,0.49664964088270785,0.29915599263607073,0.49588213148615257
DOGEUSDT,2024-10-06,2024-10-07,3,0,-0.028497177166412646,0.11159,0.10841,0,0,0,0,1,0,0.48099143881580003,0.3933831119570343,0.4820948195062944
DOGEUSDT,2024-10-07,2024-10-08,3,0,-0.012175998524121434,0.10841,0.10709,1,1,1,1,0,0,0.5152484726038389,0.5589315869700925,0.5186992788882285
DOGEUSDT,2024-10-08,2024-10-09,3,1,0.007937249042861083,0.10709,0.10794,1,0,1,1,0,0,0.5415936784318046,0.4816994749241898,0.5061877591261844
DOGEUSDT,2024-10-09,2024-10-10,3,0,-0.017695015749490395,0.10795,0.10603,1,0,0,0,1,0,0.5390515065944664,0.33351124711939917,0.49104172402004476
DOGEUSDT,2024-10-10,2024-10-11,3,1,0.04470432896350074,0.10603,0.11077,1,0,1,1,0,0,0.593079005688015,0.42678026271247843,0.5103968991828886
DOGEUSDT,2024-10-11,2024-10-12,3,1,0.005506906202040307,0.11077,0.11138,0,0,0,0,1,0,0.4306292227864183,0.22857607840929814,0.4641782384445819
DOGEUSDT,2024-10-12,2024-10-13,3,1,0.0001795654516070222,0.11138,0.1114,0,0,0,0,1,0,0.4476833645602885,0.24298937227678663,0.4928554106423753
DOGEUSDT,2024-10-13,2024-10-14,3,1,0.047486535008976594,0.1114,0.11669,0,0,0,0,1,0,0.4414317694754724,0.18586807834256802,0.4968470130816279
DOGEUSDT,2024-10-14,2024-10-15,3,1,0.006770074556517347,0.11669,0.11748,0,0,0,0,1,0,0.37077089306357275,0.459839445205818,0.46219043297231804
DOGEUSDT,2024-10-15,2024-10-16,3,1,0.0702247191011236,0.11748,0.12573,0,0,0,0,1,0,0.4776073412430047,0.4410985895841242,0.4919121758405446
DOGEUSDT,2024-10-16,2024-10-17,3,1,0.03133699196691331,0.12574,0.12967,1,0,0,0,1,0,0.5127312524821658,0.3385323329610525,0.4461892061030725
DOGEUSDT,2024-10-17,2024-10-18,3,1,0.057762011259350654,0.12967,0.13716,1,0,0,0,1,0,0.5011807274642486,0.4634243329984755,0.47381820538142644
DOGEUSDT,2024-10-18,2024-10-19,3,1,0.05037911927675709,0.13718,0.14407,1,0,0,0,1,0,0.530111349839745,0.3257289351593045,0.45490515715387386
DOGEUSDT,2024-10-19,2024-10-20,3,0,-0.01339626570417174,0.14408,0.14214,0,0,0,0,1,0,0.472456204186888,0.27068695426744005,0.46013062516386527
DOGEUSDT,2024-10-20,2024-10-21,3,1,0.0107640354579992,0.14214,0.14367,0,0,1,1,0,0,0.4694969575781074,0.47679763557707033,0.5071164772688246
DOGEUSDT,2024-10-21,2024-10-22,3,0,-0.02763276954131,0.14364,0.1397,0,0,0,0,1,0,0.45072618560789274,0.38434176786638785,0.48893797628053587
DOGEUSDT,2024-10-22,2024-10-23,3,1,0.0019327129563351253,0.1397,0.13997,0,1,1,1,0,0,0.473369698697484,0.5346345085778917,0.5180318389680678
DOGEUSDT,2024-10-23,2024-10-24,3,1,0.013645781238836863,0.13998,0.14188,1,0,0,0,1,0,0.5254285636361575,0.3751780708107766,0.49553102532715926
DOGEUSDT,2024-10-24,2024-10-25,3,0,-0.07238511418099802,0.14189,0.13161,1,1,0,0,1,0,0.5265201228247857,0.5630671109332359,0.48679977628108645
DOGEUSDT,2024-10-25,2024-10-26,3,1,0.044525491983891774,0.13161,0.13747,1,1,1,1,0,0,0.6437476224266593,0.5291254286467206,0.5532444014191328
DOGEUSDT,2024-10-26,2024-10-27,3,1,0.049392594747944996,0.13747,0.14426,0,0,0,0,1,0,0.4747262754517782,0.28345790772213153,0.4643062329753838
DOGEUSDT,2024-10-27,2024-10-28,3,1,0.1192291695549701,0.14427,0.16146,0,0,0,0,1,0,0.3822981237880446,0.24543376577044648,0.460832341314372
DOGEUSDT,2024-10-28,2024-10-29,3,1,0.08918617614269797,0.16145,0.17586,0,0,0,0,1,0,0.40313261934896066,0.47305924463709276,0.4132224611009492
DOGEUSDT,2024-10-29,2024-10-30,3,0,-0.04310246787217087,0.17586,0.16828,0,0,0,0,1,0,0.4514980936065678,0.4158356627894293,0.43318443438836374
DOGEUSDT,2024-10-30,2024-10-31,3,0,-0.03945804611362025,0.16828,0.16164,1,0,1,1,0,0,0.6113458527918698,0.4588108604307734,0.5300550352367177
DOGEUSDT,2024-10-31,2024-11-01,3,0,-0.015342736946300506,0.16164,0.15916,1,1,1,1,0,0,0.6255008189677251,0.5161463787552237,0.5272077755458552
DOGEUSDT,2024-11-01,2024-11-02,3,1,0.002450364413169037,0.15917,0.15955,1,0,1,1,0,0,0.5475790892319339,0.48929372790907794,0.5086001686871167
DOGEUSDT,2024-11-02,2024-11-03,3,0,-0.05114384205578193,0.15955,0.15139,0,0,0,0,1,0,0.4768467853046761,0.3641485951027244,0.49514290524365473
DOGEUSDT,2024-11-03,2024-11-04,3,1,0.04511526520906273,0.15139,0.15822,1,0,1,1,0,0,0.5722056839970412,0.4317822777195637,0.5363687792480933
DOGEUSDT,2024-11-04,2024-11-05,3,1,0.07439008974845152,0.15822,0.16999,0,0,0,0,1,0,0.4150489968495405,0.4329117601831886,0.46388423019165215
DOGEUSDT,2024-11-05,2024-11-06,3,1,0.1557150420612976,0.16999,0.19646,0,0,0,0,1,0,0.37113140546027573,0.42678718887695294,0.44330574011442514
DOGEUSDT,2024-11-06,2024-11-07,3,0,-0.01639010485595027,0.19646,0.19324,0,0,0,0,1,0,0.44509394160689725,0.41246100325939317,0.3900536714625413
DOGEUSDT,2024-11-07,2024-11-08,3,1,0.04517698199130615,0.19325,0.20197,1,1,1,1,0,0,0.5616156669887885,0.6782259955967636,0.5093996744963393
DOGEUSDT,2024-11-08,2024-11-09,3,1,0.08382433034609105,0.20197,0.2189,1,1,0,0,1,0,0.5608105055258715,0.5790906582209562,0.46384008647940006
DOGEUSDT,2024-11-09,2024-11-10,3,1,0.26898126998629523,0.21891,0.27778,0,0,0,0,1,0,0.38548734451964084,0.4522594607163704,0.43683027651364414
DOGEUSDT,2024-11-10,2024-11-11,3,1,0.2648858809129526,0.27781,0.35136,0,1,0,0,1,0,0.2945165512624516,0.5192535046880883,0.32560620011456537
DOGEUSDT,2024-11-11,2024-11-12,3,1,0.08108492714025495,0.35135,0.37985,0,1,0,0,1,0,0.2958964657812498,0.6189881890921372,0.32774346449428726
DOGEUSDT,2024-11-12,2024-11-13,3,1,0.05049361590101342,0.37995,0.39903,0,1,0,0,1,0,0.4975724434576844,0.5697524007296826,0.43870260634729147
DOGEUSDT,2024-11-13,2024-11-14,3,0,-0.09144675838909366,0.39899,0.36254,0,1,0,0,1,0,0.4771834182897989,0.6607567338342583,0.46004923643347606
DOGEUSDT,2024-11-14,2024-11-15,3,1,0.05229767749765557,0.36258,0.3815,1,1,1,1,0,0,0.537530714980921,0.6183593253376046,0.5686144923393054
DOGEUSDT,2024-11-15,2024-11-16,3,0,-0.045321100917431245,0.3815,0.36421,0,1,0,0,1,0,0.38980656312981987,0.5274587531405462,0.45876829135245134
DOGEUSDT,2024-11-16,2024-11-17,3,1,0.007770242442546982,0.36421,0.36704,0,1,1,1,0,0,0.48665033067264984,0.5094694259107871,0.5317927413279213
DOGEUSDT,2024-11-17,2024-11-18,3,1,0.011143199651264313,0.36704,0.37113,0,1,0,0,1,0,0.4729937241193441,0.503298784618701,0.4911662086730288
DOGEUSDT,2024-11-18,2024-11-19,3,1,0.05265001481960496,0.37113,0.39067,0,0,0,0,1,0,0.39205994320663623,0.41070871311827484,0.4886562708647762
DOGEUSDT,2024-11-19,2024-11-20,3,0,-0.032994599022192705,0.39067,0.37778,0,0,0,0,1,0,0.3828625855234695,0.3669487769849706,0.458518439199627
DOGEUSDT,2024-11-20,2024-11-21,3,1,0.023452803218804608,0.37778,0.38664,1,1,1,1,0,0,0.5545220326520371,0.5547351703507247,0.522180373297407
DOGEUSDT,2024-11-21,2024-11-22,3,1,0.06758224705152083,0.38664,0.41277,1,0,0,0,1,0,0.5406444785035506,0.4769514902844555,0.4795724667912305
DOGEUSDT,2024-11-22,2024-11-23,3,1,0.042105773190880935,0.41277,0.43015,0,0,0,0,1,0,0.4582782354378106,0.3603948251535065,0.4480261736733363
DOGEUSDT,2024-11-23,2024-11-24,3,1,0.0001859816343137144,0.43016,0.43023,0,0,0,0,1,0,0.49937984689221593,0.31132189028147245,0.4660406518599193
DOGEUSDT,2024-11-24,2024-11-25,3,0,-0.08737187085977272,0.43026,0.39264,0,0,0,0,1,0,0.48277469806442486,0.39324386867552225,0.49684219252432676
DOGEUSDT,2024-11-25,2024-11-26,3,0,-0.014236960065199589,0.39263,0.38705,1,1,1,1,0,0,0.5536887080780707,0.5746681040331869,0.5653119508793273
DOGEUSDT,2024-11-26,2024-11-27,3,1,0.0358609998708177,0.38705,0.40093,0,1,1,1,0,0,0.46858673572143905,0.5082309406077089,0.5077569513042596
DOGEUSDT,2024-11-27,2024-11-28,3,1,0.0016711146584191816,0.40093,0.4016,0,0,0,0,1,0,0.4081065409480946,0.43219182745429835,0.4705392094394902
DOGEUSDT,2024-11-28,2024-11-29,3,1,0.06165338645418328,0.4016,0.42636,1,1,0,0,1,0,0.5214260214512877,0.566639471619722,0.49572724252025674
DOGEUSDT,2024-11-29,2024-11-30,3,0,-0.011164274322169154,0.42635,0.4216,0,0,0,0,1,0,0.4597833178671323,0.42806538985597037,0.45216946581821194
DOGEUSDT,2024-11-30,2024-12-01,3,1,0.044710626185958446,0.4216,0.44045,0,1,1,1,0,0,0.48480914336799424,0.5536215693795167,0.505418595283453
DOGEUSDT,2024-12-01,2024-12-02,3,0,-0.03605403564536269,0.44045,0.42457,0,0,0,0,1,0,0.40093265038883086,0.41789667119145285,0.46417373197587325
DOGEUSDT,2024-12-02,2024-12-03,3,0,-0.042984666839390395,0.42457,0.40632,0,1,1,1,0,0,0.4707862022754295,0.5465876662662985,0.5245564867374573
DOGEUSDT,2024-12-03,2024-12-04,3,1,0.06502264225241183,0.40632,0.43274,1,1,1,1,0,0,0.5459963983374588,0.6418709909002237,0.5299628615607306
DOGEUSDT,2024-12-04,2024-12-05,3,0,-0.013680269908027953,0.43274,0.42682,0,0,0,0,1,0,0.40360721428674096,0.44516069525832996,0.4498112335590972
DOGEUSDT,2024-12-05,2024-12-06,3,1,0.01839182793683536,0.42683,0.43467,0,1,1,1,0,0,0.49334821392562866,0.6185876130427483,0.50733278449821
DOGEUSDT,2024-12-06,2024-12-07,3,1,0.04173280879747843,0.43468,0.45281,0,1,0,0,1,0,0.48175862820819915,0.605227779320137,0.48329259817971504
DOGEUSDT,2024-12-07,2024-12-08,3,1,0.02990216647158861,0.45283,0.46635,0,0,0,0,1,0,0.3829842787524049,0.415979958958214,0.4663084196325013
DOGEUSDT,2024-12-08,2024-12-09,3,0,-0.11219041492441295,0.46635,0.41403,0,0,0,0,1,0,0.37267220864711775,0.44523769329951735,0.47486165735792585
DOGEUSDT,2024-12-09,2024-12-10,3,0,-0.04857135956331671,0.41403,0.39392,1,1,1,1,0,0,0.6010552671137638,0.7011048164777456,0.5855564568826083
DOGEUSDT,2024-12-10,2024-12-11,3,1,0.05102558895207143,0.39391,0.41402,1,1,1,1,0,0,0.5433179348104026,0.6682379979485914,0.5343443457723238
DOGEUSDT,2024-12-11,2024-12-12,3,0,-0.019105357229119324,0.41402,0.40611,0,0,0,0,1,0,0.38813226429183306,0.47849026279529855,0.4596712332598817
DOGEUSDT,2024-12-12,2024-12-13,3,1,0.0071409224101843805,0.40611,0.40901,1,1,1,1,0,0,0.5264331218570127,0.6289646038984119,0.5114760920930097
DOGEUSDT,2024-12-13,2024-12-14,3,0,-0.026234077406420253,0.40901,0.39828,1,1,0,0,1,0,0.53799371233707,0.6315783160564288,0.4916354911626792
DOGEUSDT,2024-12-14,2024-12-15,3,1,0.020864718288641226,0.39827,0.40659,1,1,1,1,0,0,0.5270779021623461,0.5753160135067359,0.5169529796873831
DOGEUSDT,2024-12-15,2024-12-16,3,0,-0.011411987505841381,0.40659,0.40195,0,1,0,0,1,0,0.438557566640243,0.516864198352894,0.4814723089547007
DOGEUSDT,2024-12-16,2024-12-17,3,0,-0.019405398681427988,0.40195,0.39415,0,1,1,1,0,0,0.46647950874233646,0.5723106563275758,0.5056068490907839
DOGEUSDT,2024-12-17,2024-12-18,3,0,-0.09110744640365342,0.39415,0.35824,1,1,1,1,0,0,0.5340922879803199,0.5932312690024502,0.5117058704180765
DOGEUSDT,2024-12-18,2024-12-19,3,0,-0.12262728896828945,0.35825,0.31431,1,1,1,1,0,0,0.6321066957164438,0.6621127984340768,0.5683391571014555
DOGEUSDT,2024-12-19,2024-12-20,3,1,0.011517291845630107,0.31431,0.31793,1,1,1,1,0,0,0.647190518299747,0.8307171848446452,0.5941557531509861
DOGEUSDT,2024-12-20,2024-12-21,3,1,0.00783191268518224,0.31792,0.32042,0,1,0,0,1,0,0.4746706327018897,0.7307861188742505,0.48837844432540845
DOGEUSDT,2024-12-21,2024-12-22,3,0,-0.02434304974720669,0.32042,0.31262,0,1,0,0,1,0,0.42217856456658814,0.6060492770447414,0.49112023790677617
DOGEUSDT,2024-12-22,2024-12-23,3,1,0.0395048301452241,0.31263,0.32497,0,1,1,1,0,0,0.46252345935423533,0.6342331983449352,0.5154965775774777
DOGEUSDT,2024-12-23,2024-12-24,3,1,0.037326522448225985,0.32497,0.3371,0,0,0,0,1,0,0.3577546496624289,0.45798923439055417,0.4679103845021169
DOGEUSDT,2024-12-24,2024-12-25,3,0,-0.008217146247404328,0.3371,0.33433,0,0,0,0,1,0,0.3865809060090268,0.3548866359520931,0.4694805999594379
DOGEUSDT,2024-12-25,2024-12-26,3,0,-0.06457691502407803,0.33434,0.31274,1,0,1,1,0,0,0.5328040492748249,0.37627996880928416,0.5031823840843326
DOGEUSDT,2024-12-26,2024-12-27,3,0,-0.0028138389716697576,0.31274,0.31186,1,0,1,1,0,0,0.6535442154199309,0.35575743763143375,0.5470086908156476
DOGEUSDT,2024-12-27,2024-12-28,3,1,0.04017828512794197,0.31187,0.32439,1,0,0,1,0,0,0.5749343237024087,0.320353188108003,0.49909942308262134
DOGEUSDT,2024-12-28,2024-12-29,3,0,-0.03095039921082643,0.32439,0.31435,0,0,0,0,1,0,0.4313809700426153,0.3115296717102135,0.4674257226915148
DOGEUSDT,2024-12-29,2024-12-30,3,0,-0.0012406553205026594,0.31435,0.31396,0,0,1,1,0,0,0.46764367802520956,0.2743070850439451,0.5205963658617925
DOGEUSDT,2024-12-30,2024-12-31,3,1,0.006497643011848631,0.31396,0.316,0,0,0,1,0,0,0.4424115515670189,0.4533816311516591,0.49791481702366147
DOGEUSDT,2024-12-31,2025-01-01,3,1,0.02889240506329105,0.316,0.32513,0,0,0,0,1,0,0.4092588226644684,0.2754595243625446,0.4921155015237703
DOGEUSDT,2025-01-01,2025-01-02,3,1,0.042444560637283635,0.32513,0.33893,0,0,0,0,1,0,0.4302098714337842,0.29421058615414225,0.47559699310780507
DOGEUSDT,2025-01-02,2025-01-03,3,1,0.12085091316791075,0.33894,0.37989,0,0,0,0,1,0,0.46408963240761153,0.4671704485777431,0.46579752123906626
DOGEUSDT,2025-01-03,2025-01-04,3,1,0.039327173655531844,0.37989,0.39483,0,0,0,0,1,0,0.4318388838569313,0.33051484223991867,0.41216754328341765
DOGEUSDT,2025-01-04,2025-01-05,3,0,-0.031735177164855854,0.39482,0.3823,0,0,0,0,1,0,0.4934030470382109,0.4993510737213044,0.468038300093223
DOGEUSDT,2025-01-05,2025-01-06,3,1,0.014438922312320246,0.38231,0.38782,1,0,1,1,0,0,0.5349107821891957,0.2980141848408845,0.521204128982934
DOGEUSDT,2025-01-06,2025-01-07,3,0,-0.10267649940694146,0.38782,0.348,0,0,0,0,1,0,0.4214024938315226,0.36760499950357833,0.4862124288368157
DOGEUSDT,2025-01-07,2025-01-08,3,0,-0.016379310344827536,0.348,0.3423,1,1,1,1,0,0,0.5949534883501684,0.6534532548702785,0.5777601479722817
DOGEUSDT,2025-01-08,2025-01-09,3,0,-0.06222611744084128,0.3423,0.321,1,1,1,1,0,0,0.5584024648578699,0.5473052855853864,0.5093914304291766
DOGEUSDT,2025-01-09,2025-01-10,3,1,0.04012461059190042,0.32099,0.33388,1,1,1,1,0,0,0.612789665145114,0.6478775190457945,0.5451385457734845
DOGEUSDT,2025-01-10,2025-01-11,3,1,0.021924044566910217,0.33388,0.3412,1,0,0,0,1,0,0.5349022098033721,0.4628026786539218,0.46746433661174924
DOGEUSDT,2025-01-11,2025-01-12,3,0,-0.015504103165299044,0.3412,0.33591,0,0,0,0,1,0,0.48255052588001557,0.34442008290128706,0.48069403707683955
DOGEUSDT,2025-01-12,2025-01-13,3,1,0.006430293828704192,0.33591,0.33807,1,0,1,1,0,0,0.5456475080798556,0.3773810191465616,0.5087232947415035
DOGEUSDT,2025-01-13,2025-01-14,3,1,0.052770136362291886,0.33808,0.35591,1,1,0,0,1,0,0.5184060475722283,0.5591758492977101,0.49216577558583297
DOGEUSDT,2025-01-14,2025-01-15,3,1,0.08277373493298867,0.35591,0.38537,0,0,0,0,1,0,0.44927598254588325,0.36499911910487753,0.45843328156270596
DOGEUSDT,2025-01-15,2025-01-16,3,0,-0.023042790045929906,0.38537,0.37649,0,0,0,0,1,0,0.47095817179153865,0.29569019216509906,0.4375475686506028
DOGEUSDT,2025-01-16,2025-01-17,3,1,0.10295094159207419,0.37649,0.41525,1,1,1,1,0,0,0.6390431933003116,0.5870372498834823,0.5144966468540145
DOGEUSDT,2025-01-17,2025-01-18,3,0,-0.04537025888019275,0.41525,0.39641,0,0,0,0,1,0,0.4866191570465916,0.4608980452794511,0.4239399406928062
DOGEUSDT,2025-01-18,2025-01-19,3,0,-0.09588557301783507,0.39641,0.3584,1,1,1,1,0,0,0.5667002943935561,0.600089677638773,0.531831280584162
DOGEUSDT,2025-01-19,2025-01-20,3,0,-0.010714285714285787,0.35839,0.35456,1,1,1,1,0,0,0.6668385516775012,0.5621122525019949,0.5722218901811907
DOGEUSDT,2025-01-20,2025-01-21,3,1,0.048539034296028793,0.35456,0.37177,0,0,1,1,0,0,0.4915016353131478,0.49010879171029614,0.5050767355825293
DOGEUSDT,2025-01-21,2025-01-22,3,0,-0.023831939102132993,0.37178,0.36291,0,0,0,0,1,0,0.423899667724315,0.31146579081200754,0.461440138010896
DOGEUSDT,2025-01-22,2025-01-23,3,0,-0.029897219696343513,0.36291,0.35206,1,0,1,1,0,0,0.5435884831102871,0.47519722679373494,0.5151033767896276
DOGEUSDT,2025-01-23,2025-01-24,3,0,-0.003436914162358695,0.35207,0.35085,1,1,1,1,0,0,0.6391216223465191,0.5078290400629659,0.5197814196146815
DOGEUSDT,2025-01-24,2025-01-25,3,1,0.007610089781958207,0.35086,0.35352,1,0,0,1,0,0,0.5759835849154129,0.3424239137923601,0.4995691185019771
DOGEUSDT,2025-01-25,2025-01-26,3,0,-0.049417288979407115,0.35351,0.33605,1,0,0,0,1,0,0.5264235344734546,0.23984093777615756,0.4912856048919925
DOGEUSDT,2025-01-26,2025-01-27,3,0,-0.006189555125725388,0.33604,0.33397,1,0,1,1,0,0,0.5872650143703101,0.4025828731350155,0.5350095793978789
DOGEUSDT,2025-01-27,2025-01-28,3,0,-0.04569272689163695,0.33398,0.31871,1,1,1,1,0,0,0.5465612777964085,0.6225807820503715,0.5016476718675781
DOGEUSDT,2025-01-28,2025-01-29,3,1,0.016723667283737642,0.31872,0.32404,1,1,1,1,0,0,0.5381315275079281,0.5198668982925365,0.5320841314354017
DOGEUSDT,2025-01-29,2025-01-30,3,1,0.023114430317244805,0.32405,0.33153,0,0,0,0,1,0,0.4900160179483178,0.36233190437283175,0.48452328003026723
DOGEUSDT,2025-01-30,2025-01-31,3,0,-0.007932917081410307,0.33154,0.3289,0,0,0,0,1,0,0.47175361228870577,0.2851891516317747,0.4798205515207227
DOGEUSDT,2025-01-31,2025-02-01,3,0,-0.06378838552751598,0.3289,0.30792,1,0,1,1,0,0,0.5356111179251465,0.27474045138379605,0.5029670610033383
DOGEUSDT,2025-02-01,2025-02-02,3,0,-0.12938425565081857,0.30793,0.26808,1,1,1,1,0,0,0.5971538694387339,0.5421740984939953,0.5463810088677858
DOGEUSDT,2025-02-02,2025-02-03,3,1,0.06255595344673237,0.26809,0.28485,1,1,1,1,0,0,0.6452699613228798,0.8115058940262123,0.5997470624040233
DOGEUSDT,2025-02-03,2025-02-04,3,0,-0.07512725996138314,0.28484,0.26345,0,1,0,0,1,0,0.45737599656195266,0.5245580892534554,0.4515367866827447
DOGEUSDT,2025-02-04,2025-02-05,3,0,-0.027557411273486543,0.26346,0.25619,1,1,1,1,0,0,0.5386699491378036,0.8229707802836356,0.55544287453148
DOGEUSDT,2025-02-05,2025-02-06,3,0,-0.0323978297357429,0.25617,0.24789,1,1,1,1,0,0,0.5833109145716494,0.7692530691427529,0.5179736772034055
DOGEUSDT,2025-02-06,2025-02-07,3,0,-0.005566985356408094,0.24788,0.24651,1,1,1,1,0,0,0.5646056912182167,0.8042751646243392,0.5217176482122446
DOGEUSDT,2025-02-07,2025-02-08,3,1,0.02584073668411002,0.24652,0.25288,1,1,1,1,0,0,0.5546440355406677,0.7713200541549075,0.501177060760875
DOGEUSDT,2025-02-08,2025-02-09,3,0,-0.01573869028788355,0.25287,0.2489,1,1,0,0,1,0,0.5071648505842529,0.5679490679911242,0.4778243275739966
DOGEUSDT,2025-02-09,2025-02-10,3,1,0.02619525914021681,0.2489,0.25542,1,1,1,1,0,0,0.5241951731098826,0.6677851156198696,0.5089023240996712
DOGEUSDT,2025-02-10,2025-02-11,3,0,-0.009278834860230178,0.25541,0.25305,0,1,0,0,1,0,0.4636786049706577,0.5199821109641442,0.47756518378148716
DOGEUSDT,2025-02-11,2025-02-12,3,1,0.04398340248962662,0.25305,0.26418,0,1,1,1,0,0,0.4939283557355357,0.7039183441490539,0.5039872210142436
DOGEUSDT,2025-02-12,2025-02-13,3,0,-0.006548565372094806,0.26419,0.26245,0,0,0,0,1,0,0.44468206605479776,0.3524416231441343,0.46469437177734996
DOGEUSDT,2025-02-13,2025-02-14,3,1,0.035625833492093584,0.26245,0.2718,1,1,1,1,0,0,0.5217678192139864,0.5779553444316875,0.5019191866006582
DOGEUSDT,2025-02-14,2025-02-15,3,0,-0.00022075055187642523,0.2718,0.27174,0,1,0,0,1,0,0.47777307755778514,0.5207387510389675,0.47070924453714874
DOGEUSDT,2025-02-15,2025-02-16,3,0,-0.022779127106793196,0.27174,0.26555,0,1,0,1,0,0,0.465948040556426,0.5221799587354391,0.4971478377320632
DOGEUSDT,2025-02-16,2025-02-17,3,0,-0.027716061005460535,0.26555,0.25819,0,0,1,1,0,0,0.48407511205703113,0.44149084507764536,0.514294031664577
DOGEUSDT,2025-02-17,2025-02-18,3,0,-0.026414655873581494,0.25819,0.25137,1,1,1,1,0,0,0.5021436913222572,0.6096373568616423,0.5180961282762494
DOGEUSDT,2025-02-18,2025-02-19,3,1,0.013645224171540127,0.25137,0.2548,1,1,1,1,0,0,0.5282022243747742,0.6741280473704256,0.5170921880040251
DOGEUSDT,2025-02-19,2025-02-20,3,0,-0.00023547880690744094,0.2548,0.25474,1,1,0,0,1,0,0.5053261340170946,0.5261562450020427,0.48680018898251054
DOGEUSDT,2025-02-20,2025-02-21,3,0,-0.05919761325272832,0.25473,0.23966,1,1,0,1,0,0,0.5349641595773662,0.6560734899999392,0.497158907881742
DOGEUSDT,2025-02-21,2025-02-22,3,1,0.028790786948176494,0.23966,0.24656,1,1,1,1,0,0,0.6533033068407204,0.6816594787190166,0.5427342961044409
DOGEUSDT,2025-02-22,2025-02-23,3,0,-0.015047047371836486,0.24657,0.24285,1,0,0,0,1,0,0.5073100613309514,0.4565621098603934,0.47567104006608624
DOGEUSDT,2025-02-23,2025-02-24,3,0,-0.13349804406011945,0.24285,0.21043,0,0,1,1,0,0,0.4893404708044014,0.46473788043131903,0.5083746005499556
DOGEUSDT,2025-02-24,2025-02-25,3,1,0.005465000237608653,0.21044,0.21158,1,1,1,1,0,0,0.6907806981009257,0.7183190127148384,0.6031597750607555
DOGEUSDT,2025-02-25,2025-02-26,3,0,-0.03795254749976362,0.21158,0.20355,1,1,0,0,1,0,0.5754571683035398,0.6717290014353252,0.4928867239346008
DOGEUSDT,2025-02-26,2025-02-27,3,1,0.016310488823384928,0.20355,0.20687,1,1,1,1,0,0,0.5512338716349798,0.7980034142607157,0.5260342081247874
DOGEUSDT,2025-02-27,2025-02-28,3,0,-0.024314787064339982,0.20688,0.20184,1,1,0,0,1,0,0.5689589300831496,0.5660203867359574,0.48482844315151696
DOGEUSDT,2025-02-28,2025-03-01,4,1,0.02422711058263971,0.20184,0.20673,1,1,1,1,0,0,0.6352375499841474,0.7449929444142755,0.5157513224867728
DOGEUSDT,2025-03-01,2025-03-02,4,1,0.15759686547670881,0.20673,0.23931,1,0,0,0,1,0,0.5286348772307647,0.3391541552928231,0.481983544788017
DOGEUSDT,2025-03-02,2025-03-03,4,0,-0.16789937737662441,0.2393,0.19913,0,0,0,0,1,0,0.3911085869043892,0.36049246246366723,0.3982517732134503
DOGEUSDT,2025-03-03,2025-03-04,4,0,-0.0004017476020690136,0.19914,0.19905,1,1,1,1,0,0,0.6736126846282848,0.8004658939916958,0.6238772324313538
DOGEUSDT,2025-03-04,2025-03-05,4,1,0.028435066566189438,0.19905,0.20471,1,1,0,1,0,0,0.5677600374754648,0.767911334965223,0.49891020679248527
DOGEUSDT,2025-03-05,2025-03-06,4,0,-0.015534170289678184,0.20471,0.20153,0,0,0,0,1,0,0.4724888306212038,0.3449482509175981,0.47913531608706966
DOGEUSDT,2025-03-06,2025-03-07,4,0,-0.015332704808217024,0.20152,0.19844,1,1,1,1,0,0,0.5781289033132715,0.5479240691998972,0.5095220973759006
DOGEUSDT,2025-03-07,2025-03-08,4,0,-0.03073977020761942,0.19843,0.19234,1,1,1,1,0,0,0.6178279846085583,0.6583444351873823,0.5093797828805594
DOGEUSDT,2025-03-08,2025-03-09,4,0,-0.12607881875844873,0.19234,0.16809,1,0,1,1,0,0,0.5952444162698275,0.4872467602069289,0.5203419885837675
DOGEUSDT,2025-03-09,2025-03-10,4,0,-0.08334820631804385,0.1681,0.15408,1,1,1,1,0,0,0.6751111866804356,0.8595125673065613,0.5913550580622075
DOGEUSDT,2025-03-10,2025-03-11,4,1,0.06788681204569058,0.15409,0.16454,1,1,1,1,0,0,0.6041498074680821,0.7794664699685694,0.5589046646235709
DOGEUSDT,2025-03-11,2025-03-12,4,1,0.048012641303026626,0.16453,0.17244,0,0,0,0,1,0,0.4737370184327596,0.3979062760372674,0.4530715560093135
DOGEUSDT,2025-03-12,2025-03-13,4,0,-0.04181164463001641,0.17244,0.16523,1,0,0,0,1,0,0.5249143622770841,0.3893107738012989,0.4660556160646455
DOGEUSDT,2025-03-13,2025-03-14,4,1,0.04061005870604628,0.16523,0.17194,1,1,1,1,0,0,0.6584121600772564,0.5895143090809131,0.5283161149783958
DOGEUSDT,2025-03-14,2025-03-15,4,1,0.023263929277655082,0.17194,0.17594,1,0,0,0,1,0,0.534058801752154,0.4799423746148623,0.470967797829454
DOGEUSDT,2025-03-15,2025-03-16,4,0,-0.04416278276685248,0.17593,0.16817,0,0,0,0,1,0,0.48447962062424,0.36447537712841954,0.4826373085255409
DOGEUSDT,2025-03-16,2025-03-17,4,1,0.030623773562466594,0.16818,0.17332,1,1,1,1,0,0,0.5681611436258005,0.5167927906273261,0.5300195615553602
DOGEUSDT,2025-03-17,2025-03-18,4,0,-0.03057927532887139,0.17333,0.16802,0,0,0,0,1,0,0.4534977974312818,0.3175414370374249,0.4776589773750321
DOGEUSDT,2025-03-18,2025-03-19,4,1,0.05933817402690167,0.16803,0.17799,1,0,1,1,0,0,0.5252472140719394,0.4008272610554347,0.5202269831848114
DOGEUSDT,2025-03-19,2025-03-20,4,0,-0.04775549188156647,0.178,0.16949,0,0,0,0,1,0,0.4642338422007358,0.31642727011572674,0.4586198554393885
DOGEUSDT,2025-03-20,2025-03-21,4,0,-0.013098117883060922,0.16948,0.16727,1,0,1,1,0,0,0.5629265834973315,0.48429825465428566,0.5326292907731759
DOGEUSDT,2025-03-21,2025-03-22,4,1,0.0005978358342797474,0.16727,0.16737,1,0,1,1,0,0,0.5814959963550268,0.48026488418076174,0.5078031318579239
DOGEUSDT,2025-03-22,2025-03-23,4,1,0.031248132879249546,0.16737,0.1726,0,0,0,0,1,0,0.49127998206895024,0.271544331008815,0.498214827718555
DOGEUSDT,2025-03-23,2025-03-24,4,1,0.06025492468134419,0.17261,0.183,0,1,0,0,1,0,0.4302128447725455,0.5214031610968257,0.4772384761093535
DOGEUSDT,2025-03-24,2025-03-25,4,1,0.0416393442622951,0.18299,0.19062,0,0,0,0,1,0,0.3946265471207735,0.38027040833974485,0.45802220227929247
DOGEUSDT,2025-03-25,2025-03-26,4,1,0.022453047948798543,0.19063,0.1949,0,0,0,0,1,0,0.4591231980466133,0.35897438104391033,0.4702823407260105
DOGEUSDT,2025-03-26,2025-03-27,4,0,-0.02278091328886611,0.1949,0.19046,1,0,0,0,1,0,0.5133032823522587,0.35949151397945756,0.48318822148244595
DOGEUSDT,2025-03-27,2025-03-28,4,0,-0.05365956106269021,0.19047,0.18024,1,1,1,1,0,0,0.5672203752364855,0.5966092684117876,0.5146594158314477
DOGEUSDT,2025-03-28,2025-03-29,4,0,-0.05919884598313363,0.18024,0.16957,1,1,1,1,0,0,0.627531905869717,0.5612226505705059,0.5369354695283424
DOGEUSDT,2025-03-29,2025-03-30,4,0,-0.017986672170784868,0.16958,0.16652,1,0,1,1,0,0,0.5951816756639575,0.4969884418970725,0.5409950502838906
DOGEUSDT,2025-03-30,2025-03-31,4,1,0.0008407398510690278,0.16653,0.16666,0,1,1,1,0,0,0.4727969701725862,0.544380974855492,0.5112567439464811
DOGEUSDT,2025-03-31,2025-04-01,4,1,0.043921756870274775,0.16666,0.17398,0,0,0,0,1,0,0.4650944175429441,0.43311220786843474,0.49804595281281855
DOGEUSDT,2025-04-01,2025-04-02,4,0,-0.05834003908495222,0.17399,0.16383,0,0,0,0,1,0,0.41635071349105596,0.32920185531968577,0.46876517389602274
DOGEUSDT,2025-04-02,2025-04-03,4,0,-0.009277910028688274,0.16383,0.16231,1,1,1,1,0,0,0.6287653503373524,0.5821265068271017,0.5403644358116023
DOGEUSDT,2025-04-03,2025-04-04,4,1,0.05526461709075203,0.16232,0.17128,1,1,1,1,0,0,0.624634462177463,0.6052273124230712,0.5051156283171387
DOGEUSDT,2025-04-04,2025-04-05,4,0,-0.013428304530593183,0.17128,0.16898,1,1,0,0,1,0,0.5223467434607854,0.5021265717233069,0.46128320413292595
DOGEUSDT,2025-04-05,2025-04-06,4,0,-0.11664102260622544,0.16898,0.14927,1,0,1,1,0,0,0.5365645460348918,0.3473283766973097,0.5080358863026923
DOGEUSDT,2025-04-06,2025-04-07,4,1,0.0020767736316740226,0.14927,0.14958,1,1,1,1,0,0,0.6959606659842981,0.6065111144158902,0.5841119966230458
DOGEUSDT,2025-04-07,2025-04-08,4,0,-0.04900387752373314,0.14958,0.14225,1,1,0,0,1,0,0.6560224625804644,0.527550897931964,0.49718726337771074
DOGEUSDT,2025-04-08,2025-04-09,4,1,0.12695957820738157,0.14225,0.16031,1,1,1,1,0,0,0.5314832727423958,0.72794019755867,0.5335380068344352
DOGEUSDT,2025-04-09,2025-04-10,4,0,-0.042043540640009924,0.1603,0.15357,0,0,0,0,1,0,0.4917570383502448,0.31505305424657426,0.4162692409990971
DOGEUSDT,2025-04-10,2025-04-11,4,1,0.04213062447092519,0.15356,0.16004,1,0,1,1,0,0,0.5888086062260556,0.3533855919046359,0.5284839723048806
DOGEUSDT,2025-04-11,2025-04-12,4,1,0.04742564358910273,0.16003,0.16763,1,0,0,0,1,0,0.5576090033025926,0.4369891493552975,0.46995544865915523
DOGEUSDT,2025-04-12,2025-04-13,4,0,-0.030006562071228315,0.16764,0.1626,0,0,0,0,1,0,0.4516453122543368,0.33915074509776155,0.46644363861706717
DOGEUSDT,2025-04-13,2025-04-14,4,0,-0.02496924969249692,0.1626,0.15854,1,1,1,1,0,0,0.512668138896925,0.5216926303657121,0.519816733292657
DOGEUSDT,2025-04-14,2025-04-15,4,0,-0.031411631134098505,0.15854,0.15356,1,1,1,1,0,0,0.5168472131038987,0.6164868848419144,0.5162176869807217
DOGEUSDT,2025-04-15,2025-04-16,4,1,0.007488929408700162,0.15356,0.15471,1,1,1,1,0,0,0.5189735512562413,0.6542573667644503,0.5208236054702711
DOGEUSDT,2025-04-16,2025-04-17,4,1,0.0075625363583478045,0.15472,0.15588,1,1,0,0,1,0,0.5091764412757036,0.5463050733163637,0.4934400562040152
DOGEUSDT,2025-04-17,2025-04-18,4,1,0.010969976905311984,0.15589,0.15759,1,0,0,0,1,0,0.5285894695678711,0.41043667166575776,0.4933892360357875
DOGEUSDT,2025-04-18,2025-04-19,4,0,-0.001522939272796564,0.15758,0.15735,1,0,0,0,1,0,0.5101775617409737,0.45023331933500527,0.49104087092609544
DOGEUSDT,2025-04-19,2025-04-20,4,0,-0.013282491261518814,0.15735,0.15526,0,0,0,1,0,0,0.47908673721097483,0.43342810764663536,0.4996910177146862
DOGEUSDT,2025-04-20,2025-04-21,4,1,0.026600541027953062,0.15527,0.15939,0,1,1,1,0,0,0.4901130999945005,0.5654522477695586,0.507933090754538
DOGEUSDT,2025-04-21,2025-04-22,4,1,0.12071020766672946,0.15939,0.17863,0,0,0,0,1,0,0.4029315572282709,0.42171049828780954,0.48037545549411254
DOGEUSDT,2025-04-22,2025-04-23,4,1,5.598163802256195e-05,0.17864,0.17864,0,0,0,0,1,0,0.3783485825293572,0.21780490117068033,0.4200344143377867
DOGEUSDT,2025-04-23,2025-04-24,4,1,0.021831616659202968,0.17864,0.18254,1,0,0,0,1,0,0.5352647580550329,0.4425826578288012,0.4985916918616037
DOGEUSDT,2025-04-24,2025-04-25,4,0,-0.005204338775062989,0.18254,0.18159,1,1,0,0,1,0,0.5695460124187139,0.5227152967647732,0.48361074560253764
DOGEUSDT,2025-04-25,2025-04-26,4,1,0.0018172806872625014,0.18159,0.18192,1,1,1,1,0,0,0.5370669004227686,0.6032307986571961,0.5022609570522969
DOGEUSDT,2025-04-26,2025-04-27,4,0,-0.01423702726473175,0.18193,0.17933,0,1,0,0,1,0,0.49386015367895714,0.5322861382732272,0.4973674475673046
DOGEUSDT,2025-04-27,2025-04-28,4,0,-0.0014498410751128121,0.17932,0.17907,1,0,1,1,0,0,0.5038224558305663,0.46056368256334557,0.508606283633064
DOGEUSDT,2025-04-28,2025-04-29,4,0,-0.02462724074384315,0.17908,0.17466,1,0,0,1,0,0,0.5047169646879366,0.49801814095000246,0.49964008448056274
DOGEUSDT,2025-04-29,2025-04-30,4,0,-0.013855490667582737,0.17465,0.17224,1,0,1,1,0,0,0.542188627741491,0.36275792159839926,0.5159739387534341
DOGEUSDT,2025-04-30,2025-05-01,4,1,0.048827217835578196,0.17224,0.18065,1,0,1,1,0,0,0.5651650060903843,0.46259432177669935,0.5083371278406119
DOGEUSDT,2025-05-01,2025-05-02,4,1,0.004760586769997133,0.18065,0.18151,0,0,0,0,1,0,0.47834841325284416,0.4507236782128597,0.4655175852717416
DOGEUSDT,2025-05-02,2025-05-03,4,0,-0.032339815988099874,0.18151,0.17564,1,0,0,0,1,0,0.5272687539008535,0.48216350012068904,0.4953264865988161
DOGEUSDT,2025-05-03,2025-05-04,4,0,-0.029321339102710064,0.17565,0.17049,1,1,1,1,0,0,0.5705801179882642,0.7036367332717324,0.5214894515507549
DOGEUSDT,2025-05-04,2025-05-05,4,1,0.0007625080649891203,0.17048,0.17062,1,1,1,1,0,0,0.5310883909278595,0.6949962102649474,0.5193261727943924
DOGEUSDT,2025-05-05,2025-05-06,4,1,0.009201734849372922,0.17062,0.17219,0,1,0,0,1,0,0.453594091087614,0.6207077811096308,0.4981003376160916
DOGEUSDT,2025-05-06,2025-05-07,4,0,-0.0009872814913758354,0.1722,0.17202,0,1,0,0,1,0,0.4733500716698929,0.5637573382278348,0.49225848859905563
DOGEUSDT,2025-05-07,2025-05-08,4,1,0.1520172073014765,0.17201,0.19817,1,1,0,1,0,0,0.507370140336774,0.547033380263737,0.4993178696620799
DOGEUSDT,2025-05-08,2025-05-09,4,1,0.03597920976938984,0.19818,0.2053,0,0,0,0,1,0,0.4332071113285315,0.37670290196479467,0.4014785457289749
DOGEUSDT,2025-05-09,2025-05-10,4,1,0.22079883097905517,0.2053,0.25063,1,1,0,0,1,0,0.5353237811262357,0.645639006821487,0.4740614661883355
DOGEUSDT,2025-05-10,2025-05-11,4,0,-0.07509077125643393,0.25062,0.23181,0,1,0,0,1,0,0.4454320773928209,0.5888450167929059,0.36338658076489055
DOGEUSDT,2025-05-11,2025-05-12,4,0,-0.0034511021957637222,0.23181,0.23101,1,0,1,1,0,0,0.6190508770188646,0.30506638130342845,0.5527431529785309
DOGEUSDT,2025-05-12,2025-05-13,4,1,0.042292541448422094,0.23102,0.24078,1,1,1,1,0,0,0.5412977020628306,0.5129143103675001,0.5010358668988381
DOGEUSDT,2025-05-13,2025-05-14,4,0,-0.03322535094276935,0.24078,0.23278,0,0,0,0,1,0,0.42703298327347444,0.3412078772151195,0.4698477504037968
DOGEUSDT,2025-05-14,2025-05-15,4,0,-0.05752212389380529,0.23279,0.21939,1,1,1,1,0,0,0.5622047921259254,0.5616433754584214,0.522125226512445
DOGEUSDT,2025-05-15,2025-05-16,4,1,0.007839919777565152,0.2194,0.22111,1,1,1,1,0,0,0.6862205341392659,0.6381401380629415,0.5397642621741475
DOGEUSDT,2025-05-16,2025-05-17,4,0,-0.02957803808059334,0.22111,0.21457,1,1,0,0,1,0,0.5677052433878602,0.6196055284050962,0.4931977578366878
DOGEUSDT,2025-05-17,2025-05-18,4,1,0.08607913501421449,0.21458,0.23304,1,1,1,1,0,0,0.563841211859139,0.5986854716584682,0.5195099109430348
DOGEUSDT,2025-05-18,2025-05-19,4,0,-0.036860624785444496,0.23309,0.22445,0,0,0,0,1,0,0.43839757738544877,0.4223437266801247,0.4414501451664823
DOGEUSDT,2025-05-19,2025-05-20,4,1,0.008019603475161396,0.22446,0.22625,1,1,1,1,0,0,0.5356599500006145,0.5545948418245334,0.5247405325247004
DOGEUSDT,2025-05-20,2025-05-21,4,1,0.03443093922651941,0.22626,0.23404,1,1,0,0,1,0,0.5409338866642339,0.5614091925821078,0.49307375109002277
DOGEUSDT,2025-05-21,2025-05-22,4,1,0.049307810630661475,0.23404,0.24558,0,0,0,0,1,0,0.48590787406589336,0.33072355473499127,0.47509934156545447
DOGEUSDT,2025-05-22,2025-05-23,4,0,-0.08294649401417054,0.24559,0.22521,1,1,0,0,1,0,0.514434545858668,0.5866333863558717,0.465200385442479
DOGEUSDT,2025-05-23,2025-05-24,4,0,-0.0003996270147862413,0.22521,0.22512,1,1,1,1,0,0,0.6967864980869086,0.651518837940681,0.5586040392073556
DOGEUSDT,2025-05-24,2025-05-25,4,0,-0.0009328358208954279,0.22512,0.22491,1,0,0,1,0,0,0.5309776544923943,0.44152489417232155,0.49890873082460857
DOGEUSDT,2025-05-25,2025-05-26,4,1,0.00466853408029877,0.22491,0.22596,0,0,0,1,0,0,0.45096513785759795,0.4340589222434165,0.4992799531471552
DOGEUSDT,2025-05-26,2025-05-27,4,1,8.851124092745799e-05,0.22596,0.22598,0,0,0,0,1,0,0.4505528026102046,0.3447247137417703,0.49539022558114487
DOGEUSDT,2025-05-27,2025-05-28,4,0,-0.02221435525267723,0.22599,0.22096,0,0,0,0,1,0,0.43483559541745315,0.37298640179773246,0.49856906143955915
DOGEUSDT,2025-05-28,2025-05-29,4,0,-0.027561549601737845,0.22096,0.21487,1,0,1,1,0,0,0.5895478091714383,0.42448666084871917,0.5142565021037457
DOGEUSDT,2025-05-29,2025-05-30,4,0,-0.09912970633406248,0.21487,0.19357,1,1,1,1,0,0,0.6299369075445759,0.6469439066649267,0.518067732265397
DOGEUSDT,2025-05-30,2025-05-31,4,0,-0.0054760551738389784,0.19358,0.19251,1,1,1,1,0,0,0.7111563978742494,0.6454560148695401,0.5707833818281909
DOGEUSDT,2025-05-31,2025-06-01,4,1,0.005817879590670705,0.19251,0.19363,1,1,1,1,0,0,0.5604948583729588,0.6272678616303062,0.5024510125361903
DOGEUSDT,2025-06-01,2025-06-02,4,1,0.0074368641222950504,0.19364,0.19507,0,0,0,0,1,0,0.4630655143984589,0.3921908877785041,0.49459482735410615
DOGEUSDT,2025-06-02,2025-06-03,4,0,-0.010047675193520234,0.19507,0.19311,0,0,0,0,1,0,0.46401810305910296,0.3476121057436734,0.49347600576702566
DOGEUSDT,2025-06-03,2025-06-04,4,0,-0.02584019470767951,0.19311,0.18812,0,0,1,1,0,0,0.4767991925408419,0.4155782412959716,0.5056563496553532
DOGEUSDT,2025-06-04,2025-06-05,4,0,-0.09073995322134809,0.18811,0.17105,1,0,1,1,0,0,0.5842232998222098,0.38687397556931075,0.5168387566924426
DOGEUSDT,2025-06-05,2025-06-06,4,1,0.045191464484068966,0.17106,0.17878,1,1,1,1,0,0,0.67681143801139,0.7050636922716911,0.5644519973777161
DOGEUSDT,2025-06-06,2025-06-07,4,1,0.03540664503859503,0.17878,0.18511,1,0,0,0,1,0,0.5153865776693596,0.44345893836901934,0.4679228557989039
DOGEUSDT,2025-06-07,2025-06-08,4,0,-0.00502403976014254,0.1851,0.18418,0,0,0,0,1,0,0.43987269893931696,0.3405215605764647,0.47444507559208327
DOGEUSDT,2025-06-08,2025-06-09,4,1,0.0582039309371265,0.18417,0.1949,0,0,1,1,0,0,0.4974938913158322,0.3495163026070331,0.5021348729033008
DOGEUSDT,2025-06-09,2025-06-10,4,1,0.018471010774756325,0.1949,0.1985,0,0,0,0,1,0,0.3793462244993852,0.2578073154756268,0.4593601785731099
DOGEUSDT,2025-06-10,2025-06-11,4,0,-0.028010075566750725,0.19851,0.19294,0,0,0,0,1,0,0.4485886702650978,0.30127876146322624,0.48590054531817195
DOGEUSDT,2025-06-11,2025-06-12,4,0,-0.061366227842852616,0.19294,0.1811,1,1,1,1,0,0,0.55535346154777,0.6126598174469047,0.5183882830293242
DOGEUSDT,2025-06-12,2025-06-13,4,0,-0.003865267807841022,0.18111,0.1804,1,1,1,1,0,0,0.6359232771733425,0.6580227403069412,0.54258851332511
DOGEUSDT,2025-06-13,2025-06-14,4,0,-0.01197339246119733,0.18041,0.17824,1,1,1,1,0,0,0.6131044699418378,0.6628968638742954,0.5013250760431555
DOGEUSDT,2025-06-14,2025-06-15,4,0,-0.015204219030520716,0.17825,0.17553,1,0,1,1,0,0,0.5187452205123823,0.48012740220471073,0.5070108521408203
DOGEUSDT,2025-06-15,2025-06-16,4,0,-0.016008659488406463,0.17554,0.17272,1,0,1,1,0,0,0.5279308126745752,0.47259406469077236,0.5092890353974675
DOGEUSDT,2025-06-16,2025-06-17,4,0,-0.019453450671607198,0.17271,0.16936,0,1,1,1,0,0,0.49304822468776194,0.6653626172276492,0.5098573838085801
DOGEUSDT,2025-06-17,2025-06-18,4,1,0.007794048181388735,0.16936,0.17068,1,1,1,1,0,0,0.5383599337175157,0.5992265869489812,0.5122961358289891
DOGEUSDT,2025-06-18,2025-06-19,4,1,0.0014061401453011602,0.17069,0.17092,1,0,0,0,1,0,0.5317762008850965,0.49357553894855016,0.49322941929638137
DOGEUSDT,2025-06-19,2025-06-20,4,0,-0.050198923472969725,0.17091,0.16234,1,0,0,0,1,0,0.5737860591384841,0.4331043768789804,0.49765302830019603
DOGEUSDT,2025-06-20,2025-06-21,4,0,-0.048416902796599715,0.16235,0.15448,1,1,1,1,0,0,0.6748468015103787,0.5667652480220915,0.5344088056886496
DOGEUSDT,2025-06-21,2025-06-22,4,0,-0.02064992232004137,0.15448,0.15129,1,1,1,1,0,0,0.6150010562826148,0.5688008109420539,0.5331106191994792
DOGEUSDT,2025-06-22,2025-06-23,4,1,0.08242448278141312,0.15128,0.16376,1,1,1,1,0,0,0.5450635763612504,0.7628950774253216,0.5131450558365496
DOGEUSDT,2025-06-23,2025-06-24,4,1,0.011907669760625295,0.16377,0.16571,0,0,0,0,1,0,0.3634519201320517,0.383751341422603,0.4437643621899383
DOGEUSDT,2025-06-24,2025-06-25,4,0,-0.006758795486090263,0.16572,0.16459,0,0,0,0,1,0,0.46931487749815914,0.4175349184789748,0.49039607832133675
DOGEUSDT,2025-06-25,2025-06-26,4,0,-0.027826720942949024,0.16458,0.16001,1,0,1,1,0,0,0.5293530586935747,0.4763843031059889,0.5033489327917999
DOGEUSDT,2025-06-26,2025-06-27,4,1,0.006437097681394777,0.16002,0.16104,1,1,1,1,0,0,0.5591313079604024,0.514717212948113,0.5182572278146217
DOGEUSDT,2025-06-27,2025-06-28,4,1,0.016082960755091857,0.16105,0.16363,1,1,0,0,1,0,0.5482233144065954,0.5174054825861106,0.49416668862079816
DOGEUSDT,2025-06-28,2025-06-29,4,1,0.03550693638085933,0.16362,0.16944,0,0,0,0,1,0,0.4914004275138991,0.2790979617342782,0.4875326430027954
DOGEUSDT,2025-06-29,2025-06-30,4,0,-0.025141643059490182,0.16945,0.16518,0,0,0,0,1,0,0.4330564096471282,0.2546728575610436,0.4743778644490364
DOGEUSDT,2025-06-30,2025-07-01,4,0,-0.04479961254389142,0.16518,0.15778,0,0,1,1,0,0,0.4761303474636093,0.45380247832910214,0.5163405804450444
DOGEUSDT,2025-07-01,2025-07-02,4,1,0.06914691342375456,0.15779,0.16869,1,0,1,1,0,0,0.5386457123561463,0.459899381072106,0.5304815597464911
DOGEUSDT,2025-07-02,2025-07-03,4,1,0.01968107178848766,0.16868,0.17201,0,0,0,0,1,0,0.4047120485771671,0.3908562642790202,0.45225842045640746
DOGEUSDT,2025-07-03,2025-07-04,4,0,-0.0530783094006162,0.17201,0.16288,1,1,0,0,1,0,0.5010787580067654,0.5271204662437636,0.48507510935255743
DOGEUSDT,2025-07-04,2025-07-05,4,1,0.008165520628683698,0.16289,0.16421,1,1,1,1,0,0,0.6208620898100071,0.5954874928386196,0.5365105730372355
DOGEUSDT,2025-07-05,2025-07-06,4,1,0.047195664088667044,0.16422,0.17196,1,1,0,0,1,0,0.5381778405802137,0.5462828952577669,0.4929730648451408
DOGEUSDT,2025-07-06,2025-07-07,4,0,-0.023493835775761696,0.17196,0.16792,0,0,0,0,1,0,0.3702274414574014,0.39592447814454107,0.4665957321453657
DOGEUSDT,2025-07-07,2025-07-08,4,1,0.0179847546450691,0.16793,0.17094,0,0,1,1,0,0,0.47661033095297567,0.4624274609754141,0.5151667230585655
DOGEUSDT,2025-07-08,2025-07-09,4,1,0.056101556101556094,0.17094,0.18053,0,0,0,0,1,0,0.42870408870390014,0.3215422945943086,0.48623254026590995
DOGEUSDT,2025-07-09,2025-07-10,4,1,0.08054063036614423,0.18053,0.19507,0,0,0,0,1,0,0.4534278532558154,0.366487947237187,0.46073497777186273
DOGEUSDT,2025-07-10,2025-07-11,4,1,0.03055313477213306,0.19508,0.20103,0,0,0,0,1,0,0.4914460028871796,0.4526590268372241,0.4449612819000339
DOGEUSDT,2025-07-11,2025-07-12,4,0,-0.01795751877829166,0.20103,0.19742,1,1,0,0,1,0,0.5809964031970513,0.5088996357713905,0.47770657011068385
DOGEUSDT,2025-07-12,2025-07-13,4,1,0.005723837503798901,0.19741,0.19855,1,1,1,1,0,0,0.5540593576210393,0.5145722213245677,0.5112360999269447
DOGEUSDT,2025-07-13,2025-07-14,4,0,-0.0053387056157139234,0.19855,0.19749,0,0,0,0,1,0,0.4519873648761175,0.4227303086176759,0.49465987353911456
DOGEUSDT,2025-07-14,2025-07-15,4,1,0.008608030786368959,0.19748,0.19919,0,1,1,1,0,0,0.45956941838119275,0.505310237418682,0.5023549352405081
DOGEUSDT,2025-07-15,2025-07-16,4,1,0.06782468999447766,0.1992,0.2127,0,0,0,0,1,0,0.4826961973502579,0.43862638806006027,0.49266781510007673
DOGEUSDT,2025-07-16,2025-07-17,4,1,0.026140103432064077,0.21269,0.21826,0,0,0,0,1,0,0.4706075186358298,0.26594012269260225,0.4531116743130692
DOGEUSDT,2025-07-17,2025-07-18,4,1,0.08036286997159348,0.21826,0.2358,1,0,0,0,1,0,0.5194795905445881,0.3982620100510813,0.4806870978712622
DOGEUSDT,2025-07-18,2025-07-19,4,1,0.02387616624257838,0.2358,0.24143,1,0,0,0,1,0,0.5763586225048251,0.3821353626001723,0.4450743642506076
DOGEUSDT,2025-07-19,2025-07-20,4,1,0.13386903036076703,0.24142,0.27375,1,0,0,0,1,0,0.5038454590809351,0.3526117835851848,0.4822216716263657
DOGEUSDT,2025-07-20,2025-07-21,4,0,-0.008511415525114141,0.27375,0.27142,0,0,0,0,1,0,0.4562035374383917,0.4332646186614176,0.41214186154341653
DOGEUSDT,2025-07-21,2025-07-22,4,0,-0.0018053201680052755,0.27142,0.27093,1,1,1,1,0,0,0.5220811832135577,0.552298994062423,0.5045776098661486
DOGEUSDT,2025-07-22,2025-07-23,4,0,-0.11109880781013548,0.27094,0.24083,1,0,0,1,0,0,0.5504658895634342,0.3415474321543322,0.4998878096619202
DOGEUSDT,2025-07-23,2025-07-24,4,0,-0.03591745214466635,0.24078,0.23218,1,0,1,1,0,0,0.6597426131560908,0.3598638530009413,0.5798775771608271
DOGEUSDT,2025-07-24,2025-07-25,4,1,0.019596864501679745,0.23219,0.23673,1,0,1,1,0,0,0.6190540343541913,0.4718752029763058,0.524061168343265
DOGEUSDT,2025-07-25,2025-07-26,4,0,-0.0054914881933003645,0.23673,0.23543,1,1,0,0,1,0,0.5661879617755841,0.7115806676808369,0.48513251655354805
DOGEUSDT,2025-07-26,2025-07-27,4,1,0.022427048379560777,0.23544,0.24071,1,0,1,1,0,0,0.536430613109852,0.4462450283158201,0.502461808895137
DOGEUSDT,2025-07-27,2025-07-28,4,0,-0.06048772381704137,0.24071,0.22615,0,0,0,0,1,0,0.4775525273028511,0.42435863279695263,0.4832058935074831
DOGEUSDT,2025-07-28,2025-07-29,4,0,-0.009860711916869214,0.22616,0.22392,1,1,1,1,0,0,0.5885503613694993,0.6722259499150458,0.5419422957658608
DOGEUSDT,2025-07-29,2025-07-30,4,0,-0.017550911039657113,0.22392,0.21999,1,1,1,1,0,0,0.5516508726647222,0.647773032542412,0.5055249798704377
DOGEUSDT,2025-07-30,2025-07-31,4,0,-0.04659302695577061,0.21998,0.20974,1,1,1,1,0,0,0.5816469134599626,0.6053370061342933,0.5109482338828882
DOGEUSDT,2025-07-31,2025-08-01,4,0,-0.041813674072661344,0.20975,0.20097,1,1,1,1,0,0,0.6415753731735485,0.6028593677676504,0.5317839935822252
DOGEUSDT,2025-08-01,2025-08-02,4,0,-0.049708911777877285,0.20098,0.19098,1,1,1,1,0,0,0.6759346823852037,0.6505448362955151,0.5283175838368144
DOGEUSDT,2025-08-02,2025-08-03,4,1,0.04073724997381922,0.19098,0.19876,1,1,1,1,0,0,0.6057104282576569,0.5410551927639614,0.5340516395471927
DOGEUSDT,2025-08-03,2025-08-04,4,1,0.05851277923123366,0.19875,0.21039,0,0,0,0,1,0,0.40071361342874784,0.32458579239670066,0.4708830515726646
DOGEUSDT,2025-08-04,2025-08-05,4,0,-0.05028756119587441,0.21038,0.19981,0,0,0,0,1,0,0.3420368302487723,0.3270805618327946,0.4591584960601277
DOGEUSDT,2025-08-05,2025-08-06,4,1,0.027175817026174887,0.19982,0.20524,1,0,1,1,0,0,0.5371836557044255,0.4000789851926241,0.5344734290341674
DOGEUSDT,2025-08-06,2025-08-07,4,1,0.08302475151042676,0.20525,0.22228,0,0,0,0,1,0,0.4990875598915962,0.3321517072344001,0.47998630376784274
DOGEUSDT,2025-08-07,2025-08-08,4,1,0.03648551376642084,0.22228,0.23039,0,1,0,0,1,0,0.443317030493248,0.5535049126546757,0.44338355078682573
DOGEUSDT,2025-08-08,2025-08-09,4,1,0.04149485654759322,0.23039,0.23995,1,0,0,0,1,0,0.5442867610714435,0.40397460683243713,0.4737224524994457
DOGEUSDT,2025-08-09,2025-08-10,4,0,-0.02542196290893939,0.23995,0.23385,1,0,0,0,1,0,0.5089750396340487,0.40676168152826053,0.4703785153568371
DOGEUSDT,2025-08-10,2025-08-11,4,0,-0.05037417147744283,0.23385,0.22207,1,0,1,1,0,0,0.5063065085067204,0.45894796248547776,0.516540453267497
DOGEUSDT,2025-08-11,2025-08-12,4,1,0.06191741342819834,0.22208,0.23582,1,0,1,1,0,0,0.5164111882532069,0.4870545366756159,0.5345365789358403
DOGEUSDT,2025-08-12,2025-08-13,4,1,0.03816470189127297,0.23582,0.24482,0,0,0,0,1,0,0.39288920483546164,0.40813745750049557,0.45694000917366806
DOGEUSDT,2025-08-13,2025-08-14,4,0,-0.085777305775672,0.24483,0.22382,0,0,0,0,1,0,0.46323082945184635,0.452427837532893,0.4725994519045283
DOGEUSDT,2025-08-14,2025-08-15,4,1,0.022518094897685748,0.22381,0.22886,1,1,1,1,0,0,0.7359449824067055,0.694313072401084,0.5607243868056913
DOGEUSDT,2025-08-15,2025-08-16,4,1,0.010006117276937898,0.22885,0.23115,1,0,0,0,1,0,0.5573281875423788,0.4534872682050513,0.4831440109292209
DOGEUSDT,2025-08-16,2025-08-17,4,1,0.014752325329872251,0.23115,0.23456,0,0,0,0,1,0,0.46518584220758596,0.3330757617486126,0.49170431149535515
DOGEUSDT,2025-08-17,2025-08-18,4,0,-0.05090381991814452,0.23457,0.22262,0,0,0,0,1,0,0.4730799944260136,0.4218241484796254,0.4884438401873828
DOGEUSDT,2025-08-18,2025-08-19,4,0,-0.05924894438954276,0.22262,0.20943,1,1,1,1,0,0,0.558902292908566,0.5157614813243705,0.5349228611322303
DOGEUSDT,2025-08-19,2025-08-20,4,1,0.058539846249343386,0.20944,0.22169,1,0,1,1,0,0,0.5908603985533935,0.4083321008024321,0.5410318508427309
DOGEUSDT,2025-08-20,2025-08-21,4,0,-0.03139519148360326,0.22168,0.21473,1,0,0,0,1,0,0.514697016015213,0.4601423737865709,0.45914082433740894
DOGEUSDT,2025-08-21,2025-08-22,4,1,0.12019745727192288,0.21473,0.24054,1,1,1,1,0,0,0.5826030879998668,0.6630197305190835,0.5208118173405497
DOGEUSDT,2025-08-22,2025-08-23,4,0,-0.017585432776253462,0.24054,0.23631,1,0,0,0,1,0,0.5186958995063371,0.4323546842942397,0.42034469311749517
DOGEUSDT,2025-08-23,2025-08-24,4,0,-0.01900046549024581,0.23631,0.23182,1,0,1,1,0,0,0.5545566240233362,0.4871492968339748,0.5109726698897421
DOGEUSDT,2025-08-24,2025-08-25,4,0,-0.09563454404279181,0.23182,0.20965,1,1,1,1,0,0,0.5512492502502567,0.5118838896605612,0.5119749855359251
DOGEUSDT,2025-08-25,2025-08-26,4,1,0.041688528499880695,0.20965,0.21839,1,1,1,1,0,0,0.6018884714985268,0.5699706719603417,0.568141290887525
DOGEUSDT,2025-08-26,2025-08-27,4,1,0.0024268510462932547,0.21839,0.21892,0,0,0,0,1,0,0.45917071957588673,0.35769396344985327,0.47024960601583976
DOGEUSDT,2025-08-27,2025-08-28,4,1,0.024894938790425813,0.21891,0.22437,1,0,0,0,1,0,0.5266407244643754,0.4928311938378463,0.4969442551101098
DOGEUSDT,2025-08-28,2025-08-29,4,0,-0.046619423274056326,0.22438,0.21391,1,1,0,0,1,0,0.5591581720094764,0.5602124894591477,0.48153065017270263
DOGEUSDT,2025-08-29,2025-08-30,4,1,0.009536721050909414,0.21391,0.21595,1,1,1,1,0,0,0.6258415587229839,0.5856391259568581,0.5318031785139221
DOGEUSDT,2025-08-30,2025-08-31,4,0,-0.010372771474878362,0.21595,0.21371,1,0,0,0,1,0,0.5442824493365996,0.4686625313227791,0.49202764471648563
DOGEUSDT,2025-08-31,2025-09-01,4,0,-0.013944129895653079,0.21371,0.21073,0,0,1,1,0,0,0.46517807511325215,0.3644144989449272,0.5058848358426162
DOGEUSDT,2025-09-01,2025-09-02,4,1,0.019740900678593354,0.21074,0.21489,1,1,1,1,0,0,0.5346229011905649,0.5211470279505579,0.5083996497192178
DOGEUSDT,2025-09-02,2025-09-03,4,1,0.025175671273674816,0.21489,0.2203,0,0,0,0,1,0,0.4782923523702482,0.4307509712075442,0.485034324920078
DOGEUSDT,2025-09-03,2025-09-04,4,0,-0.03581479800272358,0.2203,0.21241,0,0,0,0,1,0,0.47342379833087794,0.36441109971357677,0.48134036563748206
DOGEUSDT,2025-09-04,2025-09-05,4,1,0.025752083235252687,0.21241,0.21788,1,0,1,1,0,0,0.5820151976735615,0.48317209955707163,0.5239872615926313
DOGEUSDT,2025-09-05,2025-09-06,4,0,-0.008858087020378158,0.21788,0.21595,1,1,0,0,1,0,0.5126164552659791,0.537989487834054,0.4809498455693534
DOGEUSDT,2025-09-06,2025-09-07,4,1,0.05936559388747398,0.21595,0.22877,0,0,1,1,0,0,0.4697559241989642,0.31531414182520806,0.5048208956582172
DOGEUSDT,2025-09-07,2025-09-08,4,1,0.05625737640424888,0.22876,0.24164,0,0,0,0,1,0,0.37261700095295297,0.42367599651007165,0.45860197049310913
DOGEUSDT,2025-09-08,2025-09-09,4,0,-0.004179771560999801,0.24165,0.24063,0,0,0,0,1,0,0.4059669144253191,0.42436986829001594,0.4606329680620412
DOGEUSDT,2025-09-09,2025-09-10,4,1,0.01965673440551874,0.24063,0.24536,1,0,1,1,0,0,0.5101642971356691,0.4855476036865339,0.5015447717149997
DOGEUSDT,2025-09-10,2025-09-11,4,1,0.043487120965112425,0.24535,0.25603,0,0,0,0,1,0,0.49824236034976377,0.36561200356628343,0.4850917005131281
DOGEUSDT,2025-09-11,2025-09-12,4,1,0.07604577588563854,0.25604,0.2755,0,1,0,0,1,0,0.49622968369668224,0.6155997363272466,0.4690537858965851
DOGEUSDT,2025-09-12,2025-09-13,4,1,0.050381125226860224,0.2755,0.28938,1,0,0,0,1,0,0.5051724008131907,0.48746674629062203,0.4478281398039876
DOGEUSDT,2025-09-13,2025-09-14,4,0,-0.039463680973115034,0.28937,0.27796,1,0,0,0,1,0,0.6003468177243427,0.4142939875087093,0.46449260472162474
DOGEUSDT,2025-09-14,2025-09-15,4,0,-0.034717225500071947,0.27795,0.26831,1,1,1,1,0,0,0.5708486471013705,0.5960525692571061,0.5266184786244292
DOGEUSDT,2025-09-15,2025-09-16,4,1,0.0061123327494316815,0.2683,0.26995,1,1,1,1,0,0,0.5540888872338192,0.5634260113057374,0.5231974811575018
DOGEUSDT,2025-09-16,2025-09-17,4,1,0.04671235413965524,0.26994,0.28256,0,0,0,0,1,0,0.4852518387689752,0.4970539550607929,0.4943912031595838
DOGEUSDT,2025-09-17,2025-09-18,4,0,-0.01412089467723665,0.28257,0.27857,0,0,0,0,1,0,0.485415385843471,0.48262960450628895,0.46691549110660824
DOGEUSDT,2025-09-18,2025-09-19,4,0,-0.047743834583767075,0.27856,0.26527,1,1,1,1,0,0,0.5872481326086023,0.7077183010467226,0.5085243471495863
DOGEUSDT,2025-09-19,2025-09-20,4,1,0.008745806159761615,0.26526,0.26759,1,1,1,1,0,0,0.6412426184216253,0.6856346655597645,0.5326208098616045
DOGEUSDT,2025-09-20,2025-09-21,4,0,-0.025598863933629645,0.26758,0.26074,0,0,0,0,1,0,0.49592428433579683,0.4295944812855641,0.49257280414930776
DOGEUSDT,2025-09-21,2025-09-22,4,0,-0.07486384904502585,0.26074,0.24122,1,1,1,1,0,0,0.5286869041916265,0.5015016450591533,0.5166666135775771
DOGEUSDT,2025-09-22,2025-09-23,4,0,-0.017121300058038247,0.24123,0.23709,1,0,1,1,0,0,0.6314411611844363,0.46120049215772835,0.5525743697174545
DOGEUSDT,2025-09-23,2025-09-24,4,1,0.016786874182799894,0.23709,0.24107,1,1,1,1,0,0,0.5168035793008962,0.5931184915074514,0.5106442037661025
DOGEUSDT,2025-09-24,2025-09-25,4,0,-0.07528933504791135,0.24107,0.22292,1,0,0,0,1,0,0.5105084690082486,0.40373363738561063,0.487051130257473
DOGEUSDT,2025-09-25,2025-09-26,4,1,0.04270590346312586,0.22292,0.23244,1,1,1,1,0,0,0.6737553910821279,0.6280872760190827,0.5528908674330835
DOGEUSDT,2025-09-26,2025-09-27,4,0,-0.007184649802099541,0.23244,0.23077,1,0,0,0,1,0,0.543820286983747,0.45284562870454204,0.46957289336904634
DOGEUSDT,2025-09-27,2025-09-28,4,1,0.02851323828920571,0.23077,0.23735,1,0,1,1,0,0,0.5068998599682071,0.32178277804461175,0.503647283409334
DOGEUSDT,2025-09-28,2025-09-29,4,0,-0.010827891299768355,0.23735,0.23478,0,0,0,0,1,0,0.45150407001145765,0.23590631796712722,0.4790825267462517
DOGEUSDT,2025-09-29,2025-09-30,4,0,-0.007879717182042723,0.23478,0.23293,0,0,1,1,0,0,0.4468405534856381,0.4548330261856405,0.5062048279543934
DOGEUSDT,2025-09-30,2025-10-01,4,1,0.06924827201305117,0.23294,0.24906,1,0,1,1,0,0,0.5159633058841058,0.37562652234909477,0.5041345121804965
DOGEUSDT,2025-10-01,2025-10-02,4,1,0.051955352123986165,0.24906,0.262,0,0,0,0,1,0,0.42153626554258106,0.41195169759656686,0.45219306704785706
DOGEUSDT,2025-10-02,2025-10-03,4,0,-0.014541984732824531,0.26201,0.25819,0,0,0,0,1,0,0.48549742469476737,0.42721810596699,0.46345607127207894
DOGEUSDT,2025-10-03,2025-10-04,4,0,-0.02846740772299461,0.25819,0.25084,1,1,1,1,0,0,0.5824346541223784,0.6883014297547756,0.5088214878572613
DOGEUSDT,2025-10-04,2025-10-05,4,1,0.007973210014351695,0.25085,0.25284,1,1,1,1,0,0,0.5587844146476842,0.5070956212728688,0.5187152641098502
DOGEUSDT,2025-10-05,2025-10-06,4,1,0.05216737857933862,0.25283,0.26603,0,1,0,0,1,0,0.4442399340646382,0.5018499979721264,0.4931057668336637
DOGEUSDT,2025-10-06,2025-10-07,4,0,-0.07220990113896919,0.26604,0.24682,0,0,0,0,1,0,0.38458052456733954,0.41651486847252805,0.4633166070884075
DOGEUSDT,2025-10-07,2025-10-08,4,1,0.03573454339194537,0.24681,0.25564,1,1,1,1,0,0,0.5834298369073552,0.5206496825077823,0.5506025615116164
DOGEUSDT,2025-10-08,2025-10-09,4,0,-0.02796901893287429,0.25565,0.24849,0,0,0,0,1,0,0.4840233031368516,0.4066400019053302,0.4742253591620787
DOGEUSDT,2025-10-09,2025-10-10,4,0,-0.22133687472332886,0.2485,0.19349,1,1,1,1,0,0,0.5739728296607102,0.6456285120511591,0.518358935312299
DOGEUSDT,2025-10-10,2025-10-11,4,0,-0.042482815649387606,0.19348,0.18527,1,1,1,1,0,0,0.8496302013816857,0.8158301652695636,0.66613538619647
DOGEUSDT,2025-10-11,2025-10-12,4,1,0.11820586171533431,0.18527,0.20717,1,1,1,1,0,0,0.6489542183505018,0.9108813786742888,0.5288020341032225
DOGEUSDT,2025-10-12,2025-10-13,4,1,0.03200270309407727,0.20717,0.2138,0,0,0,0,1,0,0.3612891074570153,0.4078544983983174,0.4215518049996773
DOGEUSDT,2025-10-13,2025-10-14,4,0,-0.044106641721234796,0.2138,0.20437,0,0,0,0,1,0,0.47742354062383746,0.4081247241786222,0.47673066149335785
DOGEUSDT,2025-10-14,2025-10-15,4,0,-0.039927582326173106,0.20436,0.19621,1,0,1,1,0,0,0.5935130736172504,0.4195425927784118,0.5299788454362356
DOGEUSDT,2025-10-15,2025-10-16,4,0,-0.03929463330105498,0.19621,0.1885,1,1,1,1,0,0,0.5884637783154575,0.613861304260691,0.5269536116989652
DOGEUSDT,2025-10-16,2025-10-17,4,0,-0.020159151193633984,0.1885,0.1847,1,1,1,1,0,0,0.6145512859827974,0.5937709637741859,0.5264963889326596
DOGEUSDT,2025-10-17,2025-10-18,4,1,0.026637791012452672,0.18471,0.18962,1,1,1,1,0,0,0.6096940419939606,0.6680530938632165,0.5127967276412043
DOGEUSDT,2025-10-18,2025-10-19,4,1,0.030218331399641363,0.18961,0.19535,1,0,0,0,1,0,0.5483421018984681,0.25608018151454354,0.480350250007127
DOGEUSDT,2025-10-19,2025-10-20,4,1,0.023803429741489746,0.19534,0.2,0,0,0,0,1,0,0.4891911510640297,0.3503812766473398,0.47793219305004714
DOGEUSDT,2025-10-20,2025-10-21,4,0,-0.028650000000000064,0.2,0.19427,0,0,0,0,1,0,0.39732086851059567,0.2567333176577087,0.4822710368690542
DOGEUSDT,2025-10-21,2025-10-22,4,0,-0.022340042209296418,0.19427,0.18993,0,1,1,1,0,0,0.4658445871558722,0.671006589734617,0.5188458515648354
DOGEUSDT,2025-10-22,2025-10-23,4,1,0.02632548833780879,0.18993,0.19493,1,1,1,1,0,0,0.510143871464574,0.6324073338407429,0.5143458671726042
DOGEUSDT,2025-10-23,2025-10-24,4,1,0.01446673164725798,0.19492,0.19775,0,0,0,0,1,0,0.489468374348936,0.4071051832945096,0.4805616033999262
DOGEUSDT,2025-10-24,2025-10-25,4,0,-0.006219974715550025,0.19774,0.19652,1,1,0,0,1,0,0.5192692133881353,0.5282757151360357,0.48863957599707186
DOGEUSDT,2025-10-25,2025-10-26,4,1,0.04706900061062491,0.19651,0.20577,1,1,1,1,0,0,0.5594510502310537,0.5196795585786639,0.5029716185268781
DOGEUSDT,2025-10-26,2025-10-27,4,0,-0.02619429460076783,0.20577,0.20038,0,0,0,0,1,0,0.3889356267494385,0.3438595809686913,0.46667951607524205
DOGEUSDT,2025-10-27,2025-10-28,4,0,-0.03373590178660557,0.20038,0.19362,0,1,1,1,0,0,0.4302265579777188,0.5046946335581501,0.5170914088544709
DOGEUSDT,2025-10-28,2025-10-29,4,0,-0.006455944633818711,0.19362,0.19237,1,1,1,1,0,0,0.5030220471291328,0.5942960869262425,0.5224920116943557
DOGEUSDT,2025-10-29,2025-10-30,4,0,-0.05037167957581745,0.19237,0.18268,1,1,1,1,0,0,0.5171540754955927,0.5809283628018089,0.5031368339182104
DOGEUSDT,2025-10-30,2025-10-31,4,1,0.02058243923801184,0.18268,0.18644,1,1,1,1,0,0,0.6137252995928063,0.6989273058176477,0.5345347619578742
DOGEUSDT,2025-10-31,2025-11-01,4,1,0.004934563398412362,0.18644,0.18736,1,1,0,0,1,0,0.5499065537297513,0.609374142514678,0.4844609358019012
DOGEUSDT,2025-11-01,2025-11-02,4,0,-0.005230572160546565,0.18736,0.18638,1,0,0,0,1,0,0.5054112783879579,0.4664254487834892,0.4952060383308784
DOGEUSDT,2025-11-02,2025-11-03,4,0,-0.10178130700718957,0.18639,0.16741,0,0,1,1,0,0,0.4925991786646655,0.4030051227597515,0.5022793040919656
DOGEUSDT,2025-11-03,2025-11-04,4,0,-0.030941998685861005,0.16741,0.16223,1,1,1,1,0,0,0.6165836907966686,0.7097483571948707,0.5727919559029546
DOGEUSDT,2025-11-04,2025-11-05,4,1,0.030573876594957694,0.16224,0.16719,1,1,1,1,0,0,0.5530049371565812,0.7605483076757683,0.5204869229654635
DOGEUSDT,2025-11-05,2025-11-06,5,0,-0.03319576529696755,0.16718,0.16164,0,0,0,0,1,0,0.4904762627901711,0.43597036678537016,0.47835349122206755
DOGEUSDT,2025-11-06,2025-11-07,5,1,0.10597624350408319,0.16164,0.17877,1,1,1,1,0,0,0.5744245430073294,0.7461709583122865,0.5184449638518938
DOGEUSDT,2025-11-07,2025-11-08,5,0,-0.015215080830116912,0.17877,0.17605,0,0,0,0,1,0,0.42797405036639224,0.4305492710220248,0.43437615186235645
DOGEUSDT,2025-11-08,2025-11-09,5,1,0.018460664583924924,0.17605,0.1793,0,1,1,1,0,0,0.4936385024405015,0.5181288094225425,0.5068806451729124
DOGEUSDT,2025-11-09,2025-11-10,5,1,0.013887339654210962,0.1793,0.18179,0,0,0,0,1,0,0.45415316016270874,0.43231738763383853,0.4857689103470509
DOGEUSDT,2025-11-10,2025-11-11,5,0,-0.053523296110897234,0.18178,0.17206,0,0,0,0,1,0,0.4198361772703705,0.4094348744959745,0.48859337410507975
DOGEUSDT,2025-11-11,2025-11-12,5,0,-0.01092642101592467,0.17207,0.17018,1,1,1,1,0,0,0.560106999929401,0.5340072220126912,0.5317552815234743
DOGEUSDT,2025-11-12,2025-11-13,5,0,-0.03725467152426831,0.17018,0.16384,1,1,1,1,0,0,0.5567002075390904,0.6316157488881106,0.5041520423560562
DOGEUSDT,2025-11-13,2025-11-14,5,0,-0.03778076171875,0.16383,0.15765,1,1,1,1,0,0,0.5701892681065363,0.6304385962674695,0.5210828837969128
DOGEUSDT,2025-11-14,2025-11-15,5,1,0.03495084046939412,0.15765,0.16316,1,1,1,1,0,0,0.5798609439121072,0.6810549252498093,0.5214255253245378
DOGEUSDT,2025-11-15,2025-11-16,5,0,-0.028131895072321722,0.16316,0.15857,0,0,0,0,1,0,0.4881094926702358,0.4175963512445538,0.47569758773965215
DOGEUSDT,2025-11-16,2025-11-17,5,0,-0.04054991486409787,0.15856,0.15214,0,1,1,1,0,0,0.4791333718252479,0.6446251194006019,0.5151679775768127
DOGEUSDT,2025-11-17,2025-11-18,5,1,0.06303404758774822,0.15214,0.16173,1,1,1,1,0,0,0.5245131875621056,0.5285379488233534,0.5232318223761772
DOGEUSDT,2025-11-18,2025-11-19,5,0,-0.04408582204909428,0.16172,0.1546,0,0,0,0,1,0,0.4260924100955115,0.4297402612339725,0.45895747214060617
DOGEUSDT,2025-11-19,2025-11-20,5,0,-0.03673997412677876,0.15459,0.14892,1,1,1,1,0,0,0.5498743129247562,0.5536855421121994,0.5255449665026116
DOGEUSDT,2025-11-20,2025-11-21,5,0,-0.05795057749127053,0.14892,0.14029,1,1,1,1,0,0,0.6216959696094091,0.614361058212289,0.5207478243404687
DOGEUSDT,2025-11-21,2025-11-22,5,0,-0.00014256183619643092,0.14029,0.14027,1,1,1,1,0,0,0.6090867916466138,0.730837283655024,0.534686716047958
DOGEUSDT,2025-11-22,2025-11-23,5,1,0.033720681542738884,0.14027,0.145,1,1,0,1,0,0,0.5146657533245096,0.7164303731970846,0.4973421685954801
DOGEUSDT,2025-11-23,2025-11-24,5,1,0.04696551724137943,0.145,0.15181,0,0,0,0,1,0,0.4340064735752018,0.4269239392300929,0.47644276869204644
DOGEUSDT,2025-11-24,2025-11-25,5,1,0.007904617614122866,0.1518,0.15301,0,0,0,0,1,0,0.39353207162904263,0.4826884315563015,0.4684719176186823
DOGEUSDT,2025-11-25,2025-11-26,5,1,0.011306450558786985,0.15301,0.15474,0,0,0,0,1,0,0.4609452247977358,0.45035181095820165,0.4923086510953335
DOGEUSDT,2025-11-26,2025-11-27,5,0,-0.013571151609150789,0.15473,0.15264,1,1,0,0,1,0,0.5209496943948915,0.5144611989045871,0.4901932825892989
DOGEUSDT,2025-11-27,2025-11-28,5,0,-0.016181865828092223,0.15264,0.15017,1,1,1,1,0,0,0.5280268718963615,0.5565649958462301,0.5058333547627112
DOGEUSDT,2025-11-28,2025-11-29,5,0,-0.011986415395884631,0.15016,0.14837,1,1,1,1,0,0,0.595967350535647,0.6648264330170796,0.5074973394807217
DOGEUSDT,2025-11-29,2025-11-30,5,0,-0.01604097863449483,0.14837,0.14599,1,1,1,1,0,0,0.5551867050096522,0.5766477065998173,0.5048253766284564
DOGEUSDT,2025-11-30,2025-12-01,5,0,-0.07205973011850131,0.14599,0.13547,0,1,1,1,0,0,0.48760902721982013,0.5223716621838516,0.5074074338039849
DOGEUSDT,2025-12-01,2025-12-02,5,1,0.07603159371078472,0.13546,0.14577,1,1,1,1,0,0,0.5245551970644172,0.6919100664611095,0.5441043152402669
DOGEUSDT,2025-12-02,2025-12-03,5,1,0.04040611922892223,0.14578,0.15166,0,1,0,0,1,0,0.40443930514048215,0.6013213456358283,0.45138710468010207
DOGEUSDT,2025-12-03,2025-12-04,5,0,-0.028155083739944575,0.15167,0.14739,0,0,0,0,1,0,0.4400173902941903,0.4106602825631086,0.47240497791156993
DOGEUSDT,2025-12-04,2025-12-05,5,0,-0.05312436393242426,0.14739,0.13956,1,1,1,1,0,0,0.5694887448183797,0.5889823980824325,0.5151829479079039
DOGEUSDT,2025-12-05,2025-12-06,5,1,0.0013614216107769028,0.13956,0.13975,1,1,1,1,0,0,0.5925292940606904,0.7426748166348901,0.5314917000479424
DOGEUSDT,2025-12-06,2025-12-07,5,0,-0.007728085867620971,0.13976,0.13867,1,1,0,0,1,0,0.5122289950374501,0.695987164554155,0.49639828289570853
DOGEUSDT,2025-12-07,2025-12-08,5,1,0.028268551236749095,0.13868,0.14259,0,1,1,1,0,0,0.48319503912410405,0.7099742702156011,0.502124665742608
DOGEUSDT,2025-12-08,2025-12-09,5,1,0.037730556139981664,0.1426,0.14797,0,1,0,0,1,0,0.44619180867656605,0.506331844279312,0.47975738512384936
DOGEUSDT,2025-12-09,2025-12-10,5,0,-0.03142528890991414,0.14796,0.14332,0,0,0,0,1,0,0.4257202907844828,0.4564644974611212,0.47401740648976937
DOGEUSDT,2025-12-10,2025-12-11,5,0,-0.020862405805191164,0.14332,0.14033,1,1,1,1,0,0,0.5355335962272045,0.6146305327044429,0.5172974527856052
DOGEUSDT,2025-12-11,2025-12-12,5,0,-0.02429986460486011,0.14034,0.13692,1,1,1,1,0,0,0.5843462207662657,0.6963611680553236,0.5104912059314739
DOGEUSDT,2025-12-12,2025-12-13,5,1,0.015556529360210458,0.13692,0.13905,1,1,1,1,0,0,0.5751239538453787,0.7288353142006014,0.5126986053218612
DOGEUSDT,2025-12-13,2025-12-14,5,0,-0.03574253865516008,0.13906,0.13408,1,0,0,0,1,0,0.5115713956739764,0.45551885661589114,0.48756092279325897
DOGEUSDT,2025-12-14,2025-12-15,5,0,-0.0322941527446301,0.13407,0.12975,1,1,1,1,0,0,0.5072773626403787,0.6242815345770273,0.5200989669549866
DOGEUSDT,2025-12-15,2025-12-16,5,1,0.015722543352601148,0.12975,0.13179,1,1,1,1,0,0,0.517221160095754,0.7326931744756157,0.5178603567002292
DOGEUSDT,2025-12-16,2025-12-17,5,0,-0.0414295470066014,0.13179,0.12633,0,1,0,0,1,0,0.46462227242155674,0.5746528937814558,0.48745833587123133
DOGEUSDT,2025-12-17,2025-12-18,5,0,-0.033721206364283995,0.12633,0.12207,1,1,1,1,0,0,0.548073259599652,0.7086631765573127,0.5238065655627665
DOGEUSDT,2025-12-18,2025-12-19,5,1,0.08314901286147292,0.12207,0.13222,1,1,1,1,0,0,0.6290209090784911,0.6813164828404319,0.5187858890419614
DOGEUSDT,2025-12-19,2025-12-20,5,0,-0.0021176826501285717,0.13222,0.13194,0,1,0,0,1,0,0.47668263200270045,0.6491700088661628,0.4472894167410818
DOGEUSDT,2025-12-20,2025-12-21,5,0,-0.006214946187661163,0.13193,0.13112,0,1,0,1,0,0,0.48398857244245985,0.5731071414178195,0.4985839223017181
DOGEUSDT,2025-12-21,2025-12-22,5,1,0.011134838316046558,0.13113,0.13258,0,0,1,1,0,0,0.47445737896219403,0.4701940001538016,0.5011677569097208
DOGEUSDT,2025-12-22,2025-12-23,5,0,-0.024890632071202234,0.13258,0.12928,0,0,0,0,1,0,0.4195783777359205,0.4935475676526631,0.4902998182628096
DOGEUSDT,2025-12-23,2025-12-24,5,0,-0.005569306930693019,0.12929,0.12856,1,1,1,1,0,0,0.524478053343402,0.6539631039793916,0.5130787080878964
DOGEUSDT,2025-12-24,2025-12-25,5,0,-0.03819228375855643,0.12855,0.12365,1,1,1,1,0,0,0.5756329643367349,0.6430320084175167,0.5007598953285973
DOGEUSDT,2025-12-25,2025-12-26,5,0,-0.012454508693894084,0.12364,0.12211,1,1,1,1,0,0,0.608963094377691,0.774577938446282,0.5216936653985984
DOGEUSDT,2025-12-26,2025-12-27,5,1,0.018344115961018703,0.12211,0.12435,1,1,1,1,0,0,0.5925320778956303,0.8180975616053586,0.5051229454428593
DOGEUSDT,2025-12-27,2025-12-28,5,0,-0.003377563329312494,0.12435,0.12393,0,1,0,0,1,0,0.49176431032529644,0.5231829080137324,0.48584072210420703
DOGEUSDT,2025-12-28,2025-12-29,5,0,-0.008472524812394022,0.12394,0.12288,0,1,0,1,0,0,0.468412750472307,0.6933456007184123,0.4993773009396122
DOGEUSDT,2025-12-29,2025-12-30,5,1,0.00390625,0.12288,0.12336,0,1,1,1,0,0,0.47438285132615426,0.6952285581549389,0.5025959789868135
DOGEUSDT,2025-12-30,2025-12-31,5,0,-0.04774643320363159,0.12335,0.11747,0,0,0,0,1,0,0.45815383369483276,0.42913869558075235,0.49480445874592366
DOGEUSDT,2025-12-31,2026-01-01,5,1,0.07967991827700693,0.11747,0.12683,1,0,1,1,0,0,0.5719580541851964,0.4539711023610005,0.5279475596895281
DOGEUSDT,2026-01-01,2026-01-02,5,1,0.11866277694551775,0.12682,0.14188,1,1,0,0,1,0,0.5002042272780289,0.6962101127056155,0.44928243325026856
DOGEUSDT,2026-01-02,2026-01-03,5,1,0.008951226388497213,0.14187,0.14315,1,1,0,0,1,0,0.5052424328268064,0.6246666286582645,0.4273505364703507
DOGEUSDT,2026-01-03,2026-01-04,5,1,0.044568634299685606,0.14314,0.14953,1,1,0,0,1,0,0.5451996019274984,0.5501253440692624,0.4916570439753088
DOGEUSDT,2026-01-04,2026-01-05,5,1,0.01457901424463337,0.14952,0.15171,0,1,0,0,1,0,0.45830255411226917,0.5543244823288465,0.46990581299689416
DOGEUSDT,2026-01-05,2026-01-06,5,0,-0.007646167029200623,0.15171,0.15055,0,1,0,0,1,0,0.4262447797791439,0.5004651180979144,0.488165331150017
DOGEUSDT,2026-01-06,2026-01-07,5,0,-0.027432746595815294,0.15055,0.14642,0,1,1,1,0,0,0.48320895107105555,0.5841753366255806,0.5020728232930911
DOGEUSDT,2026-01-07,2026-01-08,5,0,-0.030596912990028535,0.14642,0.14194,1,1,1,1,0,0,0.552488829090523,0.684159354803712,0.5147167705492566
DOGEUSDT,2026-01-08,2026-01-09,5,0,-0.008665633366211178,0.14195,0.14071,1,1,1,1,0,0,0.6244664440827803,0.7417264826376592,0.5167612086156824
DOGEUSDT,2026-01-09,2026-01-10,5,0,-0.007533224362163304,0.1407,0.13965,1,1,1,1,0,0,0.5842574968507478,0.8324348214714069,0.5027182954151879
DOGEUSDT,2026-01-10,2026-01-11,5,0,-0.011743644826351596,0.13965,0.13801,1,1,1,1,0,0,0.5239885428462302,0.7890876550445918,0.5020013543153159
DOGEUSDT,2026-01-11,2026-01-12,5,0,-0.010071733932323745,0.13801,0.13662,0,1,1,1,0,0,0.4875120885925856,0.7734407013513717,0.50467110054521
DOGEUSDT,2026-01-12,2026-01-13,5,1,0.08534621578099832,0.13661,0.14828,1,1,1,1,0,0,0.5025533172845302,0.8045346013373395,0.5036096385067479
DOGEUSDT,2026-01-13,2026-01-14,5,0,-0.007418397626112738,0.14828,0.14718,0,0,0,0,1,0,0.4065832183100208,0.4647839580443397,0.44603127726978226
DOGEUSDT,2026-01-14,2026-01-15,5,0,-0.048512026090501426,0.14719,0.14004,1,1,1,1,0,0,0.5202496487786874,0.6037046391831028,0.5019287013712342
DOGEUSDT,2026-01-15,2026-01-16,5,0,-0.013638960297057912,0.14005,0.13813,1,1,1,1,0,0,0.6291613233600851,0.747254175556992,0.5284510536708059
DOGEUSDT,2026-01-16,2026-01-17,5,0,-0.001809889234778872,0.13813,0.13788,1,1,1,1,0,0,0.6207052371289272,0.6170868530769446,0.5058765198828241
DOGEUSDT,2026-01-17,2026-01-18,5,0,-0.04525674499564836,0.13788,0.13164,0,1,0,1,0,0,0.49109381932557966,0.5509166405512622,0.4983902502060787
DOGEUSDT,2026-01-18,2026-01-19,5,0,-0.018839258584017138,0.13163,0.12916,1,1,1,1,0,0,0.5091696465694996,0.6662307937221134,0.5263126177783778
DOGEUSDT,2026-01-19,2026-01-20,5,0,-0.04490554351192322,0.12917,0.12336,1,1,1,1,0,0,0.5470992081789056,0.5417881485704704,0.5091954450104564
DOGEUSDT,2026-01-20,2026-01-21,5,1,0.025778210116731648,0.12336,0.12654,1,1,1,1,0,0,0.5429010497654949,0.7716439207289313,0.5260822859263085
DOGEUSDT,2026-01-21,2026-01-22,5,0,-0.017148727675043607,0.12653,0.12437,1,1,0,0,1,0,0.5316343169092562,0.6219469725882206,0.4812778504485554
DOGEUSDT,2026-01-22,2026-01-23,5,1,0.0032162096968724185,0.12437,0.12477,1,1,1,1,0,0,0.5562208560441314,0.595456346827856,0.5081146663447511
DOGEUSDT,2026-01-23,2026-01-24,5,0,-0.004327963452753214,0.12478,0.12423,1,1,0,0,1,0,0.5714536469467919,0.7072012534920699,0.49523622182172455
DOGEUSDT,2026-01-24,2026-01-25,5,0,-0.03847701843355067,0.12422,0.11945,1,1,0,1,0,0,0.530056323792786,0.7202087249561027,0.4999764581011066
DOGEUSDT,2026-01-25,2026-01-26,5,1,0.024361657597321118,0.11945,0.12236,1,1,1,1,0,0,0.5618411179558911,0.7320528858495933,0.5218792530431708
DOGEUSDT,2026-01-26,2026-01-27,5,1,0.0313010787839163,0.12236,0.12619,0,1,0,0,1,0,0.4819202091165493,0.5839083572863548,0.48214452433083294
DOGEUSDT,2026-01-27,2026-01-28,5,0,-0.009430224264997178,0.1262,0.125,0,0,0,0,1,0,0.44029479977434316,0.41704859107454234,0.4779113618711184
DOGEUSDT,2026-01-28,2026-01-29,5,0,-0.06176000000000004,0.125,0.11728,1,1,1,1,0,0,0.52361496817317,0.5448577361899465,0.5032028238188485
DOGEUSDT,2026-01-29,2026-01-30,5,0,-0.012534106412005475,0.11729,0.11581,1,1,1,1,0,0,0.6343345801395871,0.6941665675757658,0.5372181745980937
DOGEUSDT,2026-01-30,2026-01-31,5,0,-0.09973232017960443,0.11582,0.10426,1,1,1,1,0,0,0.5932983323485607,0.819066711309848,0.5051735597119622
DOGEUSDT,2026-01-31,2026-02-01,5,0,0.0,0.10426,0.10426,1,1,1,1,0,0,0.6903157467929139,0.86387393739428,0.5628970599974858
DOGEUSDT,2026-02-01,2026-02-02,5,1,0.035104546326491404,0.10427,0.10792,1,1,0,1,0,0,0.5163505944227144,0.7334224713334472,0.4972526363338847
DOGEUSDT,2026-02-02,2026-02-03,5,0,-0.017605633802816878,0.10791,0.10602,0,1,0,0,1,0,0.4399104812559185,0.5542763299603083,0.4756045486810617
DOGEUSDT,2026-02-03,2026-02-04,5,0,-0.020656479909451075,0.10602,0.10383,1,1,1,1,0,0,0.5465919798020011,0.7375040851508081,0.5084065969181915
DOGEUSDT,2026-02-04,2026-02-05,5,0,-0.14774150052971213,0.10383,0.08849,1,1,1,1,0,0,0.57356978594294,0.7798389625615076,0.5103592008255186
DOGEUSDT,2026-02-05,2026-02-06,5,1,0.11289411232907676,0.08848,0.09848,1,1,1,1,0,0,0.7586752781480881,0.832527142847265,0.5964249124098946
DOGEUSDT,2026-02-06,2026-02-07,5,0,-0.0025385865150284737,0.09847,0.09823,1,1,0,0,1,0,0.5486018118319081,0.5743626304492342,0.4305317531125036
DOGEUSDT,2026-02-07,2026-02-08,5,0,-0.01628830296243511,0.09823,0.09663,1,1,0,1,0,0,0.530559440931518,0.6782951839179449,0.4988488640074147
DOGEUSDT,2026-02-08,2026-02-09,5,0,-0.00538135154713848,0.09663,0.09611,1,1,1,1,0,0,0.5273374992418343,0.6829273499799354,0.5075652694320866
DOGEUSDT,2026-02-09,2026-02-10,5,0,-0.03475184684215993,0.09612,0.09277,0,1,1,1,0,0,0.4724944648370187,0.7378918922728637,0.5006412101846505
DOGEUSDT,2026-02-10,2026-02-11,5,0,-0.017785922173116253,0.09277,0.09112,1,1,1,1,0,0,0.5155820843333954,0.7010703075465721,0.5194550935156975
DOGEUSDT,2026-02-11,2026-02-12,5,1,0.02063213345039494,0.09113,0.093,1,1,1,1,0,0,0.5840134521709651,0.7661300309362614,0.508521824177663
DOGEUSDT,2026-02-12,2026-02-13,5,1,0.03946236559139793,0.09299,0.09667,1,1,0,0,1,0,0.5615910911262987,0.5980216783893809,0.4844325649626931
DOGEUSDT,2026-02-13,2026-02-14,5,1,0.14865004655011882,0.09668,0.11104,1,1,0,0,1,0,0.504572402467372,0.5372267621731018,0.4729731934087007
DOGEUSDT,2026-02-14,2026-02-15,5,0,-0.07519812680115268,0.11104,0.10269,0,0,0,0,1,0,0.43593620017709483,0.3056712455545659,0.4111726660088961
DOGEUSDT,2026-02-15,2026-02-16,5,0,-0.01626253773493047,0.10268,0.10102,1,0,1,1,0,0,0.5392678366981767,0.4482220791150652,0.5462145137828741
DOGEUSDT,2026-02-16,2026-02-17,5,0,-0.003563650762225312,0.10103,0.10066,0,1,1,1,0,0,0.48640242818152307,0.6515399126472208,0.5075488249861866
DOGEUSDT,2026-02-17,2026-02-18,5,0,-0.020961653089608623,0.10067,0.09855,0,1,0,1,0,0,0.4434723099997635,0.6242715340427469,0.499494570253443
DOGEUSDT,2026-02-18,2026-02-19,5,0,-0.0018264840182647957,0.09855,0.09837,1,1,1,1,0,0,0.5232063361445989,0.6227722812327864,0.5105548360183094
DOGEUSDT,2026-02-19,2026-02-20,5,1,0.017688319609637126,0.09836,0.10011,1,1,0,1,0,0,0.61059293330999,0.706788312790351,0.49840069056599823
DOGEUSDT,2026-02-20,2026-02-21,5,0,-0.016981320547397982,0.10011,0.09841,1,1,0,0,1,0,0.5298084292191801,0.6865866346174514,0.4862449569594654
DOGEUSDT,2026-02-21,2026-02-22,5,0,-0.028757240117874172,0.09842,0.09558,1,1,1,1,0,0,0.5474403019197123,0.5734826955417612,0.5080077376515532
DOGEUSDT,2026-02-22,2026-02-23,5,0,-0.030550324335634982,0.09559,0.09266,1,1,1,1,0,0,0.5499573463063886,0.6730621458047623,0.5155718084814989
DOGEUSDT,2026-02-23,2026-02-24,5,0,-0.013921864882365687,0.09267,0.09137,1,1,1,1,0,0,0.5290353714770925,0.6757473067992592,0.5167310621847595
DOGEUSDT,2026-02-24,2026-02-25,5,1,0.1048484185181131,0.09138,0.10095,1,1,1,1,0,0,0.5031467912652647,0.7609139409558372,0.5060566401234295
DOGEUSDT,2026-02-25,2026-02-26,5,0,-0.03902922238732043,0.10095,0.09701,0,1,0,0,1,0,0.4261602590398597,0.5443722702263586,0.43500595082212906
DOGEUSDT,2026-02-26,2026-02-27,5,0,-0.037521904958251806,0.09702,0.09337,1,1,1,1,0,0,0.5518057841462223,0.6510447138945785,0.5222393143156555
DOGEUSDT,2026-02-27,2026-02-28,5,1,0.007282853164828129,0.09337,0.09405,1,1,1,1,0,0,0.5901712465597153,0.6573342387018822,0.5212569115106703
DOGEUSDT,2026-02-28,2026-03-01,5,0,-0.02286018075491758,0.09406,0.0919,1,1,0,0,1,0,0.5161855406797554,0.7109837965624932,0.4926960877981459
DOGEUSDT,2026-03-01,2026-03-02,5,1,0.0180631120783461,0.0919,0.09356,1,1,1,1,0,0,0.5026867187250609,0.6342311504943877,0.5117732079268488
DOGEUSDT,2026-03-02,2026-03-03,5,0,-0.03837109876015399,0.09356,0.08997,0,1,0,0,1,0,0.46314075232605745,0.5001041000488112,0.4860138996267257
DOGEUSDT,2026-03-03,2026-03-04,5,1,0.09958875180615778,0.08998,0.09893,1,1,1,1,0,0,0.5547715550257244,0.7267715741715975,0.5218102097831389
DOGEUSDT,2026-03-04,2026-03-05,5,0,-0.05428080460931972,0.09893,0.09356,0,0,0,0,1,0,0.49075506147375353,0.4906109799473423,0.4379543186707569
DOGEUSDT,2026-03-05,2026-03-06,5,0,-0.024262505344164298,0.09356,0.09129,1,1,1,1,0,0,0.5732809933814698,0.6767241534924044,0.5322560376192426
DOGEUSDT,2026-03-06,2026-03-07,5,0,-0.014897579143389184,0.09129,0.08993,1,1,1,1,0,0,0.6021115053436178,0.577355908520591,0.5126745754247609
DOGEUSDT,2026-03-07,2026-03-08,5,0,-0.008673412654286672,0.08993,0.08915,0,0,1,1,0,0,0.49391312856289443,0.44901035689801855,0.5066782441061299
DOGEUSDT,2026-03-08,2026-03-09,5,1,0.015030846887268634,0.08914,0.09049,1,1,1,1,0,0,0.5153142786889318,0.504194876265267,0.5027232233680148
DOGEUSDT,2026-03-09,2026-03-10,5,1,0.0445353077688142,0.09048,0.09452,0,0,0,0,1,0,0.4777681406788228,0.37483873793198413,0.4878858813022294
DOGEUSDT,2026-03-10,2026-03-11,5,0,-0.017350825222175237,0.09452,0.09288,0,0,0,0,1,0,0.45803079635574395,0.4300983965952755,0.46992577678532077
DOGEUSDT,2026-03-11,2026-03-12,5,1,0.020133505598621815,0.09289,0.09475,1,0,1,1,0,0,0.5335222460925868,0.4316545396655967,0.5082437762801071
DOGEUSDT,2026-03-12,2026-03-13,5,1,0.012770448548812707,0.09474,0.09596,1,1,0,0,1,0,0.5336043096079781,0.5593532292588574,0.48473915529327777
DOGEUSDT,2026-03-13,2026-03-14,5,1,0.0008336807002917723,0.09596,0.09604,1,1,0,0,1,0,0.5352981423661026,0.57992610662652,0.4892852143299035
DOGEUSDT,2026-03-14,2026-03-15,5,1,0.0139525197834236,0.09605,0.09738,1,0,0,0,1,0,0.5116947007283853,0.4333604446910136,0.4967293239455124
DOGEUSDT,2026-03-15,2026-03-16,5,1,0.058122817827069406,0.09738,0.10304,0,0,0,0,1,0,0.44136196486783474,0.4083429096291777,0.48855302418515745
DOGEUSDT,2026-03-16,2026-03-17,5,0,-0.02804736024844723,0.10304,0.10015,0,0,0,0,1,0,0.43828920741091165,0.42116563987192035,0.46184730398841056
DOGEUSDT,2026-03-17,2026-03-18,5,0,-0.04882675986020979,0.10015,0.09526,0,1,1,1,0,0,0.4745422769903844,0.5275681126407535,0.5151134056828964
DOGEUSDT,2026-03-18,2026-03-19,5,0,-0.018055847155154292,0.09526,0.09354,1,0,1,1,0,0,0.5797069748700999,0.4653277053127512,0.5286581398561924
DOGEUSDT,2026-03-19,2026-03-20,5,1,0.006628180457558308,0.09353,0.09416,1,1,1,1,0,0,0.562608079882479,0.6204979638501502,0.508694378509593
DOGEUSDT,2026-03-20,2026-03-21,5,0,-0.029842820730671127,0.09417,0.09135,1,1,0,0,1,0,0.5074648403692246,0.6753426843743982,0.49310429848645115
DOGEUSDT,2026-03-21,2026-03-22,5,0,-0.013136288998358059,0.09133,0.09015,1,0,1,1,0,0,0.5109099229681312,0.4136664567370759,0.5162734162553784
DOGEUSDT,2026-03-22,2026-03-23,5,1,0.0443704936217415,0.09015,0.09415,1,1,1,1,0,0,0.501730576205423,0.5164330390998272,0.5055566018231011
DOGEUSDT,2026-03-23,2026-03-24,5,1,0.010090281465746198,0.09416,0.0951,0,1,0,0,1,0,0.40698810143280806,0.6241684886299559,0.47002451715522947
DOGEUSDT,2026-03-24,2026-03-25,5,1,0.011356466876971671,0.09511,0.09618,0,0,0,0,1,0,0.4523818074699476,0.48467357380548354,0.4909486807103346
DOGEUSDT,2026-03-25,2026-03-26,5,0,-0.04294032023289662,0.09618,0.09205,0,1,0,0,1,0,0.4921761919320733,0.5421531965961538,0.49016223638014916
DOGEUSDT,2026-03-26,2026-03-27,5,0,-0.02107550244432388,0.09205,0.09011,1,1,1,1,0,0,0.6013563307275431,0.5707114946745669,0.5247947738959965
DOGEUSDT,2026-03-27,2026-03-28,5,1,0.009876817223393619,0.0901,0.091,1,1,1,1,0,0,0.588910411627405,0.6814629350575528,0.5106278354054647
DOGEUSDT,2026-03-28,2026-03-29,5,0,-0.0060439560439560225,0.09099,0.09045,0,0,0,0,1,0,0.49132711746063173,0.3126540257611201,0.49108136777180345
DOGEUSDT,2026-03-29,2026-03-30,5,1,0.0042012161415145854,0.09046,0.09083,0,1,1,1,0,0,0.47920850094912487,0.5778542951242072,0.5010597137924652
DOGEUSDT,2026-03-30,2026-03-31,5,1,0.01640427171639325,0.09084,0.09232,0,1,0,0,1,0,0.45806622290932847,0.5138966450642063,0.4946199892162471
